assists,birth_date,bonus,bps,can_select,can_transact,chance_of_playing_next_round,chance_of_playing_this_round,clean_sheets,clean_sheets_per_90,clearances_blocks_interceptions,code,corners_and_indirect_freekicks_order,corners_and_indirect_freekicks_text,cost_change_event,cost_change_event_fall,cost_change_start,cost_change_start_fall,creativity,creativity_rank,creativity_rank_type,defensive_contribution,defensive_contribution_per_90,direct_freekicks_order,direct_freekicks_text,dreamteam_count,element_type,ep_next,ep_this,event_points,expected_assists,expected_assists_per_90,expected_goal_involvements,expected_goal_involvements_per_90,expected_goals,expected_goals_conceded,expected_goals_conceded_per_90,expected_goals_per_90,first_name,form,form_rank,form_rank_type,goals_conceded,goals_conceded_per_90,goals_scored,has_temporary_code,ict_index,ict_index_rank,ict_index_rank_type,id,in_dreamteam,influence,influence_rank,influence_rank_type,known_name,minutes,news,news_added,now_cost,now_cost_rank,now_cost_rank_type,opta_code,own_goals,penalties_missed,penalties_order,penalties_saved,penalties_text,photo,points_per_game,points_per_game_rank,points_per_game_rank_type,price_change_calibrating,price_change_hourly_rate,price_change_locked_until,price_change_percent,price_change_projections,recoveries,red_cards,region,removed,saves,saves_per_90,scout_news_link,scout_risks,second_name,selected_by_percent,selected_rank,selected_rank_type,special,squad_number,starts,starts_per_90,status,tackles,team,team_code,team_join_date,threat,threat_rank,threat_rank_type,total_points,transfers_in,transfers_in_event,transfers_out,transfers_out_event,value_form,value_season,web_name,yellow_cards
0,1995-09-15,3,104,True,True,None,None,3,0.6,6,154561,None,,0,0,0,0,0.2,374,4,0,0.0,None,,1,1,6.0,6.0,1,0.01,0.0,0.01,0.0,0.00,4.02,0.8,0.0,David,6.0,15,2,4,0.8,0,False,8.5,198,13,1,False,84.0,73,12,,450,,None,60,64,1,p154561,0,0,None,1,,154561.jpg,6.0,31,2,False,124,None,98.3,"[{'offset': 0, 'projected_percent': '98.7', 'likelihood': 4}, {'offset': 1, 'projected_percent': '100.4', 'likelihood': 5}, {'offset': 2, 'projected_percent': '102.1', 'likelihood': 5}]",58,0,200,False,9,1.8,,[],Raya Martín,41.6,4,1,False,None,5,1.0,a,1,1,3,2024-07-04,0.0,648,72,30,869265,28866,597383,4979,1.0,5.0,Raya,0
0,1994-10-03,0,0,True,True,None,None,0,0,0,109745,None,,0,0,-1,1,0.0,537,55,0,0,None,,0,1,0.0,0.0,0,0.00,0,0.00,0,0.00,0.00,0,0,Kepa,0.0,559,67,0,0,0,False,0.0,542,67,2,False,0.0,537,67,,0,,None,49,348,16,p109745,0,0,None,0,,109745.jpg,0.0,559,67,False,-4,None,-36.3,"[{'offset': 0, 'projected_percent': '-38.5', 'likelihood': -2}, {'offset': 1, 'projected_percent': '-46.7', 'likelihood': -3}, {'offset': 2, 'projected_percent': '-54.9', 'likelihood': -3}]",0,0,200,False,0,0,,[],Arrizabalaga Revuelta,0.1,464,52,False,None,0,0,a,0,1,3,2025-07-01,0.0,496,53,0,1402,25,4053,40,0.0,0.0,Arrizabalaga,0
0,2000-03-02,0,0,True,True,None,None,0,0,0,437495,None,,0,0,-1,1,0.0,549,57,0,0,None,,0,1,0.0,0.0,0,0.00,0,0.00,0,0.00,0.00,0,0,Illan,0.0,568,68,0,0,0,False,0.0,555,68,3,False,0.0,550,68,,0,,None,49,375,18,p437495,0,0,None,0,,437495.jpg,0.0,568,68,False,0,None,-24.4,"[{'offset': 0, 'projected_percent': '-24.4', 'likelihood': -2}, {'offset': 1, 'projected_percent': '-24.4', 'likelihood': -2}, {'offset': 2, 'projected_percent': '-24.4', 'likelihood': -2}]",0,0,73,False,0,0,,[],Meslier,0.0,541,61,False,None,0,0,a,0,1,3,2026-07-09,0.0,512,55,0,474,7,1476,16,0.0,0.0,Meslier,0
0,1997-12-19,2,91,True,True,None,None,3,0.6,35,226597,None,,0,0,0,0,8.9,252,87,41,8.2,None,,0,2,5.0,5.0,1,0.11,0.02,0.62,0.12,0.51,4.02,0.8,0.1,Gabriel,5.0,38,16,4,0.8,0,False,16.1,89,24,4,False,69.0,101,45,Gabriel Magalhães,450,,None,80,8,1,p226597,0,0,None,0,,226597.jpg,5.0,56,23,False,-1025,None,-77.1,"[{'offset': 0, 'projected_percent': '-78.9', 'likelihood': -3}, {'offset': 1, 'projected_percent': '-85.2', 'likelihood': -3}, {'offset': 2, 'projected_percent': '-91.5', 'likelihood': -3}]",17,0,30,False,0,0.0,,[],dos Santos Magalhães,23.0,13,4,False,None,5,1.0,a,6,1,3,2020-09-01,84.0,33,3,25,213616,3373,855043,12152,0.6,3.1,Gabriel,2
0,2001-06-17,0,-3,True,True,100,100,0,0.0,2,445122,None,,0,0,0,0,1.9,316,115,5,4.33,None,,0,2,0.2,0.2,0,0.03,0.03,0.03,0.03,0.00,2.26,1.96,0.0,Jurriën,0.2,414,145,3,2.6,0,False,0.8,362,131,5,False,6.0,329,127,Jurriën Timber,104,,2026-07-23T12:01:23.272929Z,65,39,3,p445122,0,0,None,0,,445122.jpg,0.5,413,144,False,64,None,7.6,"[{'offset': 0, 'projected_percent': '7.9', 'likelihood': 1}, {'offset': 1, 'projected_percent': '8.7', 'likelihood': 1}, {'offset': 2, 'projected_percent': '9.6', 'likelihood': 1}]",7,0,152,False,0,0.0,,[],Timber,0.3,292,105,False,None,1,0.87,a,3,1,3,2023-07-14,0.0,657,216,1,23896,2240,11267,514,0.0,0.2,J.Timber,0
0,2001-03-24,0,0,True,True,0,0,0,0,0,462424,None,,0,0,-1,1,0.0,649,216,0,0,None,,0,2,0.0,0.0,0,0.00,0,0.00,0,0.00,0.00,0,0,William,0.0,649,216,0,0,0,False,0.0,648,216,6,False,0.0,646,216,,0,Back injury - Unknown return date,2026-07-23T12:01:23.289376Z,59,88,8,p462424,0,0,None,0,,462424.jpg,0.0,649,216,False,-14,None,-18.1,"[{'offset': 0, 'projected_percent': '-19.0', 'likelihood': -1}, {'offset': 1, 'projected_percent': '-22.6', 'likelihood': -2}, {'offset': 2, 'projected_percent': '-26.2', 'likelihood': -2}]",0,0,73,False,0,0,https://www.arsenal.com/news/arteta-issues-update-on-bruno-timber-and-saliba-aKfIr6V2lm7B?utm_source=premier-league-web&utm_medium=referral&utm_campaign=pl-referral-always-on&utm_content=home&utm_term=live-bar,[],Saliba,0.2,328,121,False,None,0,0,i,0,1,3,2019-07-25,0.0,643,215,0,3141,59,17756,203,0.0,0.0,Saliba,0
0,2006-09-26,0,37,True,True,None,None,2,0.66,5,499169,None,,0,0,0,0,40.2,129,81,14,4.65,None,,0,3,1.8,1.8,0,0.23,0.08,0.39,0.13,0.16,1.02,0.34,0.05,Myles,1.8,185,86,1,0.33,0,False,7.0,221,101,7,False,21.6,252,105,,271,,None,55,157,98,p499169,0,0,None,0,,499169.jpg,2.2,199,88,False,-182,None,-104.3,"[{'offset': 0, 'projected_percent': '-116.5', 'likelihood': -5}, {'offset': 1, 'projected_percent': '-160.3', 'likelihood': -5}, {'offset': 2, 'projected_percent': '-204.1', 'likelihood': -5}]",8,0,241,False,0,0.0,,[],Lewis-Skelly,0.6,234,76,False,None,4,1.33,a,1,1,3,2022-12-04,16.0,175,90,9,28851,174,45773,969,0.3,1.6,Lewis-Skelly,0
2,2002-05-19,2,77,True,True,None,None,3,0.65,13,466075,None,,0,0,3,-3,29.0,160,48,18,3.89,None,,1,2,5.8,5.8,1,0.62,0.13,1.27,0.27,0.65,3.75,0.81,0.14,Riccardo,5.8,16,8,4,0.87,0,False,13.6,121,43,8,False,60.4,121,58,,416,,None,58,106,11,p466075,0,0,None,0,,466075.jpg,5.8,33,13,False,-852,None,87.3,"[{'offset': 0, 'projected_percent': '84.1', 'likelihood': 3}, {'offset': 1, 'projected_percent': '72.4', 'likelihood': 3}, {'offset': 2, 'projected_percent': '60.8', 'likelihood': 3}]",13,0,106,False,0,0.0,,[],Calafiori,50.7,3,1,False,None,5,1.08,a,5,1,3,2024-07-29,46.0,86,18,29,1594380,14372,346236,7729,1.0,5.0,Calafiori,0
0,2002-01-09,0,6,True,True,None,None,0,0.0,2,448104,None,,0,0,-2,2,1.0,336,124,3,8.44,None,,0,2,0.4,0.4,0,0.00,0.0,0.00,0.0,0.00,0.28,0.79,0.0,Piero,0.4,360,128,0,0.0,0,False,1.0,348,127,9,False,6.4,327,126,,32,,None,53,227,31,p448104,0,0,None,0,,448104.jpg,1.0,359,133,False,-144,None,-91.7,"[{'offset': 0, 'projected_percent': '-98.0', 'likelihood': -4}, {'offset': 1, 'projected_percent': '-120.6', 'likelihood': -5}, {'offset': 2, 'projected_percent': '-143.3', 'likelihood': -5}]",0,0,62,False,0,0.0,,[],Hincapié,0.9,192,71,False,None,0,0.0,a,1,1,3,2026-07-01,2.0,308,117,2,15034,215,112659,948,0.1,0.4,Hincapie,0
1,1997-10-08,3,78,True,True,100,100,2,0.57,12,198869,None,,0,0,0,0,53.0,83,20,18,5.14,None,,0,2,4.2,4.2,0,0.29,0.08,0.47,0.13,0.18,1.15,0.33,0.05,Benjamin,4.2,56,24,1,0.29,0,False,15.2,97,30,10,False,69.6,98,44,,315,,2026-09-15T19:30:09.494382Z,55,131,15,p198869,0,0,None,0,,198869.jpg,5.2,50,20,False,-1766,None,-30.9,"[{'offset': 0, 'projected_percent': '-43.7', 'likelihood': -3}, {'offset': 1, 'projected_percent': '-89.8', 'likelihood': -3}, {'offset': 2, 'projected_percent': '-135.9', 'likelihood': -5}]",9,0,241,False,0,0.0,,[],White,5.5,71,29,False,None,4,1.14,a,6,1,3,2021-07-30,29.0,125,35,21,454126,1368,511079,12298,0.8,3.8,White,0
0,2004-06-27,0,52,True,True,100,100,2,1.07,10,500040,None,,0,0,-2,2,2.0,313,113,10,5.36,None,,0,2,2.4,2.4,0,0.01,0.01,0.01,0.01,0.00,0.53,0.28,0.0,Cristhian,2.4,138,52,0,0.0,0,False,2.7,304,113,11,False,24.6,241,99,,168,,2026-09-04T14:00:08.080310Z,53,232,33,p500040,0,0,None,0,,500040.jpg,6.0,29,12,False,-199,None,-8.5,"[{'offset': 0, 'projected_percent': '-13.1', 'likelihood': -1}, {'offset': 1, 'projected_percent': '-29.7', 'likelihood': -2}, {'offset': 2, 'projected_percent': '-46.2', 'likelihood': -3}]",3,0,200,False,0,0.0,,[],Mosquera,1.7,139,56,False,None,2,1.07,a,0,1,3,2025-07-24,0.0,602,211,12,30370,205,460450,1721,0.5,2.3,Mosquera,0
0,2001-09-05,4,137,True,True,None,None,3,0.65,8,223340,2,,0,0,0,0,78.8,43,36,31,6.71,2,,0,3,6.4,6.4,2,0.76,0.16,3.96,0.85,3.20,3.61,0.78,0.69,Bukayo,6.4,12,3,4,0.87,3,False,42.2,2,2,12,True,139.8,8,6,,416,,None,95,4,3,p223340,0,0,1,0,,223340.jpg,6.4,23,11,False,-438,None,77.5,"[{'offset': 0, 'projected_percent': '75.9', 'likelihood': 3}, {'offset': 1, 'projected_percent': '69.9', 'likelihood': 3}, {'offset': 2, 'projected_percent': '63.9', 'likelihood': 3}]",17,0,241,False,0,0.0,,[],Saka,13.2,30,11,False,None,5,1.08,a,6,1,3,2018-11-28,204.0,1,1,32,699519,19897,355333,5482,0.7,3.4,Saka,0
2,1999-01-14,0,91,True,True,None,None,3,0.66,17,204480,1,,0,0,-1,1,90.3,33,29,41,8.98,1,,0,3,4.0,4.0,1,0.67,0.15,0.78,0.17,0.11,3.49,0.76,0.02,Declan,4.0,64,27,4,0.88,0,False,20.4,48,35,13,False,109.6,29,13,,411,,None,74,18,11,p204480,0,0,None,0,,204480.jpg,4.0,98,39,False,-1325,None,-26.2,"[{'offset': 0, 'projected_percent': '-30.4', 'likelihood': -2}, {'offset': 1, 'projected_percent': '-45.6', 'likelihood': -3}, {'offset': 2, 'projected_percent': '-60.8', 'likelihood': -3}]",17,0,241,False,0,0.0,,[],Rice,12.4,34,14,False,None,5,1.09,a,7,1,3,2023-07-15,4.0,293,143,20,113900,2054,648974,6300,0.5,2.7,Rice,1
0,1998-06-29,0,18,True,True,None,None,0,0.0,0,232413,None,,0,0,-2,2,3.8,289,149,5,5.29,3,,0,3,0.8,0.8,1,0.09,0.1,0.13,0.14,0.04,1.24,1.31,0.04,Eberechi,0.8,291,134,0,0.0,0,False,0.9,357,165,14,False,1.8,369,170,,85,,None,63,49,33,p232413,0,0,None,0,,232413.jpg,1.0,394,189,False,-167,None,-79.3,"[{'offset': 0, 'projected_percent': '-85.6', 'likelihood': -3}, {'offset': 1, 'projected_percent': '-108.4', 'likelihood': -5}, {'offset': 2, 'projected_percent': '-131.2', 'likelihood': -5}]",5,0,241,False,0,0.0,,[],Eze,1.0,174,56,False,None,0,0.0,a,0,1,3,2025-08-23,5.0,275,139,4,21253,334,133962,1118,0.1,0.6,Eze,0
0,1998-12-17,6,137,True,True,None,None,3,0.72,5,184029,None,,0,0,3,-3,160.7,4,4,23,5.49,4,,1,3,5.8,5.8,2,1.31,0.31,2.39,0.57,1.08,3.31,0.79,0.26,Martin,5.8,18,6,4,0.95,2,False,35.1,10,8,15,False,121.8,16,11,,377,,None,68,31,20,p184029,0,0,3,0,,184029.jpg,5.8,34,16,False,-3702,None,4.8,"[{'offset': 0, 'projected_percent': '-9.3', 'likelihood': -1}, {'offset': 1, 'projected_percent': '-59.9', 'likelihood': -3}, {'offset': 2, 'projected_percent': '-110.4', 'likelihood': -5}]",12,0,161,False,0,0.0,,[],Ødegaard,20.0,18,8,False,None,5,1.19,a,6,1,3,2021-08-20,68.0,52,33,29,1571476,15756,474065,14616,0.9,4.3,Ødegaard,0
0,2002-03-10,0,11,True,True,None,None,0,0.0,0,248857,5,,0,0,-3,3,43.9,113,73,3,11.74,None,,0,3,0.4,0.4,0,0.05,0.2,0.05,0.2,0.00,0.15,0.59,0.0,Noni,0.4,370,176,0,0.0,0,False,5.6,246,111,16,False,11.6,287,121,,23,,None,62,57,40,p248857,0,0,None,0,,248857.jpg,1.0,392,187,False,-32,None,-5.8,"[{'offset': 0, 'projected_percent': '-12.0', 'likelihood': -1}, {'offset': 1, 'projected_percent': '-34.1', 'likelihood': -2}, {'offset': 2, 'projected_percent': '-56.2', 'likelihood': -3}]",2,0,241,False,0,0.0,,[],Madueke,0.2,325,116,False,None,0,0.0,a,1,1,3,2025-07-18,0.0,653,291,2,5452,172,24675,255,0.1,0.3,Madueke,0
0,1996-06-22,0,19,True,True,None,None,0,0.0,1,195384,None,,0,0,-2,2,3.4,292,151,10,11.11,None,,0,3,0.8,0.8,1,0.14,0.16,0.28,0.32,0.14,0.87,0.97,0.16,Mikel,0.8,287,133,0,0.0,0,False,2.4,313,143,17,False,6.6,324,147,,81,,None,58,100,64,p195384,0,0,None,0,,195384.jpg,0.8,402,191,False,-71,None,-67.4,"[{'offset': 0, 'projected_percent': '-74.5', 'likelihood': -3}, {'offset': 1, 'projected_percent': '-100.2', 'likelihood': -5}, {'offset': 2, 'projected_percent': '-125.8', 'likelihood': -5}]",9,0,200,False,0,0.0,,[],Merino Zazón,0.4,270,91,False,None,0,0.0,a,0,1,3,2024-08-27,14.0,198,101,4,8862,125,45787,497,0.1,0.7,Merino,1
0,2001-06-18,0,0,False,True,0,0,0,0,0,444145,None,,0,0,-2,2,0.0,656,292,0,0,None,,0,3,0.0,0.0,0,0.00,0,0.00,0,0.00,0.00,0,0,Gabriel,0.0,656,292,0,0,0,False,0.0,655,292,18,False,0.0,655,292,Gabriel Martinelli,0,Has joined Al Hilal permanently,2026-09-04T12:34:46.738449Z,63,50,34,p444145,0,0,None,0,,444145.jpg,0.0,656,292,False,-7,None,0.0,"[{'offset': 0, 'projected_percent': '0.0', 'likelihood': 0}, {'offset': 1, 'projected_percent': '0.0', 'likelihood': 0}, {'offset': 2, 'projected_percent': '0.0', 'likelihood': 0}]",0,0,30,False,0,0,,[],Martinelli Silva,0.1,456,178,False,None,0,0,u,0,1,3,2019-07-15,0.0,654,292,0,2483,0,21426,125,0.0,0.0,Martinelli,0
0,1999-02-02,0,18,True,True,None,None,0,0.0,5,481655,None,,0,0,-2,2,4.2,282,147,13,13.15,None,,0,3,1.0,1.0,1,0.04,0.04,0.24,0.24,0.20,1.29,1.3,0.2,Martín,1.0,271,124,0,0.0,0,False,2.9,297,134,19,False,13.4,277,116,,89,,None,53,230,144,p481655,0,0,None,0,,481655.jpg,1.0,361,164,False,-106,None,-20.4,"[{'offset': 0, 'projected_percent': '-27.4', 'likelihood': -2}, {'offset': 1, 'projected_percent': '-52.9', 'likelihood': -3}, {'offset': 2, 'projected_percent': '-78.4', 'likelihood': -3}]",3,0,200,False,0,0.0,,[],Zubimendi Ibáñez,0.6,233,75,False,None,0,0.0,a,5,1,3,2025-07-06,11.0,216,109,5,8100,85,63631,688,0.2,0.9,Zubimendi,0
0,2009-12-31,0,5,True,True,None,None,0,0.0,0,616077,None,,0,0,-2,2,0.0,620,268,0,0.0,None,,0,3,0.2,0.2,1,0.08,0.8,0.08,0.8,0.00,0.27,2.7,0.0,Max,0.2,408,192,0,0.0,0,False,0.0,621,267,20,False,0.0,616,265,,9,,None,53,236,149,p616077,0,0,None,0,,616077.jpg,1.0,366,169,False,2,None,-17.5,"[{'offset': 0, 'projected_percent': '-16.3', 'likelihood': -1}, {'offset': 1, 'projected_percent': '-12.0', 'likelihood': -1}, {'offset': 2, 'projected_percent': '-7.8', 'likelihood': -1}]",0,0,241,False,0,0.0,,[],Dowman,0.1,469,184,False,None,0,0.0,a,0,1,3,2025-07-22,0.0,604,258,1,2687,99,6826,107,0.0,0.2,Dowman,0
0,2007-03-21,0,0,False,True,0,0,0,0,0,499175,None,,0,0,-1,1,0.0,629,274,0,0,None,,0,3,0.0,0.0,0,0.00,0,0.00,0,0.00,0.00,0,0,Ethan,0.0,632,274,0,0,0,False,0.0,630,273,22,False,0.0,626,272,,0,Has joined Borussia Dortmund on loan for the rest of the season,2026-09-02T16:01:07.058827Z,54,209,132,p499175,0,0,None,0,,499175.jpg,0.0,632,274,False,0,None,0.0,"[{'offset': 0, 'projected_percent': '0.0', 'likelihood': 0}, {'offset': 1, 'projected_percent': '0.0', 'likelihood': 0}, {'offset': 2, 'projected_percent': '0.0', 'likelihood': 0}]",0,0,241,False,0,0,,[],Nwaneri,0.0,627,268,False,None,0,0,u,0,1,3,2022-09-17,0.0,616,267,0,233,0,1210,10,0.0,0.0,Nwaneri,0
0,2000-05-30,0,0,False,True,0,0,0,0,0,438098,None,,0,0,0,0,0.0,641,279,0,0,None,,0,3,0.0,0.0,0,0.00,0,0.00,0,0.00,0.00,0,0,Fábio,0.0,641,279,0,0,0,False,0.0,639,278,23,False,0.0,635,277,Fábio Vieira,0,Has joined Hamburger SV permanently,2026-09-02T16:00:28.446370Z,55,144,88,p438098,0,0,None,0,,438098.jpg,0.0,641,279,False,0,None,0.0,"[{'offset': 0, 'projected_percent': '0.0', 'likelihood': 0}, {'offset': 1, 'projected_percent': '0.0', 'likelihood': 0}, {'offset': 2, 'projected_percent': '0.0', 'likelihood': 0}]",0,0,173,False,0,0,,[],Ferreira Vieira,0.0,629,270,False,None,0,0,u,0,1,3,2022-06-21,0.0,628,272,0,255,0,888,9,0.0,0.0,Fábio Vieira,0
0,1999-12-10,0,0,False,True,0,0,0,0,0,200641,None,,0,0,0,0,0.0,637,276,0,0,None,,0,3,0.0,0.0,0,0.00,0,0.00,0,0.00,0.00,0,0,Reiss,0.0,638,276,0,0,0,False,0.0,636,275,24,False,0.0,632,274,,0,has departed the club as a free agent.,2026-08-29T00:33:08.556767Z,55,132,80,p200641,0,0,None,0,,200641.jpg,0.0,638,276,False,0,None,0.0,"[{'offset': 0, 'projected_percent': '0.0', 'likelihood': 0}, {'offset': 1, 'projected_percent': '0.0', 'likelihood': 0}, {'offset': 2, 'projected_percent': '0.0', 'likelihood': 0}]",0,0,241,False,0,0,,[],Nelson,0.0,636,276,False,None,0,0,u,0,1,3,2017-07-12,0.0,624,269,0,68,0,659,5,0.0,0.0,Nelson,0
0,1998-06-04,0,6,True,True,None,None,0,0.0,0,224117,None,,0,0,-3,3,0.1,379,49,1,3.1,None,,0,4,0.4,0.4,1,0.23,0.71,0.23,0.71,0.00,0.56,1.74,0.0,Viktor,0.4,372,45,0,0.0,0,False,0.0,658,76,25,False,0.0,658,76,,29,,None,72,23,8,p224117,0,0,2,0,,224117.jpg,1.0,396,48,False,-316,None,-101.1,"[{'offset': 0, 'projected_percent': '-105.1', 'likelihood': -5}, {'offset': 1, 'projected_percent': '-119.3', 'likelihood': -5}, {'offset': 2, 'projected_percent': '-133.6', 'likelihood': -5}]",1,0,206,False,0,0.0,,[],Gyökeres,3.1,101,15,False,None,0,0.0,a,0,1,3,2025-07-26,0.0,658,76,2,29337,1114,597369,3045,0.1,0.3,Gyökeres,0
0,1999-06-11,2,82,True,True,None,None,3,0.62,6,219847,None,,0,0,1,-1,66.0,57,3,13,2.68,None,,0,4,3.8,3.8,2,0.37,0.08,2.08,0.43,1.71,3.90,0.8,0.35,Kai,3.8,70,8,4,0.82,2,False,28.7,20,5,26,False,84.2,72,6,,437,,None,76,17,6,p219847,0,0,None,0,,219847.jpg,3.8,108,11,False,-420,None,12.2,"[{'offset': 0, 'projected_percent': '10.6', 'likelihood': 1}, {'offset': 1, 'projected_percent': '4.9', 'likelihood': 1}, {'offset': 2, 'projected_percent': '-1.0', 'likelihood': -1}]",7,0,80,False,0,0.0,,[],Havertz,8.5,45,7,False,None,5,1.03,a,0,1,3,2023-06-28,137.0,6,4,19,618310,15077,366611,6139,0.5,2.5,Havertz,1
0,1997-04-03,0,0,False,True,0,0,0,0,0,205651,None,,0,0,-1,1,0.0,647,76,0,0,None,,0,4,0.0,0.0,0,0.00,0,0.00,0,0.00,0.00,0,0,Gabriel,0.0,647,76,0,0,0,False,0.0,646,75,27,False,0.0,643,72,Gabriel Jesus,0,Has joined FC Barcelona permanently,2026-09-02T16:00:28.475184Z,59,82,21,p205651,0,0,None,0,,205651.jpg,0.0,647,76,False,-17,None,0.0,"[{'offset': 0, 'projected_percent': '0.0', 'likelihood': 0}, {'offset': 1, 'projected_percent': '0.0', 'likelihood': 0}, {'offset': 2, 'projected_percent': '0.0', 'likelihood': 0}]",0,0,30,False,0,0,,[],Fernando de Jesus,0.2,367,56,False,None,0,0,u,0,1,3,2022-07-04,0.0,640,73,0,4164,0,28474,199,0.0,0.0,G.Jesus,0
0,1997-10-23,0,36,True,True,None,None,1,0.32,18,199798,None,,1,-1,1,-1,1.7,321,116,23,7.37,None,,0,2,2.4,2.4,1,0.02,0.01,0.20,0.07,0.18,3.49,1.12,0.06,Ezri,2.4,132,49,4,1.28,0,False,4.0,277,105,31,False,34.4,210,89,,281,,None,46,423,80,p199798,0,0,None,0,,199798.jpg,3.0,132,55,False,-455,None,0.4,"[{'offset': 0, 'projected_percent': '-0.3', 'likelihood': -1}, {'offset': 1, 'projected_percent': '-3.6', 'likelihood': -1}, {'offset': 2, 'projected_percent': '-7.0', 'likelihood': -1}]",9,0,241,False,0,0.0,,[],Konsa Ngoyo,19.4,19,5,False,None,3,0.96,a,5,1,3,2026-08-21,4.0,282,104,12,1406810,33503,597157,6049,0.5,2.6,Konsa,0
0,1997-11-16,1,45,True,True,100,100,0,0.0,3,208706,4,,0,0,-3,3,4.7,279,146,12,8.78,None,,0,3,1.8,1.8,1,0.16,0.12,0.25,0.19,0.09,2.26,1.65,0.07,Bruno,1.8,188,88,3,2.2,1,False,5.4,252,112,452,False,36.8,196,79,Bruno Guimarães,123,,2026-09-04T14:00:08.328779Z,67,32,21,p208706,0,0,4,0,,208706.jpg,3.0,153,66,False,-185,None,1.2,"[{'offset': 0, 'projected_percent': '0.5', 'likelihood': 1}, {'offset': 1, 'projected_percent': '-12.2', 'likelihood': -1}, {'offset': 2, 'projected_percent': '-27.1', 'likelihood': -2}]",8,0,30,False,0,0.0,,[],Guimarães Rodriguez Moura,1.8,136,42,False,None,1,0.73,a,1,1,3,2026-08-08,13.0,204,104,9,25917,971,238059,986,0.3,1.3,Bruno G.,0
2,2002-01-30,1,81,True,True,None,None,2,0.5,7,439509,3,,0,0,-1,1,108.9,22,20,23,5.72,None,,0,3,3.2,3.2,2,0.56,0.14,0.75,0.19,0.19,2.81,0.7,0.05,Christos,3.2,95,40,4,0.99,0,False,20.1,50,37,557,False,51.4,154,55,,362,,None,64,44,30,p439509,0,0,None,0,,439509.jpg,3.2,127,53,False,-7817,None,-94.2,"[{'offset': 0, 'projected_percent': '-117.7', 'likelihood': -5}, {'offset': 1, 'projected_percent': '-202.3', 'likelihood': -5}, {'offset': 2, 'projected_percent': '-286.8', 'likelihood': -5}]",12,0,83,False,0,0.0,,[],Tzolis,13.1,32,12,False,None,5,1.24,a,4,1,3,2026-07-23,40.0,100,55,16,452724,2357,1498463,35255,0.5,2.5,Tzolis,2
0,1991-03-10,0,1,True,True,0,0,0,0.0,2,72147,None,,0,0,0,0,0.0,455,34,0,0.0,None,,0,1,0.0,0.0,0,0.00,0.0,0.00,0.0,0.00,3.77,3.77,0.0,Marco,0.2,386,24,4,4.0,0,False,2.8,299,21,29,False,28.2,230,21,,90,Back injury - Expected back 10 Oct,2026-09-17T07:30:09.058151Z,45,430,24,p72147,0,0,None,0,,72147.jpg,1.0,313,24,False,-55,None,-21.8,"[{'offset': 0, 'projected_percent': '-28.3', 'likelihood': -2}, {'offset': 1, 'projected_percent': '-51.8', 'likelihood': -3}, {'offset': 2, 'projected_percent': '-75.3', 'likelihood': -3}]",6,0,152,False,3,3.0,https://www.avfc.co.uk/news/2026/september/18/prematch-team-news-for-spurs-showdown/,[],Bizot,0.1,389,44,False,None,1,1.0,i,0,2,7,2025-07-15,0.0,404,30,1,4608,14,6621,245,0.0,0.2,M.Bizot,0
0,1993-07-20,0,0,False,True,0,0,0,0,0,101188,None,,0,0,0,0,0.0,458,181,0,0,None,,0,2,0.0,0.0,0,0.00,0,0.00,0,0.00,0.00,0,0,Lucas,0.0,487,184,0,0,0,False,0.0,467,181,30,False,0.0,462,181,,0,Has joined Paris Saint-Germain permanently,2026-08-10T14:03:30.089007Z,45,435,87,p101188,0,0,None,0,,101188.jpg,0.0,487,184,False,-5,None,0.0,"[{'offset': 0, 'projected_percent': '0.0', 'likelihood': 0}, {'offset': 1, 'projected_percent': '0.0', 'likelihood': 0}, {'offset': 2, 'projected_percent': '0.0', 'likelihood': 0}]",0,0,73,False,0,0,,[],Digne,0.0,496,176,False,None,0,0,u,0,2,7,2022-01-13,0.0,407,169,0,0,0,8456,45,0.0,0.0,Digne,0
0,1997-08-07,0,16,True,True,100,100,1,0.3,11,199796,1,,0,0,-1,1,19.2,198,64,17,5.17,None,,0,2,1.2,1.2,-1,0.04,0.01,0.19,0.06,0.15,5.66,1.72,0.05,Matty,1.2,244,88,7,2.13,0,False,6.5,230,84,32,False,32.4,215,92,,296,,2026-09-09T14:30:08.192142Z,44,560,144,p199796,0,0,None,0,,199796.jpg,1.5,262,93,False,-642,None,-7.9,"[{'offset': 0, 'projected_percent': '-12.9', 'likelihood': -1}, {'offset': 1, 'projected_percent': '-31.0', 'likelihood': -2}, {'offset': 2, 'projected_percent': '-49.1', 'likelihood': -3}]",2,0,172,False,0,0.0,,[],Cash,5.0,75,30,False,None,3,0.91,a,6,2,7,2020-09-03,13.0,200,67,6,93282,631,398711,4722,0.3,1.4,Cash,2
0,1993-03-13,0,42,True,True,None,None,1,0.34,19,149484,None,,0,0,0,0,5.0,273,97,23,7.93,None,,0,2,2.0,2.0,3,0.02,0.01,0.22,0.08,0.20,4.09,1.41,0.07,Tyrone,2.0,157,57,4,1.38,0,False,5.4,249,91,33,False,32.4,216,93,,261,,None,45,440,88,p149484,0,0,None,0,,149484.jpg,2.5,172,66,False,-5,None,0.5,"[{'offset': 0, 'projected_percent': '0.4', 'likelihood': 1}, {'offset': 1, 'projected_percent': '0.4', 'likelihood': 1}, {'offset': 2, 'projected_percent': '0.3', 'likelihood': 1}]",7,0,241,False,0,0.0,,[],Mings,0.4,271,98,False,None,2,0.69,a,4,2,7,2019-07-08,17.0,169,53,10,15060,340,16247,223,0.4,2.2,Mings,1
0,1997-01-16,0,-4,True,True,0,0,0,0.0,8,244954,None,,0,0,0,0,1.9,314,114,9,4.33,None,,0,2,0.0,0.0,0,0.01,0.0,0.01,0.0,0.00,4.79,2.31,0.0,Pau,0.6,301,108,5,2.41,0,False,1.5,333,120,34,False,11.2,290,118,,187,Hamstring injury - Expected back 10 Oct,2026-09-12T18:00:08.712707Z,45,471,110,p244954,0,0,None,0,,244954.jpg,1.0,314,119,False,-74,None,-73.2,"[{'offset': 0, 'projected_percent': '-76.6', 'likelihood': -3}, {'offset': 1, 'projected_percent': '-88.6', 'likelihood': -3}, {'offset': 2, 'projected_percent': '-100.7', 'likelihood': -5}]",9,0,200,False,0,0.0,https://www.avfc.co.uk/news/2026/september/18/prematch-team-news-for-spurs-showdown/,[],Torres,0.3,283,103,False,None,3,1.44,i,1,2,7,2023-07-12,2.0,300,113,3,11196,3,25126,768,0.1,0.7,Pau,0
0,2004-01-05,0,3,True,True,None,None,0,0.0,1,515597,None,,0,0,0,0,0.5,356,176,1,5.62,None,,0,3,0.2,0.2,0,0.00,0.0,0.00,0.0,0.00,0.22,1.24,0.0,Lamare,0.2,403,189,0,0.0,0,False,0.3,379,176,35,False,2.2,364,167,,16,,None,50,316,189,p515597,0,0,None,0,,515597.jpg,1.0,351,159,False,-5,None,-87.3,"[{'offset': 0, 'projected_percent': '-90.1', 'likelihood': -3}, {'offset': 1, 'projected_percent': '-100.3', 'likelihood': -5}, {'offset': 2, 'projected_percent': '-110.6', 'likelihood': -5}]",0,0,152,False,0,0.0,,[],Bogarde,0.1,474,186,False,None,0,0.0,a,0,2,7,2021-01-07,0.0,581,243,1,2774,33,4407,79,0.0,0.2,Bogarde,0
0,2002-03-10,1,22,True,True,0,0,1,0.27,17,441302,None,,0,0,0,0,24.5,175,56,24,6.45,None,,0,2,0.0,0.0,0,0.45,0.12,0.73,0.2,0.28,6.54,1.76,0.08,Ian,1.8,173,64,7,1.88,0,False,10.2,169,65,36,False,34.8,207,88,,335,Ankle injury - Unknown return date,2026-09-12T18:00:08.729468Z,45,478,116,p441302,0,0,None,0,,441302.jpg,2.2,191,75,False,-168,None,-83.2,"[{'offset': 0, 'projected_percent': '-87.6', 'likelihood': -3}, {'offset': 1, 'projected_percent': '-103.4', 'likelihood': -5}, {'offset': 2, 'projected_percent': '-119.2', 'likelihood': -5}]",10,0,152,False,0,0.0,https://www.avfc.co.uk/news/2026/september/18/prematch-team-news-for-spurs-showdown/,[],Maatsen,0.5,242,92,False,None,4,1.07,i,7,2,7,2024-06-28,43.0,90,20,9,31849,7,57175,1437,0.4,2.0,Maatsen,1
0,1994-07-17,0,28,True,True,None,None,1,0.2,21,184667,None,,0,0,0,0,27.3,167,52,22,4.4,None,,0,2,1.6,1.6,1,0.17,0.03,0.61,0.12,0.44,8.88,1.78,0.09,Victor,1.6,191,68,9,1.8,0,False,12.0,144,54,37,False,55.6,136,62,,450,,None,45,449,95,p184667,1,0,None,0,,184667.jpg,1.6,257,91,False,4,None,1.0,"[{'offset': 0, 'projected_percent': '1.0', 'likelihood': 1}, {'offset': 1, 'projected_percent': '1.0', 'likelihood': 1}, {'offset': 2, 'projected_percent': '1.1', 'likelihood': 1}]",7,0,206,False,0,0.0,,[],Lindelöf,0.3,284,104,False,None,5,1.0,a,1,2,7,2025-09-01,37.0,106,28,8,13837,237,13232,209,0.4,1.8,Lindelöf,0
0,None,0,0,True,True,None,None,0,0,0,606798,None,,0,0,0,0,0.0,435,171,0,0,None,,0,2,0.0,0.0,0,0.00,0,0.00,0,0.00,0.00,0,0,Andrés,0.0,467,174,0,0,0,False,0.0,446,171,38,False,0.0,441,171,,0,,None,40,650,204,p606798,0,0,None,0,,606798.jpg,0.0,467,174,False,-87,None,-23.3,"[{'offset': 0, 'projected_percent': '-25.5', 'likelihood': -2}, {'offset': 1, 'projected_percent': '-33.4', 'likelihood': -2}, {'offset': 2, 'projected_percent': '-41.3', 'likelihood': -3}]",0,0,None,False,0,0,,[],García,1.6,147,59,False,None,0,0,a,0,2,7,None,0.0,378,155,0,43880,434,62862,962,0.0,0.0,A.García,0
0,2005-12-16,0,0,False,True,0,0,0,0,0,578545,None,,0,0,0,0,0.0,433,170,0,0,None,,0,2,0.0,0.0,0,0.00,0,0.00,0,0.00,0.00,0,0,Kosta,0.0,465,173,0,0,0,False,0.0,444,170,39,False,0.0,439,170,,0,Has joined Rangers on loan for the rest of the season,2026-08-19T13:56:46.385411Z,40,647,202,p578545,0,0,None,0,,578545.jpg,0.0,465,173,False,-8,None,0.0,"[{'offset': 0, 'projected_percent': '0.0', 'likelihood': 0}, {'offset': 1, 'projected_percent': '0.0', 'likelihood': 0}, {'offset': 2, 'projected_percent': '0.0', 'likelihood': 0}]",0,0,190,False,0,0,,[],Nedeljkovic,0.1,378,145,False,None,0,0,u,0,2,7,2024-01-22,0.0,375,153,0,0,0,14765,80,0.0,0.0,Nedeljkovic,0
0,1996-12-25,3,70,True,True,None,None,1,0.22,4,195546,3,,0,0,-1,1,44.2,111,71,32,7.18,1,,1,3,4.2,4.2,12,0.23,0.05,1.15,0.26,0.92,7.52,1.69,0.21,Emiliano,4.2,57,24,8,1.8,1,False,6.4,233,104,41,False,5.0,338,154,,401,,None,59,81,54,p195546,0,0,1,0,,195546.jpg,4.2,79,34,False,222,None,-78.4,"[{'offset': 0, 'projected_percent': '-68.6', 'likelihood': -3}, {'offset': 1, 'projected_percent': '-33.3', 'likelihood': -2}, {'offset': 2, 'projected_percent': '0.2', 'likelihood': 1}]",20,0,10,False,0,0.0,,[],Buendía Stati,0.9,194,62,False,None,5,1.12,a,8,2,7,2021-06-10,24.0,139,71,21,49466,1482,92059,914,0.7,3.6,Buendía,0
0,1997-08-09,0,0,False,True,0,0,0,0,0,215711,None,,0,0,-1,1,0.0,625,271,0,0,None,,0,3,0.0,0.0,0,0.00,0,0.00,0,0.00,0.00,0,0,Leon,0.0,630,272,0,0,0,False,0.0,626,270,44,False,0.0,621,268,,0,Has joined Olympiakos permanently,2026-09-04T12:35:14.472260Z,54,184,117,p215711,0,0,None,0,,215711.jpg,0.0,630,272,False,-18,None,0.0,"[{'offset': 0, 'projected_percent': '0.0', 'likelihood': 0}, {'offset': 1, 'projected_percent': '0.0', 'likelihood': 0}, {'offset': 2, 'projected_percent': '0.0', 'likelihood': 0}]",0,0,107,False,0,0,,[],Bailey,0.1,487,192,False,None,0,0,u,0,2,7,2021-08-04,0.0,611,263,0,2096,0,12841,110,0.0,0.0,Bailey,0
2,1994-10-18,1,66,True,True,None,None,2,0.41,8,122806,2,,0,0,-1,1,51.4,92,62,30,6.22,None,,0,3,3.4,3.4,6,0.30,0.06,1.07,0.22,0.77,8.23,1.71,0.16,John,3.4,82,34,7,1.45,0,False,9.1,188,88,45,False,29.4,227,91,,434,,None,54,172,109,p122806,0,0,None,0,,122806.jpg,3.4,117,48,False,-103,None,-18.6,"[{'offset': 0, 'projected_percent': '-20.4', 'likelihood': -2}, {'offset': 1, 'projected_percent': '-27.0', 'likelihood': -2}, {'offset': 2, 'projected_percent': '-33.6', 'likelihood': -2}]",17,0,243,False,0,0.0,,[],McGinn,2.2,120,36,False,None,5,1.04,a,5,2,7,2018-08-08,15.0,189,97,17,64933,1102,148554,1592,0.6,3.1,McGinn,2
0,1993-12-05,0,66,True,True,None,None,1,0.29,6,88894,4,,0,0,0,0,81.5,40,34,29,8.47,None,,0,3,2.0,2.0,1,0.14,0.04,0.52,0.15,0.38,7.08,2.07,0.11,Ross,2.0,159,72,8,2.34,0,False,15.5,94,52,46,False,41.8,176,68,,308,,None,50,241,151,p88894,0,0,None,0,,88894.jpg,2.0,215,95,False,-28,None,0.9,"[{'offset': 0, 'projected_percent': '0.8', 'likelihood': 1}, {'offset': 1, 'projected_percent': '0.4', 'likelihood': 1}, {'offset': 2, 'projected_percent': '0.0', 'likelihood': 0}]",16,0,241,False,0,0.0,,[],Barkley,0.3,306,106,False,None,4,1.17,a,7,2,7,2024-07-01,31.0,121,63,10,15681,124,14786,309,0.4,2.0,Barkley,0
1,1999-11-23,0,84,True,True,100,100,2,0.41,11,226944,None,,0,0,0,0,55.6,79,57,36,7.31,None,,0,3,3.0,3.0,6,0.16,0.03,0.28,0.05,0.12,8.38,1.7,0.02,Boubacar,3.0,101,44,7,1.42,0,False,10.5,167,80,47,False,47.0,165,62,,443,,2026-07-23T12:01:23.337269Z,50,271,167,p226944,0,0,None,0,,226944.jpg,3.0,136,56,False,-20,None,-73.0,"[{'offset': 0, 'projected_percent': '-75.6', 'likelihood': -3}, {'offset': 1, 'projected_percent': '-84.7', 'likelihood': -3}, {'offset': 2, 'projected_percent': '-93.9', 'likelihood': -3}]",16,0,73,False,0,0.0,,[],Kamara,0.3,290,99,False,None,5,1.02,a,9,2,7,2022-06-11,2.0,306,150,15,13418,209,20228,280,0.6,3.0,Kamara,0
0,2001-08-16,0,0,True,True,0,0,0,0,0,449871,None,,0,0,-1,1,0.0,554,232,0,0,None,,0,3,0.0,0.0,0,0.00,0,0.00,0,0.00,0.00,0,0,Amadou,0.0,573,237,0,0,0,False,0.0,560,228,48,False,0.0,555,226,,0,Knee injury - Unknown return date,2026-07-23T12:01:23.352497Z,49,381,228,p449871,0,0,None,0,,449871.jpg,0.0,573,237,False,-4,None,-5.2,"[{'offset': 0, 'projected_percent': '-8.9', 'likelihood': -1}, {'offset': 1, 'projected_percent': '-22.4', 'likelihood': -2}, {'offset': 2, 'projected_percent': '-35.9', 'likelihood': -2}]",0,0,21,False,0,0,https://www.avfc.co.uk/news/2026/september/18/prematch-team-news-for-spurs-showdown/,[],Onana,0.0,586,243,False,None,0,0,i,0,2,7,2024-07-22,0.0,517,206,0,475,4,1586,16,0.0,0.0,Onana,0
0,2003-10-04,0,0,False,True,0,0,0,0,0,469247,None,,0,0,0,0,0.0,591,251,0,0,None,,0,3,0.0,0.0,0,0.00,0,0.00,0,0.00,0.00,0,0,Samuel,0.0,598,253,0,0,0,False,0.0,590,248,49,False,0.0,585,246,,0,Has joined Bolton Wanderers on loan for the rest of the season,2026-08-17T13:52:28.532616Z,50,291,175,p469247,0,0,None,0,,469247.jpg,0.0,598,253,False,0,None,0.0,"[{'offset': 0, 'projected_percent': '0.0', 'likelihood': 0}, {'offset': 1, 'projected_percent': '0.0', 'likelihood': 0}, {'offset': 2, 'projected_percent': '0.0', 'likelihood': 0}]",0,0,241,False,0,0,,[],Iling-Junior,0.0,653,290,False,None,0,0,u,0,2,7,2024-07-01,0.0,564,234,0,0,0,226,1,0.0,0.0,Iling Jr,0
0,2008-03-04,0,0,True,True,None,None,0,0,0,645618,None,,0,0,0,0,0.0,525,215,0,0,None,,0,3,0.0,0.0,0,0.00,0,0.00,0,0.00,0.00,0,0,Bradley,0.0,549,222,0,0,0,False,0.0,531,210,50,False,0.0,526,208,,0,,None,45,544,285,p645618,0,0,None,0,,645618.jpg,0.0,549,222,False,-62,None,-53.5,"[{'offset': 0, 'projected_percent': '-57.7', 'likelihood': -3}, {'offset': 1, 'projected_percent': '-72.7', 'likelihood': -3}, {'offset': 2, 'projected_percent': '-87.7', 'likelihood': -3}]",0,0,241,False,0,0,,[],Burrowes,0.6,237,77,False,None,0,0,a,0,2,7,2025-01-09,0.0,484,187,0,20972,147,32321,597,0.0,0.0,Burrowes,0
0,2007-03-04,0,34,True,True,None,None,1,0.3,3,577285,None,,0,0,0,0,40.9,126,79,20,6.06,None,,0,3,1.8,1.8,1,0.16,0.05,0.23,0.07,0.07,5.97,1.81,0.02,George,1.8,174,78,7,2.12,0,False,9.1,187,87,51,False,25.2,236,97,,297,,None,45,521,272,p577285,0,0,None,0,,577285.jpg,1.8,241,105,False,-238,None,14.4,"[{'offset': 0, 'projected_percent': '13.5', 'likelihood': 1}, {'offset': 1, 'projected_percent': '10.2', 'likelihood': 1}, {'offset': 2, 'projected_percent': '7.0', 'likelihood': 1}]",10,0,241,False,0,0.0,,[],Hemmings,1.2,162,50,False,None,4,1.21,a,7,2,7,2025-08-05,25.0,133,67,9,113332,649,62050,2117,0.4,2.0,George Hemmings,0
0,2006-05-05,0,34,True,True,75,None,0,0.0,2,653481,None,,0,0,0,0,4.9,275,144,8,8.28,None,,0,3,1.2,1.6,0,0.00,0.0,0.06,0.06,0.06,2.40,2.48,0.06,Alysson Edward Franco,1.6,200,94,2,2.07,1,False,7.0,219,100,52,False,39.8,184,73,Alysson,87,Unspecified injury - 75% chance of playing,2026-09-19T11:30:09.355376Z,50,340,204,p653481,0,0,None,0,,653481.jpg,2.0,219,97,False,-28,None,0.3,"[{'offset': 0, 'projected_percent': '0.2', 'likelihood': 1}, {'offset': 1, 'projected_percent': '-20.6', 'likelihood': -2}, {'offset': 2, 'projected_percent': '-60.0', 'likelihood': -3}]",4,0,30,False,0,0.0,,[],da Rocha dos Santos,0.1,489,194,False,None,0,0.0,d,2,2,7,2026-01-01,25.0,135,69,8,3322,36,3003,140,0.3,1.6,Alysson,1
1,2005-10-14,2,48,True,True,100,100,1,0.92,2,614071,None,,0,0,-1,1,4.0,284,148,9,8.27,None,,1,3,2.8,2.8,13,0.24,0.22,0.68,0.62,0.44,1.50,1.38,0.4,Johan,2.8,118,54,1,0.92,1,False,0.7,364,169,53,False,2.6,361,165,,98,,2026-08-15T15:30:06.388335Z,59,96,62,p614071,0,0,None,0,,614071.jpg,7.0,16,7,False,401,None,0.1,"[{'offset': 0, 'projected_percent': '1.7', 'likelihood': 1}, {'offset': 1, 'projected_percent': '7.1', 'likelihood': 1}, {'offset': 2, 'projected_percent': '12.6', 'likelihood': 1}]",5,0,207,False,0,0.0,,[],Manzambi,0.2,331,117,False,None,1,0.92,a,2,2,7,2026-07-17,0.0,647,287,14,10116,7130,16907,288,0.5,2.4,Manzambi,0
0,2001-02-12,0,11,True,True,100,100,0,0.0,6,448089,None,,0,0,0,0,11.0,241,127,20,13.95,None,,0,3,0.4,0.4,4,0.03,0.02,0.03,0.02,0.00,3.80,2.65,0.0,Joao,0.4,367,175,6,4.19,0,False,1.2,347,160,54,False,1.0,380,176,João Gomes,129,,2026-09-16T19:30:08.742410Z,55,145,89,p448089,0,0,None,0,,448089.jpg,1.0,383,180,False,0,2026-09-20T16:30:08.780195Z,0.0,"[{'offset': 0, 'projected_percent': '0.0', 'likelihood': 0}, {'offset': 1, 'projected_percent': '0.0', 'likelihood': 0}, {'offset': 2, 'projected_percent': '0.0', 'likelihood': 0}]",5,1,30,False,0,0.0,,[],Gomes,0.0,507,202,False,None,2,1.4,a,9,2,7,2026-07-20,0.0,629,273,2,913,74,3930,21,0.1,0.4,Gomes,0
0,1995-12-30,0,0,False,True,0,0,0,0,0,178301,None,,0,0,-2,2,0.0,662,78,0,0,None,,0,4,0.0,0.0,0,0.00,0,0.00,0,0.00,0.00,0,0,Ollie,0.0,662,78,0,0,0,False,0.0,662,78,55,False,0.0,662,78,,0,Has joined Al Hilal permanently,2026-09-01T13:15:16.698799Z,78,12,3,p178301,0,0,None,0,,178301.jpg,0.0,662,78,False,-241,None,0.0,"[{'offset': 0, 'projected_percent': '0.0', 'likelihood': 0}, {'offset': 1, 'projected_percent': '0.0', 'likelihood': 0}, {'offset': 2, 'projected_percent': '0.0', 'likelihood': 0}]",0,0,241,False,0,0,,[],Watkins,2.6,113,18,False,None,0,0,u,0,2,7,2020-09-09,0.0,662,78,0,14882,0,749733,2352,0.0,0.0,Watkins,0
0,1997-10-02,0,13,True,True,100,100,0,0.0,0,173879,None,,0,0,0,0,3.8,288,36,2,2.54,None,,0,4,0.8,0.8,1,0.00,0.0,0.00,0.0,0.00,2.58,3.27,0.0,Tammy,0.8,285,30,3,3.8,0,False,0.9,356,40,56,False,3.2,356,37,,71,,2026-08-15T16:00:07.558543Z,55,129,34,p173879,0,0,None,0,,173879.jpg,1.0,382,45,False,-9,None,3.3,"[{'offset': 0, 'projected_percent': '3.2', 'likelihood': 1}, {'offset': 1, 'projected_percent': '3.1', 'likelihood': 1}, {'offset': 2, 'projected_percent': '3.0', 'likelihood': 1}]",1,0,241,False,0,0.0,,[],Abraham,0.2,345,55,False,None,0,0.0,a,1,2,7,2026-01-27,2.0,313,42,4,14463,415,11469,293,0.1,0.7,Abraham,0
0,2004-07-01,0,9,True,True,None,None,0,0.0,0,493105,None,,0,0,-2,2,3.6,291,150,2,5.81,None,,0,3,0.6,0.6,0,0.00,0.0,0.00,0.0,0.00,0.49,1.42,0.0,Alejandro,0.6,326,154,0,0.0,0,False,0.5,367,171,160,False,1.2,377,175,,31,,None,58,108,69,p493105,0,0,None,0,,493105.jpg,1.0,389,185,False,-49,None,-28.6,"[{'offset': 0, 'projected_percent': '-34.6', 'likelihood': -2}, {'offset': 1, 'projected_percent': '-56.2', 'likelihood': -3}, {'offset': 2, 'projected_percent': '-77.9', 'likelihood': -3}]",2,0,10,False,0,0.0,,"[{'property': 'loan_ineligible', 'notes': 'This player will not be available to face their parent club in Gameweek 27 as part of their loan conditions.', 'gameweek': 27, 'url': None}, {'property': 'loan_ineligible', 'notes': 'This player will not be available to face their parent club in Gameweek 16 as part of their loan conditions.', 'gameweek': 16, 'url': None}]",Garnacho Ferreyra,0.3,281,94,False,None,0,0.0,a,0,2,7,2026-07-23,0.0,638,281,3,7067,119,38969,516,0.1,0.5,Garnacho,0
0,2001-06-20,1,51,True,True,None,None,1,0.31,1,517052,None,,0,0,0,0,25.4,172,19,9,2.83,None,,0,4,2.0,2.0,6,0.60,0.19,1.28,0.4,0.68,2.51,0.79,0.21,Nicolas,2.0,169,17,2,0.63,1,False,5.3,253,28,166,False,5.4,333,32,,286,,None,65,42,11,p517052,0,0,2,0,,517052.jpg,2.5,179,19,False,783,None,35.9,"[{'offset': 0, 'projected_percent': '38.9', 'likelihood': 2}, {'offset': 1, 'projected_percent': '49.6', 'likelihood': 3}, {'offset': 2, 'projected_percent': '60.3', 'likelihood': 3}]",8,0,189,False,0,0.0,,[],Jackson,1.2,165,26,False,None,4,1.26,a,0,2,7,2026-08-28,24.0,140,27,10,150567,5305,78122,1182,0.3,1.5,N.Jackson,2
0,2009-01-12,0,0,True,True,0,0,0,0,0,690838,None,,0,0,-1,1,0.0,632,74,0,0,None,,0,4,0.0,0.0,0,0.00,0,0.00,0,0.00,0.00,0,0,Brian,0.0,635,74,0,0,0,False,0.0,633,73,582,False,0.0,629,70,,0,Unspecified injury - Unknown return date,2026-08-15T16:00:07.974271Z,54,221,49,p690838,0,0,None,0,,690838.jpg,0.0,635,74,False,-50,None,-11.4,"[{'offset': 0, 'projected_percent': '-14.8', 'likelihood': -1}, {'offset': 1, 'projected_percent': '-27.0', 'likelihood': -2}, {'offset': 2, 'projected_percent': '-39.3', 'likelihood': -2}]",0,0,241,False,0,0,https://www.avfc.co.uk/news/2026/september/18/prematch-team-news-for-spurs-showdown/,[],Madjo,0.2,323,51,False,None,0,0,i,0,2,7,2026-01-12,0.0,619,71,0,2719,34,29131,360,0.0,0.0,Madjo,0
0,2002-07-11,0,19,True,True,None,None,0,0.0,14,487992,None,,0,0,0,0,2.6,304,109,16,12.74,None,,0,2,1.0,1.0,3,0.02,0.02,0.05,0.04,0.03,1.71,1.36,0.02,Matteo,1.0,265,95,2,1.59,0,False,0.9,350,129,596,False,6.6,321,123,,113,,None,45,490,121,p487992,0,0,None,0,,487992.jpg,1.7,253,89,False,7,None,-79.4,"[{'offset': 0, 'projected_percent': '-76.2', 'likelihood': -3}, {'offset': 1, 'projected_percent': '-64.6', 'likelihood': -3}, {'offset': 2, 'projected_percent': '-53.1', 'likelihood': -3}]",11,0,106,False,0,0.0,,[],Ruggeri,0.1,436,159,False,None,1,0.8,a,2,2,7,2026-08-19,0.0,438,181,5,2757,114,5335,71,0.2,1.1,Ruggeri,0
0,2002-08-21,3,80,True,True,None,None,1,0.25,9,433969,None,,0,0,0,0,0.0,587,67,0,0.0,None,,1,1,3.2,3.2,2,0.01,0.0,0.01,0.0,0.00,5.11,1.28,0.0,Zion,3.2,87,10,5,1.25,0,False,8.0,207,15,597,False,79.4,76,14,,360,,None,50,281,12,p433969,0,0,None,0,,433969.jpg,4.0,86,9,False,103,None,25.3,"[{'offset': 0, 'projected_percent': '25.7', 'likelihood': 2}, {'offset': 1, 'projected_percent': '27.1', 'likelihood': 2}, {'offset': 2, 'projected_percent': '28.5', 'likelihood': 2}]",43,0,108,False,15,3.75,,[],Suzuki,1.8,134,19,False,None,4,1.0,a,0,2,7,2026-08-19,0.0,559,66,16,140582,3018,56913,1054,0.6,3.2,Suzuki,0
0,2006-10-02,0,0,True,True,None,None,0,0,0,569577,None,,0,0,0,0,0.0,429,166,0,0,None,,0,2,0.0,0.0,0,0.00,0,0.00,0,0.00,0.00,0,0,Triston,0.0,461,169,0,0,0,False,0.0,440,166,606,False,0.0,435,166,,0,,None,40,642,197,p569577,0,0,None,0,,569577.jpg,0.0,461,169,False,-17,None,0.4,"[{'offset': 0, 'projected_percent': '0.3', 'likelihood': 1}, {'offset': 1, 'projected_percent': '0.1', 'likelihood': 1}, {'offset': 2, 'projected_percent': '-11.2', 'likelihood': -1}]",0,0,241,False,0,0,,[],Rowe,0.2,361,137,False,None,0,0,a,0,2,7,2026-07-01,0.0,370,148,0,12775,79,5433,178,0.0,0.0,Rowe,0
0,2007-01-11,0,0,False,True,0,0,0,0,0,571380,None,,0,0,0,0,0.0,505,203,0,0,None,,0,3,0.0,0.0,0,0.00,0,0.00,0,0.00,0.00,0,0,Luka,0.0,530,211,0,0,0,False,0.0,511,198,607,False,0.0,506,196,,0,Has joined Oxford United on loan until January,2026-09-04T12:35:39.820426Z,45,516,270,p571380,0,0,None,0,,571380.jpg,0.0,530,211,False,-27,None,0.0,"[{'offset': 0, 'projected_percent': '0.0', 'likelihood': 0}, {'offset': 1, 'projected_percent': '0.0', 'likelihood': 0}, {'offset': 2, 'projected_percent': '0.0', 'likelihood': 0}]",0,0,241,False,0,0,,[],Lynch,0.1,459,181,False,None,0,0,u,0,2,7,2026-07-01,0.0,462,175,0,7103,0,7551,107,0.0,0.0,Lynch,0
0,1997-11-26,0,24,True,True,None,None,0,0.0,12,214590,None,,0,0,0,0,15.0,212,69,21,12.43,None,,0,2,1.5,1.5,1,0.07,0.04,0.07,0.04,0.00,3.22,1.91,0.0,Aaron,1.5,213,75,2,1.18,0,False,4.7,267,101,611,False,32.4,217,94,,152,,None,45,454,98,p214590,0,0,None,0,,214590.jpg,1.5,263,94,False,-13,None,1.9,"[{'offset': 0, 'projected_percent': '1.9', 'likelihood': 1}, {'offset': 1, 'projected_percent': '1.7', 'likelihood': 1}, {'offset': 2, 'projected_percent': '1.6', 'likelihood': 1}]",1,0,50,False,0,0.0,,[],Wan-Bissaka,0.2,319,118,False,None,2,1.18,a,9,2,7,2026-08-21,0.0,416,170,6,17180,327,6542,209,0.3,1.3,Wan-Bissaka,0
0,1995-02-06,0,0,True,True,0,0,0,0,0,119090,None,,0,0,-1,1,0.0,646,284,0,0,None,,0,3,0.0,0.0,0,0.00,0,0.00,0,0.00,0.00,0,0,Leon,0.0,646,284,0,0,0,False,0.0,645,284,618,False,0.0,642,284,,0,Knee injury - Expected back 10 Oct,2026-09-09T09:30:08.229436Z,59,80,53,p119090,0,0,None,0,,119090.jpg,0.0,646,284,False,-12,None,-12.5,"[{'offset': 0, 'projected_percent': '-18.7', 'likelihood': -1}, {'offset': 1, 'projected_percent': '-41.2', 'likelihood': -3}, {'offset': 2, 'projected_percent': '-63.7', 'likelihood': -3}]",0,0,80,False,0,0,https://www.avfc.co.uk/news/2026/september/18/prematch-team-news-for-spurs-showdown/,[],Goretzka,0.0,544,223,False,None,0,0,i,0,2,7,2026-08-27,0.0,639,282,0,4613,4,4402,88,0.0,0.0,Goretzka,0
0,2002-01-30,0,0,True,True,None,None,0,0,0,245719,None,,0,0,0,0,0.0,476,187,0,0,None,,0,2,0.0,0.0,0,0.00,0,0.00,0,0.00,0.00,0,0,Taylor,0.0,503,190,0,0,0,False,0.0,483,187,630,False,0.0,478,187,,0,,None,45,472,111,p245719,0,0,None,0,,245719.jpg,0.0,503,190,False,-4,None,0.0,"[{'offset': 0, 'projected_percent': '0.0', 'likelihood': 0}, {'offset': 1, 'projected_percent': '-24.6', 'likelihood': -2}, {'offset': 2, 'projected_percent': '-59.5', 'likelihood': -3}]",0,0,241,False,0,0,,[],Harwood-Bellis,0.0,580,198,False,None,0,0,a,0,2,7,2026-09-01,0.0,426,176,0,2027,50,839,33,0.0,0.0,Harwood-Bellis,0
0,2008-01-24,0,8,True,True,None,None,0,0.0,0,638987,None,,0,0,0,0,15.2,211,118,2,5.45,None,,0,3,0.7,0.7,1,0.13,0.35,0.15,0.4,0.02,1.36,3.71,0.05,Ibrahim,0.7,296,138,3,8.18,0,False,4.3,271,118,631,False,9.0,307,135,,33,,None,60,77,51,p638987,0,0,None,0,,638987.jpg,1.0,391,186,False,-17,None,0.4,"[{'offset': 0, 'projected_percent': '0.3', 'likelihood': 1}, {'offset': 1, 'projected_percent': '0.1', 'likelihood': 1}, {'offset': 2, 'projected_percent': '-20.2', 'likelihood': -2}]",1,0,189,False,0,0.0,,[],Mbaye,0.1,465,182,False,None,0,0.0,a,1,2,7,2026-09-01,19.0,161,84,2,9760,252,3964,283,0.1,0.3,Mbaye,0
0,1999-10-08,0,33,True,True,None,None,0,0.0,6,457569,None,,0,0,0,0,0.0,480,48,0,0.0,None,,0,1,1.4,1.4,0,0.00,0.0,0.00,0.0,0.00,5.30,1.32,0.0,Đorđe,1.4,221,17,7,1.75,0,False,7.4,212,17,57,False,74.0,86,17,,360,,None,45,482,38,p457569,0,0,None,0,,457569.jpg,1.8,240,20,False,-62,None,1.2,"[{'offset': 0, 'projected_percent': '1.0', 'likelihood': 1}, {'offset': 1, 'projected_percent': '0.1', 'likelihood': 1}, {'offset': 2, 'projected_percent': '-2.4', 'likelihood': -1}]",31,0,190,False,9,2.25,,[],Petrović,3.0,103,17,False,None,4,1.0,a,0,3,91,2025-07-16,0.0,433,44,7,107104,1121,114601,1930,0.3,1.6,Petrović,0
0,1988-03-17,0,0,True,True,None,None,0,0,0,40383,None,,0,0,0,0,0.0,385,6,0,0,None,,0,1,0.0,0.0,0,0.00,0,0.00,0,0.00,0.00,0,0,Fraser,0.0,420,26,0,0,0,False,0.0,397,25,58,False,0.0,393,25,,0,,None,40,585,50,p40383,0,0,None,0,,40383.jpg,0.0,420,26,False,14,None,4.6,"[{'offset': 0, 'projected_percent': '4.6', 'likelihood': 1}, {'offset': 1, 'projected_percent': '4.8', 'likelihood': 1}, {'offset': 2, 'projected_percent': '5.0', 'likelihood': 1}]",0,0,241,False,0,0,,[],Forster,3.5,93,15,False,None,0,0,a,0,3,91,2026-01-02,0.0,325,2,0,111054,1860,72737,916,0.0,0.0,Forster,0
0,2000-07-10,0,0,False,True,0,0,0,0,0,444172,None,,0,0,0,0,0.0,410,22,0,0,None,,0,1,0.0,0.0,0,0.00,0,0.00,0,0.00,0.00,0,0,Will,0.0,443,42,0,0,0,False,0.0,421,41,59,False,0.0,416,41,,0,Has joined MK Dons permanently,2026-08-27T14:53:48.692835Z,40,616,66,p444172,0,0,None,0,,444172.jpg,0.0,443,42,False,-4,None,0.0,"[{'offset': 0, 'projected_percent': '0.0', 'likelihood': 0}, {'offset': 1, 'projected_percent': '0.0', 'likelihood': 0}, {'offset': 2, 'projected_percent': '0.0', 'likelihood': 0}]",0,0,241,False,0,0,,[],Dennis,0.1,385,43,False,None,0,0,u,0,3,91,2019-08-01,0.0,350,18,0,1133,0,7073,105,0.0,0.0,Dennis,0
0,2002-01-10,0,28,True,True,None,None,0,0.0,30,463981,None,,0,0,0,0,64.2,62,10,35,8.75,None,,0,2,1.6,1.6,0,0.77,0.19,0.77,0.19,0.00,5.30,1.32,0.0,James,1.6,203,73,7,1.75,0,False,14.6,105,36,60,False,76.0,82,36,,360,,None,55,147,16,p463981,0,0,None,0,,463981.jpg,2.0,224,84,False,-23,None,-35.2,"[{'offset': 0, 'projected_percent': '-36.4', 'likelihood': -2}, {'offset': 1, 'projected_percent': '-40.7', 'likelihood': -3}, {'offset': 2, 'projected_percent': '-45.0', 'likelihood': -3}]",8,0,241,False,0,0.0,,[],Hill,0.8,209,81,False,None,4,1.0,a,5,3,91,2022-01-05,6.0,262,95,8,28145,404,41107,513,0.3,1.5,Hill,1
0,2001-11-20,2,47,True,True,None,None,0,0.0,23,494521,None,,0,0,0,0,58.7,72,14,38,9.5,None,,0,2,1.6,1.6,0,0.23,0.06,0.32,0.08,0.09,5.30,1.32,0.02,Adrien,1.6,204,74,7,1.75,0,False,18.6,67,12,61,False,92.0,59,22,,360,,None,55,155,18,p494521,0,0,None,0,,494521.jpg,2.0,225,85,False,-92,None,-94.0,"[{'offset': 0, 'projected_percent': '-95.2', 'likelihood': -4}, {'offset': 1, 'projected_percent': '-99.5', 'likelihood': -4}, {'offset': 2, 'projected_percent': '-103.7', 'likelihood': -5}]",21,0,73,False,0,0.0,,[],Truffert,3.1,102,38,False,None,4,1.0,a,15,3,91,2025-06-16,34.0,117,31,8,52760,891,150014,1731,0.3,1.5,Truffert,1
0,2001-01-06,0,0,True,True,None,None,0,0,0,242882,None,,0,0,0,0,0.0,584,208,0,0,None,,0,2,0.0,0.0,0,0.00,0,0.00,0,0.00,0.00,0,0,Bafodé,0.0,596,209,0,0,0,False,0.0,585,208,62,False,0.0,580,208,,0,,None,50,277,43,p242882,0,0,None,0,,242882.jpg,0.0,596,209,False,-9,None,-98.3,"[{'offset': 0, 'projected_percent': '-100.4', 'likelihood': -5}, {'offset': 1, 'projected_percent': '-108.0', 'likelihood': -5}, {'offset': 2, 'projected_percent': '-115.6', 'likelihood': -5}]",0,0,73,False,0,0,,[],Diakité,0.2,363,138,False,None,0,0,a,0,3,91,2025-08-13,0.0,556,205,0,6783,125,11209,144,0.0,0.0,Diakité,0
0,2007-06-28,0,0,True,True,0,0,0,0,0,620487,None,,0,0,-1,1,0.0,567,205,0,0,None,,0,2,0.0,0.0,0,0.00,0,0.00,0,0.00,0.00,0,0,Veljko,0.0,582,206,0,0,0,False,0.0,571,205,63,False,0.0,566,205,,0,Thigh injury - Unknown return date,2026-08-06T10:00:10.456051Z,49,410,75,p620487,0,0,None,0,,620487.jpg,0.0,582,206,False,0,None,-1.7,"[{'offset': 0, 'projected_percent': '-1.7', 'likelihood': -1}, {'offset': 1, 'projected_percent': '-1.7', 'likelihood': -1}, {'offset': 2, 'projected_percent': '-1.7', 'likelihood': -1}]",0,0,190,False,0,0,https://www.afcb.co.uk/news/2026/september/10/injury-news--updates-on-/,[],Milosavljevic,0.0,616,208,False,None,0,0,i,0,3,91,2025-09-01,0.0,534,202,0,311,5,806,9,0.0,0.0,Milosavljević,0
0,1991-04-29,0,11,True,True,None,None,0,0.0,16,54469,None,,0,0,0,0,43.6,115,31,21,5.25,None,,0,2,0.4,0.4,0,0.07,0.02,0.08,0.02,0.01,5.30,1.32,0.0,Adam,0.4,339,120,7,1.75,0,False,9.1,186,71,64,False,43.6,172,72,,360,,None,45,428,84,p54469,0,0,None,0,,54469.jpg,0.5,410,143,False,-1,None,0.3,"[{'offset': 0, 'projected_percent': '0.3', 'likelihood': 1}, {'offset': 1, 'projected_percent': '0.3', 'likelihood': 1}, {'offset': 2, 'projected_percent': '0.3', 'likelihood': 1}]",13,0,241,False,0,0.0,,[],Smith,0.1,388,146,False,None,4,1.0,a,5,3,91,2014-01-28,4.0,280,102,2,6875,77,6890,62,0.1,0.4,Smith,3
0,2001-08-13,0,0,True,True,0,0,0,0,0,436893,None,,0,0,-1,1,0.0,446,179,0,0,None,,0,2,0.0,0.0,0,0.00,0,0.00,0,0.00,0.00,0,0,Julián,0.0,477,182,0,0,0,False,0.0,457,179,65,False,0.0,452,179,,0,Thigh injury - Unknown return date,2026-08-09T08:00:05.645826Z,44,565,149,p436893,0,0,None,0,,436893.jpg,0.0,477,182,False,0,None,-9.1,"[{'offset': 0, 'projected_percent': '-9.1', 'likelihood': -1}, {'offset': 1, 'projected_percent': '-9.1', 'likelihood': -1}, {'offset': 2, 'projected_percent': '-9.1', 'likelihood': -1}]",0,0,139,False,0,0,https://www.afcb.co.uk/news/2026/september/10/injury-news--updates-on-/,[],Araujo Zúñiga,0.0,601,204,False,None,0,0,i,0,3,91,2024-08-13,0.0,394,166,0,390,6,1249,10,0.0,0.0,J.Araujo,0
0,2005-02-16,0,0,True,True,100,100,0,0,0,575901,None,,0,0,0,0,0.0,430,167,0,0,None,,0,2,0.0,0.0,0,0.00,0,0.00,0,0.00,0.00,0,0,Julio,0.0,462,170,0,0,0,False,0.0,441,167,66,False,0.0,436,167,,0,,2026-08-15T16:30:07.021055Z,40,644,199,p575901,0,0,None,0,,575901.jpg,0.0,462,170,False,-8,None,1.4,"[{'offset': 0, 'projected_percent': '1.4', 'likelihood': 1}, {'offset': 1, 'projected_percent': '1.3', 'likelihood': 1}, {'offset': 2, 'projected_percent': '1.2', 'likelihood': 1}]",0,0,10,False,0,0,,[],Soler Barreto,0.3,307,114,False,None,0,0,a,0,3,91,2025-01-07,0.0,372,150,0,13247,156,10039,154,0.0,0.0,Soler,0
0,2006-08-03,0,28,True,True,None,None,0,0.0,5,499604,None,,-1,1,-2,2,33.5,144,89,11,2.85,None,,0,3,1.6,1.6,0,0.08,0.02,0.95,0.25,0.87,4.95,1.28,0.23,Rayan Vitor,1.6,208,100,6,1.56,0,False,14.7,104,55,67,False,22.0,249,104,Rayan,347,,None,63,51,35,p499604,0,0,None,0,,499604.jpg,2.0,230,101,False,-168,None,-1.2,"[{'offset': 0, 'projected_percent': '-3.6', 'likelihood': -1}, {'offset': 1, 'projected_percent': '-12.3', 'likelihood': -1}, {'offset': 2, 'projected_percent': '-21.0', 'likelihood': -2}]",3,0,30,False,0,0.0,,[],Simplício Rocha,1.6,144,45,False,None,4,1.04,a,3,3,91,2026-01-27,91.0,25,14,8,49389,719,161140,1644,0.3,1.3,Rayan,0
0,1999-03-22,8,139,True,True,None,None,0,0.0,5,201658,1,,0,0,1,-1,127.0,10,9,36,9.26,1,,1,3,5.8,5.8,0,0.81,0.21,2.51,0.65,1.70,5.14,1.32,0.44,Marcus,5.8,17,5,7,1.8,3,False,42.1,3,3,68,False,151.0,5,3,,350,,None,61,59,41,p201658,0,0,3,0,,201658.jpg,7.2,11,4,False,334,None,27.0,"[{'offset': 0, 'projected_percent': '28.3', 'likelihood': 2}, {'offset': 1, 'projected_percent': '32.8', 'likelihood': 2}, {'offset': 2, 'projected_percent': '37.4', 'likelihood': 2}]",23,0,241,False,0,0.0,,[],Tavernier,6.6,58,19,False,None,4,1.03,a,8,3,91,2022-08-01,143.0,5,2,29,634387,23194,179986,5262,1.0,4.8,Tavernier,2
2,2003-08-21,5,112,True,True,None,None,1,0.25,15,503139,2,,0,0,1,-1,105.9,24,22,52,13.15,4,,1,3,5.6,5.6,0,0.35,0.09,0.87,0.22,0.52,5.17,1.31,0.13,Alex,5.6,25,12,6,1.52,1,False,24.3,31,22,69,False,94.6,52,22,,356,,None,61,62,44,p503139,0,0,None,0,,503139.jpg,7.0,17,8,False,-916,None,7.7,"[{'offset': 0, 'projected_percent': '4.2', 'likelihood': 1}, {'offset': 1, 'projected_percent': '-15.0', 'likelihood': -1}, {'offset': 2, 'projected_percent': '-37.4', 'likelihood': -2}]",28,0,241,False,0,0.0,,[],Scott,5.8,67,22,False,None,4,1.01,a,9,3,91,2023-08-10,43.0,93,52,28,528557,4654,176240,6064,0.9,4.6,Scott,1
0,1999-05-05,1,64,True,True,None,None,2,0.61,2,222683,3,,0,0,0,0,46.5,101,67,22,6.73,2,,0,3,3.0,3.0,0,0.08,0.02,1.07,0.32,0.99,4.48,1.37,0.3,Justin,3.0,109,51,3,0.92,1,False,22.5,39,28,70,False,62.2,115,36,,294,,None,60,67,46,p222683,0,0,2,0,,222683.jpg,3.8,107,45,False,-42,None,-35.4,"[{'offset': 0, 'projected_percent': '-37.0', 'likelihood': -2}, {'offset': 1, 'projected_percent': '-42.8', 'likelihood': -3}, {'offset': 2, 'projected_percent': '-48.5', 'likelihood': -3}]",16,0,152,False,0,0.0,,[],Kluivert,1.0,178,57,False,None,4,1.22,a,4,3,91,2023-07-01,120.0,14,8,15,51575,1218,65777,895,0.5,2.5,Kluivert,1
0,1997-02-03,0,22,True,True,None,None,2,1.09,6,155408,None,,0,0,0,0,15.5,209,116,12,6.55,None,,0,3,1.4,1.4,0,0.01,0.01,0.01,0.01,0.00,3.95,2.15,0.0,Lewis,1.4,229,106,1,0.55,0,False,2.5,309,140,71,False,9.0,306,134,,165,,None,50,249,155,p155408,0,0,None,0,,155408.jpg,1.8,247,110,False,-29,None,0.2,"[{'offset': 0, 'projected_percent': '0.0', 'likelihood': 0}, {'offset': 1, 'projected_percent': '-20.5', 'likelihood': -2}, {'offset': 2, 'projected_percent': '-43.9', 'likelihood': -3}]",5,0,241,False,0,0.0,,[],Cook,0.2,353,127,False,None,2,1.09,a,1,3,91,2016-07-08,0.0,544,226,7,12890,56,12963,182,0.3,1.4,Cook,1
0,2005-11-11,0,12,True,True,None,None,0,0.0,0,496208,None,,0,0,-1,1,2.1,311,157,7,63.0,None,,0,3,0.6,0.6,0,0.03,0.27,0.15,1.35,0.12,0.35,3.15,1.08,Ben,0.6,306,142,1,9.0,0,False,2.0,325,148,72,False,3.8,348,159,,10,,None,49,391,234,p496208,0,0,None,0,,496208.jpg,1.0,334,147,False,-4,None,-43.2,"[{'offset': 0, 'projected_percent': '-45.9', 'likelihood': -3}, {'offset': 1, 'projected_percent': '-55.5', 'likelihood': -3}, {'offset': 2, 'projected_percent': '-65.2', 'likelihood': -3}]",5,0,243,False,0,0.0,,[],Gannon-Doak,0.1,480,188,False,None,0,0.0,a,2,3,91,2025-08-18,14.0,194,99,3,1521,21,4312,52,0.1,0.6,Gannon-Doak,0
0,1999-02-14,0,39,True,True,100,100,0,0.0,7,200785,None,,0,0,0,0,19.3,197,110,28,13.12,None,,0,3,1.6,1.6,0,0.03,0.01,0.06,0.02,0.03,1.34,0.63,0.01,Tyler,1.6,198,93,6,2.81,0,False,5.7,245,110,73,False,30.4,223,87,,192,,2026-08-15T16:30:07.029928Z,50,256,159,p200785,0,0,None,0,,200785.jpg,2.0,216,96,False,-44,None,1.6,"[{'offset': 0, 'projected_percent': '1.4', 'likelihood': 1}, {'offset': 1, 'projected_percent': '0.8', 'likelihood': 1}, {'offset': 2, 'projected_percent': '0.2', 'likelihood': 1}]",16,0,229,False,0,0.0,,[],Adams,0.3,303,105,False,None,2,0.94,a,5,3,91,2023-08-20,7.0,247,124,8,17385,176,15290,299,0.3,1.6,Adams,0
0,1997-07-08,0,4,True,True,100,100,0,0.0,2,111317,4,,0,0,0,0,1.9,315,159,3,9.0,3,,0,3,0.4,0.4,0,0.01,0.03,0.01,0.03,0.00,0.50,1.5,0.0,David,0.4,353,166,2,6.0,0,False,0.8,360,167,74,False,4.2,345,157,,30,,2026-08-15T16:30:07.037929Z,50,244,152,p111317,0,0,None,0,,111317.jpg,0.7,405,192,False,-8,None,-6.6,"[{'offset': 0, 'projected_percent': '-12.6', 'likelihood': -1}, {'offset': 1, 'projected_percent': '-34.3', 'likelihood': -2}, {'offset': 2, 'projected_percent': '-55.9', 'likelihood': -3}]",1,0,244,False,0,0.0,,[],Brooks,0.1,493,195,False,None,0,0.0,a,0,3,91,2018-07-01,2.0,304,149,2,3210,28,3507,49,0.1,0.4,Brooks,1
0,1995-02-22,0,15,True,True,100,100,0,0.0,3,158499,None,,0,0,0,0,14.7,216,119,9,28.93,None,,0,3,0.6,0.6,0,0.12,0.39,0.12,0.39,0.00,0.24,0.77,0.0,Ryan,0.6,309,144,1,3.21,0,False,2.8,300,136,75,False,9.4,303,132,,28,,2026-07-24T17:30:10.035483Z,50,250,156,p158499,0,0,None,0,,158499.jpg,1.0,344,155,False,-9,None,0.3,"[{'offset': 0, 'projected_percent': '0.3', 'likelihood': 1}, {'offset': 1, 'projected_percent': '0.2', 'likelihood': 1}, {'offset': 2, 'projected_percent': '0.1', 'likelihood': 1}]",5,0,243,False,0,0.0,,[],Christie,0.0,524,211,False,None,0,0.0,a,1,3,91,2021-08-31,4.0,284,140,3,3304,49,1984,39,0.1,0.6,Christie,0
0,2005-10-23,0,5,True,True,None,None,0,0.0,0,614574,None,,0,0,-1,1,0.6,351,173,2,12.0,None,,0,3,0.2,0.2,0,0.00,0.0,0.00,0.0,0.00,0.31,1.86,0.0,Alex,0.2,398,185,2,12.0,0,False,0.3,377,174,76,False,2.8,360,164,,15,,None,49,409,249,p614574,0,0,None,0,,614574.jpg,1.0,341,152,False,0,None,-5.4,"[{'offset': 0, 'projected_percent': '-5.4', 'likelihood': -1}, {'offset': 1, 'projected_percent': '-5.4', 'likelihood': -1}, {'offset': 2, 'projected_percent': '-5.4', 'likelihood': -1}]",1,0,98,False,0,0.0,,[],Tóth,0.0,590,245,False,None,0,0.0,a,1,3,91,2026-01-20,0.0,533,219,1,360,3,741,12,0.0,0.2,Tóth.A,0
0,2000-05-10,0,0,True,True,0,0,0,0,0,489888,None,,0,0,-1,1,0.0,558,235,0,0,None,,0,3,0.0,0.0,0,0.00,0,0.00,0,0.00,0.00,0,0,Amine,0.0,576,240,0,0,0,False,0.0,563,231,77,False,0.0,558,229,,0,Calf injury - Unknown return date,2026-08-15T16:00:07.590566Z,49,390,233,p489888,0,0,None,0,,489888.jpg,0.0,576,240,False,0,None,-69.5,"[{'offset': 0, 'projected_percent': '-69.5', 'likelihood': -3}, {'offset': 1, 'projected_percent': '-69.5', 'likelihood': -3}, {'offset': 2, 'projected_percent': '-69.5', 'likelihood': -3}]",0,0,145,False,0,0,https://www.afcb.co.uk/news/2026/september/10/injury-news--updates-on-/,[],Adli,0.0,593,248,False,None,0,0,i,0,3,91,2025-08-21,0.0,521,209,0,271,2,2156,15,0.0,0.0,Adli,0
0,2006-06-23,0,0,True,True,0,0,0,0,0,560262,None,,0,0,-1,1,0.0,661,296,0,0,None,,0,3,0.0,0.0,0,0.00,0,0.00,0,0.00,0.00,0,0,Junior,0.0,661,296,0,0,0,False,0.0,661,296,78,False,0.0,661,296,,0,Foot injury - Expected back 7 Nov,2026-07-29T17:30:09.796802Z,74,21,13,p560262,0,0,1,0,,560262.jpg,0.0,661,296,False,-4,None,-61.5,"[{'offset': 0, 'projected_percent': '-61.8', 'likelihood': -3}, {'offset': 1, 'projected_percent': '-62.9', 'likelihood': -3}, {'offset': 2, 'projected_percent': '-64.1', 'likelihood': -3}]",0,0,73,False,0,0,https://www.afcb.co.uk/news/2026/september/10/injury-news--updates-on-/,[],Kroupi,0.2,351,125,False,None,0,0,i,0,3,91,2025-02-02,0.0,661,296,0,1080,34,26659,141,0.0,0.0,Kroupi.Jr,0
3,1999-10-06,0,54,True,True,None,None,2,0.54,10,444102,None,,0,0,0,0,79.2,42,2,22,5.93,None,,0,4,3.2,3.2,0,0.51,0.14,1.22,0.33,0.71,4.80,1.29,0.19,Francisco Evanilson,3.2,94,9,4,1.08,0,False,18.8,65,11,79,False,60.4,122,7,Evanilson,334,,None,60,71,16,p444102,0,0,None,0,,444102.jpg,4.0,96,10,False,58,None,48.7,"[{'offset': 0, 'projected_percent': '48.9', 'likelihood': 3}, {'offset': 1, 'projected_percent': '49.7', 'likelihood': 3}, {'offset': 2, 'projected_percent': '50.5', 'likelihood': 3}]",11,0,30,False,0,0.0,,[],de Lima Barbosa,3.3,98,14,False,None,4,1.08,a,1,3,91,2024-08-16,49.0,80,21,16,239360,3899,157457,2630,0.5,2.7,Evanilson,1
0,1997-05-10,0,0,False,True,0,0,0,0,0,168636,None,,0,0,0,0,0.0,635,75,0,0,None,,0,4,0.0,0.0,0,0.00,0,0.00,0,0.00,0.00,0,0,Enes,0.0,636,75,0,0,0,False,0.0,634,74,80,False,0.0,630,71,,0,Has joined Getafe permanently,2026-08-14T14:14:21.881112Z,55,126,32,p168636,0,0,None,0,,168636.jpg,0.0,636,75,False,-1,None,0.0,"[{'offset': 0, 'projected_percent': '0.0', 'likelihood': 0}, {'offset': 1, 'projected_percent': '0.0', 'likelihood': 0}, {'offset': 2, 'projected_percent': '0.0', 'likelihood': 0}]",0,0,219,False,0,0,,[],Ünal,0.0,584,75,False,None,0,0,u,0,3,91,2024-07-01,0.0,622,72,0,0,0,1941,9,0.0,0.0,Enes Ünal,0
0,2004-07-14,0,7,True,True,100,100,0,0.0,0,561245,None,,0,0,0,0,0.5,358,45,1,9.0,None,,0,4,0.4,0.4,0,0.00,0.0,0.00,0.0,0.00,0.18,1.62,0.0,Álvaro,0.4,369,43,1,9.0,0,False,0.1,391,46,81,False,0.0,652,75,,10,,2026-08-15T16:30:07.054142Z,60,74,18,p561245,0,0,None,0,,561245.jpg,1.0,390,47,False,6,None,-33.0,"[{'offset': 0, 'projected_percent': '-31.0', 'likelihood': -2}, {'offset': 1, 'projected_percent': '-23.8', 'likelihood': -2}, {'offset': 2, 'projected_percent': '-16.6', 'likelihood': -1}]",1,0,230,False,0,0.0,,[],Rodríguez,0.1,393,57,False,None,0,0.0,a,0,3,91,2026-07-14,0.0,650,75,2,4848,141,6226,95,0.1,0.3,Rodríguez,0
0,2003-10-30,0,22,True,True,None,None,0,0.0,38,483067,None,,0,0,0,0,8.6,253,88,41,10.25,None,,0,2,2.0,2.0,0,0.27,0.07,1.12,0.28,0.85,5.30,1.32,0.21,António João,2.0,161,59,7,1.75,0,False,14.1,111,39,566,False,91.8,60,23,António Silva,360,,None,50,295,50,p483067,0,0,None,0,,483067.jpg,2.5,174,68,False,-5,None,1.2,"[{'offset': 0, 'projected_percent': '1.2', 'likelihood': 1}, {'offset': 1, 'projected_percent': '1.1', 'likelihood': 1}, {'offset': 2, 'projected_percent': '1.0', 'likelihood': 1}]",12,0,173,False,0,0.0,,[],Pereira de Albuquerque Tavares da Silva,0.4,273,99,False,None,4,1.0,a,3,3,91,2026-08-01,41.0,98,24,10,26189,727,21792,351,0.4,2.0,Silva,1
0,2003-08-15,0,0,True,True,None,None,0,0,0,494928,None,,0,0,-1,1,0.0,448,180,0,0,None,,0,2,0.0,0.0,0,0.00,0,0.00,0,0.00,0.00,0,0,Juanlu,0.0,479,183,0,0,0,False,0.0,459,180,573,False,0.0,454,180,,0,,None,44,570,153,p494928,0,0,None,0,,494928.jpg,0.0,479,183,False,-12,None,-5.4,"[{'offset': 0, 'projected_percent': '-8.2', 'likelihood': -1}, {'offset': 1, 'projected_percent': '-18.5', 'likelihood': -1}, {'offset': 2, 'projected_percent': '-28.8', 'likelihood': -2}]",0,0,200,False,0,0,,[],Sánchez,0.2,360,136,False,None,0,0,a,0,3,91,2026-08-06,0.0,397,168,0,1449,29,6718,61,0.0,0.0,Sanchez,0
0,2003-08-13,0,10,True,True,None,None,0,0.0,0,523700,None,,0,0,0,0,0.8,343,42,1,5.62,None,,0,4,0.4,0.4,0,0.00,0.0,0.10,0.56,0.10,0.36,2.02,0.56,Daniel,0.4,357,40,2,11.25,0,False,2.1,321,38,608,False,3.4,352,35,,16,,None,50,319,60,p523700,0,0,None,0,,523700.jpg,1.0,352,37,False,0,None,0.5,"[{'offset': 0, 'projected_percent': '0.5', 'likelihood': 1}, {'offset': 1, 'projected_percent': '0.5', 'likelihood': 1}, {'offset': 2, 'projected_percent': '0.5', 'likelihood': 1}]",1,0,39,False,0,0.0,,[],Jebbison,0.1,406,60,False,None,0,0.0,a,0,3,91,2024-07-10,17.0,172,30,2,12522,159,6501,146,0.1,0.4,Jebbison,0
0,1997-07-27,0,0,True,True,None,None,0,0,0,230650,None,,0,0,0,0,0.0,470,44,0,0,None,,0,1,0.0,0.0,0,0.00,0,0.00,0,0.00,0.00,0,0,Michele,0.0,498,60,0,0,0,False,0.0,478,60,615,False,0.0,473,60,,0,,None,45,460,34,p230650,0,0,None,0,,230650.jpg,0.0,498,60,False,-4,None,-23.7,"[{'offset': 0, 'projected_percent': '-28.3', 'likelihood': -2}, {'offset': 1, 'projected_percent': '-44.9', 'likelihood': -3}, {'offset': 2, 'projected_percent': '-61.5', 'likelihood': -3}]",0,0,106,False,0,0,,[],Di Gregorio,0.0,518,59,False,None,0,0,a,0,3,91,2026-08-25,0.0,420,40,0,2785,42,1576,27,0.0,0.0,Di Gregorio,0
0,1998-11-23,0,97,True,True,None,None,2,0.4,7,200720,None,,0,0,0,0,0.0,575,64,0,0.0,None,,0,1,4.0,4.0,6,0.01,0.0,0.01,0.0,0.00,6.32,1.26,0.0,Caoimhín,4.0,59,5,4,0.8,0,False,10.1,173,6,82,False,101.6,41,6,,450,,None,50,255,9,p200720,0,0,None,0,,200720.jpg,4.0,85,8,False,283,None,16.5,"[{'offset': 0, 'projected_percent': '17.6', 'likelihood': 1}, {'offset': 1, 'projected_percent': '21.5', 'likelihood': 2}, {'offset': 2, 'projected_percent': '25.3', 'likelihood': 2}]",34,0,104,False,17,3.4,,[],Kelleher,6.1,62,9,False,None,5,1.0,a,0,4,94,2025-06-03,0.0,547,63,20,236689,5052,202088,1822,0.8,4.0,Kelleher,0
0,2001-10-13,0,0,True,True,None,None,0,0,0,507433,None,,0,0,0,0,0.0,490,50,0,0,None,,0,1,0.0,0.0,0,0.00,0,0.00,0,0.00,0.00,0,0,Hákon Rafn,0.0,515,63,0,0,0,False,0.0,495,63,83,False,0.0,490,63,,0,,None,45,498,42,p507433,0,0,None,0,,507433.jpg,0.0,515,63,False,1,None,-66.8,"[{'offset': 0, 'projected_percent': '-66.4', 'likelihood': -3}, {'offset': 1, 'projected_percent': '-64.9', 'likelihood': -3}, {'offset': 2, 'projected_percent': '-63.5', 'likelihood': -3}]",0,0,99,False,0,0,,[],Valdimarsson,0.1,419,48,False,None,0,0,a,0,4,94,2024-01-26,0.0,446,48,0,2623,58,4303,53,0.0,0.0,Valdimarsson,0
0,2001-04-30,0,39,True,True,0,0,1,0.46,15,432830,None,,0,0,-1,1,22.4,184,60,17,7.81,None,,0,2,0.0,0.0,0,0.05,0.02,0.56,0.25,0.51,2.13,0.98,0.23,Nathan,2.0,162,60,1,0.46,0,False,11.4,149,56,84,False,40.6,180,76,,196,Calf injury - Unknown return date,2026-09-05T18:00:06.182495Z,54,193,24,p432830,0,0,None,0,,432830.jpg,3.3,118,47,False,-218,None,-11.5,"[{'offset': 0, 'projected_percent': '-14.5', 'likelihood': -1}, {'offset': 1, 'projected_percent': '-25.3', 'likelihood': -2}, {'offset': 2, 'projected_percent': '-36.1', 'likelihood': -2}]",11,0,104,False,0,0.0,https://www.brentfordfc.com/en/news/article/first-team-bournemouth-v-brentford-premier-league-keith-andrews-squad-news-update-nathan-collins,[],Collins,1.0,176,67,False,None,3,1.38,i,2,4,94,2023-07-04,51.0,72,13,10,58643,24,149338,1982,0.4,1.9,Collins,1
0,2001-12-20,0,0,True,True,0,0,0,0,0,444765,None,,0,0,-1,1,0.0,552,203,0,0,None,,0,2,0.0,0.0,0,0.00,0,0.00,0,0.00,0.00,0,0,Sepp,0.0,571,205,0,0,0,False,0.0,558,204,85,False,0.0,553,204,,0,Groin injury - Unknown return date,2026-08-15T15:30:06.416627Z,49,379,69,p444765,0,0,None,0,,444765.jpg,0.0,571,205,False,-4,None,-63.4,"[{'offset': 0, 'projected_percent': '-64.4', 'likelihood': -3}, {'offset': 1, 'projected_percent': '-67.7', 'likelihood': -3}, {'offset': 2, 'projected_percent': '-71.0', 'likelihood': -3}]",0,0,152,False,0,0,https://www.brentfordfc.com/en/news/article/first-team-brentford-v-tottenham-hotspur-premier-league-team-news-mamadou-sangar%C3%A9,[],van den Berg,0.1,477,170,False,None,0,0,i,0,4,94,2024-08-22,0.0,515,200,0,381,8,8662,56,0.0,0.0,Van den Berg,0
1,2001-02-22,3,85,True,True,None,None,2,0.44,17,249231,None,,0,0,0,0,94.2,28,26,38,8.42,1,,0,3,4.4,4.4,3,0.79,0.18,2.00,0.45,1.21,5.69,1.26,0.27,Keane,4.4,48,19,4,0.89,1,False,23.7,33,24,86,False,94.6,51,21,,406,,None,55,140,86,p249231,0,0,None,0,,249231.jpg,4.4,72,31,False,-433,None,32.3,"[{'offset': 0, 'projected_percent': '30.7', 'likelihood': 2}, {'offset': 1, 'projected_percent': '24.8', 'likelihood': 2}, {'offset': 2, 'projected_percent': '18.9', 'likelihood': 1}]",15,0,241,False,0,0.0,,[],Lewis-Potter,1.8,137,43,False,None,5,1.11,a,6,4,94,2022-07-12,49.0,79,45,22,187562,917,111243,2862,0.8,4.0,Lewis-Potter,0
0,1998-04-17,1,73,True,True,None,None,2,0.4,46,191866,None,,0,0,0,0,22.7,180,59,50,10.0,None,,0,2,4.2,4.2,7,0.08,0.02,0.21,0.05,0.13,6.32,1.26,0.03,Kristoffer,4.2,53,21,4,0.8,0,False,15.3,96,29,87,False,84.8,69,31,,450,,None,45,450,96,p191866,0,0,None,0,,191866.jpg,4.2,75,31,False,118,None,28.7,"[{'offset': 0, 'projected_percent': '29.1', 'likelihood': 2}, {'offset': 1, 'projected_percent': '30.7', 'likelihood': 2}, {'offset': 2, 'projected_percent': '32.3', 'likelihood': 2}]",11,0,161,False,0,0.0,,[],Ajer,4.0,85,33,False,None,5,1.0,a,4,4,94,2021-07-21,45.0,87,19,21,308439,2952,258120,4428,0.9,4.7,Ajer,1
0,2004-07-10,1,72,True,True,None,None,2,0.61,14,607464,None,,0,0,1,-1,31.9,153,46,16,4.9,None,,1,2,4.6,4.6,6,0.43,0.13,0.98,0.3,0.55,3.24,0.99,0.17,Michael,4.6,44,19,1,0.31,1,False,14.9,100,33,88,False,61.2,120,57,,294,,None,46,427,83,p607464,0,0,None,0,,607464.jpg,4.6,64,27,False,-56,None,-32.2,"[{'offset': 0, 'projected_percent': '-32.5', 'likelihood': -2}, {'offset': 1, 'projected_percent': '-33.5', 'likelihood': -2}, {'offset': 2, 'projected_percent': '-34.6', 'likelihood': -2}]",14,0,106,False,0,0.0,,[],Kayode,7.7,51,19,False,None,4,1.22,a,2,4,94,2025-07-01,56.0,63,8,23,586348,3650,350076,3842,1.0,5.0,Kayode,0
0,1997-07-08,0,3,True,True,None,None,0,0.0,0,194010,None,,0,0,-1,1,0.0,445,178,0,0.0,None,,0,2,0.2,0.2,0,0.00,0.0,0.00,0.0,0.00,0.00,0.0,0.0,Rico,0.2,383,138,0,0.0,0,False,0.0,456,178,89,False,0.0,451,178,,2,,None,44,559,143,p194010,0,0,None,0,,194010.jpg,1.0,307,113,False,-8,None,-6.2,"[{'offset': 0, 'projected_percent': '-7.9', 'likelihood': -1}, {'offset': 1, 'projected_percent': '-14.0', 'likelihood': -1}, {'offset': 2, 'projected_percent': '-20.1', 'likelihood': -2}]",0,0,107,False,0,0.0,,[],Henry,0.2,339,127,False,None,0,0.0,a,0,4,94,2016-08-31,0.0,392,164,1,1868,44,8111,113,0.0,0.2,Henry,0
0,2002-06-10,0,17,True,True,None,None,0,0.0,13,472713,None,,0,0,0,0,7.5,257,91,17,10.07,None,,0,2,1.0,1.0,1,0.06,0.04,0.09,0.06,0.03,3.07,1.82,0.02,Aaron,1.0,264,94,3,1.78,0,False,3.5,291,111,90,False,21.6,251,105,,152,,None,45,487,120,p472713,0,0,None,0,,472713.jpg,1.0,317,121,False,-4,None,-26.0,"[{'offset': 0, 'projected_percent': '-28.4', 'likelihood': -2}, {'offset': 1, 'projected_percent': '-36.9', 'likelihood': -2}, {'offset': 2, 'projected_percent': '-45.4', 'likelihood': -3}]",8,0,243,False,0,0.0,,[],Hickey,0.1,467,166,False,None,1,0.59,a,4,4,94,2022-07-09,6.0,254,91,5,1948,34,2773,40,0.2,1.1,Hickey,0
0,2004-12-24,0,0,True,True,None,None,0,0,0,570241,None,,0,0,0,0,0.0,504,194,0,0,None,,0,2,0.0,0.0,0,0.00,0,0.00,0,0.00,0.00,0,0,Kim,0.0,529,197,0,0,0,False,0.0,510,194,92,False,0.0,505,194,Kim Ji-Soo,0,,None,45,515,129,p570241,0,0,None,0,,570241.jpg,0.0,529,197,False,0,None,-101.3,"[{'offset': 0, 'projected_percent': '-101.3', 'likelihood': -5}, {'offset': 1, 'projected_percent': '-101.3', 'likelihood': -5}, {'offset': 2, 'projected_percent': '-101.3', 'likelihood': -5}]",0,0,114,False,0,0,,[],Ji-soo,0.0,575,196,False,None,0,0,a,0,4,94,2023-07-20,0.0,461,187,0,453,19,892,20,0.0,0.0,Ji-soo,0
1,2006-05-16,3,59,True,True,None,None,1,0.36,35,513086,None,,0,0,0,0,0.7,346,130,38,13.52,None,,1,2,4.2,4.2,14,0.54,0.19,0.64,0.23,0.10,4.19,1.49,0.04,Jannik,4.2,54,22,3,1.07,0,False,5.2,255,95,93,False,39.4,187,78,,253,,None,45,500,124,p513086,0,0,None,0,,513086.jpg,7.0,15,7,False,713,None,1.9,"[{'offset': 0, 'projected_percent': '4.6', 'likelihood': 1}, {'offset': 1, 'projected_percent': '14.4', 'likelihood': 1}, {'offset': 2, 'projected_percent': '24.1', 'likelihood': 2}]",6,0,14,False,0,0.0,,[],Schuster,0.2,332,123,False,None,2,0.71,a,3,4,94,2026-06-15,12.0,205,69,21,7985,6423,4737,249,0.9,4.7,Schuster,0
2,2001-11-27,6,138,True,True,None,None,2,0.4,6,513418,None,,0,0,1,-1,44.5,109,69,34,6.85,None,,1,3,7.8,7.8,9,0.32,0.06,1.84,0.37,1.52,6.32,1.27,0.31,Kevin,7.8,3,2,4,0.81,3,False,30.8,15,12,94,True,134.8,10,7,,447,,None,61,63,45,p513418,0,0,2,0,,513418.jpg,7.8,9,3,False,8014,None,51.0,"[{'offset': 0, 'projected_percent': '81.4', 'likelihood': 3}, {'offset': 1, 'projected_percent': '191.0', 'likelihood': 5}, {'offset': 2, 'projected_percent': '300.5', 'likelihood': 5}]",21,0,80,False,0,0.0,,[],Schade,8.3,46,16,False,None,5,1.01,a,7,4,94,2023-07-01,129.0,9,4,39,696413,76558,223206,3202,1.3,6.4,Schade,0
0,2002-02-11,0,34,True,True,None,None,1,0.5,9,533463,4,,0,0,-2,2,59.3,71,54,28,14.08,None,,0,3,1.4,1.4,1,0.39,0.2,0.48,0.25,0.09,2.81,1.41,0.05,Dango,1.4,236,109,1,0.5,0,False,10.8,162,78,95,False,25.2,237,98,,179,,None,63,52,36,p533463,0,0,None,0,,533463.jpg,1.4,278,127,False,-89,None,-24.0,"[{'offset': 0, 'projected_percent': '-31.3', 'likelihood': -2}, {'offset': 1, 'projected_percent': '-57.6', 'likelihood': -3}, {'offset': 2, 'projected_percent': '-83.8', 'likelihood': -3}]",17,0,35,False,0,0.0,,[],Ouattara,0.5,253,83,False,None,2,1.01,a,2,4,94,2025-08-16,23.0,145,74,7,14522,161,79470,891,0.2,1.1,O.Dango,0
1,2000-07-03,3,74,True,True,None,None,2,0.64,6,440089,2,,0,0,-1,1,95.0,27,25,31,9.86,3,,0,3,3.2,3.2,3,0.73,0.23,0.90,0.28,0.17,3.06,0.97,0.05,Mikkel,3.2,91,38,1,0.32,0,False,16.6,81,49,96,False,34.2,211,84,,283,,None,54,195,123,p440089,0,0,None,0,,440089.jpg,3.2,124,50,False,-42,None,-5.5,"[{'offset': 0, 'projected_percent': '-9.4', 'likelihood': -1}, {'offset': 1, 'projected_percent': '-23.5', 'likelihood': -2}, {'offset': 2, 'projected_percent': '-37.7', 'likelihood': -2}]",18,0,58,False,0,0.0,,[],Damsgaard,0.4,263,87,False,None,3,0.95,a,7,4,94,2022-08-10,37.0,108,58,16,13886,375,28552,436,0.6,3.0,Damsgaard,0
1,1996-01-01,0,22,True,True,0,0,1,1.36,0,207283,1,,0,0,-1,1,46.2,103,68,5,6.82,2,,0,3,0.0,0.0,0,0.34,0.46,0.42,0.57,0.08,0.47,0.64,0.11,Mathias,1.2,255,117,0,0.0,0,False,7.2,216,98,97,False,12.6,282,119,,66,Unspecified injury - Expected back 10 Oct,2026-08-30T12:30:08.176795Z,54,181,115,p207283,0,0,3,0,,207283.jpg,6.0,30,14,False,-16,None,-39.9,"[{'offset': 0, 'projected_percent': '-42.1', 'likelihood': -3}, {'offset': 1, 'projected_percent': '-50.2', 'likelihood': -3}, {'offset': 2, 'projected_percent': '-58.2', 'likelihood': -3}]",3,0,58,False,0,0.0,https://www.brentfordfc.com/en/news/article/first-team-brentford-v-chelsea-premier-league-igor-thiago,[],Jensen,0.1,415,154,False,None,1,1.36,i,2,4,94,2019-07-10,13.0,203,103,6,4490,5,14558,124,0.2,1.1,Jensen,0
0,1998-05-10,3,109,True,True,None,None,2,0.4,27,204580,3,,0,0,0,0,91.7,31,27,64,12.8,None,,1,3,5.6,5.6,3,0.44,0.09,0.97,0.2,0.53,6.32,1.26,0.11,Vitaly,5.6,22,10,4,0.8,2,False,28.3,23,16,98,False,146.0,7,5,,450,,None,50,258,161,p204580,0,0,None,0,,204580.jpg,5.6,37,19,False,-411,None,72.4,"[{'offset': 0, 'projected_percent': '70.9', 'likelihood': 3}, {'offset': 1, 'projected_percent': '65.2', 'likelihood': 3}, {'offset': 2, 'projected_percent': '59.6', 'likelihood': 3}]",20,0,80,False,0,0.0,,[],Janelt,2.5,115,35,False,None,5,1.0,a,17,4,94,2020-10-03,45.0,88,48,28,292577,5517,92816,3725,1.1,5.6,Janelt,3
0,2005-04-03,0,0,True,True,0,0,0,0,0,543295,None,,0,0,0,0,0.0,609,261,0,0,None,,0,3,0.0,0.0,0,0.00,0,0.00,0,0.00,0.00,0,0,Antoni,0.0,615,263,0,0,0,False,0.0,607,258,99,False,0.0,602,256,,0,Knee injury - Unknown return date,2026-07-23T12:01:23.384798Z,50,323,194,p543295,0,0,None,0,,543295.jpg,0.0,615,263,False,0,None,-40.1,"[{'offset': 0, 'projected_percent': '-40.1', 'likelihood': -3}, {'offset': 1, 'projected_percent': '-40.1', 'likelihood': -3}, {'offset': 2, 'projected_percent': '-40.1', 'likelihood': -3}]",0,0,152,False,0,0,https://www.brentfordfc.com/en/news/video/first-team-fabio-carvalho-brentford-injury-return-keith-andrews?utm_source=chatgpt.com,[],Milambo,0.0,652,289,False,None,0,0,i,0,4,94,2025-07-03,0.0,585,247,0,111,2,155,3,0.0,0.0,Milambo,0
0,2002-08-30,0,23,True,True,100,100,0,0.0,0,244858,None,,0,0,0,0,0.0,585,249,0,0.0,None,,0,3,1.2,1.2,6,0.00,0.0,0.43,12.9,0.43,0.13,3.9,12.9,Fábio,1.2,252,116,0,0.0,1,False,0.0,586,246,100,False,0.0,581,244,Fábio Carvalho,3,,2026-08-18T13:58:17.442072Z,50,278,170,p244858,0,0,None,0,,244858.jpg,6.0,27,13,False,11,None,0.1,"[{'offset': 0, 'projected_percent': '0.2', 'likelihood': 1}, {'offset': 1, 'projected_percent': '0.3', 'likelihood': 1}, {'offset': 2, 'projected_percent': '0.5', 'likelihood': 1}]",0,0,173,False,0,0.0,,[],Freitas Gouveia Carvalho,0.0,560,233,False,None,0,0.0,a,0,4,94,2024-08-12,0.0,557,231,6,1496,198,1317,39,0.2,1.2,Carvalho,0
1,2004-03-01,0,50,True,True,None,None,1,0.42,7,508395,None,,0,0,-2,2,39.5,131,83,26,10.83,None,,0,3,1.8,1.8,3,0.30,0.12,0.40,0.16,0.10,4.58,1.91,0.04,Yehor,1.8,175,79,4,1.67,0,False,8.3,200,93,102,False,29.6,225,89,,216,,None,48,419,256,p508395,0,0,None,0,,508395.jpg,1.8,242,106,False,-75,None,-8.0,"[{'offset': 0, 'projected_percent': '-12.5', 'likelihood': -1}, {'offset': 1, 'projected_percent': '-28.5', 'likelihood': -2}, {'offset': 2, 'projected_percent': '-44.5', 'likelihood': -3}]",14,0,225,False,0,0.0,,[],Yarmoliuk,0.7,221,69,False,None,2,0.83,a,5,4,94,2022-10-28,13.0,201,102,9,4701,248,58918,568,0.4,1.9,Yarmoliuk,1
0,1998-10-23,0,0,True,True,0,0,0,0,0,183656,None,,0,0,-1,1,0.0,542,224,0,0,None,,0,3,0.0,0.0,0,0.00,0,0.00,0,0.00,0.00,0,0,Josh,0.0,563,230,0,0,0,False,0.0,548,220,103,False,0.0,543,218,,0,Hamstring injury - Expected back 10 Oct,2026-09-04T13:30:08.371955Z,49,356,213,p183656,0,0,None,0,,183656.jpg,0.0,563,230,False,-1,None,-41.7,"[{'offset': 0, 'projected_percent': '-43.0', 'likelihood': -3}, {'offset': 1, 'projected_percent': '-47.5', 'likelihood': -3}, {'offset': 2, 'projected_percent': '-52.0', 'likelihood': -3}]",0,0,241,False,0,0,https://www.brentfordfc.com/en/news/article/first-team-brentford-v-sunderland-premier-league-team-news-mathias-jensen,[],Dasilva,0.0,591,246,False,None,0,0,i,0,4,94,2025-10-23,0.0,503,198,0,392,1,1860,15,0.0,0.0,Dasilva,0
0,1999-12-01,2,59,True,True,None,None,2,0.67,6,444180,None,,0,0,-1,1,78.3,44,37,26,8.76,None,,1,3,3.0,3.0,10,0.54,0.18,1.69,0.57,1.15,3.50,1.18,0.39,Jaidon,3.0,108,50,3,1.01,1,False,12.7,134,67,105,False,28.4,229,93,,267,,None,59,86,56,p444180,0,0,None,0,,444180.jpg,3.0,149,65,False,31,None,0.1,"[{'offset': 0, 'projected_percent': '0.2', 'likelihood': 1}, {'offset': 1, 'projected_percent': '0.7', 'likelihood': 1}, {'offset': 2, 'projected_percent': '1.1', 'likelihood': 1}]",16,0,241,False,0,0.0,,[],Anthony,0.1,379,137,False,None,3,1.01,a,4,4,94,2026-07-07,21.0,154,80,15,5613,615,10505,104,0.5,2.5,Anthony,1
0,2001-06-26,0,37,True,True,None,None,2,0.41,4,502500,None,,0,0,-2,2,27.6,166,18,19,3.87,None,,0,4,2.0,2.0,5,0.16,0.03,3.29,0.67,3.13,6.25,1.27,0.64,Igor Thiago,2.0,170,18,4,0.81,1,False,16.2,86,14,106,False,20.6,257,22,Igor Thiago,442,,None,78,15,5,p502500,0,1,1,0,,502500.jpg,2.0,235,29,False,875,None,-0.3,"[{'offset': 0, 'projected_percent': '3.0', 'likelihood': 1}, {'offset': 1, 'projected_percent': '15.0', 'likelihood': 1}, {'offset': 2, 'projected_percent': '27.0', 'likelihood': 2}]",12,0,30,False,0,0.0,,[],Nascimento Rodrigues,9.0,43,6,False,None,5,1.02,a,3,4,94,2024-07-01,116.0,15,7,10,233516,13093,1003462,6554,0.3,1.3,Thiago,2
0,2007-02-06,0,0,True,True,0,0,0,0,0,593174,None,,0,0,0,0,0.0,511,57,0,0,None,,0,4,0.0,0.0,0,0.00,0,0.00,0,0.00,0.00,0,0,Kaye,0.0,536,58,0,0,0,False,0.0,517,55,107,False,0.0,512,52,,0,Unspecified injury - Unknown return date,2026-09-14T14:00:09.985723Z,45,525,74,p593174,0,0,None,0,,593174.jpg,0.0,536,58,False,-240,None,2.0,"[{'offset': 0, 'projected_percent': '1.0', 'likelihood': 1}, {'offset': 1, 'projected_percent': '-8.8', 'likelihood': -1}, {'offset': 2, 'projected_percent': '-21.7', 'likelihood': -2}]",0,0,21,False,0,0,https://www.brentfordfc.com/en/news/article/first-team-reading-v-brentford-carabao-cup-keith-andrews-squad-update-kaye-furo-injury,[],Furo,1.0,189,30,False,None,0,0,i,0,4,94,2026-01-11,0.0,468,51,0,61214,141,59111,1949,0.0,0.0,Furo,0
0,1992-02-27,0,9,True,True,None,None,0,0.0,1,75115,None,,-1,1,-1,1,10.4,246,32,2,13.85,None,,0,4,0.6,0.6,0,0.04,0.28,0.11,0.76,0.07,0.15,1.04,0.48,Callum,0.6,315,36,0,0.0,0,False,2.6,307,34,108,False,3.2,355,36,,13,,None,54,170,40,p75115,0,0,None,0,,75115.jpg,1.0,367,41,False,-27,None,-2.2,"[{'offset': 0, 'projected_percent': '-4.2', 'likelihood': -1}, {'offset': 1, 'projected_percent': '-11.5', 'likelihood': -1}, {'offset': 2, 'projected_percent': '-18.9', 'likelihood': -1}]",1,0,241,False,0,0.0,,[],Wilson,0.3,288,49,False,None,0,0.0,a,0,4,94,2026-07-09,12.0,207,33,3,14596,247,24590,525,0.1,0.6,Wilson,0
2,2002-06-26,3,76,True,True,None,None,1,0.28,12,513545,None,,-1,1,1,-1,57.8,75,55,48,13.46,None,,1,3,4.4,4.4,0,0.65,0.18,1.06,0.29,0.41,4.31,1.21,0.11,Mamadou,4.4,50,21,3,0.84,0,False,16.9,77,46,565,False,74.2,85,25,,321,,None,56,121,78,p513545,0,0,None,0,,513545.jpg,4.4,73,32,False,-5734,None,-6.7,"[{'offset': 0, 'projected_percent': '-18.9', 'likelihood': -1}, {'offset': 1, 'projected_percent': '-63.0', 'likelihood': -3}, {'offset': 2, 'projected_percent': '-107.1', 'likelihood': -5}]",22,0,132,False,0,0.0,,[],Sangaré,10.8,37,15,False,None,4,1.12,a,14,4,94,2026-08-01,40.0,99,54,22,1220884,1596,728445,46556,0.8,3.9,M.Sangaré,2
0,2004-12-29,0,7,True,True,None,None,0,0.0,2,613804,None,,0,0,0,0,1.0,335,123,2,4.62,None,,0,2,0.5,0.5,1,0.01,0.02,0.01,0.02,0.00,0.63,1.45,0.0,El Hadji Malick,0.5,330,115,0,0.0,0,False,0.4,370,135,620,False,3.4,351,133,El Hadji Malick Diouf,39,,None,45,533,135,p613804,0,0,None,0,,613804.jpg,1.0,319,122,False,-16,None,-28.1,"[{'offset': 0, 'projected_percent': '-35.0', 'likelihood': -2}, {'offset': 1, 'projected_percent': '-59.9', 'likelihood': -3}, {'offset': 2, 'projected_percent': '-84.8', 'likelihood': -3}]",1,0,189,False,0,0.0,,[],Diouf,0.1,430,156,False,None,0,0.0,a,0,4,94,2026-08-28,0.0,474,190,2,13261,100,6832,170,0.1,0.4,Diouf,0
0,2005-11-20,0,0,True,True,None,None,0,0,0,626464,None,,0,0,0,0,0.0,519,211,0,0,None,,0,3,0.0,0.0,0,0.00,0,0.00,0,0.00,0.00,0,0,Gustavo,0.0,544,219,0,0,0,False,0.0,525,206,657,False,0.0,520,204,Gustavo Nunes,0,,None,45,538,281,p626464,0,0,None,0,,626464.jpg,0.0,544,219,False,0,2026-09-25T22:05:18.379374Z,0.0,"[{'offset': 0, 'projected_percent': '0.0', 'likelihood': 0}, {'offset': 1, 'projected_percent': '0.0', 'likelihood': 0}, {'offset': 2, 'projected_percent': '0.0', 'likelihood': 0}]",0,0,30,False,0,0,,[],Nunes Fernandes Gomes,0.0,563,235,False,None,0,0,a,0,4,94,2024-08-28,0.0,478,183,0,1824,82,440,47,0.0,0.0,Nunes,0
0,2005-05-28,0,0,True,True,None,None,0,0,0,612534,None,,0,0,0,0,0.0,436,172,0,0,None,,0,2,1.1,1.1,0,0.00,0,0.00,0,0.00,0.00,0,0,Benjamin,0.0,468,175,0,0,0,False,0.0,447,172,660,False,0.0,442,172,,0,,None,40,651,205,p612534,0,0,None,0,,612534.jpg,0.0,468,175,False,0,2026-10-01T21:16:22.650713Z,0.0,"[{'offset': 0, 'projected_percent': '0.0', 'likelihood': 0}, {'offset': 1, 'projected_percent': '0.0', 'likelihood': 0}, {'offset': 2, 'projected_percent': '0.0', 'likelihood': 0}]",0,0,157,False,0,0,,[],Fredrick,0.0,655,215,False,None,0,0,a,0,4,94,2024-01-05,0.0,379,156,0,100,100,6,6,0.0,0.0,Fredrick,0
0,1999-10-15,0,0,True,True,None,None,0,0,0,235448,None,,0,0,0,0,0.0,407,20,0,0,None,,0,1,1.0,1.0,0,0.00,0,0.00,0,0.00,0.00,0,0,Ellery,0.0,440,40,0,0,0,False,0.0,418,39,661,False,0.0,413,39,,0,,None,40,612,64,p235448,0,0,None,0,,235448.jpg,0.0,440,40,False,0,2026-10-01T21:16:40.866514Z,0.0,"[{'offset': 0, 'projected_percent': '0.0', 'likelihood': 0}, {'offset': 1, 'projected_percent': '0.0', 'likelihood': 0}, {'offset': 2, 'projected_percent': '0.0', 'likelihood': 0}]",0,0,241,False,0,0,,[],Balcombe,0.0,588,69,False,None,0,0,a,0,4,94,2016-11-02,0.0,347,16,0,902,902,75,75,0.0,0.0,Balcombe,0
0,2002-08-18,1,107,True,True,None,None,3,0.6,3,489639,None,,0,0,0,0,3.0,296,3,0,0.0,None,,0,1,4.8,4.8,7,0.20,0.04,0.20,0.04,0.00,8.61,1.72,0.0,Bart,4.8,41,4,5,1.0,0,False,9.7,177,7,109,False,93.8,54,8,,450,,None,45,491,41,p489639,0,0,None,0,,489639.jpg,4.8,59,4,False,1158,None,53.0,"[{'offset': 0, 'projected_percent': '57.4', 'likelihood': 3}, {'offset': 1, 'projected_percent': '73.2', 'likelihood': 3}, {'offset': 2, 'projected_percent': '89.1', 'likelihood': 3}]",34,0,152,False,12,2.4,,[],Verbruggen,21.7,16,2,False,None,5,1.0,a,0,5,36,2023-07-03,0.0,439,47,24,704480,11005,549395,13541,1.1,5.3,Verbruggen,0
0,1990-08-18,0,0,True,True,None,None,0,0,0,49262,None,,0,0,0,0,0.0,386,7,0,0,None,,0,1,0.0,0.0,0,0.00,0,0.00,0,0.00,0.00,0,0,Jason,0.0,421,27,0,0,0,False,0.0,398,26,111,False,0.0,394,26,,0,,None,40,586,51,p49262,0,0,None,0,,49262.jpg,0.0,421,27,False,-362,None,1.8,"[{'offset': 0, 'projected_percent': '0.4', 'likelihood': 1}, {'offset': 1, 'projected_percent': '-11.2', 'likelihood': -1}, {'offset': 2, 'projected_percent': '-23.4', 'likelihood': -2}]",0,0,241,False,0,0,,[],Steele,4.2,81,12,False,None,0,0,a,0,5,36,2018-07-01,0.0,326,3,0,142076,1889,108148,2393,0.0,0.0,Steele,0
0,1999-10-07,0,48,True,True,100,100,2,0.54,8,231416,3,,0,0,-1,1,44.6,107,28,9,2.44,None,,0,2,2.6,2.6,5,0.15,0.04,0.28,0.08,0.13,7.47,2.02,0.04,Ferdi,2.6,123,43,5,1.36,0,False,9.4,182,68,113,False,21.8,250,104,,332,,2026-08-23T13:00:07.595211Z,44,563,147,p231416,0,0,None,0,,231416.jpg,3.2,120,49,False,58,None,-57.6,"[{'offset': 0, 'projected_percent': '-56.2', 'likelihood': -3}, {'offset': 1, 'projected_percent': '-51.0', 'likelihood': -3}, {'offset': 2, 'projected_percent': '-45.8', 'likelihood': -3}]",8,0,219,False,0,0.0,,[],Kadıoğlu,1.6,145,58,False,None,4,1.08,a,1,5,36,2024-08-27,27.0,128,37,13,27044,631,129095,1552,0.6,3.0,F.Kadıoğlu,1
0,1997-11-18,0,94,True,True,None,None,3,0.62,25,204120,None,,0,0,0,0,110.5,20,2,29,5.97,None,,0,2,3.8,3.8,6,0.53,0.11,0.60,0.12,0.07,8.39,1.73,0.01,Olivier,3.8,66,27,5,1.03,0,False,19.4,56,7,114,False,64.2,108,50,,437,,None,45,452,97,p204120,0,0,None,0,,204120.jpg,3.8,102,41,False,107,None,1.9,"[{'offset': 0, 'projected_percent': '2.3', 'likelihood': 1}, {'offset': 1, 'projected_percent': '3.8', 'likelihood': 1}, {'offset': 2, 'projected_percent': '5.2', 'likelihood': 1}]",17,0,73,False,0,0.0,,[],Boscagli,0.3,300,109,False,None,5,1.03,a,4,5,36,2025-07-02,19.0,158,48,19,14501,284,11213,136,0.8,4.2,Boscagli,1
3,2000-12-22,4,128,True,True,None,None,3,0.64,8,465730,2,,0,0,4,-4,138.0,8,1,15,3.19,4,,2,2,7.4,7.4,5,0.60,0.13,2.15,0.46,1.55,8.52,1.81,0.33,Maxim,7.4,5,3,5,1.06,1,False,28.6,21,2,115,True,93.8,55,21,,423,,None,49,385,70,p465730,0,0,None,0,,465730.jpg,7.4,10,5,False,8907,None,26.3,"[{'offset': 0, 'projected_percent': '60.1', 'likelihood': 3}, {'offset': 1, 'projected_percent': '181.8', 'likelihood': 5}, {'offset': 2, 'projected_percent': '303.5', 'likelihood': 5}]",18,0,21,False,0,0.0,,[],De Cuyper,25.5,12,3,False,None,5,1.06,a,7,5,36,2025-07-05,53.0,68,11,37,2470659,52320,388237,3206,1.5,7.6,De Cuyper,2
0,1991-11-21,1,79,True,True,None,None,2,0.5,20,83299,None,,0,0,0,0,14.6,217,73,23,5.75,3,,1,2,4.4,4.4,0,0.09,0.02,0.12,0.03,0.03,7.04,1.76,0.01,Lewis,4.4,46,20,5,1.25,1,False,14.3,109,38,116,False,116.2,20,3,,360,,None,45,433,85,p83299,0,0,None,0,,83299.jpg,5.5,41,14,False,-52,None,19.9,"[{'offset': 0, 'projected_percent': '19.7', 'likelihood': 1}, {'offset': 1, 'projected_percent': '19.0', 'likelihood': 1}, {'offset': 2, 'projected_percent': '18.3', 'likelihood': 1}]",13,0,241,False,0,0.0,,[],Dunk,1.5,148,60,False,None,4,1.0,a,3,5,36,2009-07-01,11.0,214,73,22,83863,2302,42110,1046,1.0,4.9,Dunk,1
0,None,0,0,True,True,None,None,0,0,0,550090,None,,0,0,0,0,0.0,499,193,0,0,None,,0,2,0.0,0.0,0,0.00,0,0.00,0,0.00,0.00,0,0,Diego,0.0,524,196,0,0,0,False,0.0,504,193,117,False,0.0,499,193,,0,,None,45,508,127,p550090,0,0,None,0,,550090.jpg,0.0,524,196,False,5,None,-15.8,"[{'offset': 0, 'projected_percent': '-5.5', 'likelihood': -1}, {'offset': 1, 'projected_percent': '0.1', 'likelihood': 1}, {'offset': 2, 'projected_percent': '0.1', 'likelihood': 1}]",0,0,None,False,0,0,,[],Coppola,0.0,570,195,False,None,0,0,a,0,5,36,None,0.0,455,186,0,825,13,976,13,0.0,0.0,Coppola,0
0,1998-02-07,0,0,False,True,0,0,0,0,0,223434,None,,0,0,0,0,0.0,469,183,0,0,None,,0,2,0.0,0.0,0,0.00,0,0.00,0,0.00,0.00,0,0,Igor Julio,0.0,497,186,0,0,0,False,0.0,477,183,118,False,0.0,472,183,Igor Julio,0,Has joined Burnley permanently,2026-09-02T15:38:15.529699Z,45,459,102,p223434,0,0,None,0,,223434.jpg,0.0,497,186,False,-7,None,0.0,"[{'offset': 0, 'projected_percent': '0.0', 'likelihood': 0}, {'offset': 1, 'projected_percent': '0.0', 'likelihood': 0}, {'offset': 2, 'projected_percent': '0.0', 'likelihood': 0}]",0,0,30,False,0,0,,[],dos Santos de Paulo,0.0,508,179,False,None,0,0,u,0,5,36,2023-07-26,0.0,419,172,0,915,0,5710,67,0.0,0.0,Igor,0
0,2000-03-26,0,18,True,True,None,None,0,0.0,6,451490,None,,0,0,0,0,17.0,206,66,7,9.26,None,,0,2,0.8,0.8,1,0.17,0.22,0.29,0.38,0.12,1.04,1.38,0.16,João Pedro,0.8,278,101,0,0.0,0,False,5.0,260,99,119,False,15.2,273,111,Costinha,68,,None,45,481,118,p451490,0,0,None,0,,451490.jpg,0.8,398,136,False,2,None,-6.1,"[{'offset': 0, 'projected_percent': '-3.8', 'likelihood': -1}, {'offset': 1, 'projected_percent': '0.0', 'likelihood': 0}, {'offset': 2, 'projected_percent': '0.0', 'likelihood': 0}]",1,0,173,False,0,0.0,,[],Loureiro da Costa,0.0,519,183,False,None,0,0.0,a,1,5,36,2026-06-15,18.0,164,50,4,1124,19,1344,19,0.2,0.9,Costinha,1
0,1998-10-15,0,5,True,True,None,None,0,0.0,0,454490,None,,0,0,0,0,0.0,588,209,1,22.5,None,,0,2,0.2,0.2,1,0.00,0.0,0.00,0.0,0.00,0.13,2.92,0.0,Michael,0.2,401,144,0,0.0,0,False,0.0,587,209,120,False,0.0,582,209,,4,,None,50,286,47,p454490,0,0,None,0,,454490.jpg,1.0,347,131,False,34,None,0.0,"[{'offset': 0, 'projected_percent': '0.1', 'likelihood': 1}, {'offset': 1, 'projected_percent': '0.6', 'likelihood': 1}, {'offset': 2, 'projected_percent': '1.1', 'likelihood': 1}]",1,0,14,False,0,0.0,,[],Svoboda,0.1,490,174,False,None,0,0.0,a,1,5,36,2026-07-02,0.0,561,206,1,3314,138,3599,77,0.0,0.2,Svoboda,0
0,1997-05-20,0,0,True,True,0,0,0,0,0,451340,None,,0,0,-1,1,0.0,648,285,0,0,None,,0,3,0.0,0.0,0,0.00,0,0.00,0,0.00,0.00,0,0,Mitoma,0.0,648,285,0,0,0,False,0.0,647,285,121,False,0.0,645,285,,0,Hamstring injury - Expected back 10 Oct,2026-07-24T18:30:10.661894Z,59,87,57,p451340,0,0,None,0,,451340.jpg,0.0,648,285,False,-7,None,-21.0,"[{'offset': 0, 'projected_percent': '-24.6', 'likelihood': -2}, {'offset': 1, 'projected_percent': '-37.6', 'likelihood': -2}, {'offset': 2, 'projected_percent': '-50.6', 'likelihood': -3}]",0,0,108,False,0,0,https://www.brightonandhovealbion.com/media-article/mft-match-preview-bha-leeds-united-pl-september-2026?utm_source=chatgpt.com,[],Kaoru,0.0,535,218,False,None,0,0,i,0,5,36,2021-08-09,0.0,642,283,0,448,22,2964,27,0.0,0.0,Mitoma,0
0,2004-07-22,0,0,True,True,0,0,0,0,0,592031,5,,0,0,-1,1,0.0,652,288,0,0,None,,0,3,0.0,0.0,0,0.00,0,0.00,0,0.00,0.00,0,0,Yankuba,0.0,652,288,0,0,0,False,0.0,651,288,122,False,0.0,650,288,,0,Leg injury - Expected back 28 Nov,2026-08-14T18:00:06.418033Z,59,95,61,p592031,0,0,None,0,,592031.jpg,0.0,652,288,False,-9,None,-100.2,"[{'offset': 0, 'projected_percent': '-104.1', 'likelihood': -5}, {'offset': 1, 'projected_percent': '-118.1', 'likelihood': -5}, {'offset': 2, 'projected_percent': '-132.2', 'likelihood': -5}]",0,0,78,False,0,0,https://www.brightonandhovealbion.com/media-article/fabian-hurzeler-reflects-on-albions-pre-season-win-over-as-roma?utm_source=premier-league-web&utm_medium=referral&utm_campaign=pl-referral-always-on&utm_term=content-card,[],Minteh,0.0,532,216,False,None,0,0,i,0,5,36,2024-07-01,0.0,646,286,0,297,7,6720,46,0.0,0.0,Minteh,0
0,2005-04-11,3,54,True,True,0,0,1,1.43,0,532529,None,,0,0,-1,1,13.4,228,123,3,4.29,None,,1,3,0.0,0.0,0,0.02,0.03,1.43,2.04,1.41,0.19,0.27,2.01,Jack,3.2,93,39,0,0.0,2,False,14.5,108,57,123,False,72.8,88,27,,63,Ankle injury - Expected back 10 Oct,2026-08-27T19:30:07.780933Z,59,93,60,p532529,0,0,None,0,,532529.jpg,16.0,1,1,False,-241,None,-18.0,"[{'offset': 0, 'projected_percent': '-23.6', 'likelihood': -2}, {'offset': 1, 'projected_percent': '-43.8', 'likelihood': -3}, {'offset': 2, 'projected_percent': '-64.0', 'likelihood': -3}]",1,0,241,False,0,0.0,https://www.brightonandhovealbion.com/media-article/match-preview-albion-head-to-chelsea-on-sunday,[],Hinshelwood,0.6,231,73,False,None,1,1.43,i,2,5,36,2022-12-30,59.0,60,40,16,147664,43,210750,1524,0.5,2.7,Hinshelwood,0
4,1991-06-15,9,168,True,True,None,None,3,0.6,9,60307,1,,0,0,2,-2,185.7,1,1,26,5.2,1,,3,3,9.4,9.4,14,0.86,0.17,2.63,0.52,1.77,8.61,1.72,0.35,Pascal,9.4,1,1,5,1.0,3,False,40.3,4,4,124,True,152.6,4,2,,450,,None,57,113,73,p60307,0,0,1,0,,60307.jpg,9.4,2,2,False,51108,None,101.4,"[{'offset': 0, 'projected_percent': '295.3', 'likelihood': 5}, {'offset': 1, 'projected_percent': '993.8', 'likelihood': 5}, {'offset': 2, 'projected_percent': '1692.3', 'likelihood': 5}]",10,0,80,False,0,0.0,,[],Groß,22.7,14,6,False,None,5,1.0,a,7,5,36,2026-01-02,68.0,51,32,47,1524241,163748,532696,2913,1.6,8.2,Groß,2
1,2002-04-20,0,26,True,True,100,100,1,0.87,1,463067,None,,0,0,-1,1,11.4,240,29,9,7.79,None,,0,4,1.2,1.2,1,0.45,0.39,0.58,0.5,0.13,1.05,0.91,0.11,Georginio,1.2,258,29,0,0.0,0,False,4.6,268,31,125,False,19.8,259,23,,104,,2026-08-26T16:00:07.608056Z,54,201,45,p463067,0,0,None,0,,463067.jpg,3.0,142,13,False,-101,None,-104.1,"[{'offset': 0, 'projected_percent': '-112.7', 'likelihood': -5}, {'offset': 1, 'projected_percent': '-143.6', 'likelihood': -5}, {'offset': 2, 'projected_percent': '-174.5', 'likelihood': -5}]",6,0,73,False,0,0.0,,[],Rutter,0.5,259,44,False,None,1,0.87,a,2,5,36,2024-08-19,15.0,191,32,6,32315,318,73417,789,0.2,1.1,Georginio,0
0,2000-11-21,0,6,True,True,None,None,0,0.0,2,219249,None,,0,0,-1,1,10.5,244,129,3,27.0,None,,0,3,0.4,0.4,1,0.01,0.09,0.23,2.07,0.22,0.17,1.53,1.98,Matt,0.4,363,172,0,0.0,0,False,1.3,343,158,126,False,2.2,365,168,,10,,None,54,185,118,p219249,0,0,3,0,,219249.jpg,1.0,371,173,False,-5,None,-4.3,"[{'offset': 0, 'projected_percent': '-6.5', 'likelihood': -1}, {'offset': 1, 'projected_percent': '-14.2', 'likelihood': -1}, {'offset': 2, 'projected_percent': '-21.8', 'likelihood': -2}]",1,0,58,False,0,0.0,,[],O'Riley,0.1,421,159,False,None,0,0.0,a,0,5,36,2024-08-26,0.0,612,264,2,3235,61,6044,88,0.1,0.4,O'Riley,0
3,2003-03-27,0,80,True,True,None,None,3,0.62,7,514254,None,,0,0,0,0,80.8,41,35,36,7.48,5,,0,3,4.8,4.8,8,0.78,0.16,1.57,0.32,0.79,8.45,1.76,0.16,Diego,4.8,43,16,5,1.04,0,False,25.8,26,19,127,False,55.2,138,47,Diego Gómez,433,,None,50,313,186,p514254,0,0,None,0,,514254.jpg,4.8,61,25,False,-701,None,30.9,"[{'offset': 0, 'projected_percent': '28.2', 'likelihood': 2}, {'offset': 1, 'projected_percent': '18.7', 'likelihood': 1}, {'offset': 2, 'projected_percent': '9.1', 'likelihood': 1}]",16,0,168,False,0,0.0,,[],Gómez Amarilla,4.2,83,29,False,None,5,1.04,a,13,5,36,2025-01-01,122.0,13,7,24,323729,1222,271471,9840,1.0,4.8,Gomez,0
0,2004-12-23,0,0,False,True,0,0,0,0,0,536916,None,,0,0,0,0,0.0,608,260,0,0,None,,0,3,0.0,0.0,0,0.00,0,0.00,0,0.00,0.00,0,0,Facundo,0.0,614,262,0,0,0,False,0.0,606,257,128,False,0.0,601,255,,0,Has joined Elche on loan for the rest of the season,2026-08-10T14:03:07.561436Z,50,322,193,p536916,0,0,None,0,,536916.jpg,0.0,614,262,False,0,None,0.0,"[{'offset': 0, 'projected_percent': '0.0', 'likelihood': 0}, {'offset': 1, 'projected_percent': '0.0', 'likelihood': 0}, {'offset': 2, 'projected_percent': '0.0', 'likelihood': 0}]",0,0,10,False,0,0,,[],Buonanotte,0.0,649,286,False,None,0,0,u,0,5,36,2023-01-01,0.0,584,246,0,0,0,324,1,0.0,0.0,Buonanotte,0
0,2003-10-06,0,68,True,True,100,100,3,0.81,4,509416,4,,0,0,-1,1,36.6,138,87,21,5.68,2,,0,3,3.0,3.0,3,0.23,0.06,0.93,0.25,0.70,5.58,1.51,0.19,Yasin,3.0,103,45,1,0.27,1,False,13.4,124,63,129,False,50.4,157,58,,333,,2026-08-30T18:00:07.935334Z,54,211,134,p509416,0,0,None,0,,509416.jpg,3.8,104,42,False,-16,None,-52.3,"[{'offset': 0, 'projected_percent': '-54.0', 'likelihood': -3}, {'offset': 1, 'projected_percent': '-60.2', 'likelihood': -3}, {'offset': 2, 'projected_percent': '-66.4', 'likelihood': -3}]",15,0,206,False,0,0.0,,[],Ayari,0.4,274,92,False,None,4,1.08,a,2,5,36,2023-01-30,51.0,73,43,15,10523,282,39924,369,0.6,2.8,Ayari,1
0,1999-11-16,1,38,True,True,0,0,1,0.58,11,467779,None,,0,0,-1,1,35.5,141,42,15,8.65,None,,0,2,0.0,0.0,0,0.13,0.08,0.25,0.15,0.12,3.18,1.83,0.07,Mats,1.4,226,83,4,2.31,0,False,8.3,201,74,130,False,37.0,195,82,,156,Knee injury - Unknown return date,2026-09-04T09:30:08.612904Z,49,386,71,p467779,0,0,None,0,,467779.jpg,3.5,113,45,False,-38,None,-10.3,"[{'offset': 0, 'projected_percent': '-13.2', 'likelihood': -1}, {'offset': 1, 'projected_percent': '-23.6', 'likelihood': -2}, {'offset': 2, 'projected_percent': '-34.0', 'likelihood': -2}]",9,0,152,False,0,0.0,https://www.brightonandhovealbion.com/media-article/mft-match-preview-bha-leeds-united-pl-september-2026,[],Wieffer,0.2,338,126,False,None,2,1.15,i,4,5,36,2024-07-06,10.0,222,77,7,25919,4,41803,371,0.3,1.4,Wieffer,0
0,None,0,0,False,True,0,0,0,0,0,597320,None,,0,0,0,0,0.0,514,208,0,0,None,,0,3,0.0,0.0,0,0.00,0,0.00,0,0.00,0.00,0,0,Harry,0.0,539,216,0,0,0,False,0.0,520,203,132,False,0.0,515,201,,0,Has joined Leicester City on loan for the rest of the season,2026-08-17T13:53:19.019938Z,45,528,276,p597320,0,0,None,0,,597320.jpg,0.0,539,216,False,-1,None,0.0,"[{'offset': 0, 'projected_percent': '0.0', 'likelihood': 0}, {'offset': 1, 'projected_percent': '0.0', 'likelihood': 0}, {'offset': 2, 'projected_percent': '0.0', 'likelihood': 0}]",0,0,None,False,0,0,,[],Howell,0.0,533,217,False,None,0,0,u,0,5,36,None,0.0,471,180,0,0,0,3518,40,0.0,0.0,Howell,0
0,2006-04-08,0,0,False,True,0,0,0,0,0,549074,None,,0,0,0,0,0.0,610,262,0,0,None,,0,3,0.0,0.0,0,0.00,0,0.00,0,0.00,0.00,0,0,Tom,0.0,616,264,0,0,0,False,0.0,608,259,133,False,0.0,603,257,,0,Has joined Leicester City on loan for the rest of the season,2026-08-03T14:05:44.459483Z,50,324,195,p549074,0,0,None,0,,549074.jpg,0.0,616,264,False,0,None,0.0,"[{'offset': 0, 'projected_percent': '0.0', 'likelihood': 0}, {'offset': 1, 'projected_percent': '0.0', 'likelihood': 0}, {'offset': 2, 'projected_percent': '0.0', 'likelihood': 0}]",0,0,241,False,0,0,,[],Watson,0.0,659,294,False,None,0,0,u,0,5,36,2025-06-01,0.0,586,248,0,0,0,132,1,0.0,0.0,Watson,0
0,2007-06-11,0,0,True,True,None,None,0,0,0,556637,None,,0,0,0,0,0.0,501,202,0,0,None,,0,3,0.0,0.0,0,0.00,0,0.00,0,0.00,0.00,0,0,Nehemiah,0.0,526,210,0,0,0,False,0.0,506,197,134,False,0.0,501,195,,0,,None,45,511,269,p556637,0,0,None,0,,556637.jpg,0.0,526,210,False,-40,None,-57.3,"[{'offset': 0, 'projected_percent': '-63.8', 'likelihood': -3}, {'offset': 1, 'projected_percent': '-87.2', 'likelihood': -3}, {'offset': 2, 'projected_percent': '-110.6', 'likelihood': -5}]",0,0,241,False,0,0,,[],Oriola,0.2,310,108,False,None,0,0,a,0,5,36,2025-10-17,0.0,457,174,0,8457,53,13085,217,0.0,0.0,Oriola,0
0,2007-06-29,0,3,True,True,0,0,0,0.0,0,700308,None,,0,0,-1,1,1.3,329,164,0,0.0,None,,0,3,0.0,0.0,0,0.03,0.22,0.03,0.22,0.00,0.00,0.0,0.0,Zadok,0.2,399,186,0,0.0,0,False,0.2,383,179,135,False,0.2,386,180,,12,Unspecified injury - Expected back 10 Oct,2026-09-10T13:00:08.617941Z,49,415,254,p700308,0,0,None,0,,700308.jpg,1.0,343,154,False,-14,None,-77.3,"[{'offset': 0, 'projected_percent': '-82.7', 'likelihood': -3}, {'offset': 1, 'projected_percent': '-101.9', 'likelihood': -5}, {'offset': 2, 'projected_percent': '-121.1', 'likelihood': -5}]",0,0,157,False,0,0.0,,[],Yohanna,0.0,515,207,False,None,0,0.0,i,0,5,36,2026-06-15,0.0,538,223,1,1244,1,5198,91,0.0,0.2,Yohanna,0
0,2006-01-06,0,0,True,True,0,0,0,0,0,608181,None,,0,0,-1,1,0.0,631,73,0,0,None,,0,4,0.0,0.0,0,0.00,0,0.00,0,0.00,0.00,0,0,Stefanos,0.0,634,73,0,0,0,False,0.0,632,72,137,False,0.0,628,69,,0,Knee injury - Unknown return date,2026-07-23T12:01:23.432796Z,54,220,48,p608181,0,0,None,0,,608181.jpg,0.0,634,73,False,0,None,-0.3,"[{'offset': 0, 'projected_percent': '-0.3', 'likelihood': -1}, {'offset': 1, 'projected_percent': '-0.3', 'likelihood': -1}, {'offset': 2, 'projected_percent': '-0.3', 'likelihood': -1}]",0,0,83,False,0,0,https://www.brightonandhovealbion.com/media-article/fabian-hurzeler-reflects-on-a-successful-training-camp?srsltid=AfmBOoq6Qw6fHwT9Mxn5PIGBhoGos01rwVude5hxVRG_7iMPpS-YkOIf&utm_source=chatgpt.com,[],Tzimas,0.0,624,76,False,None,0,0,i,0,5,36,2025-02-03,0.0,618,70,0,306,9,709,11,0.0,0.0,Tzimas,0
3,2007-05-30,3,104,True,True,None,None,2,0.51,5,647850,None,,0,0,0,0,27.8,165,17,26,6.63,None,,1,4,5.6,5.6,10,0.06,0.02,1.41,0.36,1.35,7.59,1.94,0.34,Charalampos,5.6,23,3,5,1.27,2,False,16.3,84,13,138,False,47.6,163,13,,353,,None,55,169,39,p647850,0,0,None,0,,647850.jpg,5.6,38,4,False,13162,None,49.2,"[{'offset': 0, 'projected_percent': '99.1', 'likelihood': 4}, {'offset': 1, 'projected_percent': '279.0', 'likelihood': 5}, {'offset': 2, 'projected_percent': '458.9', 'likelihood': 5}]",17,0,83,False,0,0.0,,[],Kostoulas,1.3,159,24,False,None,4,1.02,a,4,5,36,2025-07-01,89.0,26,10,28,144973,40282,33392,882,1.0,5.1,Kostoulas,1
0,2004-10-19,0,0,True,True,0,0,0,0,0,487117,None,,0,0,0,0,0.0,595,65,0,0,None,,0,4,0.0,0.0,0,0.00,0,0.00,0,0.00,0.00,0,0,Evan,0.0,601,66,0,0,0,False,0.0,593,63,139,False,0.0,588,60,,0,Ankle injury - Expected back 10 Oct,2026-07-23T12:01:23.448357Z,50,298,57,p487117,0,0,None,0,,487117.jpg,0.0,601,66,False,-6,None,-48.6,"[{'offset': 0, 'projected_percent': '-51.5', 'likelihood': -3}, {'offset': 1, 'projected_percent': '-62.0', 'likelihood': -3}, {'offset': 2, 'projected_percent': '-72.5', 'likelihood': -3}]",0,0,104,False,0,0,https://www.brightonandhovealbion.com/media-article/fabian-hurzeler-reflects-on-a-successful-training-camp?srsltid=AfmBOoq6Qw6fHwT9Mxn5PIGBhoGos01rwVude5hxVRG_7iMPpS-YkOIf&utm_source=chatgpt.com,[],Ferguson,0.0,536,72,False,None,0,0,i,0,5,36,2021-08-23,0.0,569,59,0,1465,14,2320,51,0.0,0.0,Ferguson,0
0,1999-08-11,0,31,True,True,100,100,1,0.92,9,222694,None,,0,0,-1,1,0.9,339,127,10,9.18,None,,0,2,1.4,1.4,5,0.01,0.01,0.17,0.16,0.16,1.66,1.52,0.15,Pascal,1.4,222,82,0,0.0,0,False,1.2,346,126,328,False,11.4,289,117,,98,,2026-08-15T20:30:07.523574Z,49,366,66,p222694,0,0,None,0,,222694.jpg,2.3,186,73,False,32,None,-8.6,"[{'offset': 0, 'projected_percent': '-1.3', 'likelihood': -1}, {'offset': 1, 'projected_percent': '0.4', 'likelihood': 1}, {'offset': 2, 'projected_percent': '0.8', 'likelihood': 1}]",6,0,152,False,0,0.0,,[],Struijk,0.2,355,133,False,None,1,0.92,a,1,5,36,2026-06-30,0.0,507,199,7,5122,93,11357,106,0.3,1.4,Struijk,1
0,2007-02-24,2,96,True,True,None,None,3,0.62,37,610799,None,,0,0,0,0,16.4,208,68,43,8.86,None,,1,2,6.4,6.4,8,0.07,0.01,0.53,0.1,0.46,8.39,1.73,0.09,Luka,6.4,11,6,5,1.03,1,False,19.4,57,8,504,True,107.6,35,15,,437,,None,50,334,58,p610799,0,0,None,0,,610799.jpg,6.4,22,9,False,1415,None,34.7,"[{'offset': 0, 'projected_percent': '40.1', 'likelihood': 3}, {'offset': 1, 'projected_percent': '59.4', 'likelihood': 3}, {'offset': 2, 'projected_percent': '78.7', 'likelihood': 3}]",17,0,97,False,0,0.0,,[],Vušković,3.2,99,37,False,None,5,1.03,a,6,5,36,2026-07-14,70.0,47,5,32,208551,5451,126813,2001,1.3,6.4,Vuskovic,0
0,2001-07-03,0,-4,True,True,None,None,0,0.0,0,538007,None,,-1,1,-1,1,3.7,290,37,0,0.0,None,,0,4,0.2,0.2,0,0.00,0.0,0.42,1.64,0.42,0.14,0.55,1.64,Promise,0.2,413,50,0,0.0,0,False,0.4,373,43,594,False,0.0,649,74,,23,,None,59,94,24,p538007,0,0,2,0,,538007.jpg,0.5,412,50,False,5,None,0.0,"[{'offset': 0, 'projected_percent': '0.0', 'likelihood': 0}, {'offset': 1, 'projected_percent': '0.1', 'likelihood': 1}, {'offset': 2, 'projected_percent': '0.2', 'likelihood': 1}]",0,0,39,False,0,0.0,,[],David,0.2,327,52,False,None,0,0.0,a,0,5,36,2026-08-18,4.0,292,40,1,12232,370,20616,343,0.0,0.2,David,1
0,2004-11-29,0,15,True,True,None,None,0,0.0,0,612855,None,,0,0,0,0,17.8,202,113,4,9.0,None,,0,3,0.6,0.6,0,0.07,0.16,0.12,0.27,0.05,0.32,0.72,0.11,Ibrahim,0.6,312,146,1,2.25,0,False,4.2,274,121,600,False,7.2,317,143,,40,,None,50,335,202,p612855,0,0,None,0,,612855.jpg,1.0,355,162,False,2,None,-63.0,"[{'offset': 0, 'projected_percent': '-58.2', 'likelihood': -3}, {'offset': 1, 'projected_percent': '-40.7', 'likelihood': -3}, {'offset': 2, 'projected_percent': '-23.2', 'likelihood': -2}]",3,0,81,False,0,0.0,,[],Osman,0.0,581,241,False,None,0,0.0,a,1,5,36,2024-07-01,19.0,160,83,3,844,13,981,14,0.1,0.6,Osman,0
0,2005-11-18,1,93,True,True,None,None,1,0.38,6,611695,None,,0,0,0,0,60.0,68,53,19,7.25,None,,0,3,4.0,4.0,1,0.29,0.11,1.78,0.68,1.49,6.56,2.5,0.57,Malick,4.0,58,25,4,1.53,2,False,27.2,24,17,605,False,107.0,37,16,,236,,None,45,531,277,p611695,0,0,None,0,,611695.jpg,4.0,83,35,False,-1715,None,53.3,"[{'offset': 0, 'projected_percent': '46.8', 'likelihood': 3}, {'offset': 1, 'projected_percent': '23.3', 'likelihood': 2}, {'offset': 2, 'projected_percent': '-0.3', 'likelihood': -1}]",7,0,54,False,0,0.0,,[],Yalcouyé,4.1,84,30,False,None,3,1.14,a,6,5,36,2024-07-12,105.0,20,10,20,535360,6471,144893,6939,0.9,4.4,Yalcouyé,0
0,2003-03-26,0,0,True,True,None,None,0,0,0,512123,None,,0,0,0,0,0.0,491,190,0,0,None,,0,2,0.0,0.0,0,0.00,0,0.00,0,0.00,0.00,0,0,Jaouen,0.0,516,193,0,0,0,False,0.0,496,190,614,False,0.0,491,190,,0,,None,45,499,123,p512123,0,0,None,0,,512123.jpg,0.0,516,193,False,-3,None,-5.5,"[{'offset': 0, 'projected_percent': '-7.9', 'likelihood': -1}, {'offset': 1, 'projected_percent': '-16.8', 'likelihood': -1}, {'offset': 2, 'projected_percent': '-25.7', 'likelihood': -2}]",0,0,3,False,0,0,,[],Hadjam,0.0,504,178,False,None,0,0,a,0,5,36,2026-08-25,0.0,447,183,0,3805,66,1739,34,0.0,0.0,Hadjam,0
0,None,0,0,False,True,0,0,0,0,0,519324,None,,0,0,0,0,0.0,606,258,0,0,None,,0,3,0.0,0.0,0,0.00,0,0.00,0,0.00,0.00,0,0,Amario,0.0,612,260,0,0,0,False,0.0,604,255,624,False,0.0,599,253,,0,Has joined Middlesbrough on loan for the rest of the season,2026-09-02T15:38:15.552951Z,50,317,190,p519324,0,0,None,0,,519324.jpg,0.0,612,260,False,0,None,0.0,"[{'offset': 0, 'projected_percent': '0.0', 'likelihood': 0}, {'offset': 1, 'projected_percent': '0.0', 'likelihood': 0}, {'offset': 2, 'projected_percent': '0.0', 'likelihood': 0}]",0,0,None,False,0,0,,[],Cozier-Duberry,0.0,661,296,False,None,0,0,u,0,5,36,None,0.0,582,244,0,117,0,108,0,0.0,0.0,Cozier-Duberry,0
1,2005-04-25,1,37,True,True,None,None,1,0.83,4,592984,None,,0,0,0,0,13.1,229,124,13,10.73,None,,0,3,4.3,4.3,9,0.12,0.1,0.71,0.59,0.59,1.66,1.37,0.49,José María,4.3,52,23,0,0.0,1,False,3.4,293,130,639,False,18.8,264,111,Chema Andrés,109,,None,55,167,106,p592984,0,0,None,0,,592984.jpg,6.5,19,9,False,99,None,0.2,"[{'offset': 0, 'projected_percent': '0.5', 'likelihood': 1}, {'offset': 1, 'projected_percent': '1.9', 'likelihood': 1}, {'offset': 2, 'projected_percent': '3.2', 'likelihood': 1}]",8,0,200,False,0,0.0,,[],Andrés Baixauli,0.0,596,250,False,None,1,0.83,a,1,5,36,2026-09-01,2.0,315,156,13,1444,200,493,25,0.8,2.4,Andrés,0
0,2001-06-05,0,0,True,True,0,0,0,0,0,471551,None,,0,0,0,0,0.0,642,280,0,0,None,,0,3,0.0,0.0,0,0.00,0,0.00,0,0.00,0.00,0,0,Femi,0.0,642,280,0,0,0,False,0.0,640,279,652,False,0.0,636,278,,0,Hamstring injury - Expected back 10 Oct,2026-09-04T11:30:08.661589Z,55,149,92,p471551,0,0,None,0,,471551.jpg,0.0,642,280,False,0,None,-14.5,"[{'offset': 0, 'projected_percent': '-14.5', 'likelihood': -1}, {'offset': 1, 'projected_percent': '-14.5', 'likelihood': -1}, {'offset': 2, 'projected_percent': '-14.5', 'likelihood': -1}]",0,0,157,False,0,0,https://www.brightonandhovealbion.com/media-article/mft-match-preview-manchester-united-bha-carabao-cup-september-2026,[],Azeez,0.0,644,283,False,None,0,0,i,0,5,36,2026-09-01,0.0,630,274,0,427,4,167,10,0.0,0.0,Azeez,0
0,2008-02-16,0,0,True,True,None,None,0,0,0,661016,None,,0,0,0,0,0.0,526,216,0,0,None,,0,3,0.0,0.0,0,0.00,0,0.00,0,0.00,0.00,0,0,Younes,0.0,550,223,0,0,0,False,0.0,532,211,658,False,0.0,527,209,,0,,None,45,545,286,p661016,0,0,None,0,,661016.jpg,0.0,550,223,False,0,2026-09-26T17:44:20.289392Z,0.0,"[{'offset': 0, 'projected_percent': '0.0', 'likelihood': 0}, {'offset': 1, 'projected_percent': '0.0', 'likelihood': 0}, {'offset': 2, 'projected_percent': '0.0', 'likelihood': 0}]",0,0,13,False,0,0,,[],Ibrahim,0.0,594,249,False,None,0,0,a,0,5,36,2026-08-12,0.0,485,188,0,1223,60,300,32,0.0,0.0,Ibrahim,0
0,1992-09-02,0,61,True,True,None,None,0,0.0,1,98980,None,,0,0,0,0,20.0,195,1,0,0.0,None,,0,1,1.8,1.8,2,0.01,0.0,0.01,0.0,0.00,7.49,1.87,0.0,Emiliano,1.8,179,15,10,2.5,0,False,13.9,114,1,28,False,119.0,18,3,Emiliano Martínez,360,,None,50,242,6,p98980,0,0,None,0,,98980.jpg,2.2,193,15,False,-386,None,1.5,"[{'offset': 0, 'projected_percent': '-0.0', 'likelihood': 0}, {'offset': 1, 'projected_percent': '-11.3', 'likelihood': -1}, {'offset': 2, 'projected_percent': '-22.7', 'likelihood': -2}]",37,0,10,False,18,4.5,,[],Martínez Romero,4.8,76,11,False,None,4,1.0,a,0,6,8,2026-08-29,0.0,540,60,9,239020,1253,229743,5162,0.4,1.8,Martinez,0
1,2002-07-26,2,135,True,True,None,None,0,0.0,3,244850,3,,0,0,2,-2,119.5,14,13,31,6.38,None,,0,3,5.8,5.8,2,1.23,0.25,2.95,0.6,1.72,8.73,1.8,0.35,Morgan,5.8,20,8,12,2.47,3,False,37.8,5,5,40,False,149.0,6,4,,437,,None,77,16,10,p244850,0,0,None,0,,244850.jpg,5.8,35,17,False,-45,None,63.6,"[{'offset': 0, 'projected_percent': '63.4', 'likelihood': 3}, {'offset': 1, 'projected_percent': '62.8', 'likelihood': 3}, {'offset': 2, 'projected_percent': '62.2', 'likelihood': 3}]",23,0,241,False,0,0.0,,[],Rogers,40.1,5,1,False,None,5,1.03,a,5,6,8,2026-07-21,110.0,17,9,29,2357648,28225,603077,11390,0.8,3.8,Rogers,1
0,1990-06-17,0,16,True,True,100,50,0,0.0,2,56979,None,,0,0,-1,1,0.0,533,220,10,10.0,None,,0,3,0.4,0.2,2,0.08,0.08,0.08,0.08,0.00,2.65,2.65,0.0,Jordan,0.4,343,160,3,3.0,0,False,0.0,538,215,101,False,0.0,533,213,Jordan Henderson,90,,2026-08-09T09:30:07.136250Z,49,343,206,p56979,0,0,None,0,,56979.jpg,2.0,208,91,False,0,2026-09-25T13:30:09.904003Z,0.0,"[{'offset': 0, 'projected_percent': '0.0', 'likelihood': 0}, {'offset': 1, 'projected_percent': '0.0', 'likelihood': 0}, {'offset': 2, 'projected_percent': '0.0', 'likelihood': 0}]",7,0,241,False,0,0.0,,[],Henderson,0.0,550,226,False,None,1,1.0,a,1,6,8,2026-08-03,0.0,492,192,2,708,95,2497,23,0.1,0.4,Henderson,0
0,1990-11-26,0,15,True,True,100,100,0,0.0,2,50175,None,,0,0,-1,1,10.9,243,30,5,5.29,None,,0,4,0.8,0.8,2,0.14,0.15,0.14,0.15,0.00,1.99,2.11,0.0,Danny,0.8,289,32,1,1.06,0,False,2.4,314,36,136,False,7.2,319,31,,85,,2026-08-20T14:00:07.949090Z,59,78,20,p50175,0,0,None,0,,50175.jpg,1.3,284,33,False,-95,None,7.3,"[{'offset': 0, 'projected_percent': '7.0', 'likelihood': 1}, {'offset': 1, 'projected_percent': '5.7', 'likelihood': 1}, {'offset': 2, 'projected_percent': '4.4', 'likelihood': 1}]",2,0,241,False,0,0.0,,[],Welbeck,1.0,180,29,False,None,1,1.06,a,1,6,8,2026-08-01,6.0,265,38,4,56602,2666,75804,1900,0.1,0.7,Welbeck,0
0,1997-11-18,0,6,False,True,0,0,0,0.0,1,215059,None,,0,0,-1,1,0.0,544,56,0,0.0,None,,0,1,0.0,0.0,0,0.01,0.01,0.01,0.01,0.00,1.33,1.33,0.0,Robert,0.4,348,23,2,2.0,0,False,2.1,320,22,140,False,21.4,254,22,,90,Has joined Como on loan for the rest of the season,2026-09-02T16:20:41.841936Z,49,363,17,p215059,0,0,None,0,,215059.jpg,2.0,211,18,False,-85,None,0.0,"[{'offset': 0, 'projected_percent': '0.0', 'likelihood': 0}, {'offset': 1, 'projected_percent': '0.0', 'likelihood': 0}, {'offset': 2, 'projected_percent': '0.0', 'likelihood': 0}]",5,0,200,False,4,4.0,,[],Lynch Sánchez,0.7,212,31,False,None,1,1.0,u,0,6,8,2023-08-05,0.0,506,54,2,10847,0,172494,886,0.1,0.4,Sánchez,0
0,2002-04-16,0,0,False,True,0,0,0,0,0,508479,None,,0,0,0,0,0.0,605,69,0,0,None,,0,1,0.0,0.0,0,0.00,0,0.00,0,0.00,0.00,0,0,Filip,0.0,611,72,0,0,0,False,0.0,603,72,141,False,0.0,598,72,,0,Has joined RC Strasbourg on loan for the rest of the season,2026-08-12T14:07:02.607115Z,50,312,14,p508479,0,0,None,0,,508479.jpg,0.0,611,72,False,-1,None,0.0,"[{'offset': 0, 'projected_percent': '0.0', 'likelihood': 0}, {'offset': 1, 'projected_percent': '0.0', 'likelihood': 0}, {'offset': 2, 'projected_percent': '0.0', 'likelihood': 0}]",0,0,58,False,0,0,,[],Jörgensen,0.0,613,71,False,None,0,0,u,0,6,8,2024-07-30,0.0,580,68,0,0,0,925,7,0.0,0.0,Jörgensen,0
0,1999-12-08,0,24,True,True,75,75,0,0.0,11,225796,1,,0,0,-1,1,42.6,121,34,13,4.01,1,,0,2,0.4,0.4,0,0.26,0.08,0.59,0.18,0.33,4.90,1.51,0.1,Reece,0.6,319,112,7,2.16,0,False,14.8,102,35,142,False,56.2,134,61,,292,Hamstring injury - 75% chance of playing,2026-09-18T10:30:09.719371Z,54,186,21,p225796,0,0,None,0,,225796.jpg,0.8,401,138,False,-1976,None,-55.2,"[{'offset': 0, 'projected_percent': '-61.8', 'likelihood': -3}, {'offset': 1, 'projected_percent': '-85.5', 'likelihood': -3}, {'offset': 2, 'projected_percent': '-109.2', 'likelihood': -5}]",15,0,241,False,0,0.0,https://www.chelseafc.com/en/news/article/xabi-alonso-on-competitive-monster-jordan-henderson-and-chelsea-absentees,[],James,6.4,60,25,False,None,3,0.92,d,2,6,8,2019-05-15,49.0,78,14,3,168332,127,541860,19171,0.1,0.6,James,1
0,1999-07-05,0,0,False,True,0,0,0,0,0,180736,None,,0,0,0,0,0.0,636,215,0,0,None,,0,2,0.0,0.0,0,0.00,0,0.00,0,0.00,0.00,0,0,Trevoh,0.0,637,215,0,0,0,False,0.0,635,215,143,False,0.0,631,215,,0,Has joined Como permanently,2026-08-10T14:03:50.769483Z,55,130,14,p180736,0,0,None,0,,180736.jpg,0.0,637,215,False,-4,None,0.0,"[{'offset': 0, 'projected_percent': '0.0', 'likelihood': 0}, {'offset': 1, 'projected_percent': '0.0', 'likelihood': 0}, {'offset': 2, 'projected_percent': '0.0', 'likelihood': 0}]",0,0,241,False,0,0,,[],Chalobah,0.1,461,165,False,None,0,0,u,0,6,8,2018-02-16,0.0,623,213,0,0,0,13685,55,0.0,0.0,Chalobah,0
0,2003-05-19,0,12,True,True,None,None,0,0.0,11,482609,None,,0,0,0,0,37.2,137,39,15,4.96,None,,0,2,0.8,0.8,0,0.12,0.04,0.20,0.07,0.08,3.50,1.16,0.03,Malo,0.8,282,103,7,2.32,0,False,8.2,204,75,144,False,32.0,218,95,,272,,None,50,294,49,p482609,0,0,None,0,,482609.jpg,1.0,349,132,False,-162,None,-88.4,"[{'offset': 0, 'projected_percent': '-94.9', 'likelihood': -3}, {'offset': 1, 'projected_percent': '-118.1', 'likelihood': -5}, {'offset': 2, 'projected_percent': '-141.4', 'likelihood': -5}]",13,0,73,False,0,0.0,,[],Gusto,1.0,183,69,False,None,3,0.99,a,4,6,8,2023-01-28,13.0,202,68,4,35681,354,62096,1616,0.2,0.8,Gusto,0
0,2000-12-17,0,35,True,True,100,100,0,0.0,40,444463,None,,0,0,0,0,28.4,163,51,47,13.56,None,,0,2,1.6,1.6,4,0.08,0.02,0.08,0.02,0.00,5.65,1.63,0.0,Wesley,1.6,199,72,7,2.02,0,False,11.0,156,58,145,False,77.6,78,33,Wesley Fofana,312,,2026-07-23T12:01:23.464591Z,50,283,46,p444463,0,0,None,0,,444463.jpg,2.0,218,82,False,21,None,3.7,"[{'offset': 0, 'projected_percent': '3.8', 'likelihood': 1}, {'offset': 1, 'projected_percent': '4.1', 'likelihood': 1}, {'offset': 2, 'projected_percent': '4.3', 'likelihood': 1}]",11,0,73,False,0,0.0,,[],Fofana,0.2,350,132,False,None,4,1.15,a,7,6,8,2022-08-31,4.0,286,106,8,16591,485,7181,240,0.3,1.6,Fofana,1
0,2001-03-26,0,0,False,True,0,0,0,0,0,242880,None,,0,0,0,0,0.0,474,185,0,0,None,,0,2,0.0,0.0,0,0.00,0,0.00,0,0.00,0.00,0,0,Benoît,0.0,501,188,0,0,0,False,0.0,481,185,146,False,0.0,476,185,,0,Has joined Napoli on loan for the rest of the season,2026-08-25T14:03:47.079414Z,45,466,106,p242880,0,0,None,0,,242880.jpg,0.0,501,188,False,0,None,0.0,"[{'offset': 0, 'projected_percent': '0.0', 'likelihood': 0}, {'offset': 1, 'projected_percent': '0.0', 'likelihood': 0}, {'offset': 2, 'projected_percent': '0.0', 'likelihood': 0}]",0,0,73,False,0,0,,[],Badiashile Mukinayi,0.0,607,205,False,None,0,0,u,0,6,8,2023-01-05,0.0,424,174,0,232,0,1907,10,0.0,0.0,B.Badiashile,0
2,2006-03-07,0,14,True,True,None,None,0,0.0,11,551210,None,,0,0,0,0,47.1,99,24,18,6.28,None,,0,2,1.6,1.6,0,0.21,0.07,0.22,0.07,0.01,4.81,1.68,0.0,Jorrel,1.6,193,70,9,3.14,0,False,14.0,112,40,148,False,77.0,79,34,,258,,None,45,509,128,p551210,0,0,None,0,,551210.jpg,2.0,207,78,False,-217,None,13.3,"[{'offset': 0, 'projected_percent': '12.5', 'likelihood': 1}, {'offset': 1, 'projected_percent': '9.5', 'likelihood': 1}, {'offset': 2, 'projected_percent': '6.5', 'likelihood': 1}]",9,0,152,False,0,0.0,,[],Hato,0.9,196,74,False,None,4,1.4,a,7,6,8,2025-08-03,15.0,181,61,8,90563,168,54372,2045,0.4,1.8,Hato,0
0,2003-02-26,0,17,True,True,None,None,0,0.0,23,460028,None,,-1,1,-2,2,14.2,219,75,26,6.86,None,,0,2,0.6,0.6,1,0.05,0.01,0.06,0.01,0.01,6.67,1.76,0.0,Levi,0.6,304,110,9,2.38,0,False,7.2,214,78,149,False,46.0,167,71,,341,,None,48,417,77,p460028,0,0,None,0,,460028.jpg,0.8,399,137,False,-90,None,-1.7,"[{'offset': 0, 'projected_percent': '-4.0', 'likelihood': -1}, {'offset': 1, 'projected_percent': '-12.4', 'likelihood': -1}, {'offset': 2, 'projected_percent': '-20.7', 'likelihood': -2}]",15,0,241,False,0,0.0,,[],Samuels Colwill,0.9,193,72,False,None,4,1.06,a,3,6,8,2022-07-01,11.0,215,74,3,25883,227,94443,1418,0.1,0.6,Colwill,1
0,2005-08-29,0,0,False,True,0,0,0,0,0,574458,None,,0,0,0,0,0.0,506,195,0,0,None,,0,2,0.0,0.0,0,0.00,0,0.00,0,0.00,0.00,0,0,Mamadou,0.0,531,198,0,0,0,False,0.0,512,195,150,False,0.0,507,195,Mamadou Sarr,0,Has joined Real Sociedad on loan for the rest of the season,2026-08-29T00:34:23.077418Z,45,517,130,p574458,0,0,None,0,,574458.jpg,0.0,531,198,False,-4,None,0.0,"[{'offset': 0, 'projected_percent': '0.0', 'likelihood': 0}, {'offset': 1, 'projected_percent': '0.0', 'likelihood': 0}, {'offset': 2, 'projected_percent': '0.0', 'likelihood': 0}]",0,0,189,False,0,0,,[],Sarr,0.0,542,187,False,None,0,0,u,0,6,8,2025-06-09,0.0,463,188,0,429,0,5849,33,0.0,0.0,M.Sarr,0
0,2006-05-05,0,5,True,True,None,None,0,0.0,13,577016,None,,0,0,0,0,4.1,283,100,20,8.14,None,,0,2,1.0,1.0,0,0.03,0.01,0.03,0.01,0.00,4.72,1.92,0.0,Josh,1.0,266,96,7,2.85,0,False,5.1,257,96,151,False,41.6,177,75,,221,,None,45,520,132,p577016,0,0,None,0,,577016.jpg,1.2,289,100,False,-53,None,0.2,"[{'offset': 0, 'projected_percent': '-0.1', 'likelihood': -1}, {'offset': 1, 'projected_percent': '-21.8', 'likelihood': -2}, {'offset': 2, 'projected_percent': '-43.4', 'likelihood': -3}]",7,0,241,False,0,0.0,,[],Acheampong,0.4,278,101,False,None,2,0.81,a,7,6,8,2024-03-10,6.0,255,92,5,20803,91,20961,402,0.2,1.1,Acheampong,0
0,2005-03-03,0,0,True,True,50,50,0,0,0,620109,None,,0,0,-2,2,0.0,621,214,0,0,None,,0,2,0.0,0.0,0,0.00,0,0.00,0,0.00,0.00,0,0,Marco,0.0,626,214,0,0,0,False,0.0,622,214,152,False,0.0,617,214,,0,Thigh injury - 50% chance of playing,2026-08-24T18:30:07.421239Z,53,237,34,p620109,0,0,None,0,,620109.jpg,0.0,626,214,False,0,2026-09-25T13:30:10.008957Z,-0.0,"[{'offset': 0, 'projected_percent': '-0.0', 'likelihood': 0}, {'offset': 1, 'projected_percent': '-0.0', 'likelihood': 0}, {'offset': 2, 'projected_percent': '-0.0', 'likelihood': 0}]",0,0,106,False,0,0,https://www.chelseafc.com/en/news/article/xabi-alonso-on-competitive-monster-jordan-henderson-and-chelsea-absentees,[],Palestra,0.6,229,88,False,None,0,0,d,0,6,8,2026-07-01,0.0,605,212,0,6487,27,217347,806,0.0,0.0,Palestra,0
2,2002-05-06,3,148,True,True,100,100,0,0.0,3,244851,None,,0,0,2,-2,120.0,13,12,29,5.9,2,,1,3,5.6,5.6,2,0.79,0.16,2.10,0.43,1.31,8.73,1.78,0.27,Cole,5.6,26,13,12,2.44,2,False,37.6,7,6,154,False,131.6,13,8,,442,,2026-08-24T22:00:07.971542Z,97,3,2,p244851,0,0,1,0,,244851.jpg,5.6,40,21,False,-2413,None,26.8,"[{'offset': 0, 'projected_percent': '17.7', 'likelihood': 1}, {'offset': 1, 'projected_percent': '-15.3', 'likelihood': -1}, {'offset': 2, 'projected_percent': '-48.3', 'likelihood': -3}]",19,0,241,False,0,0.0,,[],Palmer,26.9,9,5,False,None,5,1.02,a,7,6,8,2023-09-01,124.0,11,6,28,1913065,9689,517052,21746,0.6,2.9,Palmer,1
0,2000-03-09,0,81,True,True,None,None,0,0.0,8,247632,2,,0,0,0,0,84.8,39,33,28,7.59,3,,0,3,2.8,2.8,2,0.58,0.16,1.26,0.34,0.68,6.64,1.8,0.18,Pedro,2.8,119,55,8,2.17,1,False,24.0,32,23,156,False,72.4,89,28,Pedro Neto,332,,None,65,37,25,p247632,0,0,None,0,,247632.jpg,2.8,167,72,False,-222,None,0.6,"[{'offset': 0, 'projected_percent': '-2.1', 'likelihood': -1}, {'offset': 1, 'projected_percent': '-24.7', 'likelihood': -2}, {'offset': 2, 'projected_percent': '-47.4', 'likelihood': -3}]",14,0,173,False,0,0.0,,[],Lomba Neto,1.4,155,48,False,None,4,1.08,a,6,6,8,2024-08-11,83.0,35,19,14,77994,869,83613,1962,0.4,2.2,Neto,0
0,2007-04-24,0,17,True,True,None,None,0,0.0,0,624773,4,,0,0,-2,2,1.3,331,166,2,7.83,None,,0,3,0.8,0.8,1,0.07,0.27,0.14,0.54,0.07,1.01,3.95,0.27,Estêvão,0.8,292,135,1,3.91,0,False,4.9,265,116,157,False,8.4,311,139,Estêvão,23,,None,63,53,37,p624773,0,0,2,0,,624773.jpg,1.0,395,190,False,-82,None,-15.2,"[{'offset': 0, 'projected_percent': '-19.9', 'likelihood': -1}, {'offset': 1, 'projected_percent': '-36.9', 'likelihood': -2}, {'offset': 2, 'projected_percent': '-53.9', 'likelihood': -3}]",1,0,30,False,0,0.0,,[],Almeida de Oliveira Gonçalves,0.7,215,67,False,None,0,0.0,a,1,6,8,2025-07-14,38.0,105,57,4,16204,290,83560,825,0.1,0.6,Estêvão,0
0,2004-08-08,0,0,True,True,None,None,0,0,0,463936,None,,0,0,-1,1,0.0,650,286,0,0,None,,0,3,0.0,0.0,0,0.00,0,0.00,0,0.00,0.00,0,0,Jamie,0.0,650,286,0,0,0,False,0.0,649,286,158,False,0.0,647,286,,0,,None,59,89,58,p463936,0,0,None,0,,463936.jpg,0.0,650,286,False,2,None,-93.8,"[{'offset': 0, 'projected_percent': '-91.3', 'likelihood': -3}, {'offset': 1, 'projected_percent': '-82.6', 'likelihood': -3}, {'offset': 2, 'projected_percent': '-73.8', 'likelihood': -3}]",0,0,241,False,0,0,,[],Bynoe-Gittens,0.0,547,225,False,None,0,0,a,0,6,8,2025-07-05,0.0,644,284,0,1007,28,2661,31,0.0,0.0,Gittens,0
0,2001-11-02,0,3,True,True,50,50,0,0.0,0,486672,None,,0,0,-2,2,0.1,377,186,0,0.0,None,,0,3,0.1,0.1,0,0.00,0.0,0.00,0.0,0.00,0.07,0.48,0.0,Moisés,0.2,406,190,0,0.0,0,False,0.0,619,265,159,False,0.0,614,263,Moisés Caicedo,13,Calf injury - 50% chance of playing,2026-08-30T16:00:08.393562Z,53,231,145,p486672,0,0,None,0,,486672.jpg,1.0,362,165,False,0,2026-09-25T13:30:10.038499Z,-0.0,"[{'offset': 0, 'projected_percent': '-0.0', 'likelihood': 0}, {'offset': 1, 'projected_percent': '-0.0', 'likelihood': 0}, {'offset': 2, 'projected_percent': '-0.0', 'likelihood': 0}]",0,0,62,False,0,0.0,https://www.chelseafc.com/en/news/article/xabi-alonso-on-competitive-monster-jordan-henderson-and-chelsea-absentees,[],Caicedo Corozo,1.1,171,54,False,None,0,0.0,d,0,6,8,2023-08-14,0.0,601,256,1,14710,72,274257,1865,0.0,0.2,Caicedo,0
0,2004-01-06,0,61,True,True,None,None,0,0.0,10,514356,None,,0,0,0,0,29.1,159,97,31,10.81,None,,0,3,2.2,2.2,0,0.11,0.04,0.86,0.3,0.75,5.06,1.77,0.26,Roméo,2.2,150,67,8,2.79,1,False,16.1,88,51,161,False,65.8,106,34,,258,,None,50,314,187,p514356,0,0,None,0,,514356.jpg,2.8,162,69,False,-93,None,5.0,"[{'offset': 0, 'projected_percent': '4.7', 'likelihood': 1}, {'offset': 1, 'projected_percent': '3.4', 'likelihood': 1}, {'offset': 2, 'projected_percent': '2.1', 'likelihood': 1}]",15,0,21,False,0,0.0,,[],Lavia,0.2,318,114,False,None,4,1.4,a,6,6,8,2023-08-18,66.0,53,34,11,25467,92,13717,607,0.4,2.2,Lavia,1
0,2005-03-14,0,0,False,True,0,0,0,0,0,491007,None,,0,0,0,0,0.0,485,198,0,0,None,,0,3,0.0,0.0,0,0.00,0,0.00,0,0.00,0.00,0,0,Dário,0.0,510,206,0,0,0,False,0.0,490,193,163,False,0.0,485,191,Dário Essugo,0,Has joined RC Strasbourg on loan for the rest of the season,2026-09-02T16:20:41.865225Z,45,493,265,p491007,0,0,None,0,,491007.jpg,0.0,510,206,False,-20,None,0.0,"[{'offset': 0, 'projected_percent': '0.0', 'likelihood': 0}, {'offset': 1, 'projected_percent': '0.0', 'likelihood': 0}, {'offset': 2, 'projected_percent': '0.0', 'likelihood': 0}]",0,0,173,False,0,0,,[],Luís Essugo,0.1,422,160,False,None,0,0,u,0,6,8,2025-06-02,0.0,441,170,0,2698,0,13862,150,0.0,0.0,D.Essugo,0
0,2007-04-30,0,5,True,True,100,100,0,0.0,1,593117,None,,0,0,-2,2,0.3,366,180,1,3.33,None,,0,3,0.4,0.4,1,0.01,0.03,0.04,0.13,0.03,1.29,4.3,0.1,Geovany,0.4,361,170,2,6.67,0,False,0.4,371,172,164,False,1.2,376,174,Geovany Quenda,27,,2026-07-24T20:30:10.609931Z,53,235,148,p593117,0,0,None,0,,593117.jpg,1.0,365,168,False,-5,None,-10.9,"[{'offset': 0, 'projected_percent': '-17.3', 'likelihood': -1}, {'offset': 1, 'projected_percent': '-40.6', 'likelihood': -3}, {'offset': 2, 'projected_percent': '-63.9', 'likelihood': -3}]",0,0,173,False,0,0.0,,[],Quenda,0.0,530,214,False,None,0,0.0,a,0,6,8,2026-06-15,2.0,309,151,2,847,15,3254,34,0.1,0.4,Quenda,0
3,2001-09-26,7,141,True,True,75,75,0,0.0,3,475168,None,,0,0,3,-3,90.0,34,1,9,2.25,None,,2,4,4.9,4.9,0,0.19,0.05,2.36,0.59,2.17,6.17,1.54,0.54,João Pedro,6.6,9,1,9,2.25,3,False,37.0,8,2,165,True,158.4,2,1,João Pedro,360,Knee injury - 75% chance of playing,2026-09-16T19:00:09.919929Z,78,14,4,p475168,1,0,None,0,,475168.jpg,8.2,6,1,False,-7891,None,-57.3,"[{'offset': 0, 'projected_percent': '-73.5', 'likelihood': -3}, {'offset': 1, 'projected_percent': '-131.8', 'likelihood': -5}, {'offset': 2, 'projected_percent': '-190.1', 'likelihood': -5}]",5,0,30,False,0,0.0,https://www.chelseafc.com/en/news/article/xabi-alonso-on-competitive-monster-jordan-henderson-and-chelsea-absentees,[],Junqueira de Jesus,68.1,2,2,False,None,4,1.0,d,1,6,8,2025-07-02,123.0,12,6,33,1523160,8419,1155426,82930,0.8,4.2,João Pedro,1
0,2006-01-04,0,0,False,True,0,0,0,0,0,499309,None,,0,0,0,0,0.0,602,66,0,0,None,,0,4,0.0,0.0,0,0.00,0,0.00,0,0.00,0.00,0,0,Marc,0.0,608,67,0,0,0,False,0.0,600,64,168,False,0.0,595,61,,0,Has joined RB Leipzig permanently,2026-09-01T13:24:48.857362Z,50,308,58,p499309,0,0,None,0,,499309.jpg,0.0,608,67,False,-41,None,0.0,"[{'offset': 0, 'projected_percent': '0.0', 'likelihood': 0}, {'offset': 1, 'projected_percent': '0.0', 'likelihood': 0}, {'offset': 2, 'projected_percent': '0.0', 'likelihood': 0}]",0,0,200,False,0,0,,[],Guiu Paz,0.2,330,53,False,None,0,0,u,0,6,8,2024-07-01,0.0,577,60,0,4102,0,32012,288,0.0,0.0,Marc Guiu,0
0,None,0,0,True,True,None,None,0,0,0,567119,None,,0,0,0,0,0.0,503,56,0,0,None,,0,4,0.0,0.0,0,0.00,0,0.00,0,0.00,0.00,0,0,Shumaira,0.0,528,57,0,0,0,False,0.0,509,54,169,False,0.0,504,51,,0,,None,45,514,73,p567119,0,0,None,0,,567119.jpg,0.0,528,57,False,33,None,3.8,"[{'offset': 0, 'projected_percent': '3.9', 'likelihood': 1}, {'offset': 1, 'projected_percent': '4.4', 'likelihood': 1}, {'offset': 2, 'projected_percent': '4.8', 'likelihood': 1}]",0,0,None,False,0,0,,[],Mheuka,0.5,255,42,False,None,0,0,a,0,6,8,None,0.0,460,50,0,28729,1008,22346,557,0.0,0.0,Mheuka,0
0,2003-02-03,0,0,True,True,0,0,0,0,0,503037,None,,0,0,0,0,0.0,604,67,0,0,None,,0,4,0.0,0.0,0,0.00,0,0.00,0,0.00,0.00,0,0,Emmanuel,0.0,610,68,0,0,0,False,0.0,602,65,170,False,0.0,597,62,,0,Hamstring injury - Expected back 10 Oct,2026-09-09T15:00:09.063849Z,50,311,59,p503037,0,0,None,0,,503037.jpg,0.0,610,68,False,-22,None,-77.1,"[{'offset': 0, 'projected_percent': '-79.9', 'likelihood': -3}, {'offset': 1, 'projected_percent': '-90.0', 'likelihood': -3}, {'offset': 2, 'projected_percent': '-100.1', 'likelihood': -5}]",0,0,152,False,0,0,https://www.chelseafc.com/en/news/article/xabi-alonso-confirms-chelsea-team-news-for-hull-city,[],Emegha,0.1,399,59,False,None,0,0,i,0,6,8,2026-06-15,0.0,579,61,0,6008,8,11726,219,0.0,0.0,Emegha,0
1,2000-04-06,0,28,True,True,None,None,0,0.0,37,437499,None,,-1,1,-1,1,12.6,233,83,47,11.62,None,,0,2,2.6,2.6,3,0.22,0.05,0.37,0.09,0.15,7.93,1.96,0.04,Maxence,2.6,129,47,10,2.47,0,False,10.9,159,59,200,False,86.8,64,27,,364,,None,59,85,7,p437499,0,0,None,0,,437499.jpg,2.6,171,65,False,-558,None,-1.3,"[{'offset': 0, 'projected_percent': '-3.1', 'likelihood': -1}, {'offset': 1, 'projected_percent': '-9.8', 'likelihood': -1}, {'offset': 2, 'projected_percent': '-16.5', 'likelihood': -1}]",8,0,73,False,0,0.0,,[],Lacroix,6.9,55,21,False,None,4,0.99,a,10,6,8,2026-07-30,10.0,225,79,13,167760,1106,401751,6175,0.4,2.2,Lacroix,1
0,2005-07-31,0,0,True,True,None,None,0,0,0,549939,None,,0,0,-1,1,0.0,451,31,0,0,None,,0,1,0.0,0.0,0,0.00,0,0.00,0,0.00,0.00,0,0,Mike,0.0,482,50,0,0,0,False,0.0,462,50,560,False,0.0,457,50,,0,,None,44,573,47,p549939,0,0,None,0,,549939.jpg,0.0,482,50,False,-6,None,0.0,"[{'offset': 0, 'projected_percent': '-1.7', 'likelihood': -1}, {'offset': 1, 'projected_percent': '-15.5', 'likelihood': -1}, {'offset': 2, 'projected_percent': '-29.3', 'likelihood': -2}]",0,0,21,False,0,0,,[],Penders,0.1,472,54,False,None,0,0,a,0,6,8,2024-08-27,0.0,400,27,0,1811,36,3378,58,0.0,0.0,Penders,0
0,2005-04-29,0,0,True,True,100,100,0,0,0,622758,None,,0,0,0,0,0.0,518,197,0,0,None,,0,2,0.0,0.0,0,0.00,0,0.00,0,0.00,0.00,0,0,Aaron,0.0,543,200,0,0,0,False,0.0,524,197,561,False,0.0,519,197,,0,,2026-08-23T19:00:08.536705Z,45,537,137,p622758,0,0,None,0,,622758.jpg,0.0,543,200,False,0,None,0.0,"[{'offset': 0, 'projected_percent': '0.0', 'likelihood': 0}, {'offset': 1, 'projected_percent': '0.0', 'likelihood': 0}, {'offset': 2, 'projected_percent': '0.0', 'likelihood': 0}]",0,0,10,False,0,0,,[],Anselmino,0.0,567,193,False,None,0,0,a,0,6,8,2024-08-08,0.0,477,192,0,775,18,1176,28,0.0,0.0,Anselmino,0
0,2004-07-23,0,29,True,True,None,None,0,0.0,4,543158,None,,0,0,-1,1,2.9,301,154,12,9.39,None,,0,3,0.6,0.6,2,0.11,0.09,0.18,0.14,0.07,2.83,2.21,0.05,Valentín,0.6,322,152,3,2.35,0,False,0.9,355,164,568,False,1.6,371,171,,115,,None,54,213,136,p543158,0,0,None,0,,543158.jpg,1.0,380,178,False,-8,None,-6.2,"[{'offset': 0, 'projected_percent': '-8.7', 'likelihood': -1}, {'offset': 1, 'projected_percent': '-17.8', 'likelihood': -1}, {'offset': 2, 'projected_percent': '-26.9', 'likelihood': -2}]",5,0,10,False,0,0.0,,[],Barco,0.1,387,143,False,None,1,0.78,a,3,6,8,2026-08-02,6.0,260,129,3,2993,70,6660,93,0.1,0.6,Barco,1
0,1998-04-10,0,17,True,True,None,None,0,0.0,11,498444,None,,0,0,-1,1,4.2,281,99,16,6.92,None,,0,2,1.0,1.0,1,0.07,0.03,0.11,0.05,0.04,4.10,1.77,0.02,Pep,1.0,269,98,4,1.73,0,False,2.6,306,114,583,False,13.2,279,112,,208,,None,49,393,73,p498444,0,0,None,0,,498444.jpg,1.0,335,128,False,4,None,-43.5,"[{'offset': 0, 'projected_percent': '-42.5', 'likelihood': -3}, {'offset': 1, 'projected_percent': '-38.6', 'likelihood': -2}, {'offset': 2, 'projected_percent': '-34.8', 'likelihood': -2}]",7,0,200,False,0,0.0,,[],Chavarría,0.1,368,141,False,None,1,0.43,a,5,6,8,2026-08-12,8.0,239,84,5,3064,104,10702,96,0.2,1.0,Chavarria,0
0,2010-01-06,0,5,True,True,None,None,0,0.0,0,636846,None,,0,0,0,0,0.0,523,214,2,60.0,None,,0,3,1.1,1.1,1,0.00,0.0,0.00,0.0,0.00,0.43,12.9,0.0,Mahdi,1.0,268,123,1,30.0,0,False,0.0,529,209,662,False,0.0,524,207,,3,,None,45,542,284,p636846,0,0,None,0,,636846.jpg,1.0,322,139,False,0,2026-10-01T21:17:24.996715Z,0.0,"[{'offset': 0, 'projected_percent': '0.0', 'likelihood': 0}, {'offset': 1, 'projected_percent': '0.0', 'likelihood': 0}, {'offset': 2, 'projected_percent': '0.0', 'likelihood': 0}]",0,0,241,False,0,0.0,,[],Nicoll-Jazuli,0.0,658,293,False,None,0,0.0,a,2,6,8,2026-07-01,0.0,482,186,1,51,51,3,3,0.2,0.2,Nicoll-Jazuli,0
0,1993-05-29,0,-6,True,True,None,None,0,0.0,22,231065,None,,0,0,0,0,1.4,326,119,25,11.54,None,,0,2,1.4,1.4,1,0.00,0.0,0.12,0.06,0.12,5.50,2.54,0.06,Ethan,1.4,218,80,7,3.23,0,False,5.2,254,94,91,False,40.0,183,77,,195,,None,45,461,103,p231065,0,0,None,0,,231065.jpg,1.8,237,86,False,0,None,-82.0,"[{'offset': 0, 'projected_percent': '-82.0', 'likelihood': -3}, {'offset': 1, 'projected_percent': '-82.0', 'likelihood': -3}, {'offset': 2, 'projected_percent': '-82.0', 'likelihood': -3}]",3,0,107,False,0,0.0,,[],Pinnock,0.1,470,167,False,None,3,1.38,a,3,7,9,2026-08-26,10.0,221,76,7,2208,39,3817,46,0.3,1.6,Pinnock,1
0,1998-01-01,0,27,True,True,100,100,0,0.0,5,428580,None,,0,0,-1,1,2.9,300,153,19,7.53,None,,0,3,1.4,1.4,1,0.02,0.01,0.05,0.02,0.03,5.24,2.08,0.01,Frank,1.4,224,104,7,2.78,0,False,3.4,292,129,104,False,10.2,298,128,,227,,2026-09-15T09:00:07.851220Z,49,374,225,p428580,0,0,None,0,,428580.jpg,1.8,244,108,False,-16,None,-22.4,"[{'offset': 0, 'projected_percent': '-28.6', 'likelihood': -2}, {'offset': 1, 'projected_percent': '-51.1', 'likelihood': -3}, {'offset': 2, 'projected_percent': '-73.6', 'likelihood': -3}]",11,0,157,False,0,0.0,,[],Onyeka,0.1,416,155,False,None,4,1.59,a,3,7,9,2026-07-01,21.0,150,77,7,3822,12,9212,85,0.3,1.4,Onyeka,0
0,2001-07-02,0,23,True,True,None,None,0,0.0,4,472739,None,,0,0,0,0,0.0,483,49,0,0.0,None,,0,1,1.2,1.2,1,0.02,0.0,0.02,0.0,0.00,7.56,1.87,0.0,Carl,1.2,245,19,10,2.48,0,False,6.2,236,19,110,False,61.6,117,19,,363,,None,45,488,39,p472739,0,0,None,0,,472739.jpg,1.2,288,23,False,-25,None,-55.4,"[{'offset': 0, 'projected_percent': '-56.7', 'likelihood': -3}, {'offset': 1, 'projected_percent': '-61.3', 'likelihood': -3}, {'offset': 2, 'projected_percent': '-65.9', 'likelihood': -3}]",41,0,241,False,8,1.98,,[],Rushworth,0.8,204,30,False,None,5,1.24,a,0,7,9,2026-08-04,0.0,436,45,6,21231,84,54601,1437,0.3,1.3,Rushworth,0
0,2002-07-11,0,0,False,True,0,0,0,0,0,484389,None,,0,0,0,0,0.0,415,25,0,0,None,,0,1,0.0,0.0,0,0.00,0,0.00,0,0.00,0.00,0,0,Oliver,0.0,448,45,0,0,0,False,0.0,426,44,171,False,0.0,421,44,,0,Has joined Leyton Orient on loan for the rest of the season,2026-09-02T15:44:14.839336Z,40,625,69,p484389,0,0,None,0,,484389.jpg,0.0,448,45,False,-63,None,0.0,"[{'offset': 0, 'projected_percent': '0.0', 'likelihood': 0}, {'offset': 1, 'projected_percent': '0.0', 'likelihood': 0}, {'offset': 2, 'projected_percent': '0.0', 'likelihood': 0}]",0,0,206,False,0,0,,[],Dovin,1.0,175,26,False,None,0,0,u,0,7,9,2024-07-19,0.0,355,21,0,8924,0,54012,844,0.0,0.0,Dovin,0
0,1992-08-09,0,0,True,True,None,None,0,0,0,110690,None,,0,0,-1,1,0.0,443,30,0,0,None,,0,1,0.0,0.0,0,0.00,0,0.00,0,0.00,0.00,0,0,Ben,0.0,474,49,0,0,0,False,0.0,454,49,172,False,0.0,449,49,,0,,None,44,554,46,p110690,0,0,None,0,,110690.jpg,0.0,474,49,False,-8,None,-1.5,"[{'offset': 0, 'projected_percent': '-2.4', 'likelihood': -1}, {'offset': 1, 'projected_percent': '-5.6', 'likelihood': -1}, {'offset': 2, 'projected_percent': '-8.8', 'likelihood': -1}]",0,0,241,False,0,0,,[],Wilson,0.4,276,37,False,None,0,0,a,0,7,9,2019-07-01,0.0,390,26,0,1203,33,11789,92,0.0,0.0,Wilson,0
0,2001-01-30,2,44,True,True,None,None,1,0.26,38,461102,None,,0,0,0,0,33.1,145,43,40,10.29,None,,0,2,3.2,3.2,1,0.26,0.07,0.69,0.18,0.43,7.02,1.81,0.11,Bobby,3.2,86,34,9,2.31,0,False,14.8,101,34,173,False,67.6,105,48,,350,,None,40,622,181,p461102,0,0,None,0,,461102.jpg,3.2,119,48,False,-362,None,14.1,"[{'offset': 0, 'projected_percent': '12.7', 'likelihood': 1}, {'offset': 1, 'projected_percent': '7.8', 'likelihood': 1}, {'offset': 2, 'projected_percent': '2.8', 'likelihood': 1}]",13,0,241,False,0,0.0,,[],Thomas,8.6,44,16,False,None,5,1.29,a,2,7,9,2023-07-22,48.0,81,15,16,339337,1903,260502,7478,0.8,4.0,Thomas,0
0,1999-09-25,0,0,False,True,0,0,0,0,0,436761,None,,0,0,0,0,0.0,409,152,0,0,None,,0,2,0.0,0.0,0,0.00,0,0.00,0,0.00,0.00,0,0,Liam,0.0,442,156,0,0,0,False,0.0,420,152,174,False,0.0,415,152,,0,Has joined Sheffield United on loan for the rest of the season,2026-09-02T16:21:03.612394Z,40,615,176,p436761,0,0,None,0,,436761.jpg,0.0,442,156,False,-32,None,0.0,"[{'offset': 0, 'projected_percent': '0.0', 'likelihood': 0}, {'offset': 1, 'projected_percent': '0.0', 'likelihood': 0}, {'offset': 2, 'projected_percent': '0.0', 'likelihood': 0}]",0,0,241,False,0,0,,[],Kitching,0.4,277,100,False,None,0,0,u,0,7,9,2023-09-01,0.0,349,133,0,981,0,31411,318,0.0,0.0,Kitching,0
0,2000-09-08,0,7,True,True,75,None,0,0.0,21,451284,None,,0,0,0,0,52.7,85,21,27,6.75,None,,0,2,0.9,1.2,0,0.30,0.08,0.30,0.08,0.00,7.53,1.88,0.0,Milan,1.2,242,86,10,2.5,0,False,12.8,131,47,175,False,61.6,116,56,,360,Hamstring injury - 75% chance of playing,2026-09-19T16:00:09.486751Z,40,620,179,p451284,0,0,None,0,,451284.jpg,1.5,261,92,False,-749,None,-31.8,"[{'offset': 0, 'projected_percent': '-33.5', 'likelihood': -2}, {'offset': 1, 'projected_percent': '-39.6', 'likelihood': -2}, {'offset': 2, 'projected_percent': '-45.7', 'likelihood': -3}]",13,0,152,False,0,0.0,,[],van Ewijk,9.4,39,13,False,None,4,1.0,d,6,7,9,2023-07-27,14.0,193,63,6,122575,670,436614,11940,0.3,1.5,van Ewijk,1
0,1998-04-22,0,17,True,True,None,None,0,0.0,15,173878,None,,0,0,0,0,52.0,90,23,19,4.79,None,,0,2,1.2,1.2,1,0.48,0.12,0.66,0.17,0.18,7.56,1.91,0.05,Jay,1.2,241,85,10,2.52,0,False,13.4,123,44,176,False,63.6,109,51,,357,,None,40,601,166,p173878,0,0,None,0,,173878.jpg,1.2,286,98,False,-28,None,-56.9,"[{'offset': 0, 'projected_percent': '-58.6', 'likelihood': -3}, {'offset': 1, 'projected_percent': '-64.5', 'likelihood': -3}, {'offset': 2, 'projected_percent': '-70.4', 'likelihood': -3}]",10,0,244,False,0,0.0,,[],Dasilva,0.7,219,85,False,None,5,1.26,a,4,7,9,2023-07-01,17.0,168,52,6,9342,59,21249,283,0.3,1.5,Dasilva,0
0,2002-10-23,0,0,True,True,0,0,0,0,0,465390,None,,-1,1,-1,1,0.0,382,142,0,0,None,,0,2,0.0,0.0,0,0.00,0,0.00,0,0.00,0.00,0,0,Kaine,0.0,417,148,0,0,0,False,0.0,394,143,177,False,0.0,390,144,,0,Hamstring injury - Unknown return date,2026-08-27T14:56:28.704361Z,39,661,215,p465390,0,0,None,0,,465390.jpg,0.0,417,148,False,15,None,0.0,"[{'offset': 0, 'projected_percent': '0.1', 'likelihood': 1}, {'offset': 1, 'projected_percent': '0.3', 'likelihood': 1}, {'offset': 2, 'projected_percent': '0.5', 'likelihood': 1}]",0,0,241,False,0,0,,[],Kesler-Hayden,0.0,514,180,False,None,0,0,i,0,7,9,2025-07-01,0.0,322,123,0,738,139,3288,63,0.0,0.0,Kesler-Hayden,0
0,1993-03-21,0,0,True,True,None,None,0,0,0,80178,None,,0,0,0,0,0.0,390,144,0,0,None,,0,2,0.0,0.0,0,0.00,0,0.00,0,0.00,0.00,0,0,Jake,0.0,425,150,0,0,0,False,0.0,402,145,178,False,0.0,398,146,,0,,None,40,590,162,p80178,0,0,None,0,,80178.jpg,0.0,425,150,False,3,None,-23.0,"[{'offset': 0, 'projected_percent': '-21.5', 'likelihood': -2}, {'offset': 1, 'projected_percent': '-16.0', 'likelihood': -1}, {'offset': 2, 'projected_percent': '-10.5', 'likelihood': -1}]",0,0,241,False,0,0,,[],Bidwell,0.1,444,161,False,None,0,0,a,0,7,9,2022-01-17,0.0,330,125,0,2350,43,3270,39,0.0,0.0,Bidwell,0
0,2000-01-06,0,0,True,True,None,None,0,0,0,204813,None,,0,0,0,0,0.0,401,148,0,0,None,,0,2,0.0,0.0,0,0.00,0,0.00,0,0.00,0.00,0,0,Joel,0.0,434,152,0,0,0,False,0.0,412,148,179,False,0.0,407,148,,0,,None,40,603,168,p204813,0,0,None,0,,204813.jpg,0.0,434,152,False,-2,None,-62.8,"[{'offset': 0, 'projected_percent': '-64.5', 'likelihood': -3}, {'offset': 1, 'projected_percent': '-70.5', 'likelihood': -3}, {'offset': 2, 'projected_percent': '-76.4', 'likelihood': -3}]",0,0,107,False,0,0,,[],Latibeaudiere,0.0,516,181,False,None,0,0,a,0,7,9,2023-07-18,0.0,341,129,0,928,17,1616,13,0.0,0.0,Latibeaudiere,0
0,1998-10-21,0,0,True,True,0,0,0,0,0,220583,None,,0,0,0,0,0.0,404,150,0,0,None,,0,2,0.0,0.0,0,0.00,0,0.00,0,0.00,0.00,0,0,Luke,0.0,437,154,0,0,0,False,0.0,415,150,180,False,0.0,410,150,,0,Knee injury - Unknown return date,2026-08-27T14:56:28.718566Z,40,608,172,p220583,0,0,None,0,,220583.jpg,0.0,437,154,False,-8,None,-80.7,"[{'offset': 0, 'projected_percent': '-81.8', 'likelihood': -3}, {'offset': 1, 'projected_percent': '-85.4', 'likelihood': -3}, {'offset': 2, 'projected_percent': '-89.0', 'likelihood': -3}]",0,0,241,False,0,0,,[],Woolfenden,0.1,401,149,False,None,0,0,i,0,7,9,2025-09-01,0.0,344,131,0,2240,5,8603,94,0.0,0.0,Woolfenden,0
0,2001-12-27,0,0,False,True,0,0,0,0,0,577411,None,,0,0,0,0,0.0,431,168,0,0,None,,0,2,0.0,0.0,0,0.00,0,0.00,0,0.00,0.00,0,0,Miguel,0.0,463,171,0,0,0,False,0.0,442,168,181,False,0.0,437,168,,0,Has joined Academico de Viseu on loan for the rest of the season,2026-08-29T00:35:59.980316Z,40,645,200,p577411,0,0,None,0,,577411.jpg,0.0,463,171,False,0,None,0.0,"[{'offset': 0, 'projected_percent': '0.0', 'likelihood': 0}, {'offset': 1, 'projected_percent': '0.0', 'likelihood': 0}, {'offset': 2, 'projected_percent': '0.0', 'likelihood': 0}]",0,0,200,False,0,0,,[],Brau,0.0,561,191,False,None,0,0,u,0,7,9,2025-07-01,0.0,373,151,0,275,0,2080,10,0.0,0.0,Brau,0
0,2003-07-31,0,-3,True,True,0,25,0,0.0,23,539142,None,,0,0,0,0,14.5,218,74,24,6.0,None,,0,2,0.0,0.2,0,0.39,0.1,0.41,0.1,0.02,7.53,1.88,0.0,Aurèle,0.8,277,100,10,2.5,0,False,9.4,181,67,182,False,62.8,113,54,,360,Calf injury - Unknown return date,2026-09-17T07:30:09.329041Z,40,634,189,p539142,0,0,None,0,,539142.jpg,1.0,298,106,False,-117,None,-32.5,"[{'offset': 0, 'projected_percent': '-35.0', 'likelihood': -2}, {'offset': 1, 'projected_percent': '-44.2', 'likelihood': -3}, {'offset': 2, 'projected_percent': '-53.3', 'likelihood': -3}]",11,0,207,False,0,0.0,,[],Amenda,0.7,226,87,False,None,4,1.0,i,1,7,9,2026-07-16,15.0,177,57,4,11453,8,28291,1389,0.2,1.0,Amenda,1
0,2001-06-14,0,37,True,True,100,100,1,0.4,6,480457,5,,0,0,-1,1,115.5,16,15,24,9.52,1,,0,3,1.8,1.8,1,0.93,0.37,1.81,0.72,0.88,3.67,1.46,0.35,Jack,1.8,177,81,4,1.59,0,False,23.2,34,25,183,False,37.6,192,77,,227,,2026-07-23T12:01:23.481435Z,49,388,231,p480457,0,0,None,0,,480457.jpg,1.8,246,109,False,-6,None,-6.7,"[{'offset': 0, 'projected_percent': '-8.9', 'likelihood': -1}, {'offset': 1, 'projected_percent': '-16.9', 'likelihood': -1}, {'offset': 2, 'projected_percent': '-24.9', 'likelihood': -2}]",15,0,241,False,0,0.0,,[],Rudoni,0.1,417,156,False,None,4,1.59,a,3,7,9,2024-06-20,79.0,39,23,9,3523,53,7515,126,0.4,1.8,Rudoni,0
0,1995-07-15,0,48,True,True,None,None,0,0.0,10,168144,1,,0,0,-1,1,32.7,149,92,30,7.58,None,,0,3,1.8,1.8,1,0.07,0.02,0.17,0.05,0.10,7.35,1.86,0.03,Matt,1.8,176,80,9,2.28,0,False,8.9,193,91,184,False,51.8,148,53,,356,,None,49,353,211,p168144,0,0,3,0,,168144.jpg,1.8,243,107,False,-13,None,-14.6,"[{'offset': 0, 'projected_percent': '-18.8', 'likelihood': -1}, {'offset': 1, 'projected_percent': '-33.9', 'likelihood': -2}, {'offset': 2, 'projected_percent': '-49.0', 'likelihood': -3}]",13,0,241,False,0,0.0,,[],Grimes,0.1,386,142,False,None,5,1.26,a,7,7,9,2025-01-31,5.0,269,134,9,3933,36,10599,208,0.4,1.8,Grimes,0
0,1996-10-22,0,8,True,True,None,None,0,0.0,0,501459,None,,0,0,-2,2,5.9,265,137,4,11.61,None,,0,3,0.2,0.2,0,0.02,0.06,0.04,0.12,0.02,0.69,2.0,0.06,Tatsuhiro,0.2,390,178,1,2.9,0,False,1.9,327,149,185,False,6.2,328,148,,31,,None,48,418,255,p501459,0,0,None,0,,501459.jpg,1.0,323,140,False,-6,None,-6.5,"[{'offset': 0, 'projected_percent': '-10.2', 'likelihood': -1}, {'offset': 1, 'projected_percent': '-23.6', 'likelihood': -2}, {'offset': 2, 'projected_percent': '-37.0', 'likelihood': -2}]",2,0,108,False,0,0.0,,[],Sakamoto,0.1,473,185,False,None,0,0.0,a,2,7,9,2023-07-10,7.0,245,122,1,918,28,5436,64,0.0,0.2,Sakamoto,0
0,1999-08-25,0,16,True,True,100,100,0,0.0,6,241293,None,,0,0,-1,1,17.8,203,114,14,6.67,None,,0,3,1.0,1.0,1,0.09,0.04,0.58,0.27,0.49,2.59,1.23,0.23,Ephron,1.0,272,125,3,1.43,0,False,7.2,217,99,186,False,10.2,300,130,,189,,2026-08-19T18:00:08.310507Z,54,188,119,p241293,0,0,None,0,,241293.jpg,1.2,291,133,False,-12,None,-90.4,"[{'offset': 0, 'projected_percent': '-96.1', 'likelihood': -4}, {'offset': 1, 'projected_percent': '-116.9', 'likelihood': -5}, {'offset': 2, 'projected_percent': '-137.7', 'likelihood': -5}]",8,0,107,False,0,0.0,,[],Mason-Clark,0.1,438,167,False,None,4,1.9,a,0,7,9,2024-02-01,46.0,85,47,5,1052,13,5683,79,0.2,0.9,Mason-Clark,0
0,2000-04-06,0,0,True,True,0,0,0,0,0,439668,None,,0,0,-1,1,0.0,551,231,0,0,None,,0,3,0.0,0.0,0,0.00,0,0.00,0,0.00,0.00,0,0,Josh,0.0,570,236,0,0,0,False,0.0,557,227,187,False,0.0,552,225,,0,Unspecified injury - Expected back 12 Oct,2026-09-10T18:30:08.877110Z,49,377,227,p439668,0,0,None,0,,439668.jpg,0.0,570,236,False,-7,None,-102.1,"[{'offset': 0, 'projected_percent': '-113.3', 'likelihood': -5}, {'offset': 1, 'projected_percent': '-153.8', 'likelihood': -5}, {'offset': 2, 'projected_percent': '-194.2', 'likelihood': -5}]",0,0,241,False,0,0,,[],Eccles,0.0,609,258,False,None,0,0,i,0,7,9,2018-07-01,0.0,514,205,0,616,3,1404,28,0.0,0.0,Eccles,0
0,1999-07-30,0,13,True,True,None,None,0,0.0,1,226965,2,,-1,1,-2,2,20.4,194,108,3,5.09,2,,0,3,0.6,0.6,0,0.12,0.2,0.12,0.2,0.00,1.22,2.07,0.0,Victor,0.6,313,147,2,3.4,0,False,2.7,303,138,188,False,7.2,318,144,,53,,None,53,224,141,p226965,0,0,2,0,,226965.jpg,1.0,358,163,False,-14,None,-1.4,"[{'offset': 0, 'projected_percent': '-4.6', 'likelihood': -1}, {'offset': 1, 'projected_percent': '-16.2', 'likelihood': -1}, {'offset': 2, 'projected_percent': '-27.8', 'likelihood': -2}]",2,0,58,False,0,0.0,,[],Torp,0.1,412,152,False,None,0,0.0,a,0,7,9,2024-01-11,0.0,598,255,3,766,13,7608,76,0.1,0.6,Torp,0
0,None,0,0,True,True,None,None,0,0,0,684268,None,,0,0,-1,1,0.0,453,192,0,0,None,,0,3,0.0,0.0,0,0.00,0,0.00,0,0.00,0.00,0,0,George,0.0,484,200,0,0,0,False,0.0,464,187,189,False,0.0,459,185,,0,,None,44,576,296,p684268,0,0,None,0,,684268.jpg,0.0,484,200,False,25,None,0.3,"[{'offset': 0, 'projected_percent': '0.4', 'likelihood': 1}, {'offset': 1, 'projected_percent': '0.7', 'likelihood': 1}, {'offset': 2, 'projected_percent': '1.0', 'likelihood': 1}]",0,0,None,False,0,0,,[],Shepherd,0.3,309,107,False,None,0,0,a,0,7,9,None,0.0,402,164,0,8042,1322,13179,308,0.0,0.0,Shepherd,0
0,2003-09-08,0,27,True,True,None,None,0,0.0,5,469272,3,,0,0,-1,1,49.3,96,65,15,8.13,None,,0,3,0.8,0.8,0,0.18,0.1,0.37,0.2,0.19,2.73,1.48,0.1,Loum,0.8,284,131,3,1.63,0,False,9.6,179,86,190,False,17.0,271,113,,166,,None,54,204,128,p469272,0,0,None,0,,469272.jpg,1.3,281,130,False,-4,None,-60.3,"[{'offset': 0, 'projected_percent': '-62.0', 'likelihood': -3}, {'offset': 1, 'projected_percent': '-67.9', 'likelihood': -3}, {'offset': 2, 'projected_percent': '-73.8', 'likelihood': -3}]",9,0,73,False,0,0.0,,[],Tchaouna,0.1,420,158,False,None,2,1.08,a,1,7,9,2026-07-11,29.0,124,64,4,3118,2,7941,64,0.1,0.7,Tchaouna,0
0,2003-09-11,0,0,False,True,0,0,0,0,0,492498,None,,0,0,0,0,0.0,486,199,0,0,None,,0,3,0.0,0.0,0,0.00,0,0.00,0,0.00,0.00,0,0,Raphael,0.0,511,207,0,0,0,False,0.0,491,194,191,False,0.0,486,192,,0,Has joined Burton Albion on loan for the rest of the season,2026-09-02T15:44:14.868001Z,45,494,266,p492498,0,0,None,0,,492498.jpg,0.0,511,207,False,-28,None,0.0,"[{'offset': 0, 'projected_percent': '0.0', 'likelihood': 0}, {'offset': 1, 'projected_percent': '0.0', 'likelihood': 0}, {'offset': 2, 'projected_percent': '0.0', 'likelihood': 0}]",0,0,13,False,0,0,,[],Borges Rodrigues,0.1,435,166,False,None,0,0,u,0,7,9,2024-07-01,0.0,442,171,0,1943,0,10957,133,0.0,0.0,Borges Rodrigues,0
0,2006-08-06,0,0,False,True,0,0,0,0,0,629397,None,,0,0,0,0,0.0,521,213,0,0,None,,0,3,0.0,0.0,0,0.00,0,0.00,0,0.00,0.00,0,0,Kai,0.0,546,221,0,0,0,False,0.0,527,208,192,False,0.0,522,206,,0,Has joined Oxford United on loan for the rest of the season,2026-08-29T00:35:59.998520Z,45,540,283,p629397,0,0,None,0,,629397.jpg,0.0,546,221,False,-53,None,0.0,"[{'offset': 0, 'projected_percent': '0.0', 'likelihood': 0}, {'offset': 1, 'projected_percent': '0.0', 'likelihood': 0}, {'offset': 2, 'projected_percent': '0.0', 'likelihood': 0}]",0,0,244,False,0,0,,[],Andrews,0.3,294,101,False,None,0,0,u,0,7,9,2023-08-11,0.0,480,185,0,2718,0,39493,388,0.0,0.0,Andrews,0
0,1998-03-27,0,0,True,True,0,0,0,0,0,176412,None,,0,0,-1,1,0.0,622,71,0,0,None,,0,4,0.0,0.0,0,0.00,0,0.00,0,0.00,0.00,0,0,Haji,0.0,627,72,0,0,0,False,0.0,623,70,193,False,0.0,618,67,,0,Thigh injury - Unknown return date,2026-08-14T22:00:07.214508Z,54,175,42,p176412,0,0,1,0,,176412.jpg,0.0,627,72,False,-10,None,-78.0,"[{'offset': 0, 'projected_percent': '-80.0', 'likelihood': -3}, {'offset': 1, 'projected_percent': '-87.3', 'likelihood': -3}, {'offset': 2, 'projected_percent': '-94.6', 'likelihood': -3}]",0,0,229,False,0,0,https://www.ccfc.co.uk/news/2026/august/19/head-coach-frank-lampard-provides-an-update-on-haji-wright/,[],Wright,0.1,450,65,False,None,0,0,i,0,7,9,2023-08-04,0.0,607,68,0,578,11,12010,84,0.0,0.0,Wright,0
0,1998-12-29,0,30,True,True,None,None,0,0.0,6,230730,None,,0,0,0,0,3.9,285,35,11,7.07,None,,0,4,1.2,1.2,1,0.05,0.03,0.26,0.17,0.21,3.91,2.51,0.14,Brandon,1.2,250,27,6,3.86,0,False,4.9,263,30,194,False,14.0,275,26,,140,,None,50,273,54,p230730,0,0,4,0,,230730.jpg,1.2,290,35,False,-67,None,1.5,"[{'offset': 0, 'projected_percent': '1.2', 'likelihood': 1}, {'offset': 1, 'projected_percent': '0.3', 'likelihood': 1}, {'offset': 2, 'projected_percent': '-8.8', 'likelihood': -1}]",5,0,81,False,0,0.0,,[],Thomas-Asante,0.7,210,33,False,None,2,1.29,a,0,7,9,2024-08-01,30.0,122,26,6,51126,501,51968,943,0.2,1.2,Thomas-Asante,0
0,2001-01-05,0,10,True,True,None,None,0,0.0,1,218997,None,,0,0,0,0,22.3,185,21,3,3.07,None,,0,4,0.6,0.6,0,0.01,0.01,0.31,0.32,0.30,2.55,2.61,0.31,Ellis,0.6,310,35,3,3.07,0,False,6.7,227,24,195,False,7.6,316,30,,88,,None,50,265,52,p218997,0,0,None,0,,218997.jpg,1.5,267,31,False,-101,None,-86.4,"[{'offset': 0, 'projected_percent': '-92.4', 'likelihood': -3}, {'offset': 1, 'projected_percent': '-114.0', 'likelihood': -5}, {'offset': 2, 'projected_percent': '-135.6', 'likelihood': -5}]",2,0,241,False,0,0.0,,[],Simms,0.7,220,36,False,None,1,1.02,a,0,7,9,2023-07-07,37.0,107,22,3,38715,211,60141,923,0.1,0.6,Simms,0
0,2003-01-04,0,0,False,True,0,0,0,0,0,551262,None,,0,0,0,0,0.0,611,68,0,0,None,,0,4,0.0,0.0,0,0.00,0,0.00,0,0.00,0.00,0,0,Jahnoah,0.0,617,69,0,0,0,False,0.0,609,66,196,False,0.0,604,63,,0,Has joined Shabab Al-Ahli Dubai permanently,2026-08-17T13:53:55.791223Z,50,326,61,p551262,0,0,None,0,,551262.jpg,0.0,617,69,False,0,None,0.0,"[{'offset': 0, 'projected_percent': '0.0', 'likelihood': 0}, {'offset': 1, 'projected_percent': '0.0', 'likelihood': 0}, {'offset': 2, 'projected_percent': '0.0', 'likelihood': 0}]",0,0,203,False,0,0,,[],Markelo,0.0,625,77,False,None,0,0,u,0,7,9,2026-01-27,0.0,587,62,0,0,0,1136,9,0.0,0.0,Markelo,0
0,None,0,0,False,True,0,0,0,0,0,549653,None,,0,0,0,0,0.0,498,54,0,0,None,,0,4,0.0,0.0,0,0.00,0,0.00,0,0.00,0.00,0,0,Norman,0.0,523,55,0,0,0,False,0.0,503,51,197,False,0.0,498,48,,0,Has joined KVC Westerlo on loan for the rest of the season,2026-07-28T12:58:50.001768Z,45,507,70,p549653,0,0,None,0,,549653.jpg,0.0,523,55,False,-4,None,0.0,"[{'offset': 0, 'projected_percent': '0.0', 'likelihood': 0}, {'offset': 1, 'projected_percent': '0.0', 'likelihood': 0}, {'offset': 2, 'projected_percent': '0.0', 'likelihood': 0}]",0,0,None,False,0,0,,[],Bassette,0.0,555,74,False,None,0,0,u,0,7,9,None,0.0,454,47,0,0,0,1993,34,0.0,0.0,Bassette,0
0,1997-08-12,0,11,True,True,0,0,0,0.0,3,210156,None,,-1,1,-1,1,46.2,104,10,11,4.27,None,,0,4,0.0,0.0,0,0.04,0.02,1.34,0.52,1.30,3.55,1.38,0.5,Taiwo,0.6,318,37,7,2.72,0,False,13.6,119,15,492,False,13.6,276,27,,232,Suspended until 19 Oct,2026-09-13T15:00:09.305127Z,54,183,43,p210156,0,0,5,0,,210156.jpg,0.8,400,49,False,-126,None,-2.0,"[{'offset': 0, 'projected_percent': '-4.4', 'likelihood': -1}, {'offset': 1, 'projected_percent': '-13.2', 'likelihood': -1}, {'offset': 2, 'projected_percent': '-21.9', 'likelihood': -2}]",7,1,157,False,0,0.0,,[],Awoniyi,0.4,262,45,False,None,3,1.16,s,1,7,9,2026-08-17,78.0,40,14,3,21286,13,61016,1221,0.1,0.6,Awoniyi,0
0,2006-01-15,0,29,True,True,None,None,1,0.51,5,661888,None,,0,0,-1,1,29.9,158,96,16,8.09,None,,0,3,1.4,1.4,1,0.14,0.07,0.17,0.09,0.03,3.20,1.62,0.02,Caleb,1.4,227,105,5,2.53,0,False,4.3,270,117,575,False,10.4,295,125,,178,,None,49,414,253,p661888,0,0,None,0,,661888.jpg,1.4,275,125,False,-24,None,-92.9,"[{'offset': 0, 'projected_percent': '-99.4', 'likelihood': -4}, {'offset': 1, 'projected_percent': '-122.7', 'likelihood': -5}, {'offset': 2, 'projected_percent': '-146.0', 'likelihood': -5}]",11,0,81,False,0,0.0,,[],Yirenkyi,0.1,370,132,False,None,3,1.52,a,0,7,9,2026-08-07,7.0,246,123,7,2665,13,12906,239,0.3,1.4,Yirenkyi,1
0,1997-06-24,0,6,True,True,None,None,0,0.0,0,196100,4,,0,0,-1,1,1.8,319,162,3,8.44,None,,0,3,0.6,0.6,0,0.02,0.06,0.02,0.06,0.00,0.82,2.31,0.0,Gustavo,0.6,316,149,1,2.81,0,False,0.3,381,178,584,False,0.6,382,177,,32,,None,54,178,113,p196100,0,0,None,0,,196100.jpg,1.0,369,171,False,-6,None,-59.6,"[{'offset': 0, 'projected_percent': '-62.2', 'likelihood': -3}, {'offset': 1, 'projected_percent': '-71.4', 'likelihood': -3}, {'offset': 2, 'projected_percent': '-80.7', 'likelihood': -3}]",2,0,152,False,0,0.0,,[],Hamer,0.1,428,163,False,None,0,0.0,a,1,7,9,2026-08-11,0.0,610,262,3,761,11,6062,55,0.1,0.6,Hamer,0
0,2006-12-15,0,3,True,True,None,None,0,0.0,1,627221,None,,0,0,0,0,0.2,373,47,1,3.0,None,,0,4,0.2,0.2,0,0.00,0.0,0.00,0.0,0.00,1.43,4.29,0.0,Sidiki,0.2,404,47,3,9.0,0,False,0.1,389,45,599,False,1.0,379,42,,30,,None,50,337,63,p627221,0,0,None,0,,627221.jpg,1.0,356,38,False,-3,None,0.0,"[{'offset': 0, 'projected_percent': '0.0', 'likelihood': 0}, {'offset': 1, 'projected_percent': '-2.4', 'likelihood': -1}, {'offset': 2, 'projected_percent': '-7.2', 'likelihood': -1}]",0,0,73,False,0,0.0,,[],Cherif,0.1,413,62,False,None,0,0.0,a,0,7,9,2026-08-19,0.0,592,64,1,7039,112,6950,111,0.0,0.2,Cherif,0
0,1993-07-13,0,0,True,True,None,None,0,0,0,79602,None,,0,0,0,0,0.0,389,10,0,0,None,,0,1,0.0,0.0,0,0.00,0,0.00,0,0.00,0.00,0,0,Dan,0.0,424,30,0,0,0,False,0.0,401,29,623,False,0.0,397,29,,0,,None,40,589,54,p79602,0,0,None,0,,79602.jpg,0.0,424,30,False,12,None,1.3,"[{'offset': 0, 'projected_percent': '1.3', 'likelihood': 1}, {'offset': 1, 'projected_percent': '1.5', 'likelihood': 1}, {'offset': 2, 'projected_percent': '1.6', 'likelihood': 1}]",0,0,241,False,0,0,,[],Bentley,0.6,236,33,False,None,0,0,a,0,7,9,2026-08-21,0.0,329,6,0,71493,1115,17086,194,0.0,0.0,Bentley,0
0,2001-01-14,0,0,True,True,None,None,0,0,0,242893,None,,0,0,0,0,0.0,640,278,0,0,None,,0,3,0.0,0.0,0,0.00,0,0.00,0,0.00,0.00,0,0,Yann,0.0,640,278,0,0,0,False,0.0,638,277,655,False,0.0,634,276,,0,,None,55,137,83,p242893,0,0,None,0,,242893.jpg,0.0,640,278,False,0,2026-09-23T15:00:18.732507Z,0.0,"[{'offset': 0, 'projected_percent': '0.0', 'likelihood': 0}, {'offset': 1, 'projected_percent': '0.0', 'likelihood': 0}, {'offset': 2, 'projected_percent': '0.0', 'likelihood': 0}]",0,0,73,False,0,0,,[],Gboho,0.0,650,287,False,None,0,0,a,0,7,9,2026-09-01,0.0,627,271,0,219,21,64,15,0.0,0.0,Gboho,0
0,2008-02-12,0,3,True,True,None,None,0,0.0,0,566213,None,,0,0,0,0,0.0,428,165,0,0.0,None,,0,2,0.5,0.5,1,0.00,0.0,0.00,0.0,0.00,0.03,0.9,0.0,Stephen,0.5,329,114,0,0.0,0,False,0.0,439,165,656,False,0.0,434,165,,3,,None,40,641,196,p566213,0,0,None,0,,566213.jpg,1.0,300,108,False,0,2026-09-24T14:54:23.064516Z,0.0,"[{'offset': 0, 'projected_percent': '0.0', 'likelihood': 0}, {'offset': 1, 'projected_percent': '0.0', 'likelihood': 0}, {'offset': 2, 'projected_percent': '0.0', 'likelihood': 0}]",0,0,241,False,0,0.0,,"[{'property': 'loan_ineligible', 'notes': 'This player will not be available to face their parent club in Gameweek 29 as part of their loan conditions.', 'gameweek': 29, 'url': None}]",Mfuni,0.1,437,160,False,None,1,30.0,a,0,7,9,2026-08-30,0.0,369,147,1,8394,82,1925,124,0.1,0.2,Mfuni,0
0,2001-07-01,0,6,True,True,None,None,0,0.0,1,485337,None,,0,0,-1,1,2.1,312,158,2,3.33,None,,0,3,0.4,0.4,0,0.03,0.05,0.06,0.1,0.03,0.34,0.57,0.05,Evann,0.4,365,174,1,1.67,0,False,1.5,336,154,42,False,5.4,332,151,,54,,None,54,206,130,p485337,0,0,None,0,,485337.jpg,1.0,377,176,False,-4,None,-7.1,"[{'offset': 0, 'projected_percent': '-10.7', 'likelihood': -1}, {'offset': 1, 'projected_percent': '-23.6', 'likelihood': -2}, {'offset': 2, 'projected_percent': '-36.5', 'likelihood': -2}]",0,0,54,False,0,0.0,,"[{'property': 'loan_ineligible', 'notes': 'This player will not be available to face their parent club in Gameweek 34 as part of their loan conditions.', 'gameweek': 34, 'url': None}, {'property': 'loan_ineligible', 'notes': 'This player will not be available to face their parent club in Gameweek 14 as part of their loan conditions.', 'gameweek': 14, 'url': None}]",Guessand,0.0,509,203,False,None,0,0.0,a,1,8,31,2026-08-12,7.0,249,126,2,2306,13,3412,41,0.1,0.4,Guessand,0
0,1998-03-11,0,-6,True,True,0,0,0,0.0,15,220362,None,,0,0,0,0,13.4,225,79,20,12.95,None,,0,2,0.0,0.0,0,0.04,0.03,0.04,0.03,0.00,3.72,2.41,0.0,Axel,0.2,387,141,6,3.88,0,False,5.0,259,98,153,False,34.8,206,87,,139,Suspended until 25 Oct,2026-09-12T15:30:09.445078Z,45,456,100,p220362,0,0,None,0,,220362.jpg,0.3,414,145,False,-19,None,-37.1,"[{'offset': 0, 'projected_percent': '-40.9', 'likelihood': -3}, {'offset': 1, 'projected_percent': '-54.8', 'likelihood': -3}, {'offset': 2, 'projected_percent': '-68.7', 'likelihood': -3}]",11,1,73,False,0,0.0,,"[{'property': 'loan_ineligible', 'notes': 'This player will not be available to face their parent club in Gameweek 13 as part of their loan conditions.', 'gameweek': 13, 'url': None}, {'property': 'loan_ineligible', 'notes': 'This player will not be available to face their parent club in Gameweek 20 as part of their loan conditions.', 'gameweek': 20, 'url': None}]",Disasi,0.1,455,163,False,None,2,1.29,s,5,8,31,2026-08-26,2.0,299,112,1,9406,5,9761,180,0.0,0.2,Disasi,0
0,1997-03-12,0,37,True,True,0,0,0,0.0,6,172649,None,,0,0,0,0,0.0,574,63,0,0.0,None,,0,1,0.0,0.0,0,0.00,0.0,0.00,0.0,0.00,6.47,2.16,0.0,Dean,1.0,270,20,8,2.67,0,False,9.6,178,8,198,False,96.8,49,7,Dean Henderson,270,Foot injury - Expected back 11 Oct,2026-09-12T14:00:09.378740Z,50,252,8,p172649,0,0,None,0,,172649.jpg,1.7,254,22,False,-244,None,-72.8,"[{'offset': 0, 'projected_percent': '-75.3', 'likelihood': -3}, {'offset': 1, 'projected_percent': '-84.3', 'likelihood': -3}, {'offset': 2, 'projected_percent': '-93.3', 'likelihood': -3}]",31,0,241,False,12,4.0,https://www.cpfc.co.uk/news/video/sage-on-facing-leeds-international-break-plans/,[],Henderson,1.4,156,24,False,None,3,1.0,i,0,8,31,2023-08-31,0.0,546,62,5,55147,21,111213,2305,0.2,1.0,Henderson,0
0,1993-01-19,0,3,True,True,None,None,0,0.0,1,121709,None,,0,0,0,0,0.0,460,38,0,0.0,None,,0,1,0.4,0.4,0,0.00,0.0,0.00,0.0,0.00,1.68,1.68,0.0,Walter,0.4,340,22,3,3.0,0,False,1.9,326,23,199,False,18.8,263,23,,90,,None,45,437,28,p121709,0,0,None,0,,121709.jpg,2.0,205,17,False,-1,None,-32.9,"[{'offset': 0, 'projected_percent': '-33.3', 'likelihood': -2}, {'offset': 1, 'projected_percent': '-34.8', 'likelihood': -2}, {'offset': 2, 'projected_percent': '-36.3', 'likelihood': -2}]",7,0,10,False,3,3.0,,[],Benítez,0.1,402,47,False,None,1,1.0,a,0,8,31,2025-07-01,0.0,409,34,2,3152,60,4460,43,0.1,0.4,Benitez,0
0,2000-03-28,0,19,True,True,None,None,0,0.0,38,427623,None,,0,0,0,0,7.2,258,92,44,11.0,None,,0,2,1.2,1.2,0,0.06,0.02,0.14,0.04,0.08,8.15,2.04,0.02,Chris,1.2,253,91,11,2.75,0,False,13.9,115,42,202,False,108.8,32,13,,360,,None,50,279,44,p427623,0,0,None,0,,427623.jpg,1.5,268,97,False,-28,None,-93.3,"[{'offset': 0, 'projected_percent': '-95.1', 'likelihood': -4}, {'offset': 1, 'projected_percent': '-101.8', 'likelihood': -5}, {'offset': 2, 'projected_percent': '-108.4', 'likelihood': -5}]",13,0,229,False,0,0.0,,[],Richards,0.6,235,89,False,None,4,1.0,a,6,8,31,2022-07-27,24.0,138,42,6,21082,170,36368,637,0.2,1.2,Richards,1
0,2006-07-29,0,12,True,True,None,None,0,0.0,17,651426,None,,-1,1,-2,2,8.1,254,89,24,8.0,None,,0,2,0.4,0.4,0,0.01,0.0,0.06,0.02,0.05,6.47,2.16,0.02,Jaydee,0.4,342,122,8,2.67,0,False,7.6,209,76,203,False,63.2,112,53,,270,,None,48,422,79,p651426,0,0,None,0,,651426.jpg,0.7,404,140,False,-12,None,-1.1,"[{'offset': 0, 'projected_percent': '-2.5', 'likelihood': -1}, {'offset': 1, 'projected_percent': '-7.8', 'likelihood': -1}, {'offset': 2, 'projected_percent': '-13.0', 'likelihood': -1}]",6,0,73,False,0,0.0,,[],Canvot,0.2,335,125,False,None,3,1.0,a,7,8,31,2025-09-01,5.0,268,97,2,5372,30,18960,310,0.1,0.4,Canvot,0
0,1999-09-01,2,38,True,True,None,None,0,0.0,11,244723,None,,0,0,0,0,64.2,61,9,17,4.65,None,,1,2,3.4,3.4,0,0.24,0.07,1.01,0.28,0.77,7.03,1.92,0.21,Tyrick,3.4,81,32,10,2.74,2,False,22.9,35,4,204,False,109.0,30,11,,329,,None,45,470,109,p244723,0,0,None,0,,244723.jpg,4.2,76,32,False,-239,None,23.3,"[{'offset': 0, 'projected_percent': '22.4', 'likelihood': 2}, {'offset': 1, 'projected_percent': '19.1', 'likelihood': 1}, {'offset': 2, 'projected_percent': '15.8', 'likelihood': 1}]",15,0,241,False,0,0.0,,[],Mitchell,6.1,64,27,False,None,4,1.09,a,6,8,31,2019-12-15,56.0,62,7,17,297831,1296,251997,3595,0.8,3.8,Mitchell,0
0,1998-01-21,0,0,False,True,0,0,0,0,0,218364,None,,0,0,0,0,0.0,467,182,0,0,None,,0,2,0.0,0.0,0,0.00,0,0.00,0,0.00,0.00,0,0,Borna,0.0,495,185,0,0,0,False,0.0,475,182,205,False,0.0,470,182,,0,Has joined FC Cologne on loan for the rest of the season,2026-09-02T16:03:25.710518Z,45,455,99,p218364,0,0,None,0,,218364.jpg,0.0,495,185,False,-8,None,0.0,"[{'offset': 0, 'projected_percent': '0.0', 'likelihood': 0}, {'offset': 1, 'projected_percent': '0.0', 'likelihood': 0}, {'offset': 2, 'projected_percent': '0.0', 'likelihood': 0}]",0,0,97,False,0,0,,[],Sosa,0.0,583,199,False,None,0,0,u,0,8,31,2025-07-11,0.0,417,171,0,236,0,1989,20,0.0,0.0,Sosa,0
0,2003-06-17,0,7,True,True,0,0,0,0.0,6,515621,None,,-1,1,-2,2,1.3,328,121,7,8.75,None,,0,2,0.0,0.0,0,0.01,0.01,0.01,0.01,0.00,0.98,1.22,0.0,Chadi,0.2,381,136,2,2.5,0,False,1.4,337,122,206,False,12.6,281,113,,72,Knee injury - Unknown return date,2026-08-22T18:00:07.352049Z,43,580,158,p515621,0,0,None,0,,515621.jpg,1.0,302,110,False,0,None,-0.7,"[{'offset': 0, 'projected_percent': '-0.7', 'likelihood': -1}, {'offset': 1, 'projected_percent': '-0.7', 'likelihood': -1}, {'offset': 2, 'projected_percent': '-0.7', 'likelihood': -1}]",3,0,145,False,0,0.0,https://www.cpfc.co.uk/news/first-team/press-conference-team-news-crystal-palace-manchester-city-august-2026/,[],Riad Dnanou,0.0,566,192,False,None,1,1.25,i,1,8,31,2024-07-02,0.0,385,162,1,627,3,5577,26,0.0,0.2,Chadi Riad,0
0,1999-05-13,0,5,True,True,None,None,0,0.0,0,242313,None,,0,0,-1,1,0.4,360,136,2,11.25,None,,0,2,0.4,0.4,0,0.00,0.0,0.00,0.0,0.00,0.33,1.86,0.0,Oscar,0.4,337,118,1,5.62,0,False,0.3,374,136,207,False,3.2,354,134,,16,,None,44,564,148,p242313,0,0,None,0,,242313.jpg,1.0,309,115,False,-6,None,-68.3,"[{'offset': 0, 'projected_percent': '-72.1', 'likelihood': -3}, {'offset': 1, 'projected_percent': '-85.9', 'likelihood': -3}, {'offset': 2, 'projected_percent': '-99.8', 'likelihood': -4}]",1,0,200,False,0,0.0,,[],Mingueza,0.1,482,172,False,None,0,0.0,a,2,8,31,2026-07-09,0.0,393,165,2,1924,14,4596,40,0.1,0.5,Mingueza,0
0,1998-02-25,0,0,True,True,100,100,0,0,0,232185,None,,0,0,-3,3,0.0,655,291,0,0,None,,0,3,0.0,0.0,0,0.00,0,0.00,0,0.00,0.00,0,0,Ismaïla,0.0,655,291,0,0,0,False,0.0,654,291,208,False,0.0,654,291,Ismaïla Sarr,0,,2026-08-22T18:00:07.363165Z,62,56,39,p232185,0,0,2,0,,232185.jpg,0.0,655,291,False,0,2026-09-24T16:30:08.977944Z,0.0,"[{'offset': 0, 'projected_percent': '0.0', 'likelihood': 0}, {'offset': 1, 'projected_percent': '0.0', 'likelihood': 0}, {'offset': 2, 'projected_percent': '0.0', 'likelihood': 0}]",0,0,189,False,0,0,,[],Sarr,0.6,230,72,False,None,0,0,a,0,8,31,2024-08-01,0.0,652,290,0,4589,535,374747,296,0.0,0.0,Sarr,0
0,2004-02-06,0,64,True,True,100,100,0,0.0,12,496221,2,,0,0,0,0,70.2,55,46,34,8.84,None,,0,3,2.0,2.0,0,0.36,0.09,0.44,0.11,0.08,7.60,1.98,0.02,Adam,2.0,166,76,10,2.6,0,False,12.9,130,66,210,False,53.0,144,50,,346,,2026-07-23T12:01:23.498963Z,55,156,97,p496221,0,0,None,0,,496221.jpg,2.5,177,77,False,-119,None,-82.1,"[{'offset': 0, 'projected_percent': '-88.3', 'likelihood': -3}, {'offset': 1, 'projected_percent': '-110.6', 'likelihood': -5}, {'offset': 2, 'projected_percent': '-133.0', 'likelihood': -5}]",14,0,241,False,0,0.0,,[],Wharton,0.8,208,66,False,None,4,1.04,a,8,8,31,2024-02-01,5.0,273,137,10,28612,205,44769,779,0.4,1.8,Wharton,0
2,2002-10-20,0,60,True,True,None,None,0,0.0,3,488024,1,,0,0,0,0,85.8,36,31,21,8.36,1,,0,3,2.4,2.4,0,0.40,0.16,0.76,0.3,0.36,5.67,2.26,0.14,Yéremy,2.4,140,62,6,2.39,0,False,13.0,129,65,211,False,20.8,256,107,,226,,None,55,154,96,p488024,0,0,None,0,,488024.jpg,3.0,147,64,False,-89,None,4.9,"[{'offset': 0, 'projected_percent': '4.6', 'likelihood': 1}, {'offset': 1, 'projected_percent': '3.4', 'likelihood': 1}, {'offset': 2, 'projected_percent': '2.2', 'likelihood': 1}]",13,0,200,False,0,0.0,,[],Pino Santos,0.4,275,93,False,None,3,1.19,a,5,8,31,2025-08-29,23.0,144,73,12,44696,152,28949,552,0.4,2.2,Yeremy,0
0,1995-04-17,0,9,True,True,None,None,0,0.0,3,108413,4,,0,0,-1,1,15.3,210,117,7,21.72,None,,0,3,0.4,0.4,0,0.04,0.12,0.04,0.12,0.00,1.12,3.48,0.0,Will,0.4,334,159,1,3.1,0,False,2.4,311,141,212,False,8.0,312,140,,29,,None,44,551,291,p108413,0,0,None,0,,108413.jpg,1.0,304,136,False,-908,None,-6.6,"[{'offset': 0, 'projected_percent': '-11.2', 'likelihood': -1}, {'offset': 1, 'projected_percent': '-28.1', 'likelihood': -2}, {'offset': 2, 'projected_percent': '-45.0', 'likelihood': -3}]",3,0,241,False,0,0.0,,[],Hughes,7.7,52,17,False,None,0,0.0,a,1,8,31,2021-08-28,0.0,387,159,2,115427,2028,446125,7510,0.1,0.5,Hughes,0
0,1994-10-25,0,3,True,True,None,None,0,0.0,1,152551,None,,0,0,-1,1,0.3,363,177,1,15.0,None,,0,3,0.2,0.2,0,0.00,0.0,0.00,0.0,0.00,0.48,7.2,0.0,Jefferson,0.2,391,179,1,15.0,0,False,0.3,376,173,213,False,2.2,363,166,,6,,None,49,351,209,p152551,0,0,None,0,,152551.jpg,1.0,326,141,False,-13,None,-90.0,"[{'offset': 0, 'projected_percent': '-97.1', 'likelihood': -4}, {'offset': 1, 'projected_percent': '-122.6', 'likelihood': -5}, {'offset': 2, 'projected_percent': '-148.1', 'likelihood': -5}]",0,0,48,False,0,0.0,,[],Lerma Solís,0.1,448,173,False,None,0,0.0,a,0,8,31,2023-07-01,0.0,499,195,1,1214,8,5231,50,0.0,0.2,Lerma,0
3,1996-08-05,0,97,True,True,None,None,0,0.0,4,209400,3,,0,0,0,0,77.2,45,38,28,7.18,None,,0,3,3.6,3.6,0,0.35,0.09,0.40,0.1,0.05,7.54,1.93,0.01,Daichi,3.6,73,30,10,2.56,0,False,18.6,66,44,214,False,93.8,56,23,,351,,None,50,260,162,p209400,0,0,None,0,,209400.jpg,4.5,66,27,False,-64,None,10.6,"[{'offset': 0, 'projected_percent': '10.4', 'likelihood': 1}, {'offset': 1, 'projected_percent': '9.5', 'likelihood': 1}, {'offset': 2, 'projected_percent': '8.6', 'likelihood': 1}]",14,0,108,False,0,0.0,,[],Kamada,0.5,246,79,False,None,4,1.03,a,10,8,31,2024-07-01,15.0,185,94,18,47458,711,22097,480,0.7,3.6,Kamada,1
0,2003-10-11,0,0,False,True,0,0,0,0,0,489706,None,,0,0,0,0,0.0,596,253,0,0,2,,0,3,0.0,0.0,0,0.00,0,0.00,0,0.00,0.00,0,0,Justin,0.0,602,255,0,0,0,False,0.0,594,250,215,False,0.0,589,248,,0,Has joined Stoke City permanently,2026-09-02T15:41:07.346849Z,50,299,178,p489706,0,0,3,0,,489706.jpg,0.0,602,255,False,-2,None,0.0,"[{'offset': 0, 'projected_percent': '0.0', 'likelihood': 0}, {'offset': 1, 'projected_percent': '0.0', 'likelihood': 0}, {'offset': 2, 'projected_percent': '0.0', 'likelihood': 0}]",0,0,242,False,0,0,,[],Devenny,0.0,634,274,False,None,0,0,u,0,8,31,2024-03-13,0.0,570,237,0,132,0,918,4,0.0,0.0,Devenny,0
0,2005-05-13,0,0,False,True,0,0,0,0,0,606921,None,,0,0,0,0,0.0,613,264,0,0,None,,0,3,0.0,0.0,0,0.00,0,0.00,0,0.00,0.00,0,0,Romain,0.0,619,266,0,0,0,False,0.0,611,261,216,False,0.0,606,259,,0,Has joined Millwall on loan for the rest of the season,2026-09-02T15:41:07.376544Z,50,331,199,p606921,0,0,None,0,,606921.jpg,0.0,619,266,False,0,None,0.0,"[{'offset': 0, 'projected_percent': '0.0', 'likelihood': 0}, {'offset': 1, 'projected_percent': '0.0', 'likelihood': 0}, {'offset': 2, 'projected_percent': '0.0', 'likelihood': 0}]",0,0,241,False,0,0,,[],Esse,0.0,577,239,False,None,0,0,u,0,8,31,2025-01-18,0.0,590,251,0,399,0,3128,17,0.0,0.0,Esse,0
0,2004-04-01,0,0,False,True,0,0,0,0,0,536694,None,,0,0,-1,1,0.0,563,238,0,0,None,,0,3,0.0,0.0,0,0.00,0,0.00,0,0.00,0.00,0,0,Matheus,0.0,579,243,0,0,0,False,0.0,566,234,217,False,0.0,561,232,Matheus França,0,Has joined Alverca on loan for the rest of the season,2026-09-11T14:42:19.322912Z,49,400,240,p536694,0,0,None,0,,536694.jpg,0.0,579,243,False,-2,None,0.0,"[{'offset': 0, 'projected_percent': '0.0', 'likelihood': 0}, {'offset': 1, 'projected_percent': '0.0', 'likelihood': 0}, {'offset': 2, 'projected_percent': '0.0', 'likelihood': 0}]",0,0,30,False,0,0,,[],França de Oliveira,0.0,602,254,False,None,0,0,u,0,8,31,2023-08-05,0.0,526,212,0,1007,0,3317,35,0.0,0.0,M.França,0
0,2000-01-08,0,0,True,True,None,None,0,0,0,438464,None,,0,0,-1,1,0.0,550,230,0,0,None,,0,3,0.0,0.0,0,0.00,0,0.00,0,0.00,0.00,0,0,Cheick,0.0,569,235,0,0,0,False,0.0,556,226,218,False,0.0,551,224,,0,,None,49,376,226,p438464,0,0,None,0,,438464.jpg,0.0,569,235,False,-8,None,-89.9,"[{'offset': 0, 'projected_percent': '-96.5', 'likelihood': -4}, {'offset': 1, 'projected_percent': '-120.1', 'likelihood': -5}, {'offset': 2, 'projected_percent': '-143.7', 'likelihood': -5}]",0,0,132,False,0,0,,[],Doucouré,0.0,497,196,False,None,0,0,a,0,8,31,2022-07-11,0.0,513,204,0,1990,16,4204,39,0.0,0.0,Doucouré,0
0,2002-10-05,0,0,False,True,0,0,0,0,0,450542,None,,0,0,-1,1,0.0,555,233,0,0,None,,0,3,0.0,0.0,0,0.00,0,0.00,0,0.00,0.00,0,0,Jesurun,0.0,574,238,0,0,0,False,0.0,561,229,219,False,0.0,556,227,,0,has joined  Kasimpasa on loan for the rest of the seaon.,2026-09-10T09:12:47.224598Z,49,382,229,p450542,0,0,None,0,,450542.jpg,0.0,574,238,False,0,None,0.0,"[{'offset': 0, 'projected_percent': '0.0', 'likelihood': 0}, {'offset': 1, 'projected_percent': '0.0', 'likelihood': 0}, {'offset': 2, 'projected_percent': '0.0', 'likelihood': 0}]",0,0,81,False,0,0,,[],Rak-Sakyi,0.0,639,278,False,None,0,0,u,0,8,31,2021-04-09,0.0,518,207,0,145,0,443,1,0.0,0.0,J.Rak-Sakyi,0
0,2006-07-01,0,0,False,True,0,0,0,0,0,590014,None,,0,0,0,0,0.0,508,196,0,0,None,,0,2,0.0,0.0,0,0.00,0,0.00,0,0.00,0.00,0,0,Rio,0.0,533,199,0,0,0,False,0.0,514,196,220,False,0.0,509,196,,0,Has joined Bristol City on loan for the rest of the season,2026-08-12T14:08:46.501813Z,45,522,133,p590014,0,0,None,0,,590014.jpg,0.0,533,199,False,-1,None,0.0,"[{'offset': 0, 'projected_percent': '0.0', 'likelihood': 0}, {'offset': 1, 'projected_percent': '0.0', 'likelihood': 0}, {'offset': 2, 'projected_percent': '0.0', 'likelihood': 0}]",0,0,217,False,0,0,,[],Cardines,0.0,656,216,False,None,0,0,u,0,8,31,2025-07-24,0.0,465,189,0,0,0,128,3,0.0,0.0,Cardines,0
0,2009-06-09,0,0,True,True,None,None,0,0,0,672492,None,,0,0,0,0,0.0,529,218,0,0,None,,0,3,0.0,0.0,0,0.00,0,0.00,0,0.00,0.00,0,0,Joél,0.0,553,225,0,0,0,False,0.0,535,213,221,False,0.0,530,211,,0,,None,45,548,288,p672492,0,0,None,0,,672492.jpg,0.0,553,225,False,-5,None,-71.3,"[{'offset': 0, 'projected_percent': '-74.0', 'likelihood': -3}, {'offset': 1, 'projected_percent': '-84.0', 'likelihood': -3}, {'offset': 2, 'projected_percent': '-94.0', 'likelihood': -3}]",0,0,241,False,0,0,,[],Drakes-Thomas,0.1,454,177,False,None,0,0,a,0,8,31,2025-12-10,0.0,488,190,0,2570,22,4309,64,0.0,0.0,Drakes-Thomas,0
0,2000-02-06,2,59,True,True,None,None,0,0.0,3,247412,None,,0,0,0,0,17.4,204,24,10,4.15,None,,0,4,2.4,2.4,0,0.03,0.01,0.42,0.17,0.39,4.89,2.03,0.16,Jørgen,2.4,142,13,5,2.07,1,False,12.0,145,18,222,False,49.4,160,12,,217,,None,60,69,15,p247412,0,0,None,0,,247412.jpg,3.0,150,14,False,37,None,4.5,"[{'offset': 0, 'projected_percent': '4.6', 'likelihood': 1}, {'offset': 1, 'projected_percent': '5.1', 'likelihood': 1}, {'offset': 2, 'projected_percent': '5.6', 'likelihood': 1}]",5,0,161,False,0,0.0,,[],Strand Larsen,0.6,228,38,False,None,2,0.83,a,2,8,31,2026-02-02,52.0,70,16,12,46260,1035,37520,466,0.4,2.0,Strand Larsen,0
0,1997-06-28,0,-3,True,True,0,0,0,0.0,1,231747,None,,0,0,-2,2,12.3,234,26,5,7.26,None,,0,4,0.0,0.0,0,0.02,0.03,0.72,1.05,0.70,0.98,1.42,1.02,Jean-Philippe,0.4,371,44,2,2.9,0,False,2.5,310,35,223,False,1.4,373,41,,62,Hamstring injury - Expected back 11 Oct,2026-08-28T21:00:08.020382Z,63,48,12,p231747,0,0,1,0,,231747.jpg,2.0,229,26,False,-161,None,-12.0,"[{'offset': 0, 'projected_percent': '-13.7', 'likelihood': -1}, {'offset': 1, 'projected_percent': '-19.8', 'likelihood': -1}, {'offset': 2, 'projected_percent': '-25.9', 'likelihood': -2}]",2,0,73,False,0,0.0,https://www.cpfc.co.uk/news/video/sage-on-facing-leeds-international-break-plans/,[],Mateta,1.4,157,22,False,None,1,1.45,i,2,8,31,2022-01-31,11.0,220,35,2,25782,29,447149,1662,0.1,0.3,Mateta,0
1,1999-05-30,0,36,True,True,100,100,0,0.0,2,205533,None,,0,0,0,0,45.8,105,11,11,5.93,None,,0,4,1.4,1.4,0,0.58,0.31,1.68,0.9,1.10,4.45,2.4,0.59,Eddie,1.4,232,23,7,3.77,0,False,13.0,128,16,224,False,34.2,212,19,,167,,2026-09-12T14:00:09.427136Z,55,135,35,p205533,0,0,None,0,,205533.jpg,2.3,189,21,False,-36,None,0.0,"[{'offset': 0, 'projected_percent': '-2.3', 'likelihood': -1}, {'offset': 1, 'projected_percent': '-12.0', 'likelihood': -1}, {'offset': 2, 'projected_percent': '-21.7', 'likelihood': -2}]",5,0,241,False,0,0.0,,[],Nketiah,0.5,247,40,False,None,3,1.62,a,4,8,31,2024-08-30,50.0,76,19,7,46224,243,47102,455,0.3,1.3,Nketiah,0
0,None,0,0,False,True,0,0,0,0,0,660392,None,,0,0,0,0,0.0,616,70,0,0,None,,0,4,0.0,0.0,0,0.00,0,0.00,0,0.00,0.00,0,0,Christantus,0.0,622,71,0,0,0,False,0.0,615,69,225,False,0.0,610,66,,0,has returned to Getafe CF,2026-07-23T12:18:56.275922Z,50,341,65,p660392,0,0,None,0,,660392.jpg,0.0,622,71,False,0,None,0.0,"[{'offset': 0, 'projected_percent': '0.0', 'likelihood': 0}, {'offset': 1, 'projected_percent': '0.0', 'likelihood': 0}, {'offset': 2, 'projected_percent': '0.0', 'likelihood': 0}]",0,0,None,False,0,0,,[],Uche,0.0,662,78,False,None,0,0,u,0,8,31,None,0.0,595,66,0,0,0,0,0,0.0,0.0,Uche,0
0,1999-11-22,0,13,True,True,None,None,0,0.0,4,433154,None,,0,0,-1,1,5.0,274,143,7,7.5,None,,0,3,0.6,0.6,0,0.02,0.02,0.07,0.07,0.05,1.18,1.26,0.05,Dwight,0.6,321,151,3,3.21,0,False,1.7,331,151,241,False,10.0,301,131,,84,,None,54,194,122,p433154,0,0,None,0,,433154.jpg,1.5,272,122,False,-5,None,-70.8,"[{'offset': 0, 'projected_percent': '-72.6', 'likelihood': -3}, {'offset': 1, 'projected_percent': '-78.8', 'likelihood': -3}, {'offset': 2, 'projected_percent': '-85.0', 'likelihood': -3}]",3,0,241,False,0,0.0,,[],McNeil,0.1,398,146,False,None,1,1.07,a,0,8,31,2026-08-11,2.0,310,152,3,1718,11,7796,67,0.1,0.6,McNeil,0
0,1994-02-10,0,0,True,True,None,None,0,0,0,169593,None,,0,0,0,0,0.0,400,17,0,0,None,,0,1,0.0,0.0,0,0.00,0,0.00,0,0.00,0.00,0,0,Remi,0.0,433,37,0,0,0,False,0.0,411,36,555,False,0.0,406,36,,0,,None,40,600,61,p169593,0,0,None,0,,169593.jpg,0.0,433,37,False,-33,None,-5.3,"[{'offset': 0, 'projected_percent': '-6.1', 'likelihood': -1}, {'offset': 1, 'projected_percent': '-8.8', 'likelihood': -1}, {'offset': 2, 'projected_percent': '-11.6', 'likelihood': -1}]",0,0,241,False,0,0,,[],Matthews,1.7,140,20,False,None,0,0,a,0,8,31,2021-07-13,0.0,340,13,0,22405,221,28870,430,0.0,0.0,Matthews,0
0,1998-11-05,0,6,True,True,None,None,0,0.0,12,223723,None,,0,0,-1,1,5.0,272,96,14,8.75,None,,0,2,0.4,0.4,0,0.02,0.01,0.02,0.01,0.00,3.44,2.15,0.0,Takehiro,0.4,336,117,5,3.12,0,False,3.7,287,108,577,False,25.2,235,97,,144,,None,44,561,145,p223723,0,0,None,0,,223723.jpg,0.7,403,139,False,-1,None,-5.2,"[{'offset': 0, 'projected_percent': '-5.2', 'likelihood': -1}, {'offset': 1, 'projected_percent': '-5.5', 'likelihood': -1}, {'offset': 2, 'projected_percent': '-5.8', 'likelihood': -1}]",7,0,108,False,0,0.0,,[],Tomiyasu,0.3,302,111,False,None,1,0.62,a,2,8,31,2026-08-06,6.0,251,88,2,3363,34,12220,100,0.1,0.5,Tomiyasu,0
0,2004-09-03,0,31,True,True,None,None,0,0.0,19,570794,None,,0,0,0,0,46.3,102,26,38,11.83,None,,0,2,2.6,2.6,0,0.31,0.1,1.27,0.4,0.96,7.10,2.21,0.3,Anan,2.6,126,45,8,2.49,1,False,20.5,47,6,588,False,112.4,25,7,,289,,None,50,328,56,p570794,0,0,None,0,,570794.jpg,3.2,122,51,False,-4,None,5.9,"[{'offset': 0, 'projected_percent': '5.8', 'likelihood': 1}, {'offset': 1, 'projected_percent': '5.8', 'likelihood': 1}, {'offset': 2, 'projected_percent': '5.8', 'likelihood': 1}]",15,0,105,False,0,0.0,,[],Khalaili,0.3,293,106,False,None,3,0.93,a,19,8,31,2026-08-15,46.0,84,17,13,33015,322,14444,190,0.5,2.6,Khalaili,1
0,2007-03-22,0,6,True,True,None,None,0,0.0,0,559152,None,,0,0,0,0,1.6,323,163,1,3.21,None,,0,3,0.4,0.4,0,0.00,0.0,0.00,0.0,0.00,0.68,2.19,0.0,Zavier,0.4,358,169,2,6.43,0,False,0.3,380,177,595,False,1.4,372,172,,28,,None,50,327,197,p559152,0,0,None,0,,559152.jpg,1.0,354,161,False,-1,None,-82.7,"[{'offset': 0, 'projected_percent': '-86.5', 'likelihood': -3}, {'offset': 1, 'projected_percent': '-100.1', 'likelihood': -5}, {'offset': 2, 'projected_percent': '-113.8', 'likelihood': -5}]",0,0,229,False,0,0.0,,[],Gozo,0.0,597,251,False,None,0,0.0,a,1,8,31,2026-08-18,0.0,588,249,2,450,0,806,13,0.1,0.4,Gozo,0
0,2008-02-23,0,10,True,True,None,None,0,0.0,9,605972,None,,0,0,0,0,11.9,236,84,11,11.0,None,,0,2,1.0,1.0,0,0.01,0.01,0.01,0.01,0.00,1.68,1.68,0.0,Honest,1.0,267,97,3,3.0,0,False,4.1,276,104,633,False,24.6,239,98,,90,,None,45,530,134,p605972,0,0,None,0,,605972.jpg,3.0,131,54,False,2,None,0.1,"[{'offset': 0, 'projected_percent': '0.1', 'likelihood': 1}, {'offset': 1, 'projected_percent': '0.1', 'likelihood': 1}, {'offset': 2, 'projected_percent': '0.1', 'likelihood': 1}]",4,0,106,False,0,0.0,,[],Ahanor,0.0,585,200,False,None,1,1.0,a,2,8,31,2026-09-01,4.0,281,103,3,1805,30,462,10,0.2,0.7,Ahanor,0
0,1996-12-21,0,21,True,True,None,None,0,0.0,1,172850,None,,0,0,0,0,4.2,280,98,1,3.1,None,,0,2,2.7,2.7,0,0.01,0.03,0.28,0.87,0.27,1.12,3.48,0.84,Ben,2.7,121,41,1,3.1,1,False,5.9,241,89,643,False,33.4,213,90,,29,,None,45,446,93,p172850,0,0,None,0,,172850.jpg,4.0,81,34,False,-39,None,-42.5,"[{'offset': 0, 'projected_percent': '-45.8', 'likelihood': -3}, {'offset': 1, 'projected_percent': '-57.8', 'likelihood': -3}, {'offset': 2, 'projected_percent': '-69.8', 'likelihood': -3}]",0,0,241,False,0,0.0,,[],Chilwell,0.5,257,95,False,None,0,0.0,a,0,8,31,2026-09-01,21.0,148,46,8,42680,126,15568,358,0.6,1.8,Chilwell,0
0,2001-06-17,0,32,True,True,None,None,0,0.0,4,450063,None,,0,0,0,0,5.1,271,142,22,12.15,None,,0,3,2.0,2.0,0,0.03,0.02,0.15,0.09,0.12,4.25,2.35,0.07,Quinten,2.0,160,73,5,2.76,0,False,6.2,238,107,644,False,29.4,226,90,,163,,None,50,285,172,p450063,0,0,None,0,,450063.jpg,3.0,138,58,False,-2,None,0.1,"[{'offset': 0, 'projected_percent': '0.1', 'likelihood': 1}, {'offset': 1, 'projected_percent': '0.1', 'likelihood': 1}, {'offset': 2, 'projected_percent': '0.1', 'likelihood': 1}]",9,0,152,False,0,0.0,,[],Timber,0.0,528,213,False,None,2,1.1,a,9,8,31,2026-09-01,28.0,127,65,6,3893,70,1235,43,0.4,1.2,Timber,0
0,2004-01-24,0,2,True,True,None,None,0,0.0,0,533646,None,,0,0,0,0,0.3,368,181,1,90.0,None,,0,3,0.3,0.3,0,0.00,0.0,0.00,0.0,0.00,0.13,11.7,0.0,Darío,0.3,375,177,0,0.0,0,False,0.2,384,180,647,False,2.0,368,169,,1,,None,55,159,100,p533646,0,0,None,0,,533646.jpg,1.0,384,181,False,0,None,-39.3,"[{'offset': 0, 'projected_percent': '-39.3', 'likelihood': -2}, {'offset': 1, 'projected_percent': '-39.3', 'likelihood': -2}, {'offset': 2, 'projected_percent': '-39.3', 'likelihood': -2}]",0,0,44,False,0,0.0,,[],Osorio,0.0,618,263,False,None,0,0.0,a,1,8,31,2026-09-01,0.0,632,276,1,921,2,348,12,0.1,0.2,Osorio,0
0,1994-03-10,0,0,True,True,0,0,0,0,0,128295,None,,0,0,-1,1,0.0,539,222,0,0,None,,0,3,0.0,0.0,0,0.00,0,0.00,0,0.00,0.00,0,0,Christian,0.0,560,228,0,0,0,False,0.0,544,217,21,False,0.0,539,215,,0,Groin injury - Unknown return date,2026-08-15T20:00:06.779594Z,49,350,208,p128295,0,0,None,0,,128295.jpg,0.0,560,228,False,-6,None,-82.2,"[{'offset': 0, 'projected_percent': '-84.3', 'likelihood': -3}, {'offset': 1, 'projected_percent': '-91.9', 'likelihood': -3}, {'offset': 2, 'projected_percent': '-99.4', 'likelihood': -4}]",0,0,58,False,0,0,https://www.evertonfc.com/news/2026/august/21/everton-team-news-for-2026-27-premier-league-opener/,[],Nørgaard,0.0,501,199,False,None,0,0,i,0,9,11,2026-08-05,0.0,498,194,0,447,7,7163,61,0.0,0.0,Nørgaard,0
0,2001-05-23,0,26,True,True,None,None,2,0.76,8,242898,None,,0,0,-1,1,52.2,88,60,26,9.83,None,,0,3,1.8,1.8,3,0.22,0.08,1.25,0.47,1.03,3.61,1.37,0.39,Brennan,1.8,187,87,1,0.38,0,False,9.0,192,90,209,False,23.0,246,103,,238,,None,59,84,55,p242898,0,0,None,0,,242898.jpg,1.8,251,112,False,-19,None,-9.9,"[{'offset': 0, 'projected_percent': '-15.9', 'likelihood': -1}, {'offset': 1, 'projected_percent': '-37.4', 'likelihood': -2}, {'offset': 2, 'projected_percent': '-58.9', 'likelihood': -3}]",11,0,244,False,0,0.0,,[],Johnson,0.1,384,141,False,None,3,1.13,a,7,9,11,2026-08-11,15.0,192,98,9,4963,68,9839,124,0.3,1.5,Johnson,1
0,1994-03-07,1,122,True,True,None,None,3,0.6,7,111234,None,,0,0,0,0,0.0,633,70,0,0.0,None,,1,1,5.0,5.0,8,0.02,0.0,0.02,0.0,0.00,6.80,1.36,0.0,Jordan,5.0,37,3,3,0.6,0,False,8.5,197,12,226,False,84.2,71,11,,450,,None,55,124,2,p111234,0,0,None,0,,111234.jpg,5.0,53,3,False,509,None,22.0,"[{'offset': 0, 'projected_percent': '23.9', 'likelihood': 2}, {'offset': 1, 'projected_percent': '30.9', 'likelihood': 2}, {'offset': 2, 'projected_percent': '37.8', 'likelihood': 2}]",53,0,241,False,15,3.0,,[],Pickford,9.0,42,7,False,None,5,1.0,a,0,9,11,2017-07-01,0.0,620,69,25,270894,3377,222658,2539,0.9,4.5,Pickford,0
0,1999-05-18,0,0,True,True,None,None,0,0,0,229600,None,,0,0,0,0,0.0,581,65,0,0,None,,0,1,0.0,0.0,0,0.00,0,0.00,0,0.00,0.00,0,0,Mark,0.0,593,71,0,0,0,False,0.0,582,71,227,False,0.0,577,71,,0,,None,50,272,10,p229600,0,0,None,0,,229600.jpg,0.0,593,71,False,-9,None,-29.6,"[{'offset': 0, 'projected_percent': '-38.7', 'likelihood': -2}, {'offset': 1, 'projected_percent': '-71.4', 'likelihood': -3}, {'offset': 2, 'projected_percent': '-104.1', 'likelihood': -5}]",0,0,104,False,0,0,,[],Travers,0.0,511,58,False,None,0,0,a,0,9,11,2025-07-15,0.0,553,64,0,1597,39,1902,40,0.0,0.0,Travers,0
0,1995-03-09,0,0,True,True,None,None,0,0,0,138001,None,,0,0,0,0,0.0,462,40,0,0,None,,0,1,0.0,0.0,0,0.00,0,0.00,0,0.00,0.00,0,0,Tom,0.0,490,56,0,0,0,False,0.0,470,56,228,False,0.0,465,56,,0,,None,45,439,30,p138001,0,0,None,0,,138001.jpg,0.0,490,56,False,-3,None,-34.3,"[{'offset': 0, 'projected_percent': '-37.4', 'likelihood': -2}, {'offset': 1, 'projected_percent': '-48.6', 'likelihood': -3}, {'offset': 2, 'projected_percent': '-59.8', 'likelihood': -3}]",0,0,244,False,0,0,,[],King,0.0,500,56,False,None,0,0,a,0,9,11,2025-08-15,0.0,411,36,0,1088,21,1593,26,0.0,0.0,King,0
1,1992-11-19,7,138,True,True,None,None,3,0.6,40,17761,None,,0,0,1,-1,14.9,214,71,51,10.2,None,,2,2,8.6,8.6,14,0.04,0.01,0.22,0.05,0.18,6.80,1.36,0.04,James,8.6,2,1,3,0.6,1,False,15.7,93,28,229,True,113.6,21,4,,450,,None,61,58,5,p17761,0,0,None,0,,17761.jpg,8.6,4,2,False,5668,None,24.5,"[{'offset': 0, 'projected_percent': '46.0', 'likelihood': 3}, {'offset': 1, 'projected_percent': '123.5', 'likelihood': 5}, {'offset': 2, 'projected_percent': '201.0', 'likelihood': 5}]",18,0,241,False,0,0.0,,[],Tarkowski,14.2,29,10,False,None,5,1.0,a,11,9,11,2022-07-01,29.0,126,36,43,731307,20499,266573,2987,1.4,7.0,Tarkowski,0
0,2002-06-27,0,97,True,True,None,None,3,0.6,49,480455,None,,0,0,0,0,6.3,264,94,54,10.8,None,,0,2,5.4,5.4,8,0.02,0.0,0.19,0.03,0.17,6.80,1.36,0.03,Jarrad,5.4,29,11,3,0.6,0,False,19.1,62,10,230,False,112.8,24,6,,450,,None,55,153,17,p480455,0,0,None,0,,480455.jpg,5.4,46,17,False,327,None,27.5,"[{'offset': 0, 'projected_percent': '28.7', 'likelihood': 2}, {'offset': 1, 'projected_percent': '33.2', 'likelihood': 2}, {'offset': 2, 'projected_percent': '37.7', 'likelihood': 2}]",14,0,241,False,0,0.0,,[],Branthwaite,2.3,119,48,False,None,5,1.0,a,5,9,11,2020-06-20,73.0,43,4,27,122453,2281,65562,1097,1.0,4.9,Branthwaite,0
0,1993-01-11,0,0,True,True,None,None,0,0,0,106611,None,,0,0,-2,2,0.0,532,199,0,0,None,,0,2,0.0,0.0,0,0.00,0,0.00,0,0.00,0.00,0,0,Michael,0.0,555,202,0,0,0,False,0.0,537,199,231,False,0.0,532,199,,0,,None,48,416,76,p106611,0,0,None,0,,106611.jpg,0.0,555,202,False,-147,None,-17.5,"[{'offset': 0, 'projected_percent': '-25.1', 'likelihood': -2}, {'offset': 1, 'projected_percent': '-52.4', 'likelihood': -3}, {'offset': 2, 'projected_percent': '-79.7', 'likelihood': -3}]",0,0,241,False,0,0,,[],Keane,0.8,207,80,False,None,0,0,a,0,9,11,2017-07-03,0.0,491,194,0,9004,99,87461,662,0.0,0.0,Keane,0
0,2001-05-15,0,5,True,True,None,None,0,0.0,2,512462,None,,0,0,-1,1,0.0,560,204,2,11.25,None,,0,2,0.4,0.4,1,0.00,0.0,0.00,0.0,0.00,0.42,2.36,0.0,Jake,0.4,350,125,0,0.0,0,False,0.1,387,140,232,False,1.0,378,139,,16,,None,49,396,74,p512462,0,0,None,0,,512462.jpg,1.0,336,129,False,-42,None,-96.9,"[{'offset': 0, 'projected_percent': '-102.7', 'likelihood': -5}, {'offset': 1, 'projected_percent': '-123.6', 'likelihood': -5}, {'offset': 2, 'projected_percent': '-144.4', 'likelihood': -5}]",2,0,104,False,0,0.0,,[],O'Brien,0.3,296,107,False,None,0,0.0,a,0,9,11,2024-07-30,0.0,523,201,2,4317,62,23661,190,0.1,0.4,O'Brien,0
0,1999-05-29,3,109,True,True,None,None,3,0.6,25,224967,None,,1,-1,1,-1,28.6,162,50,39,7.8,None,,1,2,5.4,5.4,5,0.16,0.03,0.20,0.04,0.04,6.80,1.36,0.01,Vitalii,5.4,28,10,3,0.6,0,False,12.2,140,52,233,False,86.8,63,26,,450,,None,46,424,81,p224967,0,0,None,0,,224967.jpg,5.4,45,16,False,260,None,0.2,"[{'offset': 0, 'projected_percent': '0.6', 'likelihood': 1}, {'offset': 1, 'projected_percent': '1.9', 'likelihood': 1}, {'offset': 2, 'projected_percent': '3.2', 'likelihood': 1}]",30,0,225,False,0,0.0,,[],Mykolenko,4.2,80,32,False,None,5,1.0,a,14,9,11,2022-01-01,6.0,256,93,27,393155,21963,98654,2201,1.2,5.9,Mykolenko,1
0,2001-10-16,0,0,False,True,0,0,0,0,0,243571,None,,0,0,0,0,0.0,475,186,0,0,None,,0,2,0.0,0.0,0,0.00,0,0.00,0,0.00,0.00,0,0,Nathan,0.0,502,189,0,0,0,False,0.0,482,186,234,False,0.0,477,186,,0,Has joined Torino permanently,2026-09-02T16:05:23.326971Z,45,469,108,p243571,0,0,None,0,,243571.jpg,0.0,502,189,False,-2,None,0.0,"[{'offset': 0, 'projected_percent': '0.0', 'likelihood': 0}, {'offset': 1, 'projected_percent': '0.0', 'likelihood': 0}, {'offset': 2, 'projected_percent': '0.0', 'likelihood': 0}]",0,0,243,False,0,0,,[],Patterson,0.0,587,201,False,None,0,0,u,0,9,11,2022-01-04,0.0,425,175,0,371,0,2339,26,0.0,0.0,Patterson,0
0,2006-06-02,0,0,False,True,0,0,0,0,0,499300,None,,0,0,0,0,0.0,418,156,0,0,None,,0,2,0.0,0.0,0,0.00,0,0.00,0,0.00,0.00,0,0,Adam,0.0,451,160,0,0,0,False,0.0,429,156,235,False,0.0,424,156,,0,Has joined Malaga on loan for the rest of the season,2026-09-01T13:23:16.934847Z,40,629,185,p499300,0,0,None,0,,499300.jpg,0.0,451,160,False,-10,None,0.0,"[{'offset': 0, 'projected_percent': '0.0', 'likelihood': 0}, {'offset': 1, 'projected_percent': '0.0', 'likelihood': 0}, {'offset': 2, 'projected_percent': '0.0', 'likelihood': 0}]",0,0,145,False,0,0,,[],Aznou,0.1,423,153,False,None,0,0,u,0,9,11,2025-07-29,0.0,358,137,0,1728,0,10699,105,0.0,0.0,Aznou,0
0,1998-09-06,3,110,True,True,None,None,3,0.6,5,215413,2,,1,-1,1,-1,129.6,9,8,42,8.4,None,,0,3,4.0,4.0,3,0.83,0.17,1.83,0.37,1.00,6.60,1.32,0.2,Kiernan,4.0,63,26,3,0.6,1,False,32.8,13,11,236,False,101.2,43,18,,450,,None,66,33,22,p215413,0,0,None,0,,215413.jpg,4.0,97,38,False,-1956,None,-2.5,"[{'offset': 0, 'projected_percent': '-15.0', 'likelihood': -1}, {'offset': 1, 'projected_percent': '-59.9', 'likelihood': -3}, {'offset': 2, 'projected_percent': '-104.7', 'likelihood': -5}]",26,0,241,False,0,0.0,,[],Dewsbury-Hall,6.2,61,20,False,None,5,1.0,a,11,9,11,2025-08-06,97.0,23,13,20,571267,20503,287122,7758,0.6,3.0,Dewsbury-Hall,1
0,1995-09-10,0,36,True,True,100,100,1,0.67,2,114283,None,,0,0,0,0,14.1,220,120,13,8.67,None,,0,3,1.2,1.2,3,0.44,0.29,0.46,0.3,0.02,1.55,1.03,0.01,Jack,1.2,261,121,1,0.67,0,False,3.7,288,128,238,False,10.4,297,127,,135,,2026-07-29T10:00:10.492904Z,65,35,23,p114283,0,0,None,0,,114283.jpg,1.5,274,124,False,-31,None,7.6,"[{'offset': 0, 'projected_percent': '7.5', 'likelihood': 1}, {'offset': 1, 'projected_percent': '7.1', 'likelihood': 1}, {'offset': 2, 'projected_percent': '6.6', 'likelihood': 1}]",8,0,241,False,0,0.0,,"[{'property': 'loan_ineligible', 'notes': 'This player will not be available to face their parent club in Gameweek 18 as part of their loan conditions.', 'gameweek': 18, 'url': None}, {'property': 'loan_ineligible', 'notes': 'This player will not be available to face their parent club in Gameweek 28 as part of their loan conditions.', 'gameweek': 28, 'url': None}]",Grealish,0.4,261,86,False,None,1,0.67,a,3,9,11,2026-09-01,12.0,211,108,6,37686,642,20763,479,0.2,0.9,Grealish,0
0,2001-03-13,0,69,True,True,100,100,2,0.55,10,232928,1,,0,0,0,0,49.1,97,66,46,12.62,1,,0,3,2.2,2.2,3,0.17,0.05,0.33,0.09,0.16,3.31,0.91,0.04,James,2.2,155,71,2,0.55,0,False,10.1,174,83,239,False,41.4,179,70,,328,,2026-09-06T18:00:08.301702Z,60,68,47,p232928,0,0,2,0,,232928.jpg,2.2,201,89,False,-31,None,3.2,"[{'offset': 0, 'projected_percent': '3.1', 'likelihood': 1}, {'offset': 1, 'projected_percent': '2.7', 'likelihood': 1}, {'offset': 2, 'projected_percent': '2.2', 'likelihood': 1}]",25,0,241,False,0,0.0,,[],Garner,0.2,320,115,False,None,4,1.1,a,11,9,11,2022-09-01,9.0,235,118,11,19857,405,12269,369,0.4,1.8,Garner,2
0,2006-02-04,3,77,True,True,None,None,2,0.58,5,550615,None,,0,0,0,0,85.4,38,32,18,5.24,None,,0,3,3.8,3.8,1,0.32,0.09,0.67,0.19,0.35,3.69,1.07,0.1,Tyrique,3.8,69,29,3,0.87,1,False,22.0,43,32,242,False,63.6,111,35,,309,,None,55,163,103,p550615,0,0,None,0,,550615.jpg,3.8,105,43,False,-827,None,30.6,"[{'offset': 0, 'projected_percent': '27.4', 'likelihood': 2}, {'offset': 1, 'projected_percent': '16.1', 'likelihood': 1}, {'offset': 2, 'projected_percent': '4.8', 'likelihood': 1}]",12,0,241,False,0,0.0,,[],George,1.0,188,60,False,None,4,1.17,a,1,9,11,2026-07-06,71.0,46,28,19,105334,669,34195,2531,0.7,3.5,George,0
0,2002-11-30,0,5,True,True,None,None,0,0.0,0,502697,None,,0,0,-1,1,0.8,342,170,3,54.0,None,,0,3,0.2,0.2,0,0.02,0.36,0.07,1.26,0.05,0.04,0.72,0.9,Carlos,0.2,395,182,0,0.0,0,False,2.7,302,137,243,False,5.0,337,153,,5,,None,49,395,236,p502697,0,0,None,0,,502697.jpg,0.5,411,195,False,-10,None,-29.4,"[{'offset': 0, 'projected_percent': '-34.5', 'likelihood': -2}, {'offset': 1, 'projected_percent': '-53.1', 'likelihood': -3}, {'offset': 2, 'projected_percent': '-71.6', 'likelihood': -3}]",2,0,10,False,0,0.0,,[],Alcaraz Durán,0.1,449,174,False,None,0,0.0,a,1,9,11,2025-07-01,25.0,134,68,1,2738,37,5499,66,0.0,0.2,Alcaraz,1
1,2007-01-19,0,61,True,True,100,75,3,0.61,13,609873,None,,0,0,0,0,38.2,136,86,40,8.07,None,,0,3,3.2,2.4,2,0.49,0.1,0.70,0.14,0.21,6.80,1.37,0.04,Harrison,3.2,89,36,3,0.61,0,False,11.2,151,73,244,False,57.6,131,43,,446,,2026-09-17T08:30:08.942299Z,50,333,201,p609873,0,0,None,0,,609873.jpg,3.2,123,49,False,-88,None,9.3,"[{'offset': 0, 'projected_percent': '8.9', 'likelihood': 1}, {'offset': 1, 'projected_percent': '7.7', 'likelihood': 1}, {'offset': 2, 'projected_percent': '6.5', 'likelihood': 1}]",19,0,241,False,0,0.0,,[],Armstrong,0.4,269,90,False,None,5,1.01,a,8,9,11,2024-08-09,15.0,188,96,16,53158,98,30401,1047,0.6,3.2,Armstrong,2
0,2006-02-17,0,10,True,True,None,None,0,0.0,0,496661,None,,0,0,-1,1,0.0,628,273,0,0.0,None,,0,3,0.2,0.2,1,0.16,0.6,0.36,1.35,0.20,0.36,1.35,0.75,Tyler,0.2,411,194,0,0.0,0,False,0.0,629,272,245,False,0.0,625,271,,24,,None,54,208,131,p496661,0,0,None,0,,496661.jpg,1.0,379,177,False,-7,None,-79.3,"[{'offset': 0, 'projected_percent': '-89.5', 'likelihood': -3}, {'offset': 1, 'projected_percent': '-126.3', 'likelihood': -5}, {'offset': 2, 'projected_percent': '-163.1', 'likelihood': -5}]",0,0,241,False,0,0.0,,[],Dibling,0.0,543,222,False,None,0,0.0,a,0,9,11,2025-08-25,0.0,615,266,1,1072,17,2526,27,0.0,0.2,Dibling,0
0,2002-07-05,0,35,True,True,0,0,1,0.36,6,513466,None,,0,0,-1,1,32.1,151,93,24,8.67,None,,0,3,0.0,0.0,0,0.20,0.07,0.20,0.07,0.00,4.52,1.63,0.0,Merlin,1.2,248,114,2,0.72,0,False,6.1,239,108,246,False,26.6,233,95,,249,Unspecified injury - Expected back 11 Oct,2026-09-16T18:00:09.541933Z,49,397,237,p513466,0,0,None,0,,513466.jpg,2.0,213,93,False,-21,None,-16.7,"[{'offset': 0, 'projected_percent': '-24.7', 'likelihood': -2}, {'offset': 1, 'projected_percent': '-53.7', 'likelihood': -3}, {'offset': 2, 'projected_percent': '-82.6', 'likelihood': -3}]",13,0,80,False,0,0.0,,[],Röhl,0.0,513,206,False,None,3,1.08,i,5,9,11,2026-06-15,2.0,303,148,6,1959,4,4258,158,0.2,1.2,Röhl,1
1,2002-06-26,0,39,True,True,100,100,1,0.66,4,244860,3,,0,0,0,0,49.9,94,64,12,7.88,None,,0,3,2.0,2.0,1,0.13,0.09,0.18,0.12,0.05,3.91,2.57,0.03,Hayden,2.0,163,74,1,0.66,0,False,11.1,154,75,247,False,40.2,182,72,,137,,2026-08-26T22:00:07.797766Z,55,139,85,p244860,0,0,None,0,,244860.jpg,2.0,222,98,False,-42,None,-88.1,"[{'offset': 0, 'projected_percent': '-96.8', 'likelihood': -4}, {'offset': 1, 'projected_percent': '-128.2', 'likelihood': -5}, {'offset': 2, 'projected_percent': '-159.7', 'likelihood': -5}]",5,0,241,False,0,0.0,,[],Hackney,0.2,337,120,False,None,1,0.66,a,3,9,11,2026-07-02,21.0,151,78,10,3592,41,11022,182,0.4,1.8,Hackney,0
0,1998-01-31,0,5,False,True,0,0,0,0.0,1,486385,None,,0,0,-1,1,0.3,367,46,1,2.9,None,,0,4,0.0,0.0,0,0.00,0.0,0.09,0.26,0.09,1.92,5.57,0.26,Norberto Bercique,0.4,366,41,0,0.0,0,False,0.8,361,41,248,False,3.0,359,39,Beto,31,Has joined Fiorentina permanently,2026-09-02T16:05:23.357221Z,54,207,47,p486385,0,0,None,0,,486385.jpg,1.0,378,44,False,-176,None,0.0,"[{'offset': 0, 'projected_percent': '0.0', 'likelihood': 0}, {'offset': 1, 'projected_percent': '0.0', 'likelihood': 0}, {'offset': 2, 'projected_percent': '0.0', 'likelihood': 0}]",0,0,90,False,0,0.0,,[],Gomes Betuncal,0.7,223,37,False,None,0,0.0,u,0,9,11,2023-08-29,5.0,272,39,2,16222,0,213789,1467,0.1,0.4,Beto,0
0,2002-10-21,2,83,True,True,None,None,3,0.65,5,586309,None,,0,0,1,-1,59.7,70,4,17,3.67,None,,0,4,4.0,4.0,6,0.15,0.03,3.72,0.8,3.57,4.88,1.05,0.77,Thierno,4.0,61,6,3,0.65,2,False,29.1,19,4,249,False,51.4,152,10,,417,,None,56,122,31,p586309,0,0,1,0,,586309.jpg,4.0,93,7,False,1618,None,86.2,"[{'offset': 0, 'projected_percent': '92.3', 'likelihood': 3}, {'offset': 1, 'projected_percent': '114.4', 'likelihood': 5}, {'offset': 2, 'projected_percent': '136.5', 'likelihood': 5}]",11,0,73,False,0,0.0,,[],Barry,7.9,49,8,False,None,5,1.08,a,1,9,11,2025-07-09,180.0,3,2,20,896178,14023,324277,6101,0.7,3.6,Barry,0
0,1997-08-29,2,75,True,True,None,None,2,1.02,8,154043,None,,0,0,0,0,12.8,230,80,13,6.61,None,,1,2,7.0,7.0,8,0.25,0.13,0.31,0.16,0.06,1.86,0.95,0.03,Ainsley,7.0,6,4,1,0.51,1,False,6.4,232,86,649,False,43.4,173,73,,177,,None,45,441,89,p154043,0,0,None,0,,154043.jpg,7.0,14,6,False,378,None,11.3,"[{'offset': 0, 'projected_percent': '12.7', 'likelihood': 1}, {'offset': 1, 'projected_percent': '17.9', 'likelihood': 1}, {'offset': 2, 'projected_percent': '23.1', 'likelihood': 2}]",7,0,241,False,0,0.0,,[],Maitland-Niles,1.0,182,68,False,None,2,1.02,a,5,9,11,2026-09-01,8.0,237,83,21,74593,1561,10461,569,1.6,4.7,Maitland-Niles,0
0,2007-11-07,0,0,True,True,None,None,0,0,0,629068,None,,0,0,0,0,0.0,520,212,0,0,None,,0,3,0.0,0.0,0,0.00,0,0.00,0,0.00,0.00,0,0,Braiden,0.0,545,220,0,0,0,False,0.0,526,207,654,False,0.0,521,205,,0,,None,45,539,282,p629068,0,0,None,0,,629068.jpg,0.0,545,220,False,0,2026-09-19T17:46:58.377521Z,0.0,"[{'offset': 0, 'projected_percent': '0.0', 'likelihood': 0}, {'offset': 1, 'projected_percent': '0.0', 'likelihood': 0}, {'offset': 2, 'projected_percent': '0.0', 'likelihood': 0}]",0,0,242,False,0,0,,[],Graham,0.1,410,151,False,None,0,0,a,0,9,11,2025-12-29,0.0,479,184,0,11087,41,4453,148,0.0,0.0,Graham,0
0,1992-03-04,2,59,True,True,None,None,1,0.25,4,80201,None,,0,0,0,0,0.0,456,35,0,0.0,None,,0,1,3.0,3.0,0,0.00,0.0,0.00,0.0,0.00,7.51,1.88,0.0,Bernd,3.0,98,11,7,1.75,0,False,9.3,183,9,250,False,93.0,58,9,,360,,None,45,431,25,p80201,0,0,None,0,,80201.jpg,3.8,101,10,False,262,None,4.6,"[{'offset': 0, 'projected_percent': '5.6', 'likelihood': 1}, {'offset': 1, 'projected_percent': '9.1', 'likelihood': 1}, {'offset': 2, 'projected_percent': '12.7', 'likelihood': 1}]",33,0,80,False,11,2.75,,[],Leno,3.2,100,16,False,None,4,1.0,a,0,10,54,2022-08-02,0.0,405,31,15,117036,6139,92178,1136,0.7,3.3,Leno,0
0,1991-04-26,0,0,True,True,None,None,0,0,0,86873,None,,0,0,0,0,0.0,391,11,0,0,None,,0,1,0.0,0.0,0,0.00,0,0.00,0,0.00,0.00,0,0,Benjamin,0.0,426,31,0,0,0,False,0.0,403,30,251,False,0.0,399,30,,0,,None,40,591,55,p86873,0,0,None,0,,86873.jpg,0.0,426,31,False,4,None,-19.9,"[{'offset': 0, 'projected_percent': '-19.8', 'likelihood': -1}, {'offset': 1, 'projected_percent': '-19.4', 'likelihood': -1}, {'offset': 2, 'projected_percent': '-18.9', 'likelihood': -1}]",0,0,73,False,0,0,,[],Lecomte,1.1,169,25,False,None,0,0,a,0,10,54,2025-07-26,0.0,331,7,0,23361,633,23779,344,0.0,0.0,Lecomte,0
0,None,0,0,False,True,0,0,0,0,0,505079,None,,0,0,0,0,0.0,420,27,0,0,None,,0,1,0.0,0.0,0,0.00,0,0.00,0,0.00,0.00,0,0,Alfie,0.0,453,47,0,0,0,False,0.0,431,46,252,False,0.0,426,46,,0,Has joined York City on loan for the rest of the season,2026-09-01T13:25:11.231240Z,40,631,71,p505079,0,0,None,0,,505079.jpg,0.0,453,47,False,-5,None,0.0,"[{'offset': 0, 'projected_percent': '0.0', 'likelihood': 0}, {'offset': 1, 'projected_percent': '0.0', 'likelihood': 0}, {'offset': 2, 'projected_percent': '0.0', 'likelihood': 0}]",0,0,None,False,0,0,,[],McNally,0.1,395,46,False,None,0,0,u,0,10,54,None,0.0,360,23,0,2589,0,6123,127,0.0,0.0,McNally,0
0,1996-05-31,0,12,True,True,100,100,0,0.0,13,174874,None,,0,0,0,0,35.8,140,41,15,7.5,None,,0,2,0.4,0.4,0,0.10,0.05,0.10,0.05,0.00,3.99,2.0,0.0,Joachim,0.4,354,126,4,2.0,0,False,8.6,196,73,253,False,42.2,174,74,,180,,2026-07-23T12:01:23.516350Z,50,253,37,p174874,0,0,None,0,,174874.jpg,1.0,345,130,False,43,None,0.2,"[{'offset': 0, 'projected_percent': '0.4', 'likelihood': 1}, {'offset': 1, 'projected_percent': '1.0', 'likelihood': 1}, {'offset': 2, 'projected_percent': '1.5', 'likelihood': 1}]",9,0,58,False,0,0.0,,[],Andersen,0.1,374,143,False,None,2,1.0,a,2,10,54,2024-08-23,8.0,240,85,2,12419,545,8255,145,0.1,0.4,Andersen,1
0,1997-08-08,0,46,True,True,None,None,1,0.27,14,169528,None,,0,0,0,0,76.7,46,6,24,6.37,None,,0,2,2.0,2.0,0,0.21,0.06,0.47,0.13,0.26,7.48,1.99,0.07,Antonee,2.0,158,58,7,1.86,0,False,15.8,90,25,254,False,63.6,110,52,Antonee Robinson,339,,None,45,444,92,p169528,0,0,2,0,,169528.jpg,2.5,173,67,False,111,None,-30.5,"[{'offset': 0, 'projected_percent': '-27.3', 'likelihood': -2}, {'offset': 1, 'projected_percent': '-16.0', 'likelihood': -1}, {'offset': 2, 'projected_percent': '-4.7', 'likelihood': -1}]",16,0,229,False,0,0.0,,[],Robinson,1.4,154,63,False,None,4,1.06,a,10,10,54,2020-08-20,18.0,163,49,10,45665,3180,64748,773,0.4,2.2,Robinson,0
0,1999-11-17,0,7,True,True,None,None,0,0.0,9,246301,None,,0,0,0,0,21.3,190,62,10,10.0,None,,0,2,0.6,0.6,0,0.03,0.03,0.03,0.03,0.00,2.24,2.24,0.0,Jorge,0.6,302,109,3,3.0,0,False,5.4,250,92,255,False,32.8,214,91,,90,,None,45,473,112,p246301,0,0,None,0,,246301.jpg,3.0,130,53,False,0,None,-60.6,"[{'offset': 0, 'projected_percent': '-60.6', 'likelihood': -3}, {'offset': 1, 'projected_percent': '-60.6', 'likelihood': -3}, {'offset': 2, 'projected_percent': '-60.6', 'likelihood': -3}]",3,0,200,False,0,0.0,,[],Cuenca Barreno,0.0,549,189,False,None,1,1.0,a,1,10,54,2024-08-03,0.0,427,177,3,1492,12,1907,14,0.1,0.7,J.Cuenca,0
0,1995-10-09,0,-1,True,True,0,0,0,0.0,3,167074,None,,0,0,-1,1,0.3,362,138,3,10.0,None,,0,2,0.0,0.0,0,0.00,0.0,0.00,0.0,0.00,0.65,2.17,0.0,Kenny,0.0,476,181,0,0.0,0,False,0.4,369,134,256,False,1.6,370,137,,27,Concussion - Expected back 10 Oct,2026-09-18T12:30:09.546158Z,44,557,141,p167074,0,0,None,0,,167074.jpg,0.0,476,181,False,-32,None,-21.1,"[{'offset': 0, 'projected_percent': '-23.6', 'likelihood': -2}, {'offset': 1, 'projected_percent': '-32.6', 'likelihood': -2}, {'offset': 2, 'projected_percent': '-41.6', 'likelihood': -3}]",0,0,152,False,0,0.0,https://www.fulhamfc.com/news/2026/september/18/team-news-concussion-rules-tete-out-but-sessegnon-could-return/,[],Tete,0.2,343,130,False,None,0,0.0,i,0,10,54,2020-09-10,2.0,298,111,0,1333,2,9794,349,0.0,0.0,Tete,1
0,1999-12-31,0,43,True,True,None,None,1,0.25,17,232892,None,,0,0,0,0,13.5,224,78,21,5.25,None,,0,2,1.8,1.8,0,0.07,0.02,0.14,0.04,0.07,7.51,1.88,0.02,Calvin,1.8,172,63,7,1.75,0,False,10.7,165,63,257,False,70.4,92,40,,360,,None,45,464,105,p232892,0,0,None,0,,232892.jpg,2.2,190,74,False,24,None,-18.3,"[{'offset': 0, 'projected_percent': '-16.9', 'likelihood': -1}, {'offset': 1, 'projected_percent': '-11.9', 'likelihood': -1}, {'offset': 2, 'projected_percent': '-6.8', 'likelihood': -1}]",15,0,157,False,0,0.0,,[],Bassey,0.7,218,84,False,None,4,1.0,a,4,10,54,2023-07-28,23.0,141,43,9,21418,404,28367,221,0.4,2.0,Bassey,1
2,1995-12-05,0,61,True,True,None,None,2,0.57,14,166477,None,,0,0,0,0,53.4,81,18,20,5.66,None,,0,2,3.8,3.8,0,0.38,0.11,1.05,0.3,0.67,5.21,1.47,0.19,Timothy,3.8,65,26,6,1.7,0,False,17.8,71,16,258,False,69.8,95,42,,318,,None,45,443,91,p166477,0,0,None,0,,166477.jpg,4.8,58,25,False,215,None,11.4,"[{'offset': 0, 'projected_percent': '12.2', 'likelihood': 1}, {'offset': 1, 'projected_percent': '15.2', 'likelihood': 1}, {'offset': 2, 'projected_percent': '18.1', 'likelihood': 1}]",14,0,21,False,0,0.0,,[],Castagne,0.9,195,73,False,None,4,1.13,a,6,10,54,2023-08-29,55.0,65,9,19,80982,4340,39281,552,0.8,4.2,Castagne,1
0,1996-05-03,0,67,True,True,None,None,1,0.27,4,153133,1,,0,0,-1,1,104.2,26,24,22,5.86,1,,0,3,1.8,1.8,0,0.81,0.22,1.01,0.27,0.20,7.04,1.87,0.05,Alex,1.8,182,85,7,1.86,0,False,16.7,80,48,261,False,39.6,185,74,,338,,None,54,173,110,p153133,0,0,3,0,,153133.jpg,2.2,197,86,False,-95,None,-58.0,"[{'offset': 0, 'projected_percent': '-63.7', 'likelihood': -3}, {'offset': 1, 'projected_percent': '-84.5', 'likelihood': -3}, {'offset': 2, 'projected_percent': '-105.2', 'likelihood': -5}]",14,0,157,False,0,0.0,,[],Iwobi,0.6,227,71,False,None,4,1.07,a,4,10,54,2023-09-01,23.0,143,72,9,19168,248,52976,615,0.3,1.7,Iwobi,0
0,2000-07-28,0,11,True,True,None,None,0,0.0,1,209289,None,,0,0,-1,1,23.8,177,102,3,7.11,None,,0,3,0.6,0.6,0,0.02,0.05,0.08,0.19,0.06,0.87,2.06,0.14,Emile,0.6,317,150,0,0.0,0,False,4.0,278,122,262,False,6.6,323,146,,38,,None,54,182,116,p209289,0,0,None,0,,209289.jpg,1.0,370,172,False,-34,None,-78.6,"[{'offset': 0, 'projected_percent': '-84.1', 'likelihood': -3}, {'offset': 1, 'projected_percent': '-104.2', 'likelihood': -5}, {'offset': 2, 'projected_percent': '-124.3', 'likelihood': -5}]",2,0,241,False,0,0.0,,[],Smith Rowe,0.2,311,109,False,None,0,0.0,a,0,10,54,2024-08-02,9.0,231,114,3,4253,55,19843,184,0.1,0.6,Smith Rowe,0
0,2003-01-04,0,8,True,True,None,None,0,0.0,0,560552,4,,0,0,-2,2,6.7,260,134,6,12.86,None,,0,3,0.6,0.6,0,0.12,0.26,0.15,0.32,0.03,0.74,1.59,0.06,Kevin,0.6,314,148,0,0.0,0,False,1.3,342,157,263,False,5.4,331,150,Kevin,42,,None,53,234,147,p560552,0,0,None,0,,560552.jpg,1.0,364,167,False,-4,None,-0.9,"[{'offset': 0, 'projected_percent': '-4.8', 'likelihood': -1}, {'offset': 1, 'projected_percent': '-19.1', 'likelihood': -1}, {'offset': 2, 'projected_percent': '-33.4', 'likelihood': -2}]",3,0,30,False,0,0.0,,[],Santos Lopes de Macedo,0.0,505,201,False,None,0,0.0,a,3,10,54,2025-09-01,1.0,318,157,3,1842,38,3984,47,0.1,0.6,Kevin,0
0,2003-07-12,0,47,True,True,None,None,2,0.66,4,477555,2,,0,0,0,0,115.0,17,16,22,7.25,None,,0,3,2.0,2.0,0,1.05,0.35,1.37,0.46,0.32,5.07,1.67,0.11,Oscar,2.0,165,75,6,1.98,0,False,22.2,42,31,264,False,38.0,191,76,,273,,None,55,152,95,p477555,0,0,None,0,,477555.jpg,2.5,176,76,False,-23,None,-53.8,"[{'offset': 0, 'projected_percent': '-57.0', 'likelihood': -3}, {'offset': 1, 'projected_percent': '-68.5', 'likelihood': -3}, {'offset': 2, 'projected_percent': '-80.0', 'likelihood': -3}]",12,0,161,False,0,0.0,,[],Bobb,0.3,297,103,False,None,4,1.32,a,6,10,54,2026-01-30,69.0,49,30,10,14325,322,19377,271,0.4,1.8,Bobb,0
0,1998-02-14,0,51,True,True,None,None,1,0.33,5,207189,None,,0,0,-1,1,65.6,58,47,17,5.6,None,,0,3,1.6,1.6,0,0.34,0.11,0.37,0.12,0.03,6.18,2.04,0.01,Sander,1.6,195,90,5,1.65,0,False,12.2,141,70,265,False,41.4,178,69,,273,,None,49,359,215,p207189,0,0,None,0,,207189.jpg,2.0,210,92,False,-32,None,-24.4,"[{'offset': 0, 'projected_percent': '-28.9', 'likelihood': -2}, {'offset': 1, 'projected_percent': '-44.9', 'likelihood': -3}, {'offset': 2, 'projected_percent': '-61.0', 'likelihood': -3}]",8,0,161,False,0,0.0,,[],Berge,0.3,295,102,False,None,3,0.99,a,4,10,54,2024-08-22,15.0,183,92,8,5814,83,16998,242,0.3,1.6,Berge,0
0,1991-01-20,0,0,True,True,0,0,0,0,0,76357,None,,0,0,-1,1,0.0,534,221,0,0,None,,0,3,0.0,0.0,0,0.00,0,0.00,0,0.00,0.00,0,0,Tom,0.0,556,227,0,0,0,False,0.0,539,216,266,False,0.0,534,214,,0,Knee injury - Expected back 10 Oct,2026-08-14T18:00:06.460944Z,49,344,207,p76357,0,0,None,0,,76357.jpg,0.0,556,227,False,-1,None,-8.4,"[{'offset': 0, 'projected_percent': '-14.3', 'likelihood': -1}, {'offset': 1, 'projected_percent': '-35.6', 'likelihood': -2}, {'offset': 2, 'projected_percent': '-57.0', 'likelihood': -3}]",0,0,243,False,0,0,https://www.fulhamfc.com/news/2026/august/21/team-news-joachim-andersen-tom-cairney-absent-for-chelsea/,[],Cairney,0.0,643,282,False,None,0,0,i,0,10,54,2015-07-07,0.0,493,193,0,102,1,317,6,0.0,0.0,Cairney,0
0,2007-01-03,3,99,True,True,None,None,1,0.26,4,577725,None,,0,0,0,0,60.4,67,52,23,5.98,None,,0,3,4.4,4.4,0,0.43,0.11,1.59,0.41,1.16,7.04,1.83,0.3,Josh,4.4,49,20,7,1.82,2,False,30.2,16,13,268,False,108.2,34,14,,346,,None,55,166,105,p577725,0,0,None,0,,577725.jpg,5.5,42,22,False,695,None,66.6,"[{'offset': 0, 'projected_percent': '69.2', 'likelihood': 3}, {'offset': 1, 'projected_percent': '78.7', 'likelihood': 3}, {'offset': 2, 'projected_percent': '88.2', 'likelihood': 3}]",12,0,241,False,0,0.0,,[],King,2.1,124,37,False,None,4,1.04,a,7,10,54,2024-02-02,133.0,8,3,22,261667,17532,81132,2564,0.8,4.0,King,0
0,2000-05-18,0,13,True,True,75,75,0,0.0,2,184349,3,,0,0,-1,1,26.3,170,54,3,5.4,None,,0,2,0.4,0.4,0,0.44,0.79,0.57,1.02,0.13,1.80,3.24,0.23,Ryan,0.6,299,106,1,1.8,0,False,7.5,210,77,269,False,17.2,270,110,,50,Groin injury - 75% chance of playing,2026-09-14T11:30:07.403957Z,44,558,142,p184349,0,0,None,0,,184349.jpg,1.0,306,112,False,-50,None,-51.5,"[{'offset': 0, 'projected_percent': '-55.5', 'likelihood': -3}, {'offset': 1, 'projected_percent': '-69.8', 'likelihood': -3}, {'offset': 2, 'projected_percent': '-84.2', 'likelihood': -3}]",3,0,241,False,0,0.0,https://www.fulhamfc.com/news/2026/september/18/team-news-concussion-rules-tete-out-but-sessegnon-could-return/,[],Sessegnon,0.3,301,110,False,None,0,0.0,d,1,10,54,2024-07-26,31.0,120,33,3,2449,6,18030,332,0.1,0.7,Sessegnon,0
0,1995-01-27,0,0,True,True,None,None,0,0,0,153366,None,,0,0,-1,1,0.0,444,188,0,0,None,,0,3,0.0,0.0,0,0.00,0,0.00,0,0.00,0.00,0,0,Harrison,0.0,475,196,0,0,0,False,0.0,455,183,270,False,0.0,450,181,,0,,None,44,556,292,p153366,0,0,None,0,,153366.jpg,0.0,475,196,False,-140,None,0.2,"[{'offset': 0, 'projected_percent': '-3.3', 'likelihood': -1}, {'offset': 1, 'projected_percent': '-20.6', 'likelihood': -2}, {'offset': 2, 'projected_percent': '-38.0', 'likelihood': -2}]",0,0,241,False,0,0,,[],Reed,1.1,168,53,False,None,0,0,a,0,10,54,2020-08-30,0.0,391,160,0,34036,544,67319,1094,0.0,0.0,Reed,0
0,2001-05-04,0,15,True,True,None,None,0,0.0,2,244042,None,,0,0,-1,1,21.9,189,22,2,6.43,None,,0,4,0.6,0.6,0,0.00,0.0,0.40,1.29,0.40,0.49,1.58,1.29,Rodrigo,0.6,320,38,0,0.0,0,False,6.9,222,23,271,False,11.2,291,29,Rodrigo Muniz,28,,None,54,190,44,p244042,0,0,None,0,,244042.jpg,1.0,372,42,False,-16,None,-34.8,"[{'offset': 0, 'projected_percent': '-36.3', 'likelihood': -2}, {'offset': 1, 'projected_percent': '-41.8', 'likelihood': -3}, {'offset': 2, 'projected_percent': '-47.4', 'likelihood': -3}]",0,0,30,False,0,0.0,,[],Muniz Carvalho,0.4,265,46,False,None,0,0.0,a,0,10,54,2021-08-20,36.0,112,23,3,14692,363,32766,325,0.1,0.6,Muniz,0
0,2007-07-04,0,0,True,True,None,None,0,0,0,631786,None,,0,0,0,0,0.0,522,60,0,0,None,,0,4,0.0,0.0,0,0.00,0,0.00,0,0.00,0.00,0,0,Jonah,0.0,547,61,0,0,0,False,0.0,528,58,272,False,0.0,523,55,,0,,None,45,541,77,p631786,0,0,None,0,,631786.jpg,0.0,547,61,False,-476,None,-46.0,"[{'offset': 0, 'projected_percent': '-49.3', 'likelihood': -3}, {'offset': 1, 'projected_percent': '-61.4', 'likelihood': -3}, {'offset': 2, 'projected_percent': '-73.4', 'likelihood': -3}]",0,0,206,False,0,0,,[],Kusi-Asare,5.6,69,9,False,None,0,0,a,0,10,54,2026-06-27,0.0,481,54,0,151583,2112,272870,5065,0.0,0.0,Kusi-Asare,0
0,2004-03-24,0,50,True,True,None,None,1,0.26,6,551466,None,,0,0,0,0,32.0,152,14,16,4.16,None,,0,4,2.4,2.4,0,0.25,0.07,1.89,0.5,1.64,7.04,1.83,0.43,Gonzalo,2.4,143,14,7,1.82,1,False,19.8,52,9,569,False,53.0,145,9,,346,,None,60,73,17,p551466,0,0,1,0,,551466.jpg,3.0,151,15,False,361,None,48.3,"[{'offset': 0, 'projected_percent': '49.6', 'likelihood': 3}, {'offset': 1, 'projected_percent': '54.6', 'likelihood': 3}, {'offset': 2, 'projected_percent': '59.5', 'likelihood': 3}]",8,0,200,False,0,0.0,,[],García,3.7,91,11,False,None,4,1.04,a,2,10,54,2026-08-03,113.0,16,8,12,374058,11749,284073,4688,0.4,2.0,Gonzalo,0
0,2004-11-11,1,43,True,True,None,None,0,0.0,3,571779,None,,0,0,-1,1,22.3,186,105,13,5.65,None,,0,3,2.2,2.2,0,0.03,0.01,1.01,0.44,0.98,4.97,2.16,0.43,César,2.2,152,69,6,2.61,1,False,12.4,137,69,570,False,39.6,186,75,,207,,None,54,218,139,p571779,0,0,None,0,,571779.jpg,3.7,109,46,False,-2,None,0.0,"[{'offset': 0, 'projected_percent': '0.0', 'likelihood': 0}, {'offset': 1, 'projected_percent': '-0.4', 'likelihood': -1}, {'offset': 2, 'projected_percent': '-2.3', 'likelihood': -1}]",8,0,200,False,0,0.0,,[],Palacios,0.2,357,129,False,None,3,1.3,a,2,10,54,2026-08-03,62.0,56,36,11,5528,239,9784,138,0.4,2.0,Palacios,1
0,2003-11-05,0,44,True,True,None,None,1,0.42,12,463210,None,,0,0,0,0,42.7,120,75,33,13.94,None,,0,3,1.8,1.8,0,0.14,0.06,0.23,0.1,0.09,5.05,2.13,0.04,Shea,1.8,180,83,4,1.69,0,False,10.2,172,82,580,False,45.4,169,65,,213,,None,50,289,174,p463210,0,0,None,0,,463210.jpg,2.2,195,84,False,-8,None,-87.8,"[{'offset': 0, 'projected_percent': '-92.0', 'likelihood': -3}, {'offset': 1, 'projected_percent': '-107.1', 'likelihood': -5}, {'offset': 2, 'projected_percent': '-122.1', 'likelihood': -5}]",19,0,242,False,0,0.0,,[],Charles,0.1,458,180,False,None,2,0.85,a,2,10,54,2026-08-11,14.0,195,100,9,1796,66,3734,58,0.4,1.8,Charles,0
0,2005-10-12,0,0,False,True,0,0,0,0,0,547686,None,,0,0,0,0,0.0,425,162,0,0,None,,0,2,0.0,0.0,0,0.00,0,0.00,0,0.00,0.00,0,0,Luc,0.0,458,166,0,0,0,False,0.0,436,162,610,False,0.0,431,162,,0,has joined  Real Salt Lake on loan for the rest of the seaon.,2026-08-28T11:30:08.336405Z,40,637,192,p547686,0,0,None,0,,547686.jpg,0.0,458,166,False,-12,None,0.0,"[{'offset': 0, 'projected_percent': '0.0', 'likelihood': 0}, {'offset': 1, 'projected_percent': '0.0', 'likelihood': 0}, {'offset': 2, 'projected_percent': '0.0', 'likelihood': 0}]",0,0,39,False,0,0,,[],De Fougerolles,0.1,451,162,False,None,0,0,u,0,10,54,2023-07-19,0.0,365,143,0,5787,0,4849,103,0.0,0.0,De Fougerolles,0
0,2008-07-07,0,0,True,True,None,None,0,0,0,616069,None,,0,0,0,0,0.0,517,210,0,0,None,,0,3,0.0,0.0,0,0.00,0,0.00,0,0.00,0.00,0,0,Macaulay,0.0,542,218,0,0,0,False,0.0,523,205,626,False,0.0,518,203,,0,,None,45,534,279,p616069,0,0,None,0,,616069.jpg,0.0,542,218,False,-56,None,-66.0,"[{'offset': 0, 'projected_percent': '-73.4', 'likelihood': -3}, {'offset': 1, 'projected_percent': '-99.9', 'likelihood': -4}, {'offset': 2, 'projected_percent': '-126.4', 'likelihood': -5}]",0,0,38,False,0,0,,[],Zepa,0.3,291,100,False,None,0,0,a,0,10,54,2026-07-06,0.0,475,182,0,34193,26,16615,401,0.0,0.0,Zepa,0
0,2004-06-27,0,6,True,True,None,None,0,0.0,0,551050,None,,0,0,0,0,1.8,318,161,2,7.5,None,,0,3,0.7,0.7,0,0.23,0.86,0.36,1.35,0.13,0.46,1.72,0.49,Hugo,0.7,293,136,0,0.0,0,False,1.5,335,153,635,False,3.6,349,160,,24,,None,50,325,196,p551050,0,0,None,0,,551050.jpg,1.0,353,160,False,3,None,0.0,"[{'offset': 0, 'projected_percent': '0.0', 'likelihood': 0}, {'offset': 1, 'projected_percent': '0.1', 'likelihood': 1}, {'offset': 2, 'projected_percent': '0.1', 'likelihood': 1}]",1,0,206,False,0,0.0,,[],Larsson,0.0,622,266,False,None,0,0.0,a,1,10,54,2026-09-01,9.0,230,113,2,761,16,245,12,0.1,0.4,Larsson,0
0,2004-03-15,0,0,True,True,None,None,0,0,0,500033,None,,0,0,0,0,0.0,603,257,0,0,None,,0,3,0.0,0.0,0,0.00,0,0.00,0,0.00,0.00,0,0,Manuel Ángel,0.0,609,259,0,0,0,False,0.0,601,254,636,False,0.0,596,252,Manuel Ángel,0,,None,50,310,185,p500033,0,0,None,0,,500033.jpg,0.0,609,259,False,-1,None,0.0,"[{'offset': 0, 'projected_percent': '-10.5', 'likelihood': -1}, {'offset': 1, 'projected_percent': '-61.3', 'likelihood': -3}, {'offset': 2, 'projected_percent': '-112.1', 'likelihood': -5}]",0,0,200,False,0,0,,[],Morán Ibáñez,0.0,640,279,False,None,0,0,a,0,10,54,2026-09-01,0.0,578,242,0,341,4,144,2,0.0,0.0,Ángel,0
0,2001-03-19,0,23,True,True,None,None,1,1.0,11,442299,None,,0,0,0,0,3.3,293,103,12,12.0,None,,0,2,2.7,2.7,0,0.00,0.0,0.00,0.0,0.00,1.28,1.28,0.0,David,2.7,122,42,0,0.0,0,False,2.2,318,115,650,False,18.6,265,108,,90,,None,45,479,117,p442299,0,0,None,0,,442299.jpg,8.0,8,4,False,17,None,0.4,"[{'offset': 0, 'projected_percent': '0.4', 'likelihood': 1}, {'offset': 1, 'projected_percent': '0.7', 'likelihood': 1}, {'offset': 2, 'projected_percent': '0.9', 'likelihood': 1}]",3,0,14,False,0,0.0,,[],Affengruber,0.0,546,188,False,None,1,1.0,a,1,10,54,2026-09-01,0.0,431,180,8,3146,268,671,49,0.6,1.8,Affengruber,0
0,2003-06-30,0,10,True,True,100,100,0,0.0,1,490094,None,,0,0,0,0,0.2,372,184,9,11.57,None,,0,3,0.4,0.4,1,0.01,0.01,0.11,0.14,0.10,0.52,0.67,0.13,Tim,0.4,355,167,0,0.0,0,False,0.3,378,175,240,False,3.0,358,163,,70,,2026-08-15T20:00:06.878792Z,50,300,179,p490094,0,0,None,0,,490094.jpg,0.7,406,193,False,-5,None,0.1,"[{'offset': 0, 'projected_percent': '0.1', 'likelihood': 1}, {'offset': 1, 'projected_percent': '0.0', 'likelihood': 0}, {'offset': 2, 'projected_percent': '-34.4', 'likelihood': -2}]",5,0,241,False,0,0.0,,[],Iroegbunam,0.0,579,240,False,None,0,0.0,a,3,11,88,2026-09-01,0.0,571,238,2,1050,12,1044,30,0.1,0.4,Iroegbunam,1
0,1995-06-11,0,0,True,True,None,None,0,0,0,167825,None,,0,0,0,0,0.0,398,16,0,0,None,,0,1,0.0,0.0,0,0.00,0,0.00,0,0.00,0.00,0,0,Dillon,0.0,432,36,0,0,0,False,0.0,409,35,273,False,0.0,405,35,,0,,None,40,598,60,p167825,0,0,None,0,,167825.jpg,0.0,432,36,False,-18,None,-23.3,"[{'offset': 0, 'projected_percent': '-23.8', 'likelihood': -2}, {'offset': 1, 'projected_percent': '-25.6', 'likelihood': -2}, {'offset': 2, 'projected_percent': '-27.4', 'likelihood': -2}]",0,0,241,False,0,0,,[],Phillips,1.4,153,23,False,None,0,0,a,0,11,88,2025-07-01,0.0,338,12,0,26601,476,35345,462,0.0,0.0,Phillips,0
0,1993-03-10,0,0,True,True,0,0,0,0,0,105666,None,,0,0,0,0,0.0,459,37,0,0,None,,0,1,0.0,0.0,0,0.00,0,0.00,0,0.00,0.00,0,0,Jack,0.0,488,54,0,0,0,False,0.0,468,54,274,False,0.0,463,54,,0,Arm injury - Unknown return date,2026-08-08T19:00:05.601633Z,45,436,27,p105666,0,0,None,0,,105666.jpg,0.0,488,54,False,-6,None,-92.5,"[{'offset': 0, 'projected_percent': '-93.8', 'likelihood': -3}, {'offset': 1, 'projected_percent': '-98.5', 'likelihood': -4}, {'offset': 2, 'projected_percent': '-103.1', 'likelihood': -5}]",0,0,241,False,0,0,,[],Butland,0.1,466,53,False,None,0,0,i,0,11,88,2026-07-02,0.0,408,33,0,595,26,4676,63,0.0,0.0,Butland,0
0,2002-05-09,0,0,False,True,0,0,0,0,0,494950,None,,0,0,0,0,0.0,417,26,0,0,None,,0,1,0.0,0.0,0,0.00,0,0.00,0,0.00,0.00,0,0,Harvey,0.0,450,46,0,0,0,False,0.0,428,45,275,False,0.0,423,45,,0,Has joined Grimsby Town on loan for the rest of the season,2026-07-29T13:00:27.959925Z,40,627,70,p494950,0,0,None,0,,494950.jpg,0.0,450,46,False,0,None,0.0,"[{'offset': 0, 'projected_percent': '0.0', 'likelihood': 0}, {'offset': 1, 'projected_percent': '0.0', 'likelihood': 0}, {'offset': 2, 'projected_percent': '0.0', 'likelihood': 0}]",0,0,241,False,0,0,,[],Cartwright,0.0,623,72,False,None,0,0,u,0,11,88,2020-07-01,0.0,357,22,0,0,0,306,4,0.0,0.0,Cartwright,0
0,2003-02-13,0,0,False,True,0,0,0,0,0,444307,None,,0,0,0,0,0.0,411,23,0,0,None,,0,1,0.0,0.0,0,0.00,0,0.00,0,0.00,0.00,0,0,Thimothée,0.0,444,43,0,0,0,False,0.0,422,42,276,False,0.0,417,42,,0,Has joined Colchester United on loan for the rest of the season,2026-08-17T13:50:27.125537Z,40,617,67,p444307,0,0,None,0,,444307.jpg,0.0,444,43,False,-1,None,0.0,"[{'offset': 0, 'projected_percent': '0.0', 'likelihood': 0}, {'offset': 1, 'projected_percent': '0.0', 'likelihood': 0}, {'offset': 2, 'projected_percent': '0.0', 'likelihood': 0}]",0,0,73,False,0,0,,[],Lo-Tutala,0.0,558,63,False,None,0,0,u,0,11,88,2023-07-01,0.0,351,19,0,0,0,1013,19,0.0,0.0,Lo-Tutala,0
0,1992-10-20,1,71,True,True,None,None,3,0.62,50,108416,None,,0,0,1,-1,1.1,332,122,59,12.15,None,,0,2,5.2,5.2,1,0.00,0.0,0.05,0.01,0.05,7.33,1.51,0.01,John,5.2,31,12,4,0.82,0,False,10.7,164,62,277,False,96.8,48,19,,437,,None,41,582,160,p108416,0,0,None,0,,108416.jpg,5.2,48,18,False,-466,None,28.2,"[{'offset': 0, 'projected_percent': '26.5', 'likelihood': 2}, {'offset': 1, 'projected_percent': '20.1', 'likelihood': 2}, {'offset': 2, 'projected_percent': '13.7', 'likelihood': 1}]",13,0,104,False,0,0.0,,[],Egan,7.1,54,20,False,None,5,1.03,a,9,11,88,2025-02-03,8.0,236,82,26,731479,8320,191102,4181,1.3,6.3,Egan,1
0,2003-10-16,0,0,True,True,0,0,0,0,0,501902,None,,0,0,-1,1,0.0,383,143,0,0,None,,0,2,0.0,0.0,0,0.00,0,0.00,0,0.00,0.00,0,0,Charlie,0.0,418,149,0,0,0,False,0.0,395,144,278,False,0.0,391,145,,0,Groin injury - Unknown return date,2026-08-02T09:00:11.030017Z,39,662,216,p501902,0,0,None,0,,501902.jpg,0.0,418,149,False,-26,None,0.8,"[{'offset': 0, 'projected_percent': '0.7', 'likelihood': 1}, {'offset': 1, 'projected_percent': '0.4', 'likelihood': 1}, {'offset': 2, 'projected_percent': '0.0', 'likelihood': 0}]",0,0,241,False,0,0,,[],Hughes,0.2,349,131,False,None,0,0,i,0,11,88,2024-08-16,0.0,323,124,0,16254,465,11281,314,0.0,0.0,Hughes,0
0,1993-11-09,2,79,True,True,100,100,3,0.64,21,146426,None,,0,0,2,-2,3.0,295,105,27,5.74,None,,1,2,5.4,5.4,1,0.01,0.0,0.67,0.14,0.66,6.42,1.37,0.14,Semi,5.4,27,9,4,0.85,1,False,12.0,143,53,279,False,76.2,81,35,,423,,2026-08-22T17:30:07.668197Z,42,581,159,p146426,0,0,None,0,,146426.jpg,5.4,44,15,False,-914,None,74.2,"[{'offset': 0, 'projected_percent': '70.7', 'likelihood': 3}, {'offset': 1, 'projected_percent': '58.2', 'likelihood': 3}, {'offset': 2, 'projected_percent': '45.7', 'likelihood': 3}]",16,0,157,False,0,0.0,,[],Ajayi,14.3,28,9,False,None,5,1.06,a,6,11,88,2025-07-01,41.0,96,22,27,1324862,13477,258652,8150,1.3,6.4,Ajayi,1
0,1995-10-15,0,49,True,True,100,100,2,0.52,7,193278,None,,0,0,0,0,27.1,168,53,10,2.59,None,,0,2,2.8,2.8,1,0.06,0.02,0.19,0.05,0.13,6.21,1.61,0.03,Lewie,2.8,111,39,4,1.03,0,False,5.0,258,97,280,False,17.4,269,109,,348,,2026-08-29T16:30:08.151841Z,40,602,167,p193278,0,0,None,0,,193278.jpg,2.8,155,61,False,5,None,0.3,"[{'offset': 0, 'projected_percent': '0.3', 'likelihood': 1}, {'offset': 1, 'projected_percent': '0.4', 'likelihood': 1}, {'offset': 2, 'projected_percent': '0.4', 'likelihood': 1}]",11,0,241,False,0,0.0,,[],Coyle,0.7,222,86,False,None,5,1.29,a,3,11,88,2020-08-07,5.0,267,96,14,26133,561,24113,305,0.7,3.5,Coyle,1
0,2001-12-08,0,8,False,True,0,0,0,0.0,5,433590,None,,0,0,0,0,0.4,359,135,6,8.31,None,,0,2,0.0,0.0,0,0.00,0.0,0.05,0.07,0.05,0.87,1.2,0.07,Cody,0.4,333,116,0,0.0,0,False,0.8,358,130,281,False,6.4,325,124,,65,Has joined Genoa permanently,2026-09-02T16:09:06.479140Z,40,614,175,p433590,0,0,None,0,,433590.jpg,1.0,297,105,False,-4,None,0.0,"[{'offset': 0, 'projected_percent': '0.0', 'likelihood': 0}, {'offset': 1, 'projected_percent': '0.0', 'likelihood': 0}, {'offset': 2, 'projected_percent': '0.0', 'likelihood': 0}]",4,0,241,False,0,0.0,,[],Drameh,0.0,502,177,False,None,0,0.0,u,1,11,88,2024-07-23,1.0,316,118,2,2118,0,4304,51,0.1,0.5,Drameh,0
1,2000-01-26,2,94,True,True,None,None,3,0.61,19,232351,3,,0,0,0,0,93.7,29,3,24,4.86,1,,0,2,4.8,4.8,0,0.43,0.09,0.45,0.09,0.02,7.32,1.48,0.0,Ryan,4.8,40,17,4,0.81,0,False,17.1,73,18,282,False,70.6,91,39,,444,,None,40,610,174,p232351,0,0,None,0,,232351.jpg,4.8,57,24,False,16,None,65.2,"[{'offset': 0, 'projected_percent': '65.3', 'likelihood': 3}, {'offset': 1, 'projected_percent': '65.5', 'likelihood': 3}, {'offset': 2, 'projected_percent': '65.7', 'likelihood': 3}]",13,0,241,False,0,0.0,,[],Giles,2.9,107,41,False,None,5,1.01,a,5,11,88,2024-06-27,6.0,250,87,24,264916,8099,54130,1839,1.2,6.0,Giles,1
0,2001-06-03,0,0,False,True,0,0,0,0,0,449428,None,,0,0,0,0,0.0,412,153,0,0,None,,0,2,0.0,0.0,0,0.00,0,0.00,0,0.00,0.00,0,0,Matty,0.0,445,157,0,0,0,False,0.0,423,153,283,False,0.0,418,153,,0,Has joined Newport County on loan until January,2026-08-02T09:00:11.038361Z,40,618,177,p449428,0,0,None,0,,449428.jpg,0.0,445,157,False,-1,None,0.0,"[{'offset': 0, 'projected_percent': '0.0', 'likelihood': 0}, {'offset': 1, 'projected_percent': '0.0', 'likelihood': 0}, {'offset': 2, 'projected_percent': '0.0', 'likelihood': 0}]",0,0,241,False,0,0,,[],Jacob,0.0,617,209,False,None,0,0,u,0,11,88,2019-07-01,0.0,352,134,0,114,0,663,6,0.0,0.0,Jacob,0
0,None,0,0,True,True,None,None,0,0,0,661800,None,,0,0,0,0,0.0,441,177,0,0,None,,0,2,0.0,0.0,0,0.00,0,0.00,0,0.00,0.00,0,0,Cathal,0.0,473,180,0,0,0,False,0.0,452,177,284,False,0.0,447,177,,0,,None,40,656,210,p661800,0,0,None,0,,661800.jpg,0.0,473,180,False,-7,None,0.4,"[{'offset': 0, 'projected_percent': '0.4', 'likelihood': 1}, {'offset': 1, 'projected_percent': '0.3', 'likelihood': 1}, {'offset': 2, 'projected_percent': '0.2', 'likelihood': 1}]",0,0,None,False,0,0,,[],McCarthy,0.1,426,154,False,None,0,0,a,0,11,88,None,0.0,384,161,0,4633,99,4213,61,0.0,0.0,McCarthy,0
0,1995-04-27,0,3,True,True,100,100,0,0.0,2,160817,None,,0,0,0,0,0.0,397,146,2,6.92,None,,0,2,0.2,0.2,0,0.00,0.0,0.00,0.0,0.00,0.96,3.32,0.0,Paddy,0.2,378,133,0,0.0,0,False,0.4,368,133,285,False,4.2,344,131,,26,,2026-09-09T13:30:08.327907Z,40,597,164,p160817,0,0,None,0,,160817.jpg,1.0,295,103,False,-4,None,-30.4,"[{'offset': 0, 'projected_percent': '-31.7', 'likelihood': -2}, {'offset': 1, 'projected_percent': '-36.6', 'likelihood': -2}, {'offset': 2, 'projected_percent': '-41.5', 'likelihood': -3}]",1,0,242,False,0,0.0,,[],McNair,0.1,396,148,False,None,0,0.0,a,0,11,88,2026-01-28,0.0,337,127,1,3004,51,4347,38,0.0,0.2,McNair,0
2,2002-06-01,2,113,True,True,None,None,3,0.69,14,540324,2,,0,0,1,-1,38.4,133,84,44,10.05,2,,1,3,6.2,6.2,4,0.26,0.06,0.88,0.2,0.62,6.50,1.48,0.14,Mohamed,6.2,13,4,3,0.69,2,False,22.2,41,30,286,False,124.8,14,9,,394,,None,51,239,150,p540324,0,0,None,0,,540324.jpg,6.2,25,12,False,1872,None,19.2,"[{'offset': 0, 'projected_percent': '26.3', 'likelihood': 2}, {'offset': 1, 'projected_percent': '51.9', 'likelihood': 3}, {'offset': 2, 'projected_percent': '77.5', 'likelihood': 3}]",14,0,3,False,0,0.0,,[],Belloumi,4.4,78,27,False,None,5,1.14,a,16,11,88,2024-08-30,59.0,59,39,31,441977,12041,64732,4694,1.2,6.1,Belloumi,1
0,1999-09-27,0,26,False,True,0,0,0,0.0,2,232905,None,,0,0,0,0,1.1,334,168,4,7.2,None,,0,3,0.0,0.0,0,0.00,0.0,0.58,1.04,0.58,0.87,1.57,1.04,Liam,1.2,251,115,0,0.0,1,False,5.2,256,113,287,False,36.0,201,83,,50,Has joined Birmingham on loan for the rest of the season,2026-09-02T15:36:41.038103Z,50,275,169,p232905,0,0,None,0,,232905.jpg,3.0,137,57,False,-12,None,0.0,"[{'offset': 0, 'projected_percent': '0.0', 'likelihood': 0}, {'offset': 1, 'projected_percent': '0.0', 'likelihood': 0}, {'offset': 2, 'projected_percent': '0.0', 'likelihood': 0}]",1,0,39,False,0,0.0,,[],Millar,0.0,531,215,False,None,0,0.0,u,1,11,88,2024-08-09,15.0,186,95,6,3178,0,7274,54,0.2,1.2,Millar,1
0,1997-10-10,0,0,True,True,None,None,0,0,0,171270,None,,0,0,0,0,0.0,463,193,0,0,None,,0,3,0.0,0.0,0,0.00,0,0.00,0,0.00,0.00,0,0,Kieran,0.0,491,201,0,0,0,False,0.0,471,188,288,False,0.0,466,186,,0,,None,45,445,258,p171270,0,0,None,0,,171270.jpg,0.0,491,201,False,-52,None,-69.4,"[{'offset': 0, 'projected_percent': '-76.1', 'likelihood': -3}, {'offset': 1, 'projected_percent': '-100.3', 'likelihood': -5}, {'offset': 2, 'projected_percent': '-124.4', 'likelihood': -5}]",0,0,241,False,0,0,,[],Dowell,0.3,287,97,False,None,0,0,a,0,11,88,2026-01-23,0.0,412,165,0,11873,116,19910,327,0.0,0.0,Dowell,0
0,1994-01-20,0,17,True,True,100,100,1,0.44,9,101282,None,,-1,1,-1,1,2.8,302,155,21,9.31,None,,0,3,0.6,0.6,0,0.12,0.05,0.12,0.05,0.00,3.64,1.61,0.0,Matt,0.6,298,139,4,1.77,0,False,3.2,294,131,289,False,30.0,224,88,,203,,2026-08-29T15:00:08.569326Z,44,550,290,p101282,0,0,None,0,,101282.jpg,1.0,303,135,False,-30,None,0.1,"[{'offset': 0, 'projected_percent': '-0.3', 'likelihood': -1}, {'offset': 1, 'projected_percent': '-5.5', 'likelihood': -1}, {'offset': 2, 'projected_percent': '-10.8', 'likelihood': -1}]",4,0,241,False,0,0.0,,[],Crooks,0.5,254,84,False,None,3,1.33,a,8,11,88,2025-01-10,0.0,386,158,3,20074,715,37066,837,0.1,0.7,Crooks,3
1,1999-09-11,0,67,True,True,None,None,3,0.62,9,243413,1,,0,0,0,0,61.3,65,51,33,6.8,None,,0,3,3.0,3.0,2,0.58,0.12,0.79,0.16,0.21,7.33,1.51,0.04,Regan,3.0,99,43,4,0.82,0,False,13.7,117,59,290,False,58.0,129,42,,437,,None,45,467,261,p243413,0,0,None,0,,243413.jpg,3.0,129,54,False,-1079,None,74.8,"[{'offset': 0, 'projected_percent': '70.7', 'likelihood': 3}, {'offset': 1, 'projected_percent': '56.0', 'likelihood': 3}, {'offset': 2, 'projected_percent': '41.2', 'likelihood': 3}]",15,0,241,False,0,0.0,,[],Slater,5.4,72,25,False,None,5,1.03,a,9,11,88,2022-01-27,17.0,170,88,15,486089,3156,248442,7443,0.7,3.3,Slater,1
0,2002-02-15,0,0,True,True,0,0,0,0,0,465525,None,,0,0,0,0,0.0,481,196,0,0,None,,0,3,0.0,0.0,0,0.00,0,0.00,0,0.00,0.00,0,0,Eliot,0.0,507,204,0,0,0,False,0.0,487,191,291,False,0.0,482,189,,0,Knee injury - Unknown return date,2026-07-23T12:01:23.532635Z,45,485,263,p465525,0,0,None,0,,465525.jpg,0.0,507,204,False,-1,None,-12.0,"[{'offset': 0, 'projected_percent': '-14.9', 'likelihood': -1}, {'offset': 1, 'projected_percent': '-25.4', 'likelihood': -2}, {'offset': 2, 'projected_percent': '-35.9', 'likelihood': -2}]",0,0,21,False,0,0,,[],Matazo,0.0,630,271,False,None,0,0,i,0,11,88,2025-01-23,0.0,434,168,0,356,5,449,11,0.0,0.0,Matazo,0
0,1999-06-25,0,0,True,True,None,None,0,0,0,208481,None,,0,0,-1,1,0.0,543,225,0,0,None,,0,3,0.0,0.0,0,0.00,0,0.00,0,0.00,0.00,0,0,Abdülkadir,0.0,564,231,0,0,0,False,0.0,550,221,292,False,0.0,546,220,,0,,None,49,360,216,p208481,0,0,None,0,,208481.jpg,0.0,564,231,False,-3,None,0.0,"[{'offset': 0, 'projected_percent': '-3.9', 'likelihood': -1}, {'offset': 1, 'projected_percent': '-29.2', 'likelihood': -2}, {'offset': 2, 'projected_percent': '-54.5', 'likelihood': -3}]",0,0,219,False,0,0,,[],Ömür,0.0,576,238,False,None,0,0,a,0,11,88,2024-02-01,0.0,505,199,0,1138,20,1509,28,0.0,0.0,Ömür,0
0,2003-07-21,0,0,False,True,0,0,0,0,0,490161,None,,0,0,0,0,0.0,597,254,0,0,None,,0,3,0.0,0.0,0,0.00,0,0.00,0,0.00,0.00,0,0,Abu,0.0,603,256,0,0,0,False,0.0,595,251,293,False,0.0,590,249,,0,Has joined Portsmouth permanently,2026-08-12T14:08:23.542043Z,50,301,180,p490161,0,0,None,0,,490161.jpg,0.0,603,256,False,0,None,0.0,"[{'offset': 0, 'projected_percent': '0.0', 'likelihood': 0}, {'offset': 1, 'projected_percent': '0.0', 'likelihood': 0}, {'offset': 2, 'projected_percent': '0.0', 'likelihood': 0}]",0,0,241,False,0,0,,[],Kamara,0.0,651,288,False,None,0,0,u,0,11,88,2024-08-30,0.0,572,239,0,0,0,364,2,0.0,0.0,Kamara,0
0,2004-04-20,0,0,True,True,100,100,0,0,0,553783,None,,0,0,0,0,0.0,500,201,0,0,None,,0,3,0.0,0.0,0,0.00,0,0.00,0,0.00,0.00,0,0,Óscar,0.0,525,209,0,0,0,False,0.0,505,196,294,False,0.0,500,194,,0,,2026-08-04T18:30:11.016909Z,45,510,268,p553783,0,0,None,0,,553783.jpg,0.0,525,209,False,-17,None,-6.8,"[{'offset': 0, 'projected_percent': '-13.8', 'likelihood': -1}, {'offset': 1, 'projected_percent': '-39.1', 'likelihood': -2}, {'offset': 2, 'projected_percent': '-64.4', 'likelihood': -3}]",0,0,62,False,0,0,,[],Zambrano,0.1,427,162,False,None,0,0,a,0,11,88,2026-07-21,0.0,456,173,0,3763,34,6410,81,0.0,0.0,Zambrano,0
2,1996-06-04,0,56,True,True,None,None,3,0.61,9,169432,None,,0,0,0,0,56.5,76,5,22,4.49,None,,0,4,2.8,2.8,2,0.13,0.03,1.28,0.26,1.15,7.20,1.47,0.23,Oli,2.8,116,11,4,0.82,0,False,19.4,58,10,295,False,44.2,171,14,,441,,None,55,127,33,p169432,0,0,1,0,,169432.jpg,2.8,165,17,False,-347,None,29.1,"[{'offset': 0, 'projected_percent': '27.7', 'likelihood': 2}, {'offset': 1, 'projected_percent': '23.0', 'likelihood': 2}, {'offset': 2, 'projected_percent': '18.2', 'likelihood': 1}]",10,0,243,False,0,0.0,,[],McBurnie,2.0,127,20,False,None,5,1.02,a,3,11,88,2025-08-06,94.0,24,9,14,183000,2014,138974,3627,0.5,2.5,McBurnie,2
0,1996-01-13,0,0,False,True,0,0,0,0,0,213292,None,,0,0,0,0,0.0,577,246,0,0,None,,0,3,0.0,0.0,0,0.00,0,0.00,0,0.00,0.00,0,0,David,0.0,589,250,0,0,0,False,0.0,578,243,296,False,0.0,573,241,,0,Has joined Omonoia FC permanently,2026-09-11T14:42:38.120231Z,50,262,164,p213292,0,0,None,0,,213292.jpg,0.0,589,250,False,-6,None,0.0,"[{'offset': 0, 'projected_percent': '0.0', 'likelihood': 0}, {'offset': 1, 'projected_percent': '0.0', 'likelihood': 0}, {'offset': 2, 'projected_percent': '0.0', 'likelihood': 0}]",0,0,157,False,0,0,,[],Akintola,0.0,552,228,False,None,0,0,u,0,11,88,2025-08-15,0.0,549,228,0,2704,0,4669,56,0.0,0.0,Akintola,0
0,2004-02-18,0,0,True,True,0,0,0,0,0,470294,None,,0,0,0,0,0.0,482,197,0,0,None,,0,3,0.0,0.0,0,0.00,0,0.00,0,0.00,0.00,0,0,Darko,0.0,508,205,0,0,0,False,0.0,488,192,297,False,0.0,483,190,,0,Thigh injury - Unknown return date,2026-08-04T18:30:11.027155Z,45,486,264,p470294,0,0,None,0,,470294.jpg,0.0,508,205,False,0,None,-93.0,"[{'offset': 0, 'projected_percent': '-93.0', 'likelihood': -3}, {'offset': 1, 'projected_percent': '-93.0', 'likelihood': -3}, {'offset': 2, 'projected_percent': '-93.0', 'likelihood': -3}]",0,0,241,False,0,0,,[],Gyabi,0.0,574,237,False,None,0,0,i,0,11,88,2025-09-01,0.0,435,169,0,393,4,1492,24,0.0,0.0,Gyabi,0
0,2002-06-15,0,0,False,True,0,0,0,0,0,500957,None,,0,0,0,0,0.0,489,52,0,0,None,,0,4,0.0,0.0,0,0.00,0,0.00,0,0.00,0.00,0,0,Enis,0.0,514,53,0,0,0,False,0.0,494,49,298,False,0.0,489,46,,0,Has joined Konyaspor permanently,2026-08-17T13:50:27.145733Z,45,497,68,p500957,0,0,None,0,,500957.jpg,0.0,514,53,False,-27,None,0.0,"[{'offset': 0, 'projected_percent': '0.0', 'likelihood': 0}, {'offset': 1, 'projected_percent': '0.0', 'likelihood': 0}, {'offset': 2, 'projected_percent': '0.0', 'likelihood': 0}]",0,0,219,False,0,0,,[],Destan,0.2,342,54,False,None,0,0,u,0,11,88,2025-08-01,0.0,445,45,0,0,0,21197,244,0.0,0.0,Destan,0
0,2003-08-04,0,0,False,True,0,0,0,0,0,534392,None,,0,0,0,0,0.0,495,53,0,0,None,,0,4,0.0,0.0,0,0.00,0,0.00,0,0.00,0.00,0,0,Mason,0.0,520,54,0,0,0,False,0.0,500,50,299,False,0.0,495,47,,0,Has joined Sheffield Wednesday on loan for the rest of the season,2026-08-03T14:05:20.234842Z,45,504,69,p534392,0,0,None,0,,534392.jpg,0.0,520,54,False,-4,None,0.0,"[{'offset': 0, 'projected_percent': '0.0', 'likelihood': 0}, {'offset': 1, 'projected_percent': '0.0', 'likelihood': 0}, {'offset': 2, 'projected_percent': '0.0', 'likelihood': 0}]",0,0,241,False,0,0,,[],Burstow,0.0,525,71,False,None,0,0,u,0,11,88,2024-08-16,0.0,451,46,0,0,0,2899,49,0.0,0.0,Burstow,0
0,2002-05-04,0,5,True,True,100,100,0,0.0,0,462635,None,,0,0,0,0,0.0,590,250,1,12.86,None,,0,3,0.2,0.2,1,0.02,0.26,0.11,1.42,0.09,0.06,0.77,1.16,Joe,0.2,402,188,0,0.0,0,False,0.0,589,247,340,False,0.0,584,245,,7,,2026-08-17T21:30:07.799839Z,50,288,173,p462635,0,0,None,0,,462635.jpg,1.0,348,157,False,4,None,0.0,"[{'offset': 0, 'projected_percent': '0.0', 'likelihood': 0}, {'offset': 1, 'projected_percent': '0.1', 'likelihood': 1}, {'offset': 2, 'projected_percent': '0.2', 'likelihood': 1}]",1,0,241,False,0,0.0,,[],Gelhardt,0.0,600,253,False,None,0,0.0,a,0,11,88,2026-08-15,0.0,563,233,1,630,20,928,21,0.0,0.2,Gelhardt,0
0,1995-09-18,0,3,True,True,75,75,0,0.0,0,169359,None,,0,0,0,0,0.0,399,147,0,0.0,None,,0,2,0.2,0.2,0,0.00,0.0,0.00,0.0,0.00,0.07,1.26,0.0,Matt,0.2,379,134,0,0.0,0,False,0.0,410,147,556,False,0.4,383,141,,5,Ankle injury - 75% chance of playing,2026-09-17T14:00:26.419938Z,40,599,165,p169359,0,0,None,0,,169359.jpg,1.0,296,104,False,-196,None,-54.7,"[{'offset': 0, 'projected_percent': '-57.1', 'likelihood': -3}, {'offset': 1, 'projected_percent': '-65.8', 'likelihood': -3}, {'offset': 2, 'projected_percent': '-74.6', 'likelihood': -3}]",1,0,241,False,0,0.0,,[],Targett,1.7,138,55,False,None,0,0.0,d,0,11,88,2026-07-23,0.0,339,128,1,24743,19,79089,1813,0.0,0.2,Targett,0
0,1995-05-10,0,6,True,True,0,0,0,0.0,2,445028,None,,0,0,0,0,13.4,227,122,3,6.0,None,,0,3,0.0,0.0,0,0.00,0.0,0.00,0.0,0.00,1.09,2.18,0.0,Hidemasa,0.2,400,187,0,0.0,0,False,2.4,312,142,563,False,11.0,293,123,,45,Calf injury - Expected back 11 Oct,2026-09-09T14:00:08.474217Z,50,284,171,p445028,0,0,None,0,,445028.jpg,1.0,346,156,False,-9,None,-74.5,"[{'offset': 0, 'projected_percent': '-82.7', 'likelihood': -3}, {'offset': 1, 'projected_percent': '-112.0', 'likelihood': -5}, {'offset': 2, 'projected_percent': '-141.3', 'likelihood': -5}]",1,0,108,False,0,0.0,,[],Morita,0.0,582,242,False,None,1,2.0,i,0,11,88,2026-07-24,0.0,560,232,1,706,3,1624,28,0.0,0.2,Morita,0
0,2002-11-08,6,128,True,True,None,None,3,0.6,2,473284,None,,0,0,1,-1,0.0,531,53,0,0.0,None,,2,1,6.8,6.8,6,0.00,0.0,0.00,0.0,0.00,7.39,1.48,0.0,Konstantinos,6.8,7,1,4,0.8,0,False,10.2,170,5,572,True,101.8,40,5,,450,,None,46,426,22,p473284,0,0,None,1,,473284.jpg,6.8,18,1,False,1219,None,82.2,"[{'offset': 0, 'projected_percent': '86.9', 'likelihood': 3}, {'offset': 1, 'projected_percent': '103.5', 'likelihood': 5}, {'offset': 2, 'projected_percent': '120.2', 'likelihood': 5}]",69,0,83,False,17,3.4,,[],Tzolakis,11.6,35,5,False,None,5,1.0,a,1,11,88,2026-08-05,0.0,490,51,34,886165,14837,199442,3792,1.5,7.4,Tzolakis,1
0,2005-10-31,0,4,True,True,None,None,0,0.0,0,552946,None,,0,0,-1,1,0.0,565,240,1,11.25,None,,0,3,0.2,0.2,0,0.00,0.0,0.00,0.0,0.00,0.00,0.0,0.0,Jens,0.2,396,183,0,0.0,0,False,0.0,568,236,574,False,0.0,563,234,,8,,None,49,403,243,p552946,0,0,None,0,,552946.jpg,1.0,337,148,False,-5,None,-49.1,"[{'offset': 0, 'projected_percent': '-52.3', 'likelihood': -3}, {'offset': 1, 'projected_percent': '-63.8', 'likelihood': -3}, {'offset': 2, 'projected_percent': '-75.3', 'likelihood': -3}]",1,0,161,False,0,0.0,,[],Hjertø-Dahl,0.1,486,191,False,None,0,0.0,a,0,11,88,2026-08-07,0.0,528,214,1,1377,16,4174,54,0.0,0.2,Hjertø-Dahl,0
0,2002-06-22,0,17,True,True,None,None,2,0.72,3,608227,None,,0,0,0,0,22.7,181,103,20,7.23,None,,0,3,1.4,1.4,0,0.05,0.02,0.11,0.04,0.06,4.32,1.56,0.02,Elliot,1.4,230,107,1,0.36,0,False,3.8,285,126,576,False,8.4,310,138,,249,,None,50,332,200,p608227,0,0,None,0,,608227.jpg,1.8,248,111,False,-13,None,-30.0,"[{'offset': 0, 'projected_percent': '-36.4', 'likelihood': -2}, {'offset': 1, 'projected_percent': '-59.2', 'likelihood': -3}, {'offset': 2, 'projected_percent': '-82.0', 'likelihood': -3}]",12,0,206,False,0,0.0,,[],Stroud,0.1,439,168,False,None,4,1.45,a,5,11,88,2026-08-09,12.0,206,105,7,3551,29,4281,58,0.3,1.4,Stroud,1
0,2007-09-05,0,19,True,True,None,None,0,0.0,14,597462,None,,0,0,0,0,0.7,345,129,16,7.31,None,,0,2,1.0,1.0,1,0.04,0.02,0.06,0.03,0.02,3.35,1.53,0.01,Lucas,1.0,263,93,3,1.37,0,False,2.0,323,116,585,False,19.2,261,107,,197,,None,40,649,203,p597462,0,0,None,0,,597462.jpg,1.0,301,109,False,1,None,-21.2,"[{'offset': 0, 'projected_percent': '-21.2', 'likelihood': -2}, {'offset': 1, 'projected_percent': '-21.1', 'likelihood': -2}, {'offset': 2, 'projected_percent': '-20.9', 'likelihood': -2}]",6,0,13,False,0,0.0,,[],Herrington,0.6,240,90,False,None,1,0.46,a,2,11,88,2026-08-12,0.0,377,154,5,12021,222,17103,216,0.2,1.2,Herrington,0
0,2004-09-03,1,69,True,True,100,0,2,0.72,32,606930,None,,0,0,1,-1,1.4,325,118,39,14.1,None,,1,2,5.0,0.0,0,0.00,0.0,0.32,0.12,0.32,4.02,1.45,0.12,Nobel,5.0,36,15,1,0.36,1,False,16.4,83,21,586,False,108.2,33,14,,249,,2026-09-12T18:00:09.334142Z,41,583,161,p606930,0,0,None,0,,606930.jpg,6.2,24,10,False,-2200,2026-09-27T16:30:09.400433Z,-46.4,"[{'offset': 0, 'projected_percent': '-51.3', 'likelihood': -3}, {'offset': 1, 'projected_percent': '-68.8', 'likelihood': -3}, {'offset': 2, 'projected_percent': '-86.4', 'likelihood': -3}]",6,0,189,False,0,0.0,,[],Mendy,6.4,59,24,False,None,4,1.45,a,7,11,88,2026-08-12,54.0,67,10,25,676503,211,341321,16338,1.2,6.1,Mendy,0
0,2003-08-05,0,18,True,True,None,None,1,0.65,5,469266,None,,0,0,0,0,22.5,182,104,17,11.09,None,,0,3,0.8,0.8,1,0.03,0.02,0.06,0.04,0.03,2.19,1.43,0.02,Lucas,0.8,281,130,0,0.0,0,False,4.9,264,115,589,False,26.2,234,96,,138,,None,50,292,176,p469266,0,0,None,0,,469266.jpg,1.3,280,129,False,0,None,-57.5,"[{'offset': 0, 'projected_percent': '-57.5', 'likelihood': -3}, {'offset': 1, 'projected_percent': '-57.5', 'likelihood': -3}, {'offset': 2, 'projected_percent': '-57.5', 'likelihood': -3}]",7,0,73,False,0,0.0,,[],Gourna-Douath,0.0,556,231,False,None,1,0.65,a,5,11,88,2026-08-15,0.0,565,235,4,680,11,1251,16,0.2,0.8,Gourna-Douath,1
0,2004-01-19,0,36,True,True,None,None,0,0.0,1,490884,None,,0,0,0,0,18.8,200,112,2,2.5,None,,0,3,2.2,2.2,6,0.34,0.42,1.00,1.24,0.66,0.91,1.14,0.82,Mohamed-Ali,2.2,149,66,1,1.25,1,False,6.8,224,102,617,False,10.6,294,124,,72,,None,50,303,182,p490884,0,0,None,0,,490884.jpg,2.2,196,85,False,17,None,0.1,"[{'offset': 0, 'projected_percent': '0.2', 'likelihood': 1}, {'offset': 1, 'projected_percent': '0.4', 'likelihood': 1}, {'offset': 2, 'projected_percent': '0.6', 'likelihood': 1}]",1,0,73,False,0,0.0,,[],Cho,0.0,592,247,False,None,0,0.0,a,0,11,88,2026-08-27,38.0,104,56,9,1495,59,635,23,0.4,1.8,Cho,0
0,2004-11-08,0,0,True,True,0,0,0,0,0,626751,None,,0,0,0,0,0.0,614,69,0,0,None,,0,4,0.0,0.0,0,0.00,0,0.00,0,0.00,0.00,0,0,Ilyas,0.0,620,70,0,0,0,False,0.0,612,67,632,False,0.0,607,64,,0,Back injury - Unknown return date,2026-09-09T10:00:08.919489Z,50,336,62,p626751,0,0,None,0,,626751.jpg,0.0,620,70,False,-11,None,-35.2,"[{'offset': 0, 'projected_percent': '-40.6', 'likelihood': -3}, {'offset': 1, 'projected_percent': '-59.9', 'likelihood': -3}, {'offset': 2, 'projected_percent': '-79.3', 'likelihood': -3}]",0,0,80,False,0,0,,[],Ansah,0.0,540,73,False,None,0,0,i,0,11,88,2026-09-01,0.0,591,63,0,5062,15,3160,80,0.0,0.0,Ansah,0
0,2007-02-17,0,8,True,True,None,None,0,0.0,0,631000,None,,0,0,0,0,0.5,357,44,2,9.0,None,,0,4,0.7,0.7,1,0.01,0.04,0.01,0.04,0.00,0.24,1.08,0.0,Robinio,0.7,294,34,0,0.0,0,False,0.0,613,68,637,False,0.0,608,65,,20,,None,50,338,64,p631000,0,0,None,0,,631000.jpg,1.0,357,39,False,26,None,0.9,"[{'offset': 0, 'projected_percent': '1.0', 'likelihood': 1}, {'offset': 1, 'projected_percent': '1.4', 'likelihood': 1}, {'offset': 2, 'projected_percent': '1.7', 'likelihood': 1}]",2,0,73,False,0,0.0,,[],Vaz,0.1,424,63,False,None,0,0.0,a,0,11,88,2026-09-01,0.0,593,65,2,10914,409,2983,162,0.1,0.4,Vaz,0
0,2004-01-12,0,3,True,True,None,None,0,0.0,1,496181,None,,0,0,0,0,0.6,348,131,1,2.65,None,,0,2,0.3,0.3,0,0.00,0.0,0.05,0.13,0.05,0.30,0.79,0.13,Brooke,0.3,373,129,0,0.0,0,False,1.2,345,125,638,False,2.2,362,135,,34,,None,40,628,184,p496181,0,0,None,0,,496181.jpg,0.5,409,142,False,-16,None,-0.7,"[{'offset': 0, 'projected_percent': '-3.1', 'likelihood': -1}, {'offset': 1, 'projected_percent': '-11.7', 'likelihood': -1}, {'offset': 2, 'projected_percent': '-20.3', 'likelihood': -2}]",4,0,241,False,0,0.0,,[],Norton-Cuffy,0.3,308,115,False,None,0,0.0,a,0,11,88,2026-09-01,9.0,228,80,1,25808,192,8101,275,0.1,0.2,Norton-Cuffy,1
0,1999-01-25,0,15,True,True,None,None,0,0.0,0,243951,None,,0,0,0,0,25.6,171,99,8,6.05,None,,0,3,1.3,1.3,2,0.11,0.08,0.30,0.22,0.19,2.10,1.59,0.14,Sorba,1.3,238,111,3,2.27,0,False,3.8,286,127,642,False,8.8,308,136,,119,,None,55,138,84,p243951,0,0,None,0,,243951.jpg,1.3,282,131,False,3,None,0.2,"[{'offset': 0, 'projected_percent': '0.2', 'likelihood': 1}, {'offset': 1, 'projected_percent': '0.2', 'likelihood': 1}, {'offset': 2, 'projected_percent': '0.3', 'likelihood': 1}]",7,0,244,False,0,0.0,,[],Thomas,0.0,554,230,False,None,1,0.76,a,1,11,88,2026-09-01,4.0,290,142,4,2694,90,903,54,0.2,0.7,Thomas,0
0,2006-12-25,0,0,True,True,None,None,0,0,0,647839,None,,0,0,0,0,0.0,615,265,0,0,None,,0,3,0.0,0.0,0,0.00,0,0.00,0,0.00,0.00,0,0,Christos,0.0,621,267,0,0,0,False,0.0,614,262,645,False,0.0,609,260,,0,,None,50,339,203,p647839,0,0,None,0,,647839.jpg,0.0,621,267,False,-4,None,0.0,"[{'offset': 0, 'projected_percent': '-3.0', 'likelihood': -1}, {'offset': 1, 'projected_percent': '-82.3', 'likelihood': -3}, {'offset': 2, 'projected_percent': '-161.6', 'likelihood': -5}]",0,0,83,False,0,0,,[],Mouzakitis,0.0,621,265,False,None,0,0,a,0,11,88,2026-09-01,0.0,594,252,0,703,11,237,11,0.0,0.0,Mouzakitis,0
0,1997-01-09,0,45,True,True,None,None,0,0.0,41,219924,None,,0,0,0,0,13.7,221,76,45,9.0,None,,0,2,2.4,2.4,4,0.16,0.03,0.22,0.04,0.06,9.05,1.81,0.01,Issa,2.4,131,48,11,2.2,0,False,10.8,160,60,259,False,90.2,61,24,,450,,None,40,607,171,p219924,0,0,None,0,,219924.jpg,2.4,180,69,False,-336,None,-43.4,"[{'offset': 0, 'projected_percent': '-44.4', 'likelihood': -3}, {'offset': 1, 'projected_percent': '-48.1', 'likelihood': -3}, {'offset': 2, 'projected_percent': '-51.7', 'likelihood': -3}]",21,0,145,False,0,0.0,,[],Diop,13.2,31,11,False,None,5,1.0,a,4,12,40,2026-07-22,4.0,277,99,12,130259,1222,463206,10584,0.6,3.0,Diop,0
1,1996-08-13,0,67,True,True,None,None,0,0.0,17,212314,1,,0,0,0,0,64.4,60,49,37,8.32,None,,0,3,2.2,2.2,2,0.41,0.09,0.43,0.09,0.02,7.42,1.67,0.0,Saša,2.2,148,65,10,2.25,0,False,13.2,126,64,267,False,61.4,119,38,,400,,None,50,261,163,p212314,0,0,None,0,,212314.jpg,2.2,194,83,False,-12,None,-101.4,"[{'offset': 0, 'projected_percent': '-106.2', 'likelihood': -5}, {'offset': 1, 'projected_percent': '-123.5', 'likelihood': -5}, {'offset': 2, 'projected_percent': '-140.7', 'likelihood': -5}]",13,0,190,False,0,0.0,,[],Lukić,0.1,414,153,False,None,5,1.12,a,7,12,40,2026-08-08,6.0,258,128,11,3248,20,6046,93,0.4,2.2,Lukić,2
0,1995-11-09,0,10,True,True,None,None,0,0.0,2,108813,None,,0,0,-1,1,0.0,442,29,0,0.0,None,,0,1,0.4,0.4,2,0.01,0.01,0.01,0.01,0.00,2.31,2.31,0.0,Christian,0.4,335,21,1,1.0,0,False,0.0,453,48,300,False,0.0,448,48,,90,,None,44,552,45,p108813,0,0,None,0,,108813.jpg,2.0,204,16,False,13,None,-11.7,"[{'offset': 0, 'projected_percent': '-10.4', 'likelihood': -1}, {'offset': 1, 'projected_percent': '-5.6', 'likelihood': -1}, {'offset': 2, 'projected_percent': '-0.7', 'likelihood': -1}]",17,0,241,False,1,1.0,,[],Walton,0.4,272,36,False,None,1,1.0,a,0,12,40,2022-01-19,0.0,388,25,2,1807,122,14026,113,0.1,0.5,Walton,0
0,1996-08-10,0,0,True,True,None,None,0,0,0,112520,None,,0,0,0,0,0.0,394,13,0,0,None,,0,1,0.0,0.0,0,0.00,0,0.00,0,0.00,0.00,0,0,Alex,0.0,429,33,0,0,0,False,0.0,406,32,301,False,0.0,402,32,,0,,None,40,594,57,p112520,0,0,None,0,,112520.jpg,0.0,429,33,False,-74,None,-20.5,"[{'offset': 0, 'projected_percent': '-21.3', 'likelihood': -2}, {'offset': 1, 'projected_percent': '-23.9', 'likelihood': -2}, {'offset': 2, 'projected_percent': '-26.6', 'likelihood': -2}]",0,0,241,False,0,0,,[],Palmer,4.0,86,13,False,None,0,0,a,0,12,40,2025-02-03,0.0,334,9,0,71481,885,103196,1957,0.0,0.0,Palmer,0
0,1989-02-27,0,0,True,True,None,None,0,0,0,50093,None,,0,0,0,0,0.0,387,8,0,0,None,,0,1,0.0,0.0,0,0.00,0,0.00,0,0.00,0.00,0,0,David,0.0,422,28,0,0,0,False,0.0,399,27,302,False,0.0,395,27,,0,,None,40,587,52,p50093,0,0,None,0,,50093.jpg,0.0,422,28,False,1,None,1.1,"[{'offset': 0, 'projected_percent': '1.1', 'likelihood': 1}, {'offset': 1, 'projected_percent': '1.1', 'likelihood': 1}, {'offset': 2, 'projected_percent': '1.1', 'likelihood': 1}]",0,0,241,False,0,0,,[],Button,0.6,238,34,False,None,0,0,a,0,12,40,2025-07-04,0.0,327,4,0,30457,447,14047,195,0.0,0.0,Button,0
0,1996-12-09,0,0,True,True,None,None,0,0,0,183015,None,,0,0,-1,1,0.0,381,141,0,0,None,,0,2,0.0,0.0,0,0.00,0,0.00,0,0.00,0.00,0,0,Cédric,0.0,416,147,0,0,0,False,0.0,393,142,303,False,0.0,389,143,,0,,None,39,660,214,p183015,0,0,None,0,,183015.jpg,0.0,416,147,False,-15,None,3.3,"[{'offset': 0, 'projected_percent': '3.2', 'likelihood': 1}, {'offset': 1, 'projected_percent': '3.0', 'likelihood': 1}, {'offset': 2, 'projected_percent': '2.8', 'likelihood': 1}]",0,0,54,False,0,0,,[],Kipré,0.9,198,76,False,None,0,0,a,0,12,40,2026-07-01,0.0,321,122,0,45796,1175,25322,575,0.0,0.0,Kipré,0
0,1999-03-04,0,23,True,True,None,None,0,0.0,40,216616,None,,0,0,0,0,60.5,66,12,47,9.4,None,,0,2,2.0,2.0,2,0.26,0.05,0.33,0.06,0.07,9.05,1.81,0.01,Dara,2.0,156,56,11,2.2,0,False,18.0,70,15,304,False,101.4,42,16,,450,,None,40,606,170,p216616,0,0,None,0,,216616.jpg,2.0,203,76,False,-65,None,-30.7,"[{'offset': 0, 'projected_percent': '-31.6', 'likelihood': -2}, {'offset': 1, 'projected_percent': '-34.9', 'likelihood': -2}, {'offset': 2, 'projected_percent': '-38.2', 'likelihood': -2}]",18,0,104,False,0,0.0,,[],O'Shea,2.8,108,42,False,None,5,1.0,a,7,12,40,2024-08-25,19.0,157,47,10,63770,351,116237,2894,0.5,2.5,O'Shea,0
2,1999-12-31,1,52,True,True,None,None,0,0.0,22,455084,None,,0,0,0,0,55.6,78,17,24,4.8,2,,1,2,5.0,5.0,2,0.46,0.09,2.05,0.41,1.59,9.05,1.81,0.32,Leif,5.0,35,14,11,2.2,2,False,29.9,17,1,305,False,134.4,11,1,,450,,None,40,621,180,p455084,0,0,None,0,,455084.jpg,5.0,52,21,False,407,None,62.8,"[{'offset': 0, 'projected_percent': '64.4', 'likelihood': 3}, {'offset': 1, 'projected_percent': '70.0', 'likelihood': 3}, {'offset': 2, 'projected_percent': '75.5', 'likelihood': 3}]",10,0,241,False,0,0.0,,[],Davis,6.8,56,22,False,None,5,1.0,a,2,12,40,2022-07-25,108.0,18,1,25,332432,12229,160939,3323,1.2,6.2,Davis,0
0,2000-09-12,0,12,True,True,None,None,0,0.0,25,449429,None,,0,0,0,0,16.9,207,67,30,7.56,None,,0,2,0.6,0.6,0,0.06,0.02,0.06,0.02,0.00,6.74,1.7,0.0,Jacob,0.6,297,105,10,2.52,0,False,9.0,190,72,306,False,68.6,103,47,,357,,None,40,619,178,p449429,1,0,None,0,,449429.jpg,0.8,397,135,False,-43,None,-75.3,"[{'offset': 0, 'projected_percent': '-76.8', 'likelihood': -3}, {'offset': 1, 'projected_percent': '-82.3', 'likelihood': -3}, {'offset': 2, 'projected_percent': '-87.7', 'likelihood': -3}]",12,0,241,False,0,0.0,,[],Greaves,1.1,170,65,False,None,4,1.01,a,5,12,40,2024-07-12,4.0,278,100,3,7829,93,35315,574,0.2,0.8,Greaves,1
0,2000-01-24,0,0,False,True,0,0,0,0,0,222018,None,,0,0,0,0,0.0,405,151,0,0,None,,0,2,0.0,0.0,0,0.00,0,0.00,0,0.00,0.00,0,0,Ben,0.0,438,155,0,0,0,False,0.0,416,151,307,False,0.0,411,151,,0,Has joined Stoke City on loan for the rest of the season,2026-09-04T12:36:56.236331Z,40,609,173,p222018,0,0,None,0,,222018.jpg,0.0,438,155,False,-4,None,0.0,"[{'offset': 0, 'projected_percent': '0.0', 'likelihood': 0}, {'offset': 1, 'projected_percent': '0.0', 'likelihood': 0}, {'offset': 2, 'projected_percent': '0.0', 'likelihood': 0}]",0,0,241,False,0,0,,[],Johnson,0.1,476,169,False,None,0,0,u,0,12,40,2024-07-01,0.0,345,132,0,1137,0,6009,62,0.0,0.0,Johnson,0
0,1995-10-31,0,-1,True,True,None,None,0,0.0,2,176420,None,,0,0,-1,1,0.5,353,134,3,15.88,None,,0,2,0.2,0.2,0,0.00,0.0,0.00,0.0,0.00,0.86,4.55,0.0,Darnell,0.2,377,132,1,5.29,0,False,0.6,365,132,308,False,5.0,335,128,,17,,None,39,659,213,p176420,0,0,None,0,,176420.jpg,1.0,294,102,False,48,None,1.2,"[{'offset': 0, 'projected_percent': '1.4', 'likelihood': 1}, {'offset': 1, 'projected_percent': '2.1', 'likelihood': 1}, {'offset': 2, 'projected_percent': '2.7', 'likelihood': 1}]",0,0,241,False,0,0.0,,[],Furlong,0.6,241,91,False,None,0,0.0,a,1,12,40,2025-08-28,0.0,320,121,1,14400,1763,17190,413,0.1,0.3,Furlong,0
0,2000-03-01,0,32,True,True,None,None,0,0.0,8,501390,3,,0,0,-1,1,19.4,196,109,21,13.5,1,,0,3,1.2,1.2,0,0.05,0.03,0.08,0.05,0.03,3.48,2.24,0.02,Marcelino,1.2,247,113,4,2.57,0,False,5.0,261,114,309,False,24.6,240,100,,140,,None,49,394,235,p501390,0,0,None,0,,501390.jpg,3.0,134,55,False,-14,None,-12.0,"[{'offset': 0, 'projected_percent': '-17.3', 'likelihood': -1}, {'offset': 1, 'projected_percent': '-36.4', 'likelihood': -2}, {'offset': 2, 'projected_percent': '-55.5', 'likelihood': -3}]",10,0,44,False,0,0.0,,[],Núñez,0.1,408,150,False,None,2,1.29,a,3,12,40,2025-08-29,6.0,257,127,6,3036,19,7102,95,0.2,1.2,Núñez,0
0,1998-04-28,0,0,True,True,100,100,0,0,0,241117,None,,0,0,-1,1,0.0,547,228,0,0,None,,0,3,0.0,0.0,0,0.00,0,0.00,0,0.00,0.00,0,0,Azor,0.0,567,234,0,0,0,False,0.0,553,224,310,False,0.0,549,223,,0,,2026-07-29T18:00:10.305484Z,49,371,222,p241117,0,0,None,0,,241117.jpg,0.0,567,234,False,1,None,0.0,"[{'offset': 0, 'projected_percent': '0.0', 'likelihood': 0}, {'offset': 1, 'projected_percent': '0.0', 'likelihood': 0}, {'offset': 2, 'projected_percent': '0.0', 'likelihood': 0}]",0,0,152,False,0,0,,[],Matusiwa,0.0,641,280,False,None,0,0,a,0,12,40,2025-07-13,0.0,510,202,0,114,3,264,3,0.0,0.0,Matusiwa,0
0,1994-11-23,0,0,False,True,0,0,0,0,0,149929,None,,0,0,0,0,0.0,571,243,0,0,None,,0,3,0.0,0.0,0,0.00,0,0.00,0,0.00,0.00,0,0,Wes,0.0,585,247,0,0,0,False,0.0,574,240,311,False,0.0,569,238,,0,Has joined Leicester City permanently,2026-08-10T14:02:47.597478Z,50,247,153,p149929,0,0,None,0,,149929.jpg,0.0,585,247,False,0,None,0.0,"[{'offset': 0, 'projected_percent': '0.0', 'likelihood': 0}, {'offset': 1, 'projected_percent': '0.0', 'likelihood': 0}, {'offset': 2, 'projected_percent': '0.0', 'likelihood': 0}]",0,0,244,False,0,0,,[],Burns,0.0,647,285,False,None,0,0,u,0,12,40,2021-06-09,0.0,542,224,0,0,0,340,1,0.0,0.0,Burns,0
0,1998-06-23,0,0,True,True,0,0,0,0,0,231899,None,,0,0,0,0,0.0,471,195,0,0,None,,0,3,0.0,0.0,0,0.00,0,0.00,0,0.00,0.00,0,0,Jack,0.0,499,203,0,0,0,False,0.0,479,190,312,False,0.0,474,188,,0,Knee injury - Unknown return date,2026-07-29T18:00:10.319370Z,45,462,260,p231899,0,0,None,0,,231899.jpg,0.0,499,203,False,-5,None,-100.9,"[{'offset': 0, 'projected_percent': '-103.6', 'likelihood': -5}, {'offset': 1, 'projected_percent': '-113.2', 'likelihood': -5}, {'offset': 2, 'projected_percent': '-122.8', 'likelihood': -5}]",0,0,104,False,0,0,https://www.itfc.co.uk/news/2026/may/12/midfield-duo-undergo-surgery/,[],Taylor,0.0,539,221,False,None,0,0,i,0,12,40,2023-06-26,0.0,421,167,0,591,15,2415,34,0.0,0.0,Taylor,0
0,2000-11-23,1,48,True,True,None,None,0,0.0,3,443261,4,,0,0,-1,1,25.3,173,100,10,5.29,3,,0,3,2.2,2.2,2,0.37,0.2,0.67,0.36,0.30,2.00,1.06,0.16,Jack,2.2,151,68,2,1.06,1,False,11.0,158,77,313,False,42.0,175,67,Jack Clarke,170,,None,54,198,125,p443261,0,0,1,0,,443261.jpg,2.8,164,71,False,-46,None,-62.0,"[{'offset': 0, 'projected_percent': '-71.8', 'likelihood': -3}, {'offset': 1, 'projected_percent': '-107.2', 'likelihood': -5}, {'offset': 2, 'projected_percent': '-142.7', 'likelihood': -5}]",5,0,241,False,0,0.0,,[],Clarke,0.2,344,121,False,None,2,1.06,a,2,12,40,2024-08-24,43.0,92,51,11,5378,27,14990,196,0.4,2.0,Clarke,1
0,1997-05-01,0,0,False,True,0,0,0,0,0,229164,None,,0,0,-1,1,0.0,545,226,0,0,None,,0,3,0.0,0.0,0,0.00,0,0.00,0,0.00,0.00,0,0,Chiedozie,0.0,565,232,0,0,0,False,0.0,551,222,314,False,0.0,547,221,,0,Has joined Lincoln City on loan until January,2026-09-02T16:04:17.497385Z,49,368,219,p229164,0,0,None,0,,229164.jpg,0.0,565,232,False,-1,None,0.0,"[{'offset': 0, 'projected_percent': '0.0', 'likelihood': 0}, {'offset': 1, 'projected_percent': '0.0', 'likelihood': 0}, {'offset': 2, 'projected_percent': '0.0', 'likelihood': 0}]",0,0,104,False,0,0,,[],Ogbene,0.0,626,267,False,None,0,0,u,0,12,40,2024-08-28,0.0,508,200,0,104,0,1154,12,0.0,0.0,Ogbene,0
1,2004-03-08,0,71,True,True,0,None,0,0.0,8,531442,2,,0,0,-1,1,114.9,18,17,28,7.16,None,,0,3,0.0,1.6,-1,1.11,0.28,1.20,0.3,0.09,7.82,2.0,0.02,Abdul,1.6,202,96,10,2.56,0,False,19.7,53,38,315,False,61.6,118,37,Abdul Fatawu,352,Suspended until 17 Oct,2026-09-19T15:30:10.126897Z,54,212,135,p531442,0,0,None,0,,531442.jpg,1.6,260,117,False,-127,None,-3.8,"[{'offset': 0, 'projected_percent': '-13.9', 'likelihood': -1}, {'offset': 1, 'projected_percent': '-50.0', 'likelihood': -3}, {'offset': 2, 'projected_percent': '-86.2', 'likelihood': -3}]",11,1,81,False,0,0.0,,[],Fatawu,0.2,348,124,False,None,5,1.28,s,9,12,40,2026-07-21,20.0,155,81,8,5336,34,11135,291,0.3,1.5,Fatawu,2
1,2004-07-16,6,110,True,True,100,100,0,0.0,3,543968,None,,0,0,0,0,49.8,95,8,10,2.84,None,,1,4,5.2,5.2,2,0.12,0.03,1.73,0.49,1.61,4.37,1.24,0.46,Emersonn,5.2,32,4,6,1.7,2,False,22.9,36,7,316,False,96.4,50,4,Emersonn,317,,2026-08-31T09:30:08.306145Z,55,160,38,p543968,0,0,2,0,,543968.jpg,5.2,51,5,False,-118,None,76.8,"[{'offset': 0, 'projected_percent': '76.3', 'likelihood': 3}, {'offset': 1, 'projected_percent': '74.7', 'likelihood': 3}, {'offset': 2, 'projected_percent': '73.1', 'likelihood': 3}]",4,0,30,False,0,0.0,,[],Correia da Silva,3.4,96,13,False,None,5,1.42,a,3,12,40,2026-07-08,83.0,34,13,26,294167,10469,122459,3185,0.9,4.7,Emersonn,0
0,1999-02-15,0,0,False,True,0,0,0,0,0,222625,None,,0,0,0,0,0.0,580,62,0,0,None,,0,4,0.0,0.0,0,0.00,0,0.00,0,0.00,0.00,0,0,George,0.0,592,63,0,0,0,False,0.0,581,60,317,False,0.0,576,57,,0,Has joined Stoke City permanently,2026-08-21T13:06:08.606019Z,50,270,53,p222625,0,0,None,0,,222625.jpg,0.0,592,63,False,-10,None,0.0,"[{'offset': 0, 'projected_percent': '0.0', 'likelihood': 0}, {'offset': 1, 'projected_percent': '0.0', 'likelihood': 0}, {'offset': 2, 'projected_percent': '0.0', 'likelihood': 0}]",0,0,243,False,0,0,,[],Hirst,0.1,440,64,False,None,0,0,u,0,12,40,2023-07-13,0.0,552,56,0,0,0,16705,75,0.0,0.0,Hirst,0
0,2002-02-08,0,11,True,True,100,100,0,0.0,0,481624,5,,0,0,-1,1,0.8,344,171,4,6.92,None,,0,3,0.4,0.4,1,0.01,0.02,0.06,0.12,0.06,1.01,1.75,0.1,Jaden,0.4,364,173,1,1.73,0,False,1.3,344,159,318,False,3.4,353,162,,52,,2026-08-25T11:30:07.532993Z,54,205,129,p481624,0,0,3,0,,481624.jpg,1.0,376,175,False,-5,None,-0.7,"[{'offset': 0, 'projected_percent': '-3.5', 'likelihood': -1}, {'offset': 1, 'projected_percent': '-13.4', 'likelihood': -1}, {'offset': 2, 'projected_percent': '-23.3', 'likelihood': -2}]",4,0,241,False,0,0.0,,[],Philogene,0.1,453,176,False,None,0,0.0,a,0,12,40,2025-01-15,9.0,233,116,2,275,7,9149,25,0.1,0.4,Philogene,0
0,1995-09-24,0,0,False,True,0,0,0,0,0,172453,None,,0,0,0,0,0.0,573,245,0,0,None,,0,3,0.0,0.0,0,0.00,0,0.00,0,0.00,0.00,0,0,Sam,0.0,587,249,0,0,0,False,0.0,576,242,319,False,0.0,571,240,,0,Has joined Derby County on loan for the rest of the season,2026-08-17T13:51:41.713979Z,50,251,157,p172453,0,0,None,0,,172453.jpg,0.0,587,249,False,0,None,0.0,"[{'offset': 0, 'projected_percent': '0.0', 'likelihood': 0}, {'offset': 1, 'projected_percent': '0.0', 'likelihood': 0}, {'offset': 2, 'projected_percent': '0.0', 'likelihood': 0}]",0,0,104,False,0,0,,[],Szmodics,0.0,645,284,False,None,0,0,u,0,12,40,2024-08-16,0.0,545,227,0,0,0,749,2,0.0,0.0,Szmodics,0
0,1995-10-09,0,36,True,True,None,None,0,0.0,0,147675,None,,0,0,0,0,1.7,322,41,3,3.46,None,,0,4,1.4,1.4,1,0.00,0.0,1.14,1.32,1.14,4.20,4.85,1.32,Chuba,1.4,228,22,4,4.62,1,False,5.5,247,26,320,False,34.6,208,17,,78,,None,50,246,51,p147675,0,0,None,0,,147675.jpg,2.3,188,20,False,-156,None,24.3,"[{'offset': 0, 'projected_percent': '23.7', 'likelihood': 2}, {'offset': 1, 'projected_percent': '21.5', 'likelihood': 2}, {'offset': 2, 'projected_percent': '19.4', 'likelihood': 1}]",2,0,241,False,0,0.0,,[],Akpom,1.2,164,25,False,None,0,0.0,a,1,12,40,2026-07-01,19.0,159,29,7,127379,1423,66013,1580,0.3,1.4,Akpom,0
0,2006-06-21,0,3,True,True,None,None,0,0.0,0,557012,None,,0,0,0,0,0.1,375,48,0,0.0,None,,0,4,0.2,0.2,0,0.00,0.0,0.00,0.0,0.00,0.03,0.27,0.0,Sindre,0.2,388,46,0,0.0,0,False,0.0,507,52,321,False,0.0,502,49,,10,,None,45,512,71,p557012,0,0,None,0,,557012.jpg,1.0,318,36,False,-265,None,39.3,"[{'offset': 0, 'projected_percent': '38.3', 'likelihood': 2}, {'offset': 1, 'projected_percent': '34.7', 'likelihood': 2}, {'offset': 2, 'projected_percent': '31.0', 'likelihood': 2}]",0,0,161,False,0,0.0,,[],Walle Egeli,3.6,92,12,False,None,0,0.0,a,0,12,40,2025-08-29,0.0,458,48,1,316337,3716,188911,4424,0.0,0.2,Walle Egeli,0
0,2002-03-01,0,0,False,True,0,0,0,0,0,462387,None,,0,0,0,0,0.0,589,64,0,0,None,,0,4,0.0,0.0,0,0.00,0,0.00,0,0.00,0.00,0,0,Ali,0.0,597,65,0,0,0,False,0.0,588,62,322,False,0.0,583,59,Ali Al Hamadi,0,Has joined Sheffield Wednesday on loan for the rest of the season,2026-08-27T14:54:10.215357Z,50,287,56,p462387,0,0,None,0,,462387.jpg,0.0,597,65,False,-4,None,0.0,"[{'offset': 0, 'projected_percent': '0.0', 'likelihood': 0}, {'offset': 1, 'projected_percent': '0.0', 'likelihood': 0}, {'offset': 2, 'projected_percent': '0.0', 'likelihood': 0}]",0,0,103,False,0,0,,[],Al-Hamadi,0.1,491,68,False,None,0,0,u,0,12,40,2024-01-29,0.0,562,58,0,755,0,9606,61,0.0,0.0,Al-Hamadi,0
0,2001-11-22,0,12,True,True,None,None,0,0.0,0,461587,None,,0,0,0,0,1.8,317,160,5,10.71,None,,0,3,0.6,0.6,0,0.00,0.0,0.05,0.11,0.05,0.21,0.45,0.11,Kasey,0.6,303,140,0,0.0,0,False,1.4,338,155,323,False,4.6,339,155,,42,,None,45,483,262,p461587,0,0,None,0,,461587.jpg,1.0,316,137,False,-205,None,-86.2,"[{'offset': 0, 'projected_percent': '-93.8', 'likelihood': -3}, {'offset': 1, 'projected_percent': '-121.3', 'likelihood': -5}, {'offset': 2, 'projected_percent': '-148.8', 'likelihood': -5}]",4,0,104,False,0,0.0,,[],McAteer,1.1,173,55,False,None,0,0.0,a,1,12,40,2025-08-22,7.0,244,121,3,26841,97,57004,1157,0.1,0.7,McAteer,0
0,2001-01-09,0,0,True,True,None,None,0,0,0,232457,None,,0,0,-1,1,0.0,546,227,0,0,None,,0,3,0.0,0.0,0,0.00,0,0.00,0,0.00,0.00,0,0,Anis,0.0,566,233,0,0,0,False,0.0,552,223,324,False,0.0,548,222,,0,,None,49,369,220,p232457,0,0,None,0,,232457.jpg,0.0,566,233,False,-6,None,-100.5,"[{'offset': 0, 'projected_percent': '-107.4', 'likelihood': -5}, {'offset': 1, 'projected_percent': '-132.2', 'likelihood': -5}, {'offset': 2, 'projected_percent': '-156.9', 'likelihood': -5}]",0,0,2,False,0,0,,[],Mehmeti,0.0,527,212,False,None,0,0,a,0,12,40,2026-01-23,0.0,509,201,0,330,4,2351,20,0.0,0.0,Mehmeti,0
0,2003-08-07,0,0,False,True,0,0,0,0,0,546600,None,,0,0,0,0,0.0,496,52,0,0,None,,0,1,0.0,0.0,0,0.00,0,0.00,0,0.00,0.00,0,0,Kayne,0.0,521,65,0,0,0,False,0.0,501,65,554,False,0.0,496,65,,0,Has joined Valencia on loan for the rest of the season,2026-08-25T14:04:09.529320Z,45,505,44,p546600,0,0,None,0,,546600.jpg,0.0,521,65,False,-3,None,0.0,"[{'offset': 0, 'projected_percent': '0.0', 'likelihood': 0}, {'offset': 1, 'projected_percent': '0.0', 'likelihood': 0}, {'offset': 2, 'projected_percent': '0.0', 'likelihood': 0}]",0,0,152,False,0,0,,[],van Oevelen,0.0,573,68,False,None,0,0,u,0,12,40,2026-07-21,0.0,452,50,0,54,0,1893,19,0.0,0.0,Van Oevelen,0
0,1997-10-20,0,32,True,True,None,None,0,0.0,8,442967,None,,0,0,-1,1,5.2,270,141,20,6.95,None,,0,3,1.6,1.6,1,0.02,0.01,0.73,0.26,0.71,6.07,2.11,0.25,Daizen,1.6,201,95,8,2.78,0,False,7.4,213,97,562,False,28.8,228,92,,259,,None,54,197,124,p442967,0,0,None,0,,442967.jpg,1.6,259,116,False,-56,None,-106.3,"[{'offset': 0, 'projected_percent': '-115.8', 'likelihood': -5}, {'offset': 1, 'projected_percent': '-150.3', 'likelihood': -5}, {'offset': 2, 'projected_percent': '-184.7', 'likelihood': -5}]",4,0,108,False,0,0.0,,[],Maeda,0.2,316,112,False,None,3,1.04,a,8,12,40,2026-07-25,43.0,91,50,8,2754,26,19122,352,0.3,1.5,Maeda,0
0,2000-01-23,0,40,True,True,None,None,0,0.0,8,240514,None,,0,0,0,0,0.0,473,45,0,0.0,None,,0,1,1.4,1.4,0,0.01,0.0,0.01,0.0,0.00,6.74,1.68,0.0,Kjell,1.4,219,16,10,2.5,0,False,10.3,168,4,564,False,103.6,39,4,,360,,None,45,465,35,p240514,0,0,None,0,,240514.jpg,1.8,238,19,False,-31,None,-23.0,"[{'offset': 0, 'projected_percent': '-25.1', 'likelihood': -2}, {'offset': 1, 'projected_percent': '-32.7', 'likelihood': -2}, {'offset': 2, 'projected_percent': '-40.3', 'likelihood': -3}]",39,0,152,False,15,3.75,,[],Scherpen,0.6,239,35,False,None,4,1.0,a,0,12,40,2026-07-28,0.0,423,41,7,14688,121,20864,287,0.3,1.6,Scherpen,0
0,1999-08-19,0,9,True,True,100,100,0,0.0,1,216055,None,,0,0,-1,1,21.3,191,107,2,6.0,None,,0,3,0.4,0.4,1,0.01,0.03,0.01,0.03,0.00,0.77,2.31,0.0,Florentino Ibrain,0.4,349,163,0,0.0,0,False,3.2,295,132,571,False,9.0,305,133,Florentino,30,,2026-08-25T11:30:07.678802Z,49,365,218,p216055,0,0,None,0,,216055.jpg,1.0,331,144,False,-5,None,-92.9,"[{'offset': 0, 'projected_percent': '-95.1', 'likelihood': -4}, {'offset': 1, 'projected_percent': '-103.3', 'likelihood': -5}, {'offset': 2, 'projected_percent': '-111.4', 'likelihood': -5}]",0,0,173,False,0,0.0,,[],Morris Luís,0.1,442,169,False,None,0,0.0,a,1,12,40,2026-08-04,2.0,302,147,2,955,10,6775,44,0.1,0.4,Florentino,0
2,2004-01-23,0,83,True,True,100,100,0,0.0,5,474120,None,,0,0,0,0,62.7,63,50,31,6.76,None,,0,3,3.0,3.0,2,0.89,0.19,2.12,0.46,1.23,8.52,1.86,0.27,Julio,3.0,106,48,11,2.4,0,False,19.4,59,41,591,False,55.8,135,46,,413,,2026-08-22T18:00:07.551930Z,55,150,93,p474120,0,0,None,0,,474120.jpg,3.0,146,63,False,-310,None,9.2,"[{'offset': 0, 'projected_percent': '8.0', 'likelihood': 1}, {'offset': 1, 'projected_percent': '3.8', 'likelihood': 1}, {'offset': 2, 'projected_percent': '-5.4', 'likelihood': -1}]",24,0,168,False,0,0.0,,[],Enciso,0.8,201,63,False,None,5,1.09,a,2,12,40,2026-08-17,75.0,41,24,15,91968,405,47535,1246,0.5,2.7,Enciso,1
0,2005-10-22,0,29,True,True,None,None,0,0.0,6,572584,None,,0,0,0,0,24.8,174,55,10,6.87,None,,0,2,1.2,1.2,2,0.03,0.02,0.05,0.03,0.02,3.20,2.2,0.01,Abdoul,1.2,243,87,2,1.37,0,False,3.6,289,109,592,False,11.6,286,115,,131,,None,40,643,198,p572584,0,0,None,0,,572584.jpg,1.2,287,99,False,-29,None,-24.1,"[{'offset': 0, 'projected_percent': '-25.5', 'likelihood': -2}, {'offset': 1, 'projected_percent': '-30.2', 'likelihood': -2}, {'offset': 2, 'projected_percent': '-35.0', 'likelihood': -2}]",14,0,54,False,0,0.0,,[],Ouattara,0.9,197,75,False,None,1,0.69,a,4,12,40,2026-08-17,0.0,371,149,6,12916,131,24459,323,0.3,1.5,Ouattara,0
0,2003-10-30,0,0,False,True,0,0,0,0,0,524180,None,,0,0,0,0,0.0,494,200,0,0,None,,0,3,0.0,0.0,0,0.00,0,0.00,0,0.00,0.00,0,0,Cameron,0.0,519,208,0,0,0,False,0.0,499,195,602,False,0.0,494,193,,0,Has joined Huddersfield Town on loan for the rest of the season,2026-09-02T16:04:17.524642Z,45,503,267,p524180,0,0,None,0,,524180.jpg,0.0,519,208,False,-3,None,0.0,"[{'offset': 0, 'projected_percent': '0.0', 'likelihood': 0}, {'offset': 1, 'projected_percent': '0.0', 'likelihood': 0}, {'offset': 2, 'projected_percent': '0.0', 'likelihood': 0}]",0,0,241,False,0,0,,[],Humphreys,0.0,557,232,False,None,0,0,u,0,12,40,2021-08-09,0.0,450,172,0,2861,0,3035,41,0.0,0.0,Humphreys,0
0,1998-10-05,0,66,True,True,None,None,0,0.0,12,218543,None,,0,0,0,0,40.4,128,80,45,14.73,None,,0,3,2.8,2.8,2,0.09,0.03,0.09,0.03,0.00,5.38,1.76,0.0,Exequiel,2.8,112,52,7,2.29,0,False,9.0,191,89,619,False,45.4,168,64,,275,,None,50,264,165,p218543,0,0,None,0,,218543.jpg,2.8,159,68,False,-10,None,1.1,"[{'offset': 0, 'projected_percent': '1.1', 'likelihood': 1}, {'offset': 1, 'projected_percent': '1.0', 'likelihood': 1}, {'offset': 2, 'projected_percent': '0.8', 'likelihood': 1}]",23,0,10,False,0,0.0,,[],Palacios,0.1,468,183,False,None,3,0.98,a,10,12,40,2026-08-27,4.0,285,141,11,8653,165,2718,108,0.6,2.2,Palacios,0
0,1998-08-01,0,36,True,True,None,None,0,0.0,1,431639,None,,0,0,0,0,1.8,320,40,5,7.5,None,,0,4,2.0,2.0,0,0.01,0.02,0.65,0.98,0.64,0.63,0.94,0.96,Zian,2.0,164,16,1,1.5,1,False,9.1,189,21,640,False,38.2,190,15,,60,,None,55,141,36,p431639,0,0,None,0,,431639.jpg,2.0,223,24,False,-15,None,0.5,"[{'offset': 0, 'projected_percent': '0.5', 'likelihood': 1}, {'offset': 1, 'projected_percent': '0.3', 'likelihood': 1}, {'offset': 2, 'projected_percent': '0.1', 'likelihood': 1}]",3,0,152,False,0,0.0,,[],Flemming,0.1,463,66,False,None,0,0.0,a,1,12,40,2026-09-01,51.0,74,18,6,8579,217,2354,132,0.4,1.1,Flemming,1
0,1997-03-22,0,19,True,True,0,0,1,0.62,3,153682,2,,0,0,-3,3,52.4,87,59,11,6.83,2,,0,3,0.0,0.0,0,0.09,0.06,0.10,0.07,0.01,3.28,2.04,0.01,Harry,1.0,275,128,1,0.62,0,False,8.5,199,92,260,False,19.2,262,110,,145,Thigh injury - Unknown return date,2026-09-18T13:30:09.626858Z,62,54,38,p153682,0,0,None,0,,153682.jpg,1.2,292,134,False,-1247,None,-19.0,"[{'offset': 0, 'projected_percent': '-28.0', 'likelihood': -2}, {'offset': 1, 'projected_percent': '-60.6', 'likelihood': -3}, {'offset': 2, 'projected_percent': '-93.1', 'likelihood': -3}]",4,0,244,False,0,0.0,,[],Wilson,2.0,128,39,False,None,1,0.62,i,4,13,2,2026-07-08,12.0,210,107,5,28982,11,427420,10718,0.2,0.8,Wilson,1
0,1997-12-10,0,0,False,True,0,0,0,0,0,201595,None,,0,0,0,0,0.0,465,42,0,0,None,,0,1,0.0,0.0,0,0.00,0,0.00,0,0.00,0.00,0,0,Lucas Estella,0.0,493,58,0,0,0,False,0.0,473,58,326,False,0.0,468,58,Lucas Perri,0,Has joined Torino on loan for the rest of the season,2026-09-01T13:12:39.210133Z,45,451,32,p201595,0,0,None,0,,201595.jpg,0.0,493,58,False,-26,None,0.0,"[{'offset': 0, 'projected_percent': '0.0', 'likelihood': 0}, {'offset': 1, 'projected_percent': '0.0', 'likelihood': 0}, {'offset': 2, 'projected_percent': '0.0', 'likelihood': 0}]",0,0,30,False,0,0,,[],Perri,0.3,280,38,False,None,0,0,u,0,13,2,2025-07-26,0.0,414,38,0,532,0,25429,229,0.0,0.0,Perri,0
0,1999-02-05,2,29,True,True,None,None,1,0.55,18,434752,None,,0,0,0,0,0.6,352,133,21,11.52,None,,0,2,2.4,2.4,0,0.00,0.0,0.11,0.06,0.11,3.16,1.73,0.06,Jaka,2.4,136,51,2,1.1,0,False,5.4,251,93,327,False,38.2,189,80,,164,,None,50,282,45,p434752,0,0,None,0,,434752.jpg,4.0,87,36,False,-92,None,6.4,"[{'offset': 0, 'projected_percent': '6.1', 'likelihood': 1}, {'offset': 1, 'projected_percent': '4.8', 'likelihood': 1}, {'offset': 2, 'projected_percent': '3.5', 'likelihood': 1}]",7,0,195,False,0,0.0,,[],Bijol,0.7,211,82,False,None,2,1.1,a,3,13,2,2025-06-23,15.0,187,62,12,68457,155,54390,775,0.5,2.4,Bijol,0
0,1997-10-22,0,25,True,True,0,0,1,0.73,10,214225,None,,-1,1,-2,2,14.7,215,72,11,8.05,None,,0,2,0.0,0.0,0,0.06,0.04,0.09,0.06,0.03,1.01,0.74,0.02,Joe,1.4,215,77,0,0.0,0,False,4.5,269,102,329,False,23.0,245,101,,123,Hamstring injury - Expected back 21 Nov,2026-08-30T16:00:08.564382Z,43,578,156,p214225,0,0,None,0,,214225.jpg,3.5,112,44,False,-131,None,-0.9,"[{'offset': 0, 'projected_percent': '-2.2', 'likelihood': -1}, {'offset': 1, 'projected_percent': '-7.0', 'likelihood': -1}, {'offset': 2, 'projected_percent': '-11.7', 'likelihood': -1}]",2,0,244,False,0,0.0,https://www.leedsunited.com/en/news/daniel-farke-provides-fitness-update-ahead-of-brighton-clash-a,[],Rodon,0.8,202,78,False,None,2,1.46,i,1,13,2,2024-07-02,7.0,243,86,7,26898,4,290842,2837,0.3,1.6,Rodon,0
0,2000-07-27,6,108,True,True,None,None,3,0.9,10,226182,None,,0,0,1,-1,32.6,150,45,15,4.52,None,,2,2,7.4,7.4,0,0.08,0.02,1.39,0.41,1.31,2.23,0.67,0.39,Jayden,7.4,4,2,1,0.3,2,False,24.9,28,3,330,True,108.8,31,12,,299,,None,46,425,82,p226182,0,0,None,0,,226182.jpg,9.2,3,1,False,1831,None,26.2,"[{'offset': 0, 'projected_percent': '33.1', 'likelihood': 2}, {'offset': 1, 'projected_percent': '58.1', 'likelihood': 3}, {'offset': 2, 'projected_percent': '83.2', 'likelihood': 3}]",9,0,241,False,0,0.0,,[],Bogle,6.1,63,26,False,None,4,1.2,a,5,13,2,2024-07-20,108.0,19,2,37,551897,25324,62308,3100,1.6,8.0,Bogle,1
0,1999-04-29,0,35,True,True,100,100,1,0.56,3,243526,None,,0,0,0,0,9.8,251,86,9,5.0,None,,0,2,1.6,1.6,0,0.18,0.1,0.18,0.1,0.00,2.77,1.54,0.0,Gabriel,1.6,192,69,1,0.56,0,False,3.9,280,106,331,False,22.6,247,102,,162,,2026-08-08T20:00:07.546568Z,45,468,107,p243526,0,0,None,0,,243526.jpg,4.0,82,35,False,6,None,0.8,"[{'offset': 0, 'projected_percent': '0.8', 'likelihood': 1}, {'offset': 1, 'projected_percent': '0.9', 'likelihood': 1}, {'offset': 2, 'projected_percent': '1.0', 'likelihood': 1}]",11,0,206,False,0,0.0,,[],Gudmundsson,0.1,471,168,False,None,2,1.11,a,6,13,2,2025-07-08,6.0,252,89,8,3659,61,2478,48,0.4,1.8,Gudmundsson,0
0,1998-02-23,2,60,True,True,None,None,1,0.25,22,220627,None,,0,0,0,0,41.2,124,35,35,8.75,None,,0,2,3.6,3.6,0,0.30,0.08,0.47,0.12,0.17,5.40,1.35,0.04,James,3.6,71,28,3,0.75,0,False,16.1,87,23,332,False,84.4,70,32,,360,,None,45,457,101,p220627,0,0,None,0,,220627.jpg,4.5,65,28,False,-125,None,16.8,"[{'offset': 0, 'projected_percent': '16.3', 'likelihood': 1}, {'offset': 1, 'projected_percent': '14.6', 'likelihood': 1}, {'offset': 2, 'projected_percent': '12.9', 'likelihood': 1}]",12,0,241,False,0,0.0,,[],Justin,1.5,151,61,False,None,4,1.0,a,13,13,2,2025-08-25,36.0,111,29,18,117671,399,66228,1315,0.8,4.0,Justin,0
0,1999-03-22,0,0,False,True,0,0,0,0,0,437738,None,,0,0,0,0,0.0,478,188,0,0,None,,0,2,0.0,0.0,0,0.00,0,0.00,0,0.00,0.00,0,0,Sebastiaan,0.0,505,191,0,0,0,False,0.0,485,188,333,False,0.0,480,188,,0,Has joined Hamburg SV on loan for the rest of the season,2026-08-19T13:56:14.645970Z,45,477,115,p437738,0,0,None,0,,437738.jpg,0.0,505,191,False,0,None,0.0,"[{'offset': 0, 'projected_percent': '0.0', 'likelihood': 0}, {'offset': 1, 'projected_percent': '0.0', 'likelihood': 0}, {'offset': 2, 'projected_percent': '0.0', 'likelihood': 0}]",0,0,21,False,0,0,,[],Bornauw,0.0,648,214,False,None,0,0,u,0,13,2,2025-07-01,0.0,430,179,0,0,0,295,1,0.0,0.0,Bornauw,0
1,2003-02-28,0,79,True,True,None,None,1,0.25,46,522047,None,,0,0,0,0,12.7,231,81,50,12.5,None,,0,2,4.2,4.2,0,0.04,0.01,0.13,0.03,0.09,5.40,1.35,0.02,Tarik,4.2,55,23,3,0.75,0,False,16.9,76,20,334,False,133.4,12,2,,360,,None,50,318,55,p522047,0,0,None,0,,522047.jpg,5.2,49,19,False,-83,None,34.9,"[{'offset': 0, 'projected_percent': '34.6', 'likelihood': 2}, {'offset': 1, 'projected_percent': '33.4', 'likelihood': 2}, {'offset': 2, 'projected_percent': '32.3', 'likelihood': 2}]",11,0,27,False,0,0.0,,[],Muharemović,4.3,79,31,False,None,4,1.0,a,4,13,2,2026-07-17,23.0,142,44,21,275451,4166,152486,3602,0.8,4.2,Muharemović,0
0,1998-11-15,3,73,True,True,None,None,2,0.5,21,466525,1,,0,0,0,0,76.2,49,40,48,12.1,1,,1,3,4.4,4.4,0,0.23,0.06,1.15,0.29,0.92,5.11,1.29,0.23,Anton,4.4,51,22,2,0.5,1,False,22.7,37,26,335,False,99.8,46,20,,357,,None,60,72,49,p466525,0,0,None,0,,466525.jpg,5.5,43,23,False,-756,None,19.6,"[{'offset': 0, 'projected_percent': '16.8', 'likelihood': 1}, {'offset': 1, 'projected_percent': '6.4', 'likelihood': 1}, {'offset': 2, 'projected_percent': '-15.5', 'likelihood': -1}]",16,0,80,False,0,0.0,,[],Stach,2.6,111,34,False,None,4,1.01,a,11,13,2,2025-07-22,51.0,75,44,22,198212,869,148952,4219,0.7,3.7,Stach,0
0,2000-05-24,1,65,True,True,None,None,2,0.8,3,435997,None,,0,0,-2,2,39.9,130,82,13,5.22,None,,0,3,3.0,3.0,0,0.26,0.1,0.41,0.16,0.15,1.69,0.68,0.06,Noah,3.0,107,49,1,0.4,1,False,13.6,120,61,336,False,59.2,125,40,,224,,None,58,103,66,p435997,0,0,None,0,,435997.jpg,3.8,106,44,False,-72,None,2.0,"[{'offset': 0, 'projected_percent': '1.7', 'likelihood': 1}, {'offset': 1, 'projected_percent': '0.7', 'likelihood': 1}, {'offset': 2, 'projected_percent': '-7.1', 'likelihood': -1}]",5,0,207,False,0,0.0,,[],Okafor,0.4,266,88,False,None,3,1.21,a,5,13,2,2025-08-21,37.0,110,60,15,25530,423,32354,568,0.5,2.6,Okafor,0
0,2000-10-22,0,31,True,True,None,None,1,0.52,1,427637,None,,0,0,-1,1,3.0,297,152,11,5.76,4,,0,3,1.2,1.2,0,0.02,0.01,0.03,0.02,0.01,3.38,1.77,0.01,Brenden,1.2,257,119,3,1.57,0,False,2.3,316,144,337,False,10.4,296,126,,172,,None,54,192,121,p427637,0,0,None,0,,427637.jpg,1.5,271,121,False,-107,None,-95.4,"[{'offset': 0, 'projected_percent': '-103.9', 'likelihood': -5}, {'offset': 1, 'projected_percent': '-134.4', 'likelihood': -5}, {'offset': 2, 'projected_percent': '-164.9', 'likelihood': -5}]",8,0,229,False,0,0.0,,[],Aaronson,0.5,250,80,False,None,2,1.05,a,2,13,2,2022-07-01,9.0,232,115,6,6597,34,45351,622,0.2,1.1,Aaronson,0
1,2000-09-14,0,68,True,True,None,None,1,0.25,19,199598,None,,0,0,-1,1,42.9,118,74,46,11.5,None,,0,3,3.2,3.2,0,0.16,0.04,0.24,0.06,0.08,5.40,1.35,0.02,Ethan,3.2,90,37,3,0.75,0,False,11.8,147,71,338,False,69.8,97,31,,360,,None,54,179,114,p199598,0,0,None,0,,199598.jpg,4.0,89,37,False,-139,None,-16.1,"[{'offset': 0, 'projected_percent': '-22.0', 'likelihood': -2}, {'offset': 1, 'projected_percent': '-43.2', 'likelihood': -3}, {'offset': 2, 'projected_percent': '-64.4', 'likelihood': -3}]",18,0,244,False,0,0.0,,[],Ampadu,0.9,190,61,False,None,4,1.0,a,9,13,2,2023-07-19,5.0,271,136,16,16608,175,56666,987,0.6,3.0,Ampadu,0
0,1997-10-30,0,7,True,True,None,None,0,0.0,0,180135,3,,0,0,-1,1,0.2,371,183,0,0.0,3,,0,3,0.4,0.4,0,0.00,0.0,0.00,0.0,0.00,0.35,3.15,0.0,Sean,0.4,345,161,1,9.0,0,False,0.0,547,219,339,False,0.0,542,217,,10,,None,49,355,212,p180135,0,0,None,0,,180135.jpg,1.0,327,142,False,-12,None,-63.1,"[{'offset': 0, 'projected_percent': '-68.6', 'likelihood': -3}, {'offset': 1, 'projected_percent': '-88.3', 'likelihood': -3}, {'offset': 2, 'projected_percent': '-108.1', 'likelihood': -5}]",0,0,241,False,0,0.0,,[],Longstaff,0.1,434,165,False,None,0,0.0,a,0,13,2,2025-07-18,0.0,502,197,2,2404,31,7584,100,0.1,0.4,Longstaff,0
0,2003-11-05,0,0,False,True,0,0,0,0,0,492859,None,,0,0,0,0,0.0,600,256,0,0,None,,0,3,0.0,0.0,0,0.00,0,0.00,0,0.00,0.00,0,0,Wilfried,0.0,606,258,0,0,0,False,0.0,598,253,341,False,0.0,593,251,,0,Has joined ACF Fiorentina on loan for the rest of the season,2026-09-02T16:04:47.189648Z,50,306,183,p492859,0,0,None,0,,492859.jpg,0.0,606,258,False,-1,None,0.0,"[{'offset': 0, 'projected_percent': '0.0', 'likelihood': 0}, {'offset': 1, 'projected_percent': '0.0', 'likelihood': 0}, {'offset': 2, 'projected_percent': '0.0', 'likelihood': 0}]",0,0,106,False,0,0,,[],Gnonto,0.0,620,264,False,None,0,0,u,0,13,2,2022-09-01,0.0,575,241,0,244,0,1767,9,0.0,0.0,Gnonto,0
0,1996-11-20,0,0,False,True,0,0,0,0,0,221399,None,,0,0,0,0,0.0,578,247,0,0,None,,0,3,0.0,0.0,0,0.00,0,0.00,0,0.00,0.00,0,0,Jack,0.0,590,251,0,0,0,False,0.0,579,244,342,False,0.0,574,242,,0,Has joined New England Revolution permanently,2026-07-28T12:59:09.492431Z,50,267,166,p221399,0,0,None,0,,221399.jpg,0.0,590,251,False,0,None,0.0,"[{'offset': 0, 'projected_percent': '0.0', 'likelihood': 0}, {'offset': 1, 'projected_percent': '0.0', 'likelihood': 0}, {'offset': 2, 'projected_percent': '0.0', 'likelihood': 0}]",0,0,241,False,0,0,,[],Harrison,0.0,660,295,False,None,0,0,u,0,13,2,2021-07-02,0.0,550,229,0,0,0,76,2,0.0,0.0,Harrison,0
0,1997-11-10,0,6,True,True,None,None,0,0.0,0,200617,None,,0,0,-1,1,1.1,333,167,4,12.41,None,,0,3,0.4,0.4,0,0.01,0.03,0.36,1.12,0.35,1.21,3.76,1.09,Daniel,0.4,346,162,1,3.1,0,False,1.4,339,156,343,False,0.0,544,219,,29,,None,49,357,214,p200617,0,0,None,0,,200617.jpg,1.0,328,143,False,-13,None,-10.3,"[{'offset': 0, 'projected_percent': '-15.5', 'likelihood': -1}, {'offset': 1, 'projected_percent': '-34.4', 'likelihood': -2}, {'offset': 2, 'projected_percent': '-53.3', 'likelihood': -3}]",4,0,244,False,0,0.0,,[],James,0.1,425,161,False,None,0,0.0,a,0,13,2,2021-08-31,15.0,182,91,2,3998,29,7540,90,0.1,0.4,James,0
0,2000-05-06,0,0,True,True,100,100,0,0,0,486520,None,,0,0,0,0,0.0,594,252,0,0,None,,0,3,0.0,0.0,0,0.00,0,0.00,0,0.00,0.00,0,0,Ilia,0.0,600,254,0,0,0,False,0.0,592,249,344,False,0.0,587,247,,0,,2026-08-14T23:00:06.272027Z,50,297,177,p486520,0,0,None,0,,486520.jpg,0.0,600,254,False,0,None,0.0,"[{'offset': 0, 'projected_percent': '0.0', 'likelihood': 0}, {'offset': 1, 'projected_percent': '0.0', 'likelihood': 0}, {'offset': 2, 'projected_percent': '0.0', 'likelihood': 0}]",0,0,34,False,0,0,,[],Gruev,0.0,642,281,False,None,0,0,a,0,13,2,2023-08-31,0.0,568,236,0,86,7,296,1,0.0,0.0,Gruev,0
2,1998-09-10,0,48,True,True,None,None,1,0.48,9,248056,4,,0,0,-1,1,17.1,205,115,24,11.49,None,,0,3,2.4,2.4,0,0.05,0.02,0.64,0.3,0.59,2.58,1.24,0.28,Tanaka,2.4,134,59,1,0.48,0,False,8.2,203,95,345,False,50.0,159,60,,188,,None,49,372,223,p248056,0,0,None,0,,248056.jpg,4.0,84,36,False,-11,None,4.6,"[{'offset': 0, 'projected_percent': '4.5', 'likelihood': 1}, {'offset': 1, 'projected_percent': '4.4', 'likelihood': 1}, {'offset': 2, 'projected_percent': '4.2', 'likelihood': 1}]",8,0,108,False,0,0.0,,[],Ao,0.3,285,95,False,None,2,0.96,a,7,13,2,2024-08-30,15.0,184,93,12,20972,454,15571,336,0.5,2.4,Tanaka,0
1,1997-03-16,4,66,True,True,None,None,2,0.55,5,177815,None,,0,0,0,0,28.3,164,16,14,3.83,None,,0,4,4.0,4.0,0,0.08,0.02,2.56,0.7,2.48,3.79,1.04,0.68,Dominic,4.0,62,7,2,0.55,2,False,25.1,27,6,346,False,93.8,57,5,,329,,None,60,65,14,p177815,0,0,1,0,,177815.jpg,5.0,55,6,False,782,None,74.7,"[{'offset': 0, 'projected_percent': '77.7', 'likelihood': 3}, {'offset': 1, 'projected_percent': '88.4', 'likelihood': 3}, {'offset': 2, 'projected_percent': '99.0', 'likelihood': 4}]",9,0,241,False,0,0.0,,[],Calvert-Lewin,25.7,11,3,False,None,4,1.09,a,0,13,2,2025-08-15,134.0,7,5,20,942735,26106,1177195,24253,0.7,3.3,Calvert-Lewin,3
1,1998-12-14,0,24,True,True,None,None,0,0.0,0,174594,None,,0,0,-1,1,22.4,183,20,2,3.6,None,,0,4,1.2,1.2,0,0.15,0.27,0.42,0.76,0.27,2.53,4.55,0.49,Lukas,1.2,254,28,1,1.8,0,False,5.5,248,27,347,False,18.4,266,24,,50,,None,54,174,41,p174594,0,0,2,0,,174594.jpg,2.0,220,23,False,-47,None,-7.4,"[{'offset': 0, 'projected_percent': '-11.4', 'likelihood': -1}, {'offset': 1, 'projected_percent': '-25.6', 'likelihood': -2}, {'offset': 2, 'projected_percent': '-39.9', 'likelihood': -2}]",2,0,80,False,0,0.0,,[],Nmecha,0.5,256,43,False,None,0,0.0,a,0,13,2,2025-07-01,15.0,190,31,6,20596,402,33959,538,0.2,1.1,Nmecha,0
0,1999-08-02,0,0,False,True,0,0,0,0,0,235826,None,,0,0,0,0,0.0,583,63,0,0,None,,0,4,0.0,0.0,0,0.00,0,0.00,0,0.00,0.00,0,0,Joël,0.0,595,64,0,0,0,False,0.0,584,61,348,False,0.0,579,58,,0,Has joined West Ham United on loan for the rest of the season,2026-08-19T13:56:14.666726Z,50,276,55,p235826,0,0,3,0,,235826.jpg,0.0,595,64,False,-9,None,0.0,"[{'offset': 0, 'projected_percent': '0.0', 'likelihood': 0}, {'offset': 1, 'projected_percent': '0.0', 'likelihood': 0}, {'offset': 2, 'projected_percent': '0.0', 'likelihood': 0}]",0,0,203,False,0,0,,[],Piroe,0.1,479,67,False,None,0,0,u,0,13,2,2023-08-24,0.0,555,57,0,0,0,10869,74,0.0,0.0,Piroe,0
0,2003-10-19,0,0,True,True,0,0,0,0,0,565297,None,,0,0,0,0,0.0,502,55,0,0,None,,0,4,0.0,0.0,0,0.00,0,0.00,0,0.00,0.00,0,0,Mateo,0.0,527,56,0,0,0,False,0.0,508,53,349,False,0.0,503,50,,0,Knee injury - Unknown return date,2026-07-29T18:00:10.338170Z,45,513,72,p565297,0,0,None,0,,565297.jpg,0.0,527,56,False,2,None,-32.6,"[{'offset': 0, 'projected_percent': '-32.2', 'likelihood': -2}, {'offset': 1, 'projected_percent': '-30.7', 'likelihood': -2}, {'offset': 2, 'projected_percent': '-29.2', 'likelihood': -2}]",0,0,200,False,0,0,,[],Joseph Fernández-Regatillo,0.1,494,69,False,None,0,0,i,0,13,2,2022-11-04,0.0,459,49,0,2869,83,4060,86,0.0,0.0,Mateo Joseph,0
0,2002-10-10,2,83,True,True,None,None,1,0.25,6,432720,None,,0,0,0,0,0.0,586,66,0,0.0,None,,0,1,3.6,3.6,0,0.00,0.0,0.00,0.0,0.00,5.40,1.35,0.0,James,3.6,75,8,3,0.75,0,False,12.1,142,3,385,False,120.8,17,2,,360,,None,50,280,11,p432720,0,0,None,0,,432720.jpg,4.5,67,6,False,-188,None,28.5,"[{'offset': 0, 'projected_percent': '27.8', 'likelihood': 2}, {'offset': 1, 'projected_percent': '25.2', 'likelihood': 2}, {'offset': 2, 'projected_percent': '22.7', 'likelihood': 2}]",39,0,241,False,15,3.75,,[],Trafford,5.4,73,10,False,None,4,1.0,a,0,13,2,2026-08-06,0.0,558,65,18,243236,1265,147238,2893,0.7,3.6,Trafford,0
0,1996-09-30,0,29,True,True,None,None,0,0.0,23,173774,None,,0,0,0,0,23.1,179,58,25,9.53,None,,0,2,1.4,1.4,0,0.57,0.22,0.62,0.24,0.05,4.39,1.67,0.02,Nico,1.4,217,79,3,1.14,0,False,10.8,161,61,598,False,62.2,114,55,,236,,None,45,447,94,p173774,0,0,None,0,,173774.jpg,2.3,185,72,False,-1,None,0.6,"[{'offset': 0, 'projected_percent': '0.6', 'likelihood': 1}, {'offset': 1, 'projected_percent': '0.6', 'likelihood': 1}, {'offset': 2, 'projected_percent': '0.5', 'likelihood': 1}]",7,0,207,False,0,0.0,,[],Elvedi,0.1,492,175,False,None,2,0.76,a,2,13,2,2026-08-19,22.0,146,45,7,5142,27,2604,45,0.3,1.6,Elvedi,0
0,2008-04-08,0,0,True,True,None,None,0,0,0,643970,None,,0,0,0,0,0.0,439,175,0,0,None,,0,2,0.0,0.0,0,0.00,0,0.00,0,0.00,0.00,0,0,Jayden,0.0,471,178,0,0,0,False,0.0,450,175,603,False,0.0,445,175,,0,,None,40,654,208,p643970,0,0,None,0,,643970.jpg,0.0,471,178,False,-7,None,0.2,"[{'offset': 0, 'projected_percent': '0.2', 'likelihood': 1}, {'offset': 1, 'projected_percent': '0.1', 'likelihood': 1}, {'offset': 2, 'projected_percent': '0.0', 'likelihood': 0}]",0,0,244,False,0,0,,[],Lienou,0.1,411,152,False,None,0,0,a,0,13,2,2026-05-10,0.0,382,159,0,6735,62,3553,86,0.0,0.0,Lienou,0
0,2007-07-15,0,0,True,True,None,None,0,0,0,592740,None,,0,0,0,0,0.0,510,206,0,0,None,,0,3,0.0,0.0,0,0.00,0,0.00,0,0.00,0.00,0,0,Alfie,0.0,535,214,0,0,0,False,0.0,516,201,604,False,0.0,511,199,,0,,None,45,524,274,p592740,0,0,None,0,,592740.jpg,0.0,535,214,False,-20,None,0.1,"[{'offset': 0, 'projected_percent': '0.0', 'likelihood': 0}, {'offset': 1, 'projected_percent': '-18.5', 'likelihood': -1}, {'offset': 2, 'projected_percent': '-39.2', 'likelihood': -2}]",0,0,241,False,0,0,,[],Cresswell,0.1,373,135,False,None,0,0,a,0,13,2,2026-05-16,0.0,467,178,0,13815,59,7169,141,0.0,0.0,Cresswell,0
0,1993-01-04,0,0,True,True,None,None,0,0,0,97846,None,,0,0,0,0,0.0,392,12,0,0,None,,0,1,0.0,0.0,0,0.00,0,0.00,0,0.00,0.00,0,0,Alex,0.0,427,32,0,0,0,False,0.0,404,31,625,False,0.0,400,31,,0,,None,40,592,56,p97846,0,0,None,0,,97846.jpg,0.0,427,32,False,-4,None,0.4,"[{'offset': 0, 'projected_percent': '0.4', 'likelihood': 1}, {'offset': 1, 'projected_percent': '0.4', 'likelihood': 1}, {'offset': 2, 'projected_percent': '0.3', 'likelihood': 1}]",0,0,241,False,0,0,,[],Cairns,0.2,326,39,False,None,0,0,a,0,13,2,2024-07-08,0.0,332,8,0,19202,243,5268,110,0.0,0.0,Cairns,0
0,1995-07-12,0,0,True,True,None,None,0,0,0,155465,None,,0,0,0,0,0.0,395,14,0,0,None,,0,1,0.0,0.0,0,0.00,0,0.00,0,0.00,0.00,0,0,Michael,0.0,430,34,0,0,0,False,0.0,407,33,629,False,0.0,403,33,,0,,None,40,595,58,p155465,0,0,None,0,,155465.jpg,0.0,430,34,False,4,None,2.4,"[{'offset': 0, 'projected_percent': '2.4', 'likelihood': 1}, {'offset': 1, 'projected_percent': '2.5', 'likelihood': 1}, {'offset': 2, 'projected_percent': '2.5', 'likelihood': 1}]",0,0,80,False,0,0,,[],Zetterer,0.7,225,32,False,None,0,0,a,0,13,2,2026-08-29,0.0,335,10,0,56238,798,11741,366,0.0,0.0,Zetterer,0
0,2000-11-06,0,1,True,True,None,None,0,0.0,1,437497,None,,0,0,0,0,10.3,247,85,2,10.0,None,,0,2,0.3,0.3,0,0.00,0.0,0.00,0.0,0.00,0.30,1.5,0.0,Melvin,0.3,374,130,1,5.0,0,False,1.5,334,121,641,False,4.4,340,130,,18,,None,45,476,114,p437497,0,0,None,0,,437497.jpg,1.0,315,120,False,-1,None,0.0,"[{'offset': 0, 'projected_percent': '0.0', 'likelihood': 0}, {'offset': 1, 'projected_percent': '0.0', 'likelihood': 0}, {'offset': 2, 'projected_percent': '0.0', 'likelihood': 0}]",2,0,73,False,0,0.0,,[],Bard,0.0,615,207,False,None,0,0.0,a,1,13,2,2026-09-01,0.0,429,178,1,886,24,289,13,0.1,0.2,Bard,0
0,2005-05-07,0,0,True,True,None,None,0,0,0,587982,None,,0,0,0,0,0.0,612,263,0,0,None,,0,3,0.0,0.0,0,0.00,0,0.00,0,0.00,0.00,0,0,Jean-Mattéo,0.0,618,265,0,0,0,False,0.0,610,260,648,False,0.0,605,258,,0,,None,50,329,198,p587982,0,0,None,0,,587982.jpg,0.0,618,265,False,-9,None,-28.0,"[{'offset': 0, 'projected_percent': '-55.9', 'likelihood': -3}, {'offset': 1, 'projected_percent': '-156.2', 'likelihood': -5}, {'offset': 2, 'projected_percent': '-256.6', 'likelihood': -5}]",0,0,73,False,0,0,,[],Bahoya,0.0,589,244,False,None,0,0,a,0,13,2,2026-09-01,0.0,589,250,0,2151,19,1013,45,0.0,0.0,Bahoya,0
0,1992-10-02,3,66,True,True,None,None,2,0.5,6,116535,None,,0,0,0,0,0.0,634,71,0,0.0,None,,0,1,3.8,3.8,0,0.00,0.0,0.00,0.0,0.00,5.33,1.33,0.0,Alisson,3.8,68,6,4,1.0,0,False,7.7,208,16,350,False,76.8,80,16,Alisson Becker,360,,None,55,125,3,p116535,0,0,None,0,,116535.jpg,4.8,63,5,False,-66,None,1.0,"[{'offset': 0, 'projected_percent': '0.7', 'likelihood': 1}, {'offset': 1, 'projected_percent': '-0.5', 'likelihood': -1}, {'offset': 2, 'projected_percent': '-2.9', 'likelihood': -1}]",38,0,30,False,12,3.0,,[],Becker,3.9,88,14,False,None,4,1.0,a,0,14,14,2018-07-19,0.0,621,70,19,134311,993,135320,1796,0.7,3.5,A.Becker,1
0,2000-09-29,0,0,True,True,None,None,0,0,0,449027,None,,0,0,-1,1,0.0,553,58,0,0,None,,0,1,0.0,0.0,0,0.00,0,0.00,0,0.00,0.00,0,0,Giorgi,0.0,572,69,0,0,0,False,0.0,559,69,351,False,0.0,554,69,,0,,None,49,380,19,p449027,0,0,None,0,,449027.jpg,0.0,572,69,False,-5,None,-78.0,"[{'offset': 0, 'projected_percent': '-79.5', 'likelihood': -3}, {'offset': 1, 'projected_percent': '-85.1', 'likelihood': -3}, {'offset': 2, 'projected_percent': '-90.6', 'likelihood': -3}]",0,0,79,False,0,0,,[],Mamardashvili,0.1,382,42,False,None,0,0,a,0,14,14,2024-08-27,0.0,516,56,0,2659,47,8103,85,0.0,0.0,Mamardashvili,0
0,1997-03-04,0,0,True,True,None,None,0,0,0,155503,None,,0,0,0,0,0.0,396,15,0,0,None,,0,1,0.0,0.0,0,0.00,0,0.00,0,0.00,0.00,0,0,Freddie,0.0,431,35,0,0,0,False,0.0,408,34,352,False,0.0,404,34,,0,,None,40,596,59,p155503,0,0,None,0,,155503.jpg,0.0,431,35,False,-29,None,-23.5,"[{'offset': 0, 'projected_percent': '-24.6', 'likelihood': -2}, {'offset': 1, 'projected_percent': '-28.7', 'likelihood': -2}, {'offset': 2, 'projected_percent': '-32.7', 'likelihood': -2}]",0,0,241,False,0,0,,[],Woodman,1.0,177,27,False,None,0,0,a,0,14,14,2025-07-01,0.0,336,11,0,17665,171,25223,365,0.0,0.0,Woodman,0
0,None,0,0,False,True,0,0,0,0,0,586268,None,,0,0,0,0,0.0,434,28,0,0,None,,0,1,0.0,0.0,0,0.00,0,0.00,0,0.00,0.00,0,0,Armin,0.0,466,48,0,0,0,False,0.0,445,47,353,False,0.0,440,47,,0,Has joined TSV Hartberg on loan for the rest of the season,2026-08-18T14:11:18.638344Z,40,648,72,p586268,0,0,None,0,,586268.jpg,0.0,466,48,False,0,None,0.0,"[{'offset': 0, 'projected_percent': '0.0', 'likelihood': 0}, {'offset': 1, 'projected_percent': '0.0', 'likelihood': 0}, {'offset': 2, 'projected_percent': '0.0', 'likelihood': 0}]",0,0,None,False,0,0,,[],Pecsi,0.0,571,67,False,None,0,0,u,0,14,14,None,0.0,376,24,0,0,0,1037,10,0.0,0.0,Pecsi,0
0,2001-07-23,0,0,True,True,0,0,0,0,0,432987,None,,0,0,0,0,0.0,408,21,0,0,None,,0,1,0.0,0.0,0,0.00,0,0.00,0,0.00,0.00,0,0,Vitezslav,0.0,441,41,0,0,0,False,0.0,419,40,354,False,0.0,414,40,,0,Knee injury - Unknown return date,2026-07-29T18:00:10.351066Z,40,613,65,p432987,0,0,None,0,,432987.jpg,0.0,441,41,False,1,None,0.0,"[{'offset': 0, 'projected_percent': '0.0', 'likelihood': 0}, {'offset': 1, 'projected_percent': '0.1', 'likelihood': 1}, {'offset': 2, 'projected_percent': '0.1', 'likelihood': 1}]",0,0,57,False,0,0,https://www.liverpoolfc.com/news/ajax-issue-vitezslav-jaros-injury-update,[],Jaros,0.0,569,66,False,None,0,0,i,0,14,14,2019-07-10,0.0,348,17,0,1625,78,1130,44,0.0,0.0,Jaros,0
0,2003-09-03,0,0,True,True,None,None,0,0,0,464353,None,,0,0,0,0,0.0,413,24,0,0,None,,0,1,0.0,0.0,0,0.00,0,0.00,0,0.00,0.00,0,0,Harvey,0.0,446,44,0,0,0,False,0.0,424,43,355,False,0.0,419,43,,0,,None,40,623,68,p464353,0,0,None,0,,464353.jpg,0.0,446,44,False,3,None,0.1,"[{'offset': 0, 'projected_percent': '0.1', 'likelihood': 1}, {'offset': 1, 'projected_percent': '0.2', 'likelihood': 1}, {'offset': 2, 'projected_percent': '0.2', 'likelihood': 1}]",0,0,241,False,0,0,,[],Davies,0.2,362,40,False,None,0,0,a,0,14,14,2021-03-09,0.0,353,20,0,4520,68,3839,59,0.0,0.0,Davies,0
0,1991-07-08,0,70,True,True,None,None,2,0.5,30,97032,None,,0,0,0,0,20.5,192,63,35,8.75,None,,0,2,3.4,3.4,0,0.07,0.02,0.32,0.08,0.25,5.33,1.33,0.06,Virgil,3.4,85,33,4,1.0,0,False,14.6,107,37,356,False,99.2,47,18,,360,,None,65,34,2,p97032,0,0,None,0,,97032.jpg,4.2,80,33,False,-532,None,-52.5,"[{'offset': 0, 'projected_percent': '-53.8', 'likelihood': -3}, {'offset': 1, 'projected_percent': '-58.4', 'likelihood': -3}, {'offset': 2, 'projected_percent': '-63.1', 'likelihood': -3}]",16,0,152,False,0,0.0,,[],van Dijk,16.3,24,7,False,None,4,1.0,a,5,14,14,2018-01-01,26.0,132,40,17,259251,2235,581159,8526,0.5,2.6,Virgil,1
0,2000-12-10,0,24,True,True,None,None,0,0.0,8,216094,None,,0,0,-2,2,76.5,47,7,12,6.07,None,,0,2,0.4,0.4,0,0.23,0.12,0.24,0.13,0.01,3.91,1.98,0.01,Jeremie,0.4,359,127,4,2.02,0,False,13.2,127,46,357,False,39.4,188,79,,178,,None,53,222,30,p216094,0,0,None,0,,216094.jpg,0.7,407,141,False,-145,None,-10.0,"[{'offset': 0, 'projected_percent': '-13.1', 'likelihood': -1}, {'offset': 1, 'projected_percent': '-24.3', 'likelihood': -2}, {'offset': 2, 'projected_percent': '-35.4', 'likelihood': -2}]",7,0,152,False,0,0.0,,[],Frimpong,1.8,133,54,False,None,2,1.01,a,4,14,14,2025-06-01,16.0,173,54,2,57652,309,235051,1666,0.1,0.4,Frimpong,1
0,2003-11-07,0,41,True,True,None,None,1,0.31,16,544877,None,,0,0,-1,1,45.0,106,27,23,7.02,None,,0,2,1.4,1.4,0,0.07,0.02,0.09,0.03,0.02,4.86,1.48,0.01,Milos,1.4,231,84,4,1.22,0,False,12.3,139,51,358,False,65.6,107,49,,295,,None,54,214,27,p544877,0,0,None,0,,544877.jpg,1.8,249,88,False,-171,None,-83.9,"[{'offset': 0, 'projected_percent': '-86.9', 'likelihood': -3}, {'offset': 1, 'projected_percent': '-97.5', 'likelihood': -4}, {'offset': 2, 'projected_percent': '-108.1', 'likelihood': -5}]",8,0,98,False,0,0.0,,[],Kerkez,2.3,118,47,False,None,3,0.92,a,7,14,14,2025-06-26,12.0,208,70,7,45389,372,179414,2042,0.3,1.3,Kerkez,2
0,1997-05-23,0,0,True,True,100,100,0,0,0,171287,None,,0,0,-1,1,0.0,541,202,0,0,None,,0,2,0.0,0.0,0,0.00,0,0.00,0,0.00,0.00,0,0,Joe,0.0,562,204,0,0,0,False,0.0,546,202,359,False,0.0,541,202,,0,,2026-07-26T08:30:10.078473Z,49,354,62,p171287,0,0,None,0,,171287.jpg,0.0,562,204,False,0,2026-09-22T14:30:07.295674Z,0.0,"[{'offset': 0, 'projected_percent': '0.0', 'likelihood': 0}, {'offset': 1, 'projected_percent': '0.0', 'likelihood': 0}, {'offset': 2, 'projected_percent': '0.0', 'likelihood': 0}]",0,0,241,False,0,0,,[],Gomez,0.0,578,197,False,None,0,0,a,0,14,14,2015-06-20,0.0,501,197,0,484,64,1080,16,0.0,0.0,Gomez,0
0,2003-07-09,0,0,True,True,0,0,0,0,0,492777,None,,0,0,0,0,0.0,599,211,0,0,None,,0,2,0.0,0.0,0,0.00,0,0.00,0,0.00,0.00,0,0,Conor,0.0,605,211,0,0,0,False,0.0,597,211,360,False,0.0,592,211,,0,Knee injury - Unknown return date,2026-07-23T12:01:23.565711Z,50,305,53,p492777,0,0,None,0,,492777.jpg,0.0,605,211,False,0,None,-76.8,"[{'offset': 0, 'projected_percent': '-76.8', 'likelihood': -3}, {'offset': 1, 'projected_percent': '-76.8', 'likelihood': -3}, {'offset': 2, 'projected_percent': '-76.8', 'likelihood': -3}]",0,0,242,False,0,0,https://www.liverpoolfc.com/news/fitness-latest-joe-gomez-return-update-conor-bradley,[],Bradley,0.0,608,206,False,None,0,0,i,0,14,14,2023-09-25,0.0,574,208,0,326,9,723,11,0.0,0.0,Bradley,0
0,None,0,0,True,True,None,None,0,0,0,519440,None,,0,0,0,0,0.0,421,158,0,0,None,,0,2,0.0,0.0,0,0.00,0,0.00,0,0.00,0.00,0,0,Wellity,0.0,454,162,0,0,0,False,0.0,432,158,361,False,0.0,427,158,,0,,None,40,632,187,p519440,0,0,None,0,,519440.jpg,0.0,454,162,False,-3,None,-39.7,"[{'offset': 0, 'projected_percent': '-40.8', 'likelihood': -3}, {'offset': 1, 'projected_percent': '-44.8', 'likelihood': -3}, {'offset': 2, 'projected_percent': '-48.7', 'likelihood': -3}]",0,0,None,False,0,0,,[],Lucky,0.1,390,147,False,None,0,0,a,0,14,14,None,0.0,361,139,0,3633,56,5297,72,0.0,0.0,Lucky,0
0,2005-07-13,3,86,True,True,100,100,2,0.55,20,606702,None,,0,0,0,0,42.8,119,33,28,7.75,None,,0,2,3.6,3.6,0,0.12,0.03,0.12,0.03,0.00,4.72,1.31,0.0,Jeremy,3.6,76,30,4,1.11,0,False,13.3,125,45,362,False,86.2,65,28,,325,,2026-07-23T12:01:23.581126Z,50,330,57,p606702,0,0,None,0,,606702.jpg,4.5,68,29,False,-3,None,43.8,"[{'offset': 0, 'projected_percent': '43.8', 'likelihood': 3}, {'offset': 1, 'projected_percent': '43.8', 'likelihood': 3}, {'offset': 2, 'projected_percent': '43.7', 'likelihood': 3}]",15,0,73,False,0,0.0,,[],Jacquet,3.3,97,36,False,None,4,1.11,a,8,14,14,2026-07-01,4.0,287,107,18,201040,3158,112308,2275,0.7,3.6,Jacquet,1
0,2006-12-21,0,0,True,True,0,0,0,0,0,647681,None,,0,0,0,0,0.0,440,176,0,0,None,,0,2,0.0,0.0,0,0.00,0,0.00,0,0.00,0.00,0,0,Giovanni,0.0,472,179,0,0,0,False,0.0,451,176,363,False,0.0,446,176,,0,Knee injury - Unknown return date,2026-07-23T12:01:23.596909Z,40,655,209,p647681,0,0,None,0,,647681.jpg,0.0,472,179,False,-7,None,-49.5,"[{'offset': 0, 'projected_percent': '-52.5', 'likelihood': -3}, {'offset': 1, 'projected_percent': '-63.4', 'likelihood': -3}, {'offset': 2, 'projected_percent': '-74.3', 'likelihood': -3}]",0,0,106,False,0,0,https://www.liverpoolfc.com/news/liverpools-injury-list-suspensions-and-availability?utm_source=premier-league-web&utm_medium=referral&utm_campaign=pl-referral-always-on&utm_term=injuries&utm_content=club-injury-article,[],Leoni,0.0,529,185,False,None,0,0,i,0,14,14,2025-08-15,0.0,383,160,0,819,18,1965,34,0.0,0.0,Leoni,0
0,1996-05-12,0,6,True,True,None,None,0,0.0,2,214285,None,,0,0,-1,1,2.9,299,107,3,4.22,None,,0,2,0.4,0.4,0,0.02,0.03,0.06,0.09,0.04,0.47,0.66,0.06,Kostas,0.4,347,124,0,0.0,0,False,1.8,328,118,364,False,6.4,326,125,,64,,None,49,362,64,p214285,0,0,None,0,,214285.jpg,1.0,330,127,False,0,None,-31.2,"[{'offset': 0, 'projected_percent': '-31.2', 'likelihood': -2}, {'offset': 1, 'projected_percent': '-31.2', 'likelihood': -2}, {'offset': 2, 'projected_percent': '-31.2', 'likelihood': -2}]",3,0,83,False,0,0.0,,[],Tsimikas,0.1,460,164,False,None,1,1.41,a,1,14,14,2020-08-10,9.0,229,81,2,1503,16,4068,42,0.1,0.4,Tsimikas,0
0,2003-07-31,0,0,False,True,0,0,0,0,0,489580,None,,0,0,0,0,0.0,416,155,0,0,None,,0,2,0.0,0.0,0,0.00,0,0.00,0,0.00,0.00,0,0,Calvin,0.0,449,159,0,0,0,False,0.0,427,155,365,False,0.0,422,155,,0,Has joined St Mirren on loan for the rest of the season,2026-08-26T14:05:26.748768Z,40,626,183,p489580,0,0,None,0,,489580.jpg,0.0,449,159,False,-12,None,0.0,"[{'offset': 0, 'projected_percent': '0.0', 'likelihood': 0}, {'offset': 1, 'projected_percent': '0.0', 'likelihood': 0}, {'offset': 2, 'projected_percent': '0.0', 'likelihood': 0}]",0,0,243,False,0,0,,[],Ramsay,0.1,429,155,False,None,0,0,u,0,14,14,2022-06-19,0.0,356,136,0,638,0,12320,91,0.0,0.0,Ramsay,0
1,2003-05-03,0,67,True,True,None,None,2,0.54,2,494595,3,,0,0,-2,2,108.0,23,21,28,7.59,2,,0,3,2.4,2.4,0,0.35,0.09,1.13,0.3,0.78,4.16,1.13,0.21,Florian,2.4,144,64,4,1.08,0,False,24.5,30,21,366,False,51.8,149,54,,332,,None,73,22,14,p494595,0,0,4,0,,494595.jpg,3.0,154,67,False,-824,None,-15.2,"[{'offset': 0, 'projected_percent': '-20.6', 'likelihood': -2}, {'offset': 1, 'projected_percent': '-39.9', 'likelihood': -2}, {'offset': 2, 'projected_percent': '-59.3', 'likelihood': -3}]",21,0,80,False,0,0.0,,[],Wirtz,6.0,65,21,False,None,4,1.08,a,5,14,14,2025-06-20,85.0,32,18,12,130640,372,732087,8690,0.3,1.6,Wirtz,1
3,1999-05-07,5,100,True,True,100,100,1,0.32,7,243298,2,,0,0,2,-2,105.8,25,23,27,8.68,None,,2,3,5.8,5.8,0,1.22,0.39,1.66,0.53,0.44,4.72,1.52,0.14,Cody,5.8,19,7,4,1.29,1,False,28.6,22,15,367,False,117.6,19,12,,280,,2026-09-09T18:30:08.772955Z,72,24,15,p243298,0,0,3,0,,243298.jpg,7.2,12,5,False,-1566,None,15.1,"[{'offset': 0, 'projected_percent': '9.1', 'likelihood': 1}, {'offset': 1, 'projected_percent': '-12.3', 'likelihood': -1}, {'offset': 2, 'projected_percent': '-33.7', 'likelihood': -2}]",14,0,152,False,0,0.0,,[],Gakpo,12.8,33,13,False,None,3,0.96,a,6,14,14,2023-01-01,63.0,55,35,29,1295105,8693,640313,12716,0.8,4.0,Gakpo,0
0,2000-10-25,1,98,True,True,None,None,2,0.5,11,424876,1,,0,0,0,0,173.4,3,3,35,8.75,1,,0,3,3.6,3.6,0,0.80,0.2,2.09,0.52,1.29,5.33,1.33,0.32,Dominik,3.6,79,33,4,1.0,1,False,33.6,12,10,368,False,107.2,36,15,,360,,None,70,26,17,p424876,0,0,1,0,,424876.jpg,4.5,70,29,False,-3967,None,-70.8,"[{'offset': 0, 'projected_percent': '-75.3', 'likelihood': -3}, {'offset': 1, 'projected_percent': '-91.7', 'likelihood': -3}, {'offset': 2, 'projected_percent': '-108.2', 'likelihood': -5}]",20,0,98,False,0,0.0,,[],Szoboszlai,34.4,7,3,False,None,4,1.0,a,4,14,14,2023-07-02,55.0,66,42,18,899175,6816,1505216,37058,0.5,2.6,Szoboszlai,0
0,2008-08-29,0,13,True,True,None,None,0,0.0,1,611922,None,,-1,1,-3,3,8.1,255,132,4,3.64,None,,0,3,0.8,0.8,0,0.05,0.05,0.20,0.19,0.15,0.68,0.62,0.14,Rio,0.8,286,132,2,1.82,0,False,2.1,322,147,369,False,4.4,343,156,,99,,None,57,119,77,p611922,0,0,None,0,,611922.jpg,1.3,283,132,False,-75,None,-2.0,"[{'offset': 0, 'projected_percent': '-5.6', 'likelihood': -1}, {'offset': 1, 'projected_percent': '-18.5', 'likelihood': -1}, {'offset': 2, 'projected_percent': '-31.5', 'likelihood': -2}]",2,0,241,False,0,0.0,,[],Ngumoha,0.5,252,82,False,None,1,0.91,a,1,14,14,2024-12-17,11.0,218,110,4,13934,156,85629,603,0.1,0.7,Ngumoha,0
0,1997-10-25,0,0,True,True,0,0,0,0,0,223541,None,,-1,1,-2,2,0.0,618,267,0,0,None,,0,3,0.0,0.0,0,0.00,0,0.00,0,0.00,0.00,0,0,Federico,0.0,624,269,0,0,0,False,0.0,617,264,370,False,0.0,612,262,,0,Back injury - Unknown return date,2026-08-27T13:30:07.598926Z,53,223,140,p223541,0,0,None,0,,223541.jpg,0.0,624,269,False,-3,None,-0.6,"[{'offset': 0, 'projected_percent': '-1.1', 'likelihood': -1}, {'offset': 1, 'projected_percent': '-3.0', 'likelihood': -1}, {'offset': 2, 'projected_percent': '-4.8', 'likelihood': -1}]",0,0,106,False,0,0,https://www.liverpoolfc.com/news/federico-chiesa-injury-update-0,[],Chiesa,0.0,499,198,False,None,0,0,i,0,14,14,2024-08-29,0.0,597,254,0,668,3,9874,41,0.0,0.0,Chiesa,0
1,2002-05-16,0,48,True,True,None,None,0,0.0,10,441266,None,,-1,1,-2,2,41.2,125,78,24,11.93,None,,0,3,1.6,1.6,0,0.07,0.03,0.17,0.08,0.10,1.88,0.93,0.05,Ryan,1.6,206,98,2,0.99,0,False,9.8,176,85,371,False,50.6,156,57,,181,,None,58,105,68,p441266,0,0,None,0,,441266.jpg,2.0,227,100,False,-193,None,-2.0,"[{'offset': 0, 'projected_percent': '-5.8', 'likelihood': -1}, {'offset': 1, 'projected_percent': '-19.8', 'likelihood': -1}, {'offset': 2, 'projected_percent': '-33.7', 'likelihood': -2}]",10,0,152,False,0,0.0,,[],Gravenberch,1.2,167,52,False,None,2,0.99,a,4,14,14,2023-09-01,6.0,264,132,8,34811,273,122633,1280,0.3,1.4,Gravenberch,0
0,1998-12-24,0,40,True,True,None,None,1,0.42,7,243016,None,,0,0,-1,1,44.3,110,70,28,11.67,None,,0,3,1.2,1.2,0,0.44,0.18,0.54,0.22,0.10,4.06,1.69,0.04,Alexis,1.2,256,118,2,0.83,0,False,11.0,157,76,372,False,44.2,170,66,,216,,None,54,189,120,p243016,0,0,5,0,,243016.jpg,1.5,270,120,False,-163,None,-30.7,"[{'offset': 0, 'projected_percent': '-35.6', 'likelihood': -2}, {'offset': 1, 'projected_percent': '-53.3', 'likelihood': -3}, {'offset': 2, 'projected_percent': '-71.0', 'likelihood': -3}]",12,0,10,False,0,0.0,,[],Mac Allister,1.3,160,49,False,None,2,0.83,a,9,14,14,2023-06-14,22.0,147,75,6,42305,685,90896,1182,0.2,1.1,Mac Allister,1
0,2001-01-30,0,0,False,True,0,0,0,0,0,206915,None,,0,0,0,0,0.0,639,277,0,0,None,,0,3,0.0,0.0,0,0.00,0,0.00,0,0.00,0.00,0,0,Curtis,0.0,639,277,0,0,0,False,0.0,637,276,373,False,0.0,633,275,,0,Has joined Internazionale permanently,2026-08-16T18:30:07.426408Z,55,136,82,p206915,0,0,None,0,,206915.jpg,0.0,639,277,False,-4,None,0.0,"[{'offset': 0, 'projected_percent': '0.0', 'likelihood': 0}, {'offset': 1, 'projected_percent': '0.0', 'likelihood': 0}, {'offset': 2, 'projected_percent': '0.0', 'likelihood': 0}]",0,0,241,False,0,0,,[],Jones,0.0,562,234,False,None,0,0,u,0,14,14,2018-04-06,0.0,626,270,0,34,0,2599,12,0.0,0.0,C.Jones,0
0,1993-02-09,0,0,True,True,100,100,0,0,0,158983,None,,0,0,-1,1,0.0,540,223,0,0,None,,0,3,0.0,0.0,0,0.00,0,0.00,0,0.00,0.00,0,0,Endo,0.0,561,229,0,0,0,False,0.0,545,218,374,False,0.0,540,216,,0,,2026-07-23T12:01:23.612529Z,49,352,210,p158983,0,0,None,0,,158983.jpg,0.0,561,229,False,0,None,-36.8,"[{'offset': 0, 'projected_percent': '-36.8', 'likelihood': -2}, {'offset': 1, 'projected_percent': '-36.8', 'likelihood': -2}, {'offset': 2, 'projected_percent': '-36.8', 'likelihood': -2}]",0,0,108,False,0,0,,[],Wataru,0.1,475,187,False,None,0,0,a,0,14,14,2023-08-18,0.0,500,196,0,2202,39,4427,61,0.0,0.0,Endo,0
0,2007-06-30,0,6,True,True,None,None,0,0.0,1,591386,None,,0,0,-1,1,2.3,308,156,5,23.68,None,,0,3,0.4,0.4,0,0.00,0.0,0.00,0.0,0.00,0.22,1.04,0.0,Trey,0.4,352,165,0,0.0,0,False,0.9,351,161,375,False,6.6,322,145,,19,,None,49,408,248,p591386,0,0,None,0,,591386.jpg,1.0,340,151,False,-3,None,-55.3,"[{'offset': 0, 'projected_percent': '-58.0', 'likelihood': -3}, {'offset': 1, 'projected_percent': '-67.7', 'likelihood': -3}, {'offset': 2, 'projected_percent': '-77.5', 'likelihood': -3}]",2,0,241,False,0,0.0,,[],Nyoni,0.0,510,204,False,None,0,0.0,a,2,14,14,2023-11-11,0.0,532,218,2,1265,8,2786,41,0.1,0.4,Nyoni,0
0,2004-10-22,0,0,False,True,0,0,0,0,0,535928,None,,0,0,0,0,0.0,607,259,0,0,None,,0,3,0.0,0.0,0,0.00,0,0.00,0,0.00,0.00,0,0,Stefan,0.0,613,261,0,0,0,False,0.0,605,256,376,False,0.0,600,254,,0,Has joined Celta Vigo permanently,2026-07-23T12:01:23.628373Z,50,320,191,p535928,0,0,None,0,,535928.jpg,0.0,613,261,False,0,None,0.0,"[{'offset': 0, 'projected_percent': '0.0', 'likelihood': 0}, {'offset': 1, 'projected_percent': '0.0', 'likelihood': 0}, {'offset': 2, 'projected_percent': '0.0', 'likelihood': 0}]",0,0,200,False,0,0,https://www.liverpoolfc.com/news/liverpools-injury-list-suspensions-and-availability?utm_source=premier-league-web&utm_medium=referral&utm_campaign=pl-referral-always-on&utm_term=injuries&utm_content=club-injury-article,[],Bajčetić Maquieira,0.0,657,292,False,None,0,0,u,0,14,14,2022-07-11,0.0,583,245,0,19,0,105,1,0.0,0.0,Bajcetic,0
1,2003-07-13,0,53,True,True,None,None,1,0.38,4,551499,None,,0,0,0,0,31.4,155,94,13,4.9,None,,0,3,2.8,2.8,0,0.25,0.09,0.77,0.29,0.52,4.49,1.69,0.2,Victor,2.8,120,56,2,0.75,1,False,16.8,79,47,377,False,50.4,158,59,,239,,None,65,43,29,p551499,0,0,None,0,,551499.jpg,3.5,115,47,False,-241,None,10.0,"[{'offset': 0, 'projected_percent': '9.1', 'likelihood': 1}, {'offset': 1, 'projected_percent': '5.8', 'likelihood': 1}, {'offset': 2, 'projected_percent': '2.5', 'likelihood': 1}]",7,0,200,False,0,0.0,,[],Munoz,1.0,184,58,False,None,3,1.13,a,2,14,14,2026-06-18,86.0,31,17,14,116297,314,92111,1769,0.4,2.2,Munoz,1
0,2004-09-13,0,0,True,True,None,None,0,0,0,491501,None,,0,0,-1,1,0.0,447,189,0,0,None,,0,3,0.0,0.0,0,0.00,0,0.00,0,0.00,0.00,0,0,James,0.0,478,197,0,0,0,False,0.0,458,184,378,False,0.0,453,182,,0,,None,44,569,293,p491501,0,0,None,0,,491501.jpg,0.0,478,197,False,-8,None,0.1,"[{'offset': 0, 'projected_percent': '0.1', 'likelihood': 1}, {'offset': 1, 'projected_percent': '-1.4', 'likelihood': -1}, {'offset': 2, 'projected_percent': '-6.3', 'likelihood': -1}]",0,0,241,False,0,0,,[],McConnell,0.2,315,111,False,None,0,0,a,0,14,14,2023-07-18,0.0,396,161,0,6105,230,11672,215,0.0,0.0,McConnell,0
0,1999-09-21,5,102,True,True,None,None,2,0.54,2,219168,None,,0,0,1,-1,34.1,142,13,6,1.62,None,,1,4,5.0,5.0,0,0.06,0.02,2.85,0.77,2.79,5.16,1.39,0.75,Alexander,5.0,39,5,4,1.08,3,False,32.3,14,3,379,False,113.6,22,3,,333,,None,91,5,2,p219168,0,0,2,0,,219168.jpg,6.2,26,3,False,-594,None,-8.2,"[{'offset': 0, 'projected_percent': '-10.5', 'likelihood': -1}, {'offset': 1, 'projected_percent': '-18.6', 'likelihood': -1}, {'offset': 2, 'projected_percent': '-26.7', 'likelihood': -2}]",3,0,206,False,0,0.0,,[],Isak,21.9,15,4,False,None,4,1.08,a,1,14,14,2025-09-01,176.0,4,3,25,1138313,11151,674765,14796,0.5,2.7,Isak,0
0,2002-06-20,0,0,True,True,0,0,0,0,0,510663,None,,0,0,-1,1,0.0,660,77,0,0,None,,0,4,0.0,0.0,0,0.00,0,0.00,0,0.00,0.00,0,0,Hugo,0.0,660,77,0,0,0,False,0.0,660,77,380,False,0.0,660,77,,0,Achilles injury - Unknown return date,2026-07-23T12:01:23.643771Z,74,20,7,p510663,0,0,None,0,,510663.jpg,0.0,660,77,False,-4,None,-18.4,"[{'offset': 0, 'projected_percent': '-18.9', 'likelihood': -1}, {'offset': 1, 'projected_percent': '-20.8', 'likelihood': -2}, {'offset': 2, 'projected_percent': '-22.7', 'likelihood': -2}]",0,0,73,False,0,0,https://www.liverpoolfc.com/news/lfc-fitness-update-bajcetic-bradley-ekitike-endo-and-leoni?utm_source=premier-league-web&utm_medium=referral&utm_campaign=pl-referral-always-on&utm_content=injuries-flag&utm_term=injury-news,[],Ekitiké,0.1,409,61,False,None,0,0,i,0,14,14,2025-07-23,0.0,660,77,0,2347,75,10606,143,0.0,0.0,Ekitiké,0
0,2005-09-19,0,7,True,True,None,None,0,0.0,0,514514,None,,0,0,0,0,0.5,355,175,1,6.92,None,,0,3,0.4,0.4,0,0.00,0.0,0.03,0.21,0.03,0.58,4.02,0.21,Lewis,0.4,356,168,0,0.0,0,False,0.9,352,162,381,False,1.2,375,173,,13,,None,50,315,188,p514514,0,0,None,0,,514514.jpg,1.0,350,158,False,2,None,-84.4,"[{'offset': 0, 'projected_percent': '-81.9', 'likelihood': -3}, {'offset': 1, 'projected_percent': '-73.2', 'likelihood': -3}, {'offset': 2, 'projected_percent': '-64.5', 'likelihood': -3}]",1,0,244,False,0,0.0,,[],Koumas,0.0,545,224,False,None,0,0.0,a,0,14,14,2026-08-22,7.0,248,125,2,700,21,1223,22,0.1,0.4,Koumas,0
0,2006-01-16,0,0,True,True,100,100,0,0,0,500058,None,,0,0,0,0,0.0,487,51,0,0,None,,0,4,0.0,0.0,0,0.00,0,0.00,0,0.00,0.00,0,0,Jayden,0.0,512,52,0,0,0,False,0.0,492,48,382,False,0.0,487,45,,0,,2026-07-23T12:01:23.659279Z,45,495,67,p500058,0,0,None,0,,500058.jpg,0.0,512,52,False,29,None,3.1,"[{'offset': 0, 'projected_percent': '3.2', 'likelihood': 1}, {'offset': 1, 'projected_percent': '3.6', 'likelihood': 1}, {'offset': 2, 'projected_percent': '4.0', 'likelihood': 1}]",0,0,241,False,0,0,,[],Danns,0.2,321,50,False,None,0,0,a,0,14,14,2024-02-20,0.0,443,44,0,20741,934,7642,363,0.0,0.0,Danns,0
0,2003-04-04,0,0,False,True,0,0,0,0,0,444884,None,,0,0,-1,1,0.0,626,272,0,0,None,,0,3,0.0,0.0,0,0.00,0,0.00,0,0.00,0.00,0,0,Harvey,0.0,631,273,0,0,0,False,0.0,627,271,383,False,0.0,622,269,,0,Has joined Valencia on loan for the rest of the season,2026-09-02T16:05:49.104326Z,54,199,126,p444884,0,0,None,0,,444884.jpg,0.0,631,273,False,-4,None,0.0,"[{'offset': 0, 'projected_percent': '0.0', 'likelihood': 0}, {'offset': 1, 'projected_percent': '0.0', 'likelihood': 0}, {'offset': 2, 'projected_percent': '0.0', 'likelihood': 0}]",0,0,241,False,0,0,,[],Elliott,0.0,522,210,False,None,0,0,u,0,14,14,2019-07-28,0.0,613,265,0,907,0,5963,43,0.0,0.0,Elliott,0
0,1999-03-07,0,53,True,True,None,None,2,0.93,16,445087,None,,0,0,-1,1,7.7,256,90,19,8.81,None,,0,2,3.0,3.0,0,0.05,0.02,0.05,0.02,0.00,1.96,0.91,0.0,Ronald,3.0,102,38,0,0.0,0,False,6.0,240,88,579,False,48.8,161,69,,194,,None,54,200,26,p445087,0,0,None,0,,445087.jpg,3.8,103,42,False,-17,None,28.3,"[{'offset': 0, 'projected_percent': '28.3', 'likelihood': 2}, {'offset': 1, 'projected_percent': '28.0', 'likelihood': 2}, {'offset': 2, 'projected_percent': '27.8', 'likelihood': 2}]",9,0,230,False,0,0.0,,[],Araujo,2.9,105,40,False,None,2,0.93,a,3,14,14,2026-08-10,4.0,288,108,15,134279,2363,151347,1658,0.6,2.8,Araujo,1
0,2002-09-02,0,14,True,True,None,None,1,0.93,0,482616,None,,0,0,0,0,24.1,176,101,5,4.64,None,,0,3,1.3,1.3,0,0.10,0.09,0.31,0.28,0.21,0.77,0.71,0.19,Bradley,1.3,240,112,0,0.0,0,False,4.3,272,119,627,False,8.6,309,137,,97,,None,80,9,6,p482616,0,0,None,0,,482616.jpg,2.0,236,104,False,-165,None,-41.8,"[{'offset': 0, 'projected_percent': '-45.2', 'likelihood': -3}, {'offset': 1, 'projected_percent': '-57.5', 'likelihood': -3}, {'offset': 2, 'projected_percent': '-69.9', 'likelihood': -3}]",2,0,73,False,0,0.0,,[],Barcola,1.9,132,41,False,None,1,0.93,a,3,14,14,2026-08-31,10.0,227,112,4,279121,1659,113821,2575,0.2,0.5,Barcola,0
0,2001-01-17,0,40,True,True,None,None,2,0.99,5,448047,None,,0,0,-1,1,51.6,91,61,16,7.96,None,,0,3,1.2,1.2,0,0.27,0.13,0.58,0.28,0.31,1.78,0.89,0.15,Enzo,1.2,262,122,0,0.0,0,False,10.8,163,79,155,False,24.0,244,102,,181,,None,69,30,19,p448047,0,0,None,0,,448047.jpg,2.0,231,102,False,-160,None,-19.3,"[{'offset': 0, 'projected_percent': '-21.1', 'likelihood': -2}, {'offset': 1, 'projected_percent': '-27.7', 'likelihood': -2}, {'offset': 2, 'projected_percent': '-34.3', 'likelihood': -2}]",8,0,10,False,0,0.0,,[],Fernández,3.5,94,32,False,None,2,0.99,a,3,15,43,2026-09-01,33.0,118,62,6,144234,2567,309438,2529,0.2,0.9,Enzo,1
1,2000-03-06,1,79,True,True,None,None,2,0.58,9,440993,None,,-1,1,-2,2,74.0,50,41,40,11.58,None,,0,3,3.4,3.4,0,0.44,0.13,0.72,0.21,0.28,6.27,1.81,0.08,Iliman,3.4,84,35,1,0.29,0,False,21.5,45,34,237,False,70.2,93,30,Iliman Ndiaye,311,,None,58,104,67,p440993,0,0,None,0,,440993.jpg,4.2,78,33,False,-2406,None,-3.6,"[{'offset': 0, 'projected_percent': '-11.3', 'likelihood': -1}, {'offset': 1, 'projected_percent': '-39.2', 'likelihood': -2}, {'offset': 2, 'projected_percent': '-67.1', 'likelihood': -3}]",23,0,189,False,0,0.0,,[],Ndiaye,7.2,53,18,False,None,3,0.87,a,8,15,43,2026-09-01,70.0,48,29,17,292194,1325,1087300,19297,0.6,2.9,Ndiaye,0
0,1999-02-25,0,75,True,True,None,None,2,0.5,2,204936,None,,0,0,0,0,0.0,638,72,0,0.0,None,,0,1,3.4,3.4,0,0.00,0.0,0.00,0.0,0.00,3.68,0.92,0.0,Gianluigi,3.4,83,9,2,0.5,0,False,8.2,205,14,384,False,81.0,75,13,,360,,None,55,134,4,p204936,1,0,None,0,,204936.jpg,4.2,77,7,False,10,None,-37.5,"[{'offset': 0, 'projected_percent': '-37.5', 'likelihood': -2}, {'offset': 1, 'projected_percent': '-37.3', 'likelihood': -2}, {'offset': 2, 'projected_percent': '-37.1', 'likelihood': -2}]",24,0,106,False,10,2.5,,[],Donnarumma,7.8,50,8,False,None,4,1.0,a,0,15,43,2025-09-01,0.0,625,71,17,198847,2656,289378,3462,0.6,3.1,Donnarumma,0
0,1992-05-24,0,0,True,True,None,None,0,0,0,122074,None,,0,0,0,0,0.0,461,39,0,0,None,,0,1,0.0,0.0,0,0.00,0,0.00,0,0.00,0.00,0,0,Marcus,0.0,489,55,0,0,0,False,0.0,469,55,386,False,0.0,464,55,,0,,None,45,438,29,p122074,0,0,None,0,,122074.jpg,0.0,489,55,False,-4,None,-74.2,"[{'offset': 0, 'projected_percent': '-79.6', 'likelihood': -3}, {'offset': 1, 'projected_percent': '-99.2', 'likelihood': -4}, {'offset': 2, 'projected_percent': '-118.7', 'likelihood': -5}]",0,0,241,False,0,0,,[],Bettinelli,0.0,548,62,False,None,0,0,a,0,15,43,2025-06-10,0.0,410,35,0,526,11,1047,11,0.0,0.0,Bettinelli,0
0,2005-03-21,0,19,True,True,100,100,0,0.0,1,472769,None,,0,0,-1,1,38.7,132,37,3,1.71,None,,0,2,1.0,1.0,0,0.43,0.24,0.52,0.29,0.09,1.71,0.97,0.05,Nico,1.0,276,99,2,1.14,0,False,6.7,228,83,387,False,12.4,283,114,,158,,2026-09-05T18:00:06.379802Z,64,45,4,p472769,0,0,None,0,,472769.jpg,1.7,256,90,False,-722,None,-83.3,"[{'offset': 0, 'projected_percent': '-85.8', 'likelihood': -3}, {'offset': 1, 'projected_percent': '-94.7', 'likelihood': -3}, {'offset': 2, 'projected_percent': '-103.6', 'likelihood': -5}]",8,0,241,False,0,0.0,,[],O'Reilly,11.5,36,12,False,None,2,1.14,a,2,15,43,2022-12-16,16.0,176,56,5,188427,1083,1145480,8969,0.2,0.8,O'Reilly,0
0,2000-07-13,4,101,True,True,None,None,2,0.5,22,209036,None,,0,0,0,0,43.5,117,32,25,6.25,None,,0,2,5.2,5.2,0,0.38,0.1,1.27,0.32,0.89,3.68,0.92,0.22,Marc,5.2,33,13,2,0.5,1,False,18.8,64,11,388,False,113.2,23,5,,360,,None,60,66,6,p209036,0,0,None,0,,209036.jpg,6.5,20,8,False,-381,None,67.4,"[{'offset': 0, 'projected_percent': '65.9', 'likelihood': 3}, {'offset': 1, 'projected_percent': '60.7', 'likelihood': 3}, {'offset': 2, 'projected_percent': '55.5', 'likelihood': 3}]",17,0,241,False,0,0.0,,[],Guéhi,18.6,21,6,False,None,4,1.0,a,3,15,43,2026-01-19,32.0,119,32,26,486541,4621,417871,5895,0.9,4.3,Guéhi,0
0,1998-08-27,1,38,True,True,100,100,1,0.73,10,465351,None,,0,0,-1,1,3.0,298,106,12,8.78,None,,0,2,2.0,2.0,0,0.05,0.04,0.05,0.04,0.00,1.10,0.8,0.0,Matheus,2.0,168,61,0,0.0,0,False,4.2,275,103,389,False,35.0,205,86,Matheus Nunes,123,,2026-08-27T11:30:08.171622Z,59,90,9,p465351,0,0,4,0,,465351.jpg,5.0,54,22,False,-12,None,-25.2,"[{'offset': 0, 'projected_percent': '-25.7', 'likelihood': -2}, {'offset': 1, 'projected_percent': '-27.4', 'likelihood': -2}, {'offset': 2, 'projected_percent': '-29.0', 'likelihood': -2}]",10,0,173,False,0,0.0,,[],Nunes,1.0,185,70,False,None,1,0.73,a,2,15,43,2023-09-01,4.0,291,110,10,13501,346,71487,346,0.3,1.7,Matheus N.,0
0,1997-05-14,0,79,True,True,None,None,2,0.5,21,171314,None,,0,0,0,0,47.0,100,25,22,5.5,None,,0,2,3.2,3.2,0,0.74,0.18,0.83,0.2,0.09,3.68,0.92,0.02,Rúben,3.2,92,36,2,0.5,0,False,17.5,72,17,390,False,89.4,62,25,Rúben Dias,360,,None,55,128,13,p171314,0,0,None,0,,171314.jpg,4.0,91,39,False,11,None,5.0,"[{'offset': 0, 'projected_percent': '5.1', 'likelihood': 1}, {'offset': 1, 'projected_percent': '5.2', 'likelihood': 1}, {'offset': 2, 'projected_percent': '5.4', 'likelihood': 1}]",16,0,173,False,0,0.0,,[],dos Santos Gato Alves Dias,1.9,131,53,False,None,4,1.0,a,1,15,43,2020-09-29,39.0,102,26,16,63572,984,65754,952,0.6,2.9,Rúben,0
2,2002-01-23,6,113,True,True,None,None,2,0.52,13,477424,None,,0,0,2,-2,52.1,89,22,24,6.28,None,,0,2,6.6,6.6,0,0.11,0.03,0.33,0.09,0.22,3.68,0.96,0.06,Joško,6.6,8,5,2,0.52,1,False,19.3,61,9,391,True,110.4,26,8,,344,,None,57,115,12,p477424,0,0,None,0,,477424.jpg,8.2,5,3,False,1473,None,55.5,"[{'offset': 0, 'projected_percent': '61.1', 'likelihood': 3}, {'offset': 1, 'projected_percent': '81.2', 'likelihood': 3}, {'offset': 2, 'projected_percent': '101.3', 'likelihood': 5}]",15,0,97,False,0,0.0,,[],Gvardiol,26.0,10,2,False,None,4,1.05,a,11,15,43,2023-08-05,30.0,123,34,33,1712491,30459,364732,4516,1.2,5.8,Gvardiol,1
0,2001-06-06,0,0,True,True,None,None,0,0,0,448514,None,,0,0,-2,2,0.0,619,213,0,0,None,,0,2,0.0,0.0,0,0.00,0,0.00,0,0.00,0.00,0,0,Rayan,0.0,625,213,0,0,0,False,0.0,618,213,392,False,0.0,613,213,,0,,None,53,228,32,p448514,0,0,None,0,,448514.jpg,0.0,625,213,False,-10,None,-70.1,"[{'offset': 0, 'projected_percent': '-71.1', 'likelihood': -3}, {'offset': 1, 'projected_percent': '-74.5', 'likelihood': -3}, {'offset': 2, 'projected_percent': '-77.9', 'likelihood': -3}]",0,0,3,False,0,0,,[],Aït-Nouri,0.4,264,97,False,None,0,0,a,0,15,43,2025-06-09,0.0,599,210,0,7468,116,59700,291,0.0,0.0,Aït-Nouri,0
0,2004-02-29,0,53,True,True,None,None,1,0.34,9,578153,None,,0,0,-1,1,12.6,232,82,17,5.71,None,,0,2,1.8,1.8,0,0.06,0.02,0.06,0.02,0.00,2.68,0.9,0.0,Abdukodir,1.8,184,66,2,0.67,0,False,6.8,225,82,393,False,51.6,151,68,,268,,None,54,219,29,p578153,0,0,None,0,,578153.jpg,3.0,143,59,False,-98,None,-6.7,"[{'offset': 0, 'projected_percent': '-9.5', 'likelihood': -1}, {'offset': 1, 'projected_percent': '-19.2', 'likelihood': -1}, {'offset': 2, 'projected_percent': '-29.0', 'likelihood': -2}]",13,0,231,False,0,0.0,,[],Khusanov,1.4,152,62,False,None,3,1.01,a,8,15,43,2025-01-20,4.0,289,109,9,25777,341,72585,939,0.3,1.7,Khusanov,1
0,2005-07-21,0,0,False,True,0,0,0,0,0,494307,None,,0,0,0,0,0.0,601,212,0,0,None,,0,2,0.0,0.0,0,0.00,0,0.00,0,0.00,0.00,0,0,Max,0.0,607,212,0,0,0,False,0.0,599,212,394,False,0.0,594,212,,0,Has joined Burnley on loan for the rest of the season,2026-08-18T14:11:56.324656Z,50,307,54,p494307,0,0,None,0,,494307.jpg,0.0,607,212,False,0,None,0.0,"[{'offset': 0, 'projected_percent': '0.0', 'likelihood': 0}, {'offset': 1, 'projected_percent': '0.0', 'likelihood': 0}, {'offset': 2, 'projected_percent': '0.0', 'likelihood': 0}]",0,0,241,False,0,0,,[],Alleyne,0.0,637,212,False,None,0,0,u,0,15,43,2022-12-16,0.0,576,209,0,0,0,603,5,0.0,0.0,Alleyne,0
0,2004-11-21,0,-1,True,True,None,None,0,0.0,2,477064,None,,0,0,-1,1,3.8,286,101,2,3.21,None,,0,2,0.2,0.2,0,0.02,0.03,0.19,0.3,0.17,0.55,0.88,0.27,Rico,0.2,384,139,1,1.61,0,False,4.7,266,100,395,False,3.8,347,132,,56,,None,44,567,151,p477064,0,0,None,0,,477064.jpg,1.0,311,117,False,-15,None,-39.4,"[{'offset': 0, 'projected_percent': '-42.3', 'likelihood': -3}, {'offset': 1, 'projected_percent': '-52.6', 'likelihood': -3}, {'offset': 2, 'projected_percent': '-63.0', 'likelihood': -3}]",0,0,241,False,0,0.0,,[],Lewis,0.2,329,122,False,None,1,1.61,a,0,15,43,2022-07-16,39.0,101,25,1,8021,65,15229,163,0.0,0.2,Lewis,0
0,2006-01-12,0,3,True,True,None,None,0,0.0,0,616222,None,,0,0,0,0,0.9,338,126,0,0.0,None,,0,2,0.2,0.2,0,0.00,0.0,0.00,0.0,0.00,0.00,0.0,0.0,Vitor,0.2,389,142,0,0.0,0,False,0.2,382,138,396,False,1.2,374,138,Vitor Reis,1,,None,45,535,136,p616222,0,0,None,0,,616222.jpg,1.0,320,123,False,2,None,-70.4,"[{'offset': 0, 'projected_percent': '-68.0', 'likelihood': -3}, {'offset': 1, 'projected_percent': '-59.2', 'likelihood': -3}, {'offset': 2, 'projected_percent': '-50.4', 'likelihood': -3}]",0,0,30,False,0,0.0,,[],de Oliveira Nunes dos Reis,0.0,526,184,False,None,0,0.0,a,0,15,43,2025-01-21,0.0,476,191,1,493,13,1044,21,0.0,0.2,Vitor Reis,0
2,2000-01-07,0,82,True,True,None,None,2,0.5,0,437730,None,,0,0,-1,1,113.9,19,18,15,3.75,None,,0,3,3.2,3.2,0,0.99,0.25,1.16,0.29,0.17,3.68,0.92,0.04,Antoine,3.2,97,42,2,0.5,0,False,26.2,25,18,397,False,59.8,124,39,,360,,None,84,6,4,p437730,0,0,2,0,,437730.jpg,4.0,100,41,False,-1207,None,-55.6,"[{'offset': 0, 'projected_percent': '-58.8', 'likelihood': -3}, {'offset': 1, 'projected_percent': '-70.6', 'likelihood': -3}, {'offset': 2, 'projected_percent': '-82.3', 'likelihood': -3}]",11,0,81,False,0,0.0,,[],Semenyo,14.7,27,10,False,None,4,1.0,a,4,15,43,2026-01-09,88.0,28,16,16,192677,1774,1155990,13290,0.4,1.9,Semenyo,0
2,2000-05-28,1,52,True,True,0,0,0,0.0,2,209244,2,,0,0,-1,1,122.3,12,11,14,5.81,2,,0,3,0.0,0.0,0,0.88,0.36,2.49,1.03,1.61,1.91,0.79,0.67,Phil,1.8,189,89,2,0.83,0,False,22.3,40,29,398,False,57.6,133,45,,217,Suspended until 17 Oct,2026-09-13T17:00:09.433455Z,69,29,18,p209244,0,0,None,0,,209244.jpg,2.2,202,90,False,-740,None,-22.5,"[{'offset': 0, 'projected_percent': '-27.8', 'likelihood': -2}, {'offset': 1, 'projected_percent': '-46.7', 'likelihood': -3}, {'offset': 2, 'projected_percent': '-65.6', 'likelihood': -3}]",8,1,241,False,0,0.0,,[],Foden,2.0,126,38,False,None,3,1.24,s,4,15,43,2016-12-05,45.0,89,49,9,303282,36,545166,7444,0.3,1.3,Foden,1
2,2003-08-17,4,115,True,True,None,None,1,0.41,1,466052,1,,0,0,3,-3,155.4,5,5,7,2.89,1,,1,3,5.2,5.2,0,1.41,0.58,2.00,0.82,0.59,1.82,0.75,0.24,Rayan,5.2,34,15,1,0.41,2,False,36.0,9,7,399,False,123.0,15,10,,218,,None,78,13,9,p466052,0,0,None,0,,466052.jpg,6.5,21,10,False,-2879,None,-73.3,"[{'offset': 0, 'projected_percent': '-84.3', 'likelihood': -3}, {'offset': 1, 'projected_percent': '-123.6', 'likelihood': -5}, {'offset': 2, 'projected_percent': '-163.0', 'likelihood': -5}]",6,0,73,False,0,0.0,,[],Cherki,27.9,8,4,False,None,3,1.24,a,0,15,43,2025-06-10,81.0,36,20,26,2553946,6785,890678,23733,0.7,3.3,Cherki,1
0,2002-05-27,0,0,True,True,75,75,0,0,0,248875,None,,0,0,-1,1,0.0,659,295,0,0,None,,0,3,0.0,0.0,0,0.00,0,0.00,0,0.00,0.00,0,0,Jérémy,0.0,659,295,0,0,0,False,0.0,659,295,400,False,0.0,659,295,,0,Calf injury - 75% chance of playing,2026-08-18T17:00:08.385597Z,74,19,12,p248875,0,0,3,0,,248875.jpg,0.0,659,295,False,0,2026-09-26T13:30:09.795433Z,-0.1,"[{'offset': 0, 'projected_percent': '-0.1', 'likelihood': -1}, {'offset': 1, 'projected_percent': '-0.1', 'likelihood': -1}, {'offset': 2, 'projected_percent': '-0.1', 'likelihood': -1}]",0,0,21,False,0,0,https://www.mancity.com/news/mens/enzo-maresca-press-conference-preview-man-city-v-sunderland-written-version-63925324?utm_source=premier-league-web&utm_medium=referral&utm_campaign=pl-referral-always-on&utm_content=home&utm_term=live-bar,[],Doku,0.7,224,70,False,None,0,0,d,0,15,43,2023-08-24,0.0,659,295,0,1545,78,126452,366,0.0,0.0,Doku,0
0,1996-06-22,0,0,False,True,0,0,0,0,0,220566,None,,0,0,0,0,0.0,657,293,0,0,None,,0,3,0.0,0.0,0,0.00,0,0.00,0,0.00,0.00,0,0,Rodrigo 'Rodri',0.0,657,293,0,0,0,False,0.0,656,293,402,False,0.0,656,293,Rodri,0,Has joined Barcelona permanently,2026-07-23T12:01:23.675537Z,65,36,24,p220566,0,0,None,0,,220566.jpg,0.0,657,293,False,0,None,0.0,"[{'offset': 0, 'projected_percent': '0.0', 'likelihood': 0}, {'offset': 1, 'projected_percent': '0.0', 'likelihood': 0}, {'offset': 2, 'projected_percent': '0.0', 'likelihood': 0}]",0,0,200,False,0,0,,[],Hernandez Cascante,0.0,604,255,False,None,0,0,u,0,15,43,2019-07-04,0.0,655,293,0,0,0,1205,1,0.0,0.0,Rodrigo,0
0,1998-07-29,0,0,False,True,0,0,0,0,0,433036,None,,0,0,0,0,0.0,653,289,0,0,None,,0,3,0.0,0.0,0,0.00,0,0.00,0,0.00,0.00,0,0,Tijjani,0.0,653,289,0,0,0,False,0.0,652,289,404,False,0.0,651,289,,0,Has joined Al Qadsiah permanently,2026-08-20T14:02:58.154273Z,60,70,48,p433036,0,0,None,0,,433036.jpg,0.0,653,289,False,0,None,0.0,"[{'offset': 0, 'projected_percent': '0.0', 'likelihood': 0}, {'offset': 1, 'projected_percent': '0.0', 'likelihood': 0}, {'offset': 2, 'projected_percent': '0.0', 'likelihood': 0}]",0,0,152,False,0,0,,[],Reijnders,0.0,520,208,False,None,0,0,u,0,15,43,2025-06-10,0.0,649,288,0,0,0,8101,16,0.0,0.0,Reijnders,0
0,1994-05-06,0,12,True,True,None,None,0,0.0,0,91651,None,,0,0,-1,1,5.2,269,140,2,4.29,None,,0,3,0.4,0.4,0,0.02,0.04,0.02,0.04,0.00,0.10,0.21,0.0,Mateo,0.4,362,171,0,0.0,0,False,0.9,354,163,406,False,4.2,346,158,,42,,None,54,171,108,p91651,0,0,None,0,,91651.jpg,1.0,368,170,False,-12,None,-67.4,"[{'offset': 0, 'projected_percent': '-73.7', 'likelihood': -3}, {'offset': 1, 'projected_percent': '-96.3', 'likelihood': -4}, {'offset': 2, 'projected_percent': '-118.9', 'likelihood': -5}]",2,0,97,False,0,0.0,,[],Kovačić,0.1,447,172,False,None,0,0.0,a,0,15,43,2023-06-27,0.0,606,259,2,2166,24,5901,72,0.1,0.4,Kovačić,0
0,2006-01-02,0,0,False,True,0,0,0,0,0,575204,None,,0,0,-1,1,0.0,566,241,0,0,None,,0,3,0.0,0.0,0,0.00,0,0.00,0,0.00,0.00,0,0,Claudio,0.0,581,245,0,0,0,False,0.0,570,238,407,False,0.0,565,236,,0,Has joined Benfica on loan for the rest of the season,2026-09-03T15:41:24.710479Z,49,405,245,p575204,0,0,None,0,,575204.jpg,0.0,581,245,False,0,None,0.0,"[{'offset': 0, 'projected_percent': '0.0', 'likelihood': 0}, {'offset': 1, 'projected_percent': '0.0', 'likelihood': 0}, {'offset': 2, 'projected_percent': '0.0', 'likelihood': 0}]",0,0,10,False,0,0,,[],Echeverri,0.0,611,260,False,None,0,0,u,0,15,43,2024-01-25,0.0,530,216,0,250,0,1300,11,0.0,0.0,Echeverri,0
0,1995-12-02,0,0,False,True,0,0,0,0,0,155405,None,,0,0,0,0,0.0,572,244,0,0,None,,0,3,0.0,0.0,0,0.00,0,0.00,0,0.00,0.00,0,0,Kalvin,0.0,586,248,0,0,0,False,0.0,575,241,408,False,0.0,570,239,,0,Has joined Sheffield United on loan for the rest of the season,2026-08-18T14:11:56.348781Z,50,248,154,p155405,0,0,None,0,,155405.jpg,0.0,586,248,False,0,None,0.0,"[{'offset': 0, 'projected_percent': '0.0', 'likelihood': 0}, {'offset': 1, 'projected_percent': '0.0', 'likelihood': 0}, {'offset': 2, 'projected_percent': '0.0', 'likelihood': 0}]",0,0,241,False,0,0,,[],Phillips,0.0,635,275,False,None,0,0,u,0,15,43,2022-07-04,0.0,543,225,0,0,0,561,2,0.0,0.0,Phillips,0
0,2007-08-22,0,0,False,True,0,0,0,0,0,590039,None,,0,0,0,0,0.0,509,205,0,0,None,,0,3,0.0,0.0,0,0.00,0,0.00,0,0.00,0.00,0,0,Divine,0.0,534,213,0,0,0,False,0.0,515,200,409,False,0.0,510,198,,0,has joined West Ham on loan for the rest of the seaon.,2026-09-03T10:34:10.733520Z,45,523,273,p590039,0,0,None,0,,590039.jpg,0.0,534,213,False,-10,None,0.0,"[{'offset': 0, 'projected_percent': '0.0', 'likelihood': 0}, {'offset': 1, 'projected_percent': '0.0', 'likelihood': 0}, {'offset': 2, 'projected_percent': '0.0', 'likelihood': 0}]",0,0,241,False,0,0,,[],Mukasa,0.1,431,164,False,None,0,0,u,0,15,43,2025-08-07,0.0,466,177,0,1621,0,11680,113,0.0,0.0,Mukasa,0
0,2009-07-10,0,0,False,True,0,0,0,0,0,649208,None,,0,0,-1,1,0.0,568,242,0,0,None,,0,3,0.0,0.0,0,0.00,0,0.00,0,0.00,0.00,0,0,Jeremy,0.0,583,246,0,0,0,False,0.0,572,239,410,False,0.0,567,237,,0,Has joined Swansea City on loan for the rest of the season,2026-09-02T16:02:01.136760Z,49,413,252,p649208,0,0,None,0,,649208.jpg,0.0,583,246,False,0,None,0.0,"[{'offset': 0, 'projected_percent': '0.0', 'likelihood': 0}, {'offset': 1, 'projected_percent': '0.0', 'likelihood': 0}, {'offset': 2, 'projected_percent': '0.0', 'likelihood': 0}]",0,0,241,False,0,0,,[],Monga,0.0,614,262,False,None,0,0,u,0,15,43,2026-07-11,0.0,537,222,0,219,0,1232,12,0.0,0.0,Monga,0
0,2000-07-21,9,142,True,True,None,None,2,0.5,8,223094,None,,0,0,1,-1,20.5,193,23,18,4.5,None,,2,4,6.6,6.6,0,0.51,0.13,3.84,0.96,3.33,3.68,0.92,0.83,Erling,6.6,10,2,2,0.5,4,False,37.7,6,1,411,True,155.6,3,2,,360,,None,156,1,1,p223094,0,0,1,0,,223094.jpg,8.2,7,2,False,935,None,7.5,"[{'offset': 0, 'projected_percent': '11.1', 'likelihood': 1}, {'offset': 1, 'projected_percent': '23.8', 'likelihood': 2}, {'offset': 2, 'projected_percent': '36.6', 'likelihood': 2}]",10,0,161,False,0,0.0,,[],Haaland,73.3,1,1,False,None,4,1.0,a,0,15,43,2022-07-01,201.0,2,1,33,857348,12071,303750,2092,0.4,2.1,Haaland,0
0,2002-11-06,0,80,True,True,100,100,2,0.56,14,215379,3,,0,0,-2,2,72.4,51,42,45,12.54,None,,0,3,2.6,2.6,0,0.65,0.18,0.74,0.21,0.09,3.58,1.0,0.03,Elliot,2.6,130,58,2,0.56,0,False,16.5,82,50,481,False,74.0,87,26,,323,,2026-08-23T17:00:07.952697Z,63,47,32,p215379,0,0,None,0,,215379.jpg,3.2,126,52,False,-382,None,-19.1,"[{'offset': 0, 'projected_percent': '-22.7', 'likelihood': -2}, {'offset': 1, 'projected_percent': '-35.8', 'likelihood': -2}, {'offset': 2, 'projected_percent': '-48.9', 'likelihood': -3}]",20,0,241,False,0,0.0,,[],Anderson,4.2,82,28,False,None,4,1.11,a,11,15,43,2026-07-02,18.0,167,87,13,99210,1771,421526,3686,0.4,2.1,Anderson,1
0,1992-05-20,0,0,True,True,None,None,0,0,0,106921,None,,0,0,0,0,0.0,570,62,0,0,None,,0,1,0.0,0.0,0,0.00,0,0.00,0,0.00,0.00,0,0,Gerónimo,0.0,584,70,0,0,0,False,0.0,573,70,587,False,0.0,568,70,,0,,None,50,243,7,p106921,0,0,None,0,,106921.jpg,0.0,584,70,False,0,None,-77.3,"[{'offset': 0, 'projected_percent': '-77.3', 'likelihood': -3}, {'offset': 1, 'projected_percent': '-77.3', 'likelihood': -3}, {'offset': 2, 'projected_percent': '-77.3', 'likelihood': -3}]",0,0,10,False,0,0,,[],Rulli,0.0,565,65,False,None,0,0,a,0,15,43,2026-08-12,0.0,541,61,0,545,13,1023,12,0.0,0.0,Rulli,0
0,2007-10-02,0,8,True,True,None,None,0,0.0,3,637238,None,,0,0,0,0,4.8,278,145,6,24.55,None,,0,3,0.5,0.5,0,0.12,0.49,0.12,0.49,0.00,0.37,1.51,0.0,Ayyoub,0.5,332,158,0,0.0,0,False,1.8,329,150,616,False,13.0,280,118,,22,,None,55,168,107,p637238,0,0,None,0,,637238.jpg,1.0,386,183,False,-29,None,0.1,"[{'offset': 0, 'projected_percent': '0.0', 'likelihood': 0}, {'offset': 1, 'projected_percent': '-22.2', 'likelihood': -2}, {'offset': 2, 'projected_percent': '-45.8', 'likelihood': -3}]",3,0,145,False,0,0.0,,[],Bouaddi,0.2,352,126,False,None,0,0.0,a,0,15,43,2026-08-26,0.0,634,278,2,20430,231,11721,282,0.1,0.4,Bouaddi,0
0,2008-06-24,0,8,True,True,None,None,0,0.0,0,616288,None,,0,0,0,0,0.5,354,174,4,32.73,None,,0,3,0.5,0.5,0,0.00,0.0,0.10,0.82,0.10,0.02,0.16,0.82,Ryan,0.5,331,157,0,0.0,0,False,0.8,359,166,621,False,5.2,334,152,,11,,None,45,536,280,p616288,0,0,None,0,,616288.jpg,1.0,321,138,False,-19,None,-42.1,"[{'offset': 0, 'projected_percent': '-49.1', 'likelihood': -3}, {'offset': 1, 'projected_percent': '-74.2', 'likelihood': -3}, {'offset': 2, 'projected_percent': '-99.3', 'likelihood': -4}]",2,0,241,False,0,0.0,,[],McAidoo,0.1,405,148,False,None,0,0.0,a,2,15,43,2025-09-26,3.0,294,144,2,11218,49,6196,173,0.1,0.4,McAidoo,0
0,2008-02-08,0,3,True,True,None,None,0,0.0,0,554054,None,,0,0,0,0,0.8,341,128,0,0.0,None,,0,2,0.2,0.2,0,0.00,0.0,0.00,0.0,0.00,0.00,0.0,0.0,Kaden,0.2,380,135,0,0.0,0,False,0.1,386,139,622,False,0.6,381,140,,1,,None,40,640,195,p554054,0,0,None,0,,554054.jpg,1.0,299,107,False,-11,None,-5.3,"[{'offset': 0, 'projected_percent': '-7.7', 'likelihood': -1}, {'offset': 1, 'projected_percent': '-16.4', 'likelihood': -1}, {'offset': 2, 'projected_percent': '-25.1', 'likelihood': -2}]",1,0,241,False,0,0.0,,[],Braithwaite,0.2,356,134,False,None,0,0.0,a,0,15,43,2024-09-23,0.0,368,146,1,16353,146,7773,222,0.0,0.2,Braithwaite,0
0,2004-04-19,0,0,True,True,None,None,0,0,0,624777,None,,0,0,0,0,0.0,654,290,0,0,None,,0,3,0.0,0.0,0,0.00,0,0.00,0,0.00,0.00,0,0,Allan,0.0,654,290,0,0,0,False,0.0,653,290,628,False,0.0,653,290,Allan,0,,None,60,76,50,p624777,0,0,None,0,,624777.jpg,0.0,654,290,False,4,None,0.1,"[{'offset': 0, 'projected_percent': '0.1', 'likelihood': 1}, {'offset': 1, 'projected_percent': '0.1', 'likelihood': 1}, {'offset': 2, 'projected_percent': '0.2', 'likelihood': 1}]",0,0,30,False,0,0,,[],Andrade Elias,0.0,610,259,False,None,0,0,a,0,15,43,2026-08-31,0.0,651,289,0,1015,52,545,24,0.0,0.0,Allan,0
0,2009-01-15,0,0,True,True,None,None,0,0,0,595480,None,,0,0,0,0,0.0,512,207,0,0,None,,0,3,0.0,0.0,0,0.00,0,0.00,0,0.00,0.00,0,0,Floyd,0.0,537,215,0,0,0,False,0.0,518,202,653,False,0.0,513,200,Floyd Samba,0,,None,45,526,275,p595480,0,0,None,0,,595480.jpg,0.0,537,215,False,-3,None,0.0,"[{'offset': 0, 'projected_percent': '-1.3', 'likelihood': -1}, {'offset': 1, 'projected_percent': '-11.3', 'likelihood': -1}, {'offset': 2, 'projected_percent': '-21.3', 'likelihood': -2}]",0,0,241,False,0,0,,[],Samba,0.0,512,205,False,None,0,0,a,0,15,43,2026-02-13,0.0,469,179,0,3717,68,1739,56,0.0,0.0,Samba,0
0,1997-05-07,0,71,True,True,100,100,0,0.0,9,166989,None,,0,0,-2,2,90.3,32,28,30,8.65,None,,0,3,2.0,2.0,0,0.32,0.09,0.88,0.25,0.56,4.54,1.31,0.16,Youri,2.0,167,77,7,2.02,0,False,19.7,54,39,43,False,69.0,100,33,,312,,2026-07-23T12:01:23.321726Z,58,99,63,p166989,0,0,3,0,,166989.jpg,2.5,178,78,False,-248,None,-12.8,"[{'offset': 0, 'projected_percent': '-19.2', 'likelihood': -1}, {'offset': 1, 'projected_percent': '-42.4', 'likelihood': -3}, {'offset': 2, 'projected_percent': '-65.6', 'likelihood': -3}]",17,0,21,False,0,0.0,,[],Tielemans,1.5,149,47,False,None,4,1.15,a,4,16,1,2026-07-14,37.0,109,59,10,41966,519,152476,1852,0.3,1.7,Tielemans,0
0,2004-01-03,0,0,True,True,50,50,0,0,0,535301,None,,0,0,-1,1,0.0,561,236,0,0,None,,0,3,0.0,0.0,0,0.00,0,0.00,0,0.00,0.00,0,0,Carlos,0.0,577,241,0,0,0,False,0.0,564,232,131,False,0.0,559,230,,0,Ankle injury - 50% chance of playing,2026-08-06T16:00:10.997714Z,49,398,238,p535301,0,0,None,0,,535301.jpg,0.0,577,241,False,0,2026-09-26T13:30:09.440487Z,0.0,"[{'offset': 0, 'projected_percent': '0.0', 'likelihood': 0}, {'offset': 1, 'projected_percent': '0.0', 'likelihood': 0}, {'offset': 2, 'projected_percent': '0.0', 'likelihood': 0}]",0,0,38,False,0,0,https://www.manutd.com/en/news/team-news-fulham-v-united-20-sep,[],Baleba,0.1,394,145,False,None,0,0,d,0,16,1,2026-08-25,0.0,524,210,0,5553,114,13804,163,0.0,0.0,Baleba,0
0,2004-05-03,0,23,True,True,None,None,0,0.0,7,532605,None,,0,0,-2,2,5.5,266,138,18,19.76,None,,0,3,0.8,0.8,0,0.24,0.26,0.24,0.26,0.00,2.03,2.23,0.0,Andrey,0.8,279,129,4,4.39,0,False,3.9,281,123,162,False,24.8,238,99,Andrey Santos,82,,None,48,420,257,p532605,0,0,None,0,,532605.jpg,1.3,279,128,False,-133,None,-18.5,"[{'offset': 0, 'projected_percent': '-27.3', 'likelihood': -2}, {'offset': 1, 'projected_percent': '-59.2', 'likelihood': -3}, {'offset': 2, 'projected_percent': '-91.0', 'likelihood': -3}]",7,0,30,False,0,0.0,,[],Nascimento dos Santos,0.6,232,74,False,None,1,1.1,a,4,16,1,2026-07-13,8.0,238,119,4,21400,203,69515,896,0.2,0.8,Andrey Santos,0
0,1990-10-08,0,0,True,True,100,100,0,0,0,59735,None,,0,0,0,0,0.0,454,33,0,0,None,,0,1,0.0,0.0,0,0.00,0,0.00,0,0.00,0.00,0,0,Karl,0.0,485,52,0,0,0,False,0.0,465,52,325,False,0.0,460,52,,0,,2026-07-23T12:01:23.549136Z,45,429,23,p59735,0,0,None,0,,59735.jpg,0.0,485,52,False,3,None,-19.5,"[{'offset': 0, 'projected_percent': '-16.7', 'likelihood': -1}, {'offset': 1, 'projected_percent': '-6.6', 'likelihood': -1}, {'offset': 2, 'projected_percent': '0.0', 'likelihood': 0}]",0,0,244,False,0,0,,[],Darlow,0.0,506,57,False,None,0,0,a,0,16,1,2026-06-14,0.0,403,29,0,1030,23,1404,23,0.0,0.0,Darlow,0
0,2002-07-07,0,36,True,True,None,None,0,0.0,5,465247,None,,0,0,-1,1,0.0,556,59,0,0.0,None,,0,1,1.4,1.4,0,0.00,0.0,0.00,0.0,0.00,5.18,1.3,0.0,Senne,1.4,225,18,7,1.75,0,False,8.6,195,11,412,False,85.6,67,10,,360,,None,49,384,20,p465247,0,0,None,0,,465247.jpg,1.8,245,21,False,-505,None,-9.0,"[{'offset': 0, 'projected_percent': '-11.0', 'likelihood': -1}, {'offset': 1, 'projected_percent': '-18.0', 'likelihood': -1}, {'offset': 2, 'projected_percent': '-25.0', 'likelihood': -2}]",33,0,21,False,10,2.5,,[],Lammens,10.3,38,6,False,None,4,1.0,a,0,16,1,2025-09-01,0.0,519,57,7,93077,869,647724,9293,0.3,1.4,Lammens,0
0,1998-04-14,0,0,False,True,0,0,0,0,0,451302,None,,0,0,0,0,0.0,479,47,0,0,None,,0,1,0.0,0.0,0,0.00,0,0.00,0,0.00,0.00,0,0,Altay,0.0,506,62,0,0,0,False,0.0,486,62,413,False,0.0,481,62,,0,Has joined Celta Vigo on loan for the rest of the season,2026-08-10T14:02:28.608415Z,45,480,37,p451302,0,0,None,0,,451302.jpg,0.0,506,62,False,0,None,0.0,"[{'offset': 0, 'projected_percent': '0.0', 'likelihood': 0}, {'offset': 1, 'projected_percent': '0.0', 'likelihood': 0}, {'offset': 2, 'projected_percent': '0.0', 'likelihood': 0}]",0,0,219,False,0,0,,[],Bayındır,0.0,603,70,False,None,0,0,u,0,16,1,2023-09-01,0.0,432,43,0,0,0,1112,2,0.0,0.0,Bayindir,0
0,1986-04-15,0,0,True,True,0,0,0,0,0,21205,None,,0,0,0,0,0.0,384,5,0,0,None,,0,1,0.0,0.0,0,0.00,0,0.00,0,0.00,0.00,0,0,Tom,0.0,419,25,0,0,0,False,0.0,396,24,414,False,0.0,392,24,,0,Hamstring injury - Unknown return date,2026-08-15T16:00:07.854151Z,40,584,49,p21205,0,0,None,0,,21205.jpg,0.0,419,25,False,-2,None,-30.7,"[{'offset': 0, 'projected_percent': '-31.1', 'likelihood': -2}, {'offset': 1, 'projected_percent': '-32.6', 'likelihood': -2}, {'offset': 2, 'projected_percent': '-34.1', 'likelihood': -2}]",0,0,241,False,0,0,,[],Heaton,0.1,441,49,False,None,0,0,i,0,16,1,2021-07-02,0.0,324,1,0,1975,57,3335,48,0.0,0.0,Heaton,0
0,2004-10-26,0,15,True,True,None,None,0,0.0,6,596777,None,,0,0,-2,2,32.9,148,91,18,9.82,None,,0,3,1.2,1.2,0,0.08,0.04,0.73,0.39,0.65,3.38,1.84,0.35,Patrick,1.2,260,120,6,3.27,0,False,11.5,148,72,415,False,30.8,220,85,,165,,None,58,111,71,p596777,0,0,None,0,,596777.jpg,1.5,273,123,False,-121,None,-73.8,"[{'offset': 0, 'projected_percent': '-82.7', 'likelihood': -3}, {'offset': 1, 'projected_percent': '-114.7', 'likelihood': -5}, {'offset': 2, 'projected_percent': '-146.7', 'likelihood': -5}]",4,0,58,False,0,0.0,,[],Dorgu,0.5,245,78,False,None,2,1.09,a,8,16,1,2025-02-02,61.0,57,37,6,13127,157,94265,728,0.2,1.0,Dorgu,1
0,1999-08-12,0,0,True,True,0,0,0,0,0,209365,None,,0,0,0,0,0.0,576,206,0,0,None,,0,2,0.0,0.0,0,0.00,0,0.00,0,0.00,0.00,0,0,Matthijs,0.0,588,207,0,0,0,False,0.0,577,206,416,False,0.0,572,206,,0,Back injury - Unknown return date,2026-07-23T12:01:23.690880Z,50,259,38,p209365,0,0,None,0,,209365.jpg,0.0,588,207,False,0,None,-85.9,"[{'offset': 0, 'projected_percent': '-85.9', 'likelihood': -3}, {'offset': 1, 'projected_percent': '-85.9', 'likelihood': -3}, {'offset': 2, 'projected_percent': '-85.9', 'likelihood': -3}]",0,0,152,False,0,0,https://www.manutd.com/en/news/team-news-for-man-utd-hull-opener-aug-2026,[],de Ligt,0.0,559,190,False,None,0,0,i,0,16,1,2024-08-13,0.0,548,203,0,388,9,1438,15,0.0,0.0,De Ligt,0
0,1999-03-18,0,35,True,True,None,None,0,0.0,9,216051,None,,0,0,-1,1,92.7,30,4,14,4.92,None,,0,2,1.2,1.2,0,0.18,0.06,0.36,0.12,0.18,3.08,1.08,0.06,Diogo,1.2,246,89,3,1.05,0,False,17.1,74,19,417,False,35.0,203,85,Diogo Dalot,256,,None,49,364,65,p216051,0,0,None,0,,216051.jpg,1.5,265,95,False,-110,None,-57.3,"[{'offset': 0, 'projected_percent': '-59.9', 'likelihood': -3}, {'offset': 1, 'projected_percent': '-69.3', 'likelihood': -3}, {'offset': 2, 'projected_percent': '-78.6', 'likelihood': -3}]",14,0,173,False,0,0.0,,[],Dalot Teixeira,1.7,141,57,False,None,3,1.05,a,5,16,1,2018-06-08,42.0,95,21,6,24978,199,129735,1240,0.2,1.2,Dalot,1
1,1993-03-05,0,33,True,True,None,None,0,0.0,24,95658,None,,0,0,-1,1,33.0,146,44,26,6.5,None,,0,2,1.6,1.6,0,0.43,0.11,0.62,0.16,0.19,5.18,1.3,0.05,Harry,1.6,194,71,7,1.75,0,False,14.0,113,41,418,False,68.8,102,46,,360,,None,49,346,60,p95658,0,0,None,0,,95658.jpg,2.0,209,79,False,-774,None,-83.4,"[{'offset': 0, 'projected_percent': '-86.7', 'likelihood': -3}, {'offset': 1, 'projected_percent': '-98.7', 'likelihood': -4}, {'offset': 2, 'projected_percent': '-110.7', 'likelihood': -5}]",17,0,241,False,0,0.0,,[],Maguire,9.2,40,14,False,None,4,1.0,a,2,16,1,2019-08-05,38.0,103,27,8,134674,716,947701,18010,0.3,1.6,Maguire,2
0,1998-01-18,0,23,True,True,100,100,0,0.0,13,221820,None,,0,0,0,0,5.5,267,95,16,5.33,None,,0,2,1.2,1.2,0,0.14,0.05,0.20,0.07,0.06,4.17,1.39,0.02,Lisandro,1.2,249,90,5,1.67,0,False,7.0,218,80,419,False,54.0,141,64,Lisandro Martínez,270,,2026-07-24T20:00:10.337107Z,50,269,42,p221820,0,0,None,0,,221820.jpg,2.0,217,81,False,0,None,-79.0,"[{'offset': 0, 'projected_percent': '-79.0', 'likelihood': -3}, {'offset': 1, 'projected_percent': '-79.0', 'likelihood': -3}, {'offset': 2, 'projected_percent': '-79.0', 'likelihood': -3}]",13,0,10,False,0,0.0,,[],Martínez,1.3,161,64,False,None,3,1.0,a,3,16,1,2022-07-17,10.0,224,78,6,33581,655,61534,681,0.2,1.2,Martinez,0
0,2005-11-13,0,-1,True,True,None,None,0,0.0,3,550864,None,,-1,1,-2,2,2.4,307,111,5,20.45,None,,0,2,0.4,0.4,0,0.02,0.08,0.02,0.08,0.00,1.09,4.46,0.0,Leny,0.4,341,121,2,8.18,0,False,1.3,340,123,420,False,7.8,315,121,,22,,None,48,421,78,p550864,0,0,None,0,,550864.jpg,1.0,324,124,False,-38,None,-0.9,"[{'offset': 0, 'projected_percent': '-2.8', 'likelihood': -1}, {'offset': 1, 'projected_percent': '-9.6', 'likelihood': -1}, {'offset': 2, 'projected_percent': '-16.4', 'likelihood': -1}]",1,0,73,False,0,0.0,,[],Yoro,0.5,258,96,False,None,0,0.0,a,2,16,1,2024-07-19,2.0,301,114,2,4872,90,34136,294,0.1,0.4,Yoro,0
0,2006-09-22,0,5,True,True,None,None,0,0.0,1,606745,None,,0,0,-1,1,2.6,303,108,2,2.0,None,,0,2,0.2,0.2,0,0.04,0.04,0.16,0.16,0.12,1.01,1.01,0.12,Ayden,0.2,385,140,2,2.0,0,False,2.0,324,117,421,False,6.8,320,122,,90,,None,44,575,154,p606745,0,0,None,0,,606745.jpg,1.0,312,118,False,-21,None,-73.0,"[{'offset': 0, 'projected_percent': '-76.1', 'likelihood': -3}, {'offset': 1, 'projected_percent': '-87.3', 'likelihood': -3}, {'offset': 2, 'projected_percent': '-98.4', 'likelihood': -4}]",4,0,241,False,0,0.0,,[],Heaven,0.3,299,108,False,None,1,1.0,a,1,16,1,2025-02-01,11.0,213,72,1,5815,45,22837,251,0.0,0.2,Heaven,0
0,1997-11-14,0,6,True,True,None,None,0,0.0,4,230001,None,,0,0,-1,1,31.2,156,47,6,5.57,None,,0,2,0.6,0.6,0,0.06,0.06,0.28,0.26,0.22,2.08,1.93,0.2,Noussair,0.6,300,107,4,3.71,0,False,6.4,231,85,422,False,21.0,255,106,,97,,None,44,562,146,p230001,0,0,None,0,,230001.jpg,1.0,308,114,False,-31,None,-49.1,"[{'offset': 0, 'projected_percent': '-51.4', 'likelihood': -3}, {'offset': 1, 'projected_percent': '-59.9', 'likelihood': -3}, {'offset': 2, 'projected_percent': '-68.4', 'likelihood': -3}]",3,0,145,False,0,0.0,,[],Mazraoui,0.5,248,94,False,None,1,0.93,a,2,16,1,2024-08-13,11.0,212,71,3,13929,145,38534,447,0.1,0.7,Mazraoui,0
1,1995-07-12,0,47,True,True,50,50,0,0.0,14,106760,3,,-1,1,-2,2,85.6,37,5,20,7.14,None,,0,2,0.7,0.7,0,0.51,0.18,0.53,0.19,0.02,3.01,1.08,0.01,Luke,1.4,214,76,4,1.43,0,False,18.4,68,13,423,False,86.0,66,29,,252,Unspecified injury - 50% chance of playing,2026-09-11T13:00:09.030120Z,43,577,155,p106760,0,0,None,0,,106760.jpg,2.3,183,70,False,-2129,None,-2.3,"[{'offset': 0, 'projected_percent': '-5.5', 'likelihood': -1}, {'offset': 1, 'projected_percent': '-17.2', 'likelihood': -1}, {'offset': 2, 'projected_percent': '-28.9', 'likelihood': -2}]",6,0,241,False,0,0.0,https://www.manutd.com/en/news/team-news-fulham-v-united-20-sep,[],Shaw,8.2,48,18,False,None,3,1.07,d,6,16,1,2014-07-01,13.0,199,66,7,97624,140,1259091,27162,0.3,1.6,Shaw,1
0,2007-03-16,0,0,True,True,None,None,0,0,0,577974,None,,0,0,0,0,0.0,432,169,0,0,None,,0,2,0.0,0.0,0,0.00,0,0.00,0,0.00,0.00,0,0,Harry,0.0,464,172,0,0,0,False,0.0,443,169,424,False,0.0,438,169,,0,,None,40,646,201,p577974,0,0,None,0,,577974.jpg,0.0,464,172,False,-5,None,-34.6,"[{'offset': 0, 'projected_percent': '-35.5', 'likelihood': -2}, {'offset': 1, 'projected_percent': '-38.7', 'likelihood': -2}, {'offset': 2, 'projected_percent': '-42.0', 'likelihood': -3}]",0,0,241,False,0,0,,[],Amass,0.2,333,124,False,None,0,0,a,0,16,1,2024-04-06,0.0,374,152,0,5987,85,8138,108,0.0,0.0,Amass,0
0,2005-02-23,0,0,False,True,0,0,0,0,0,547676,None,,0,0,0,0,0.0,424,161,0,0,None,,0,2,0.0,0.0,0,0.00,0,0.00,0,0.00,0.00,0,0,Tyler,0.0,457,165,0,0,0,False,0.0,435,161,425,False,0.0,430,161,,0,Has joined Lausanne-Sport permanently,2026-08-18T14:12:31.904433Z,40,636,191,p547676,0,0,None,0,,547676.jpg,0.0,457,165,False,-2,None,0.0,"[{'offset': 0, 'projected_percent': '0.0', 'likelihood': 0}, {'offset': 1, 'projected_percent': '0.0', 'likelihood': 0}, {'offset': 2, 'projected_percent': '0.0', 'likelihood': 0}]",0,0,241,False,0,0,,[],Fredricson,0.0,598,203,False,None,0,0,u,0,16,1,2022-09-07,0.0,364,142,0,0,0,1277,9,0.0,0.0,Fredricson,0
1,1994-09-08,3,133,True,True,None,None,0,0.0,3,141746,1,,0,0,0,0,182.9,2,2,23,5.75,1,,1,3,5.8,5.8,0,1.13,0.28,3.41,0.85,2.28,5.18,1.3,0.57,Bruno,5.8,21,9,7,1.75,3,False,46.0,1,1,426,False,173.0,1,1,Bruno Fernandes,360,,None,120,2,1,p141746,0,0,1,0,,141746.jpg,7.2,13,6,False,-1154,None,-92.5,"[{'offset': 0, 'projected_percent': '-93.6', 'likelihood': -3}, {'offset': 1, 'projected_percent': '-97.8', 'likelihood': -4}, {'offset': 2, 'projected_percent': '-101.9', 'likelihood': -5}]",16,0,173,False,0,0.0,,[],Borges Fernandes,39.8,6,2,False,None,4,1.0,a,4,16,1,2020-01-30,104.0,21,11,29,617077,5477,1682358,29408,0.5,2.4,B.Fernandes,0
1,1999-08-07,3,87,True,True,None,None,0,0.0,5,446008,2,,0,0,-1,1,117.9,15,14,22,5.5,2,,0,3,4.6,4.6,0,0.55,0.14,3.35,0.84,2.80,5.18,1.3,0.7,Bryan,4.6,45,17,7,1.75,2,False,35.1,11,9,427,False,106.2,38,17,,360,,None,79,11,8,p446008,0,0,2,0,,446008.jpg,5.8,36,18,False,-1299,None,-55.6,"[{'offset': 0, 'projected_percent': '-58.0', 'likelihood': -3}, {'offset': 1, 'projected_percent': '-66.7', 'likelihood': -3}, {'offset': 2, 'projected_percent': '-75.3', 'likelihood': -3}]",13,0,38,False,0,0.0,,[],Mbeumo,21.4,17,7,False,None,4,1.0,a,4,16,1,2025-07-21,126.0,10,5,23,432979,6000,1906427,19928,0.6,2.9,Mbeumo,1
2,1999-05-27,1,63,True,True,None,None,1,0.28,0,430871,None,,0,0,-1,1,76.3,48,39,10,2.84,None,,0,3,3.2,3.2,0,0.44,0.12,1.02,0.28,0.58,3.82,1.08,0.16,Matheus,3.2,96,41,4,1.14,0,False,19.6,55,40,428,False,30.6,222,86,Matheus Cunha,317,,None,79,10,7,p430871,0,0,None,0,,430871.jpg,4.0,99,40,False,-577,None,-91.6,"[{'offset': 0, 'projected_percent': '-95.6', 'likelihood': -4}, {'offset': 1, 'projected_percent': '-110.0', 'likelihood': -5}, {'offset': 2, 'projected_percent': '-124.4', 'likelihood': -5}]",7,0,30,False,0,0.0,,[],Santos Carneiro da Cunha,5.7,68,23,False,None,4,1.14,a,3,16,1,2025-06-01,88.0,27,15,16,74535,789,492612,4581,0.4,2.0,Cunha,0
0,1997-10-31,0,43,True,True,None,None,1,0.33,2,176297,None,,0,0,0,0,109.5,21,19,16,5.24,3,,0,3,1.6,1.6,0,0.29,0.09,0.67,0.21,0.38,2.88,0.94,0.12,Marcus,1.6,210,102,2,0.65,0,False,24.5,29,20,429,False,36.8,197,80,,275,,None,70,25,16,p176297,0,0,None,0,,176297.jpg,2.0,232,103,False,-106,None,-86.7,"[{'offset': 0, 'projected_percent': '-89.4', 'likelihood': -3}, {'offset': 1, 'projected_percent': '-99.0', 'likelihood': -4}, {'offset': 2, 'projected_percent': '-108.5', 'likelihood': -5}]",10,0,241,False,0,0.0,,[],Rashford,1.6,146,46,False,None,3,0.98,a,4,16,1,2015-07-01,99.0,22,12,8,82084,1055,112613,1532,0.2,1.1,Rashford,0
0,1999-01-10,0,0,True,True,100,100,0,0,0,184341,None,,0,0,-1,1,0.0,624,270,0,0,4,,0,3,0.0,0.0,0,0.00,0,0.00,0,0.00,0.00,0,0,Mason,0.0,629,271,0,0,0,False,0.0,625,269,430,False,0.0,620,267,,0,,2026-08-15T16:00:07.879135Z,54,177,112,p184341,0,0,None,0,,184341.jpg,0.0,629,271,False,0,None,0.1,"[{'offset': 0, 'projected_percent': '0.1', 'likelihood': 1}, {'offset': 1, 'projected_percent': '0.1', 'likelihood': 1}, {'offset': 2, 'projected_percent': '0.1', 'likelihood': 1}]",0,0,241,False,0,0,,[],Mount,0.0,537,219,False,None,0,0,a,0,16,1,2023-07-05,0.0,609,261,0,758,30,1800,24,0.0,0.0,Mount,0
0,2002-07-11,0,0,True,True,0,0,0,0,0,493250,4,,0,0,-3,3,0.0,645,283,0,0,None,,0,3,0.0,0.0,0,0.00,0,0.00,0,0.00,0.00,0,0,Amad,0.0,645,283,0,0,0,False,0.0,643,282,431,False,0.0,640,282,,0,Unspecified injury - Unknown return date,2026-08-22T11:00:08.617283Z,57,117,75,p493250,0,0,None,0,,493250.jpg,0.0,645,283,False,-56,None,-6.5,"[{'offset': 0, 'projected_percent': '-9.1', 'likelihood': -1}, {'offset': 1, 'projected_percent': '-18.6', 'likelihood': -1}, {'offset': 2, 'projected_percent': '-28.0', 'likelihood': -2}]",0,0,54,False,0,0,https://www.manutd.com/en/news/team-news-for-ipswich-visit-30-august,[],Diallo,0.3,289,98,False,None,0,0,i,0,16,1,2021-01-07,0.0,635,279,0,2058,16,122077,356,0.0,0.0,Amad,0
1,2005-04-19,2,84,True,True,None,None,0,0.0,9,516895,None,,0,0,0,0,71.4,53,44,44,14.4,None,,0,3,3.6,3.6,0,0.42,0.14,0.66,0.22,0.24,3.15,1.03,0.08,Kobbie,3.6,77,31,3,0.98,0,False,15.5,95,53,432,False,72.0,90,29,,275,,None,55,158,99,p516895,0,0,None,0,,516895.jpg,4.5,69,28,False,-76,None,16.8,"[{'offset': 0, 'projected_percent': '16.5', 'likelihood': 1}, {'offset': 1, 'projected_percent': '15.4', 'likelihood': 1}, {'offset': 2, 'projected_percent': '14.4', 'likelihood': 1}]",30,0,241,False,0,0.0,,[],Mainoo,1.6,142,44,False,None,3,0.98,a,5,16,1,2022-10-15,12.0,209,106,18,88800,1706,53604,1327,0.7,3.3,Mainoo,0
0,2001-04-11,0,0,True,True,0,0,0,0,0,232112,None,,0,0,0,0,0.0,582,248,0,0,None,,0,3,0.0,0.0,0,0.00,0,0.00,0,0.00,0.00,0,0,Manuel,0.0,594,252,0,0,0,False,0.0,583,245,433,False,0.0,578,243,,0,Knee injury - Unknown return date,2026-07-23T12:01:23.706702Z,50,274,168,p232112,0,0,None,0,,232112.jpg,0.0,594,252,False,0,None,-60.3,"[{'offset': 0, 'projected_percent': '-60.3', 'likelihood': -3}, {'offset': 1, 'projected_percent': '-60.3', 'likelihood': -3}, {'offset': 2, 'projected_percent': '-60.3', 'likelihood': -3}]",0,0,230,False,0,0,https://www.manutd.com/en/news/an-official-update-on-manuel-ugarte,[],Ugarte Ribeiro,0.0,638,277,False,None,0,0,i,0,16,1,2024-08-30,0.0,554,230,0,104,8,242,2,0.0,0.0,Ugarte,0
0,2007-03-19,0,0,True,True,None,None,0,0,0,547037,None,,0,0,-1,1,0.0,564,239,0,0,None,,0,3,0.0,0.0,0,0.00,0,0.00,0,0.00,0.00,0,0,Jack,0.0,580,244,0,0,0,False,0.0,567,235,434,False,0.0,562,233,Jack Fletcher,0,,None,49,401,241,p547037,0,0,None,0,,547037.jpg,0.0,580,244,False,0,None,-38.4,"[{'offset': 0, 'projected_percent': '-38.4', 'likelihood': -2}, {'offset': 1, 'projected_percent': '-38.4', 'likelihood': -2}, {'offset': 2, 'projected_percent': '-38.4', 'likelihood': -2}]",0,0,241,False,0,0,,[],Fletcher,0.0,605,256,False,None,0,0,a,0,16,1,2024-07-12,0.0,527,213,0,282,2,658,10,0.0,0.0,J.Fletcher,0
0,2007-04-14,0,3,True,True,None,None,0,0.0,0,576628,None,,0,0,-1,1,0.6,350,172,1,9.0,None,,0,3,0.2,0.2,0,0.00,0.0,0.00,0.0,0.00,0.00,0.0,0.0,Shea,0.2,397,184,0,0.0,0,False,0.1,388,181,435,False,0.2,385,179,,10,,None,49,406,246,p576628,0,0,None,0,,576628.jpg,1.0,339,150,False,5,None,-4.8,"[{'offset': 0, 'projected_percent': '-1.5', 'likelihood': -1}, {'offset': 1, 'projected_percent': '0.1', 'likelihood': 1}, {'offset': 2, 'projected_percent': '0.1', 'likelihood': 1}]",1,0,241,False,0,0.0,,[],Lacey,0.1,488,193,False,None,0,0.0,a,0,16,1,2025-05-26,0.0,531,217,1,1440,87,3008,43,0.0,0.2,Lacey,0
0,2004-01-03,0,0,False,True,0,0,0,0,0,490881,None,,0,0,0,0,0.0,598,255,0,0,None,,0,3,0.0,0.0,0,0.00,0,0.00,0,0.00,0.00,0,0,Toby,0.0,604,257,0,0,0,False,0.0,596,252,436,False,0.0,591,250,,0,Has joined West Brom permanently,2026-09-01T13:16:48.584385Z,50,302,181,p490881,0,0,None,0,,490881.jpg,0.0,604,257,False,0,None,0.0,"[{'offset': 0, 'projected_percent': '0.0', 'likelihood': 0}, {'offset': 1, 'projected_percent': '0.0', 'likelihood': 0}, {'offset': 2, 'projected_percent': '0.0', 'likelihood': 0}]",0,0,241,False,0,0,,[],Collyer,0.0,606,257,False,None,0,0,u,0,16,1,2023-07-01,0.0,573,240,0,150,0,1019,12,0.0,0.0,Collyer,0
0,None,0,0,True,True,None,None,0,0,0,576620,None,,0,0,0,0,0.0,507,204,0,0,None,,0,3,0.0,0.0,0,0.00,0,0.00,0,0.00,0.00,0,0,Bendito,0.0,532,212,0,0,0,False,0.0,513,199,437,False,0.0,508,197,,0,,None,45,519,271,p576620,0,0,None,0,,576620.jpg,0.0,532,212,False,-20,None,-87.2,"[{'offset': 0, 'projected_percent': '-92.0', 'likelihood': -3}, {'offset': 1, 'projected_percent': '-109.2', 'likelihood': -5}, {'offset': 2, 'projected_percent': '-126.3', 'likelihood': -5}]",0,0,None,False,0,0,,[],Mantato,0.2,359,130,False,None,0,0,a,0,16,1,None,0.0,464,176,0,4702,38,8916,135,0.0,0.0,Bendito Mantato,0
0,2007-03-19,0,0,True,True,None,None,0,0,0,519913,None,,0,0,-1,1,0.0,450,191,0,0,None,,0,3,0.0,0.0,0,0.00,0,0.00,0,0.00,0.00,0,0,Tyler,0.0,481,199,0,0,0,False,0.0,461,186,438,False,0.0,456,184,Tyler Fletcher,0,,None,44,572,295,p519913,0,0,None,0,,519913.jpg,0.0,481,199,False,-5,None,0.2,"[{'offset': 0, 'projected_percent': '0.2', 'likelihood': 1}, {'offset': 1, 'projected_percent': '0.1', 'likelihood': 1}, {'offset': 2, 'projected_percent': '0.1', 'likelihood': 1}]",0,0,243,False,0,0,,[],Fletcher,0.3,286,96,False,None,0,0,a,0,16,1,2025-05-26,0.0,399,163,0,8519,450,15063,294,0.0,0.0,Fletcher,0
0,2003-05-31,0,39,True,True,100,100,0,0.0,0,485711,None,,0,0,0,0,11.9,237,27,5,5.92,None,,0,4,1.6,1.6,0,0.01,0.01,0.40,0.47,0.39,2.00,2.37,0.46,Benjamin,1.6,212,21,3,3.55,1,False,8.2,206,22,439,False,34.6,209,18,,76,,2026-07-23T12:01:23.722029Z,70,28,10,p485711,0,0,None,0,,485711.jpg,2.0,234,28,False,43,None,-9.8,"[{'offset': 0, 'projected_percent': '-8.9', 'likelihood': -1}, {'offset': 1, 'projected_percent': '-5.4', 'likelihood': -1}, {'offset': 2, 'projected_percent': '-2.0', 'likelihood': -1}]",5,0,195,False,0,0.0,,[],Sesko,1.8,135,21,False,None,0,0.0,a,0,16,1,2025-08-09,36.0,113,24,8,100271,2832,111618,1945,0.2,1.1,Šeško,0
0,2001-05-22,0,4,True,True,None,None,0,0.0,1,458249,None,,-1,1,-2,2,4.8,277,34,3,38.57,None,,0,4,0.2,0.2,0,0.01,0.13,0.01,0.13,0.00,0.02,0.26,0.0,Joshua,0.2,405,48,0,0.0,0,False,0.9,353,39,440,False,4.4,341,33,,7,,None,53,229,50,p458249,0,0,None,0,,458249.jpg,1.0,360,40,False,-20,None,-0.6,"[{'offset': 0, 'projected_percent': '-1.8', 'likelihood': -1}, {'offset': 1, 'projected_percent': '-5.9', 'likelihood': -1}, {'offset': 2, 'projected_percent': '-10.1', 'likelihood': -1}]",2,0,152,False,0,0.0,,[],Zirkzee,0.4,268,47,False,None,0,0.0,a,0,16,1,2024-07-17,0.0,600,67,1,14198,318,41048,495,0.0,0.2,Zirkzee,0
0,2007-11-29,0,0,False,True,0,0,0,0,0,596047,None,,0,0,0,0,0.0,513,58,0,0,None,,0,4,0.0,0.0,0,0.00,0,0.00,0,0.00,0.00,0,0,Chido,0.0,538,59,0,0,0,False,0.0,519,56,441,False,0.0,514,53,,0,Has joined Willem II on loan for the rest of the season,2026-09-14T16:12:42.090874Z,45,527,75,p596047,0,0,None,0,,596047.jpg,0.0,538,59,False,-286,None,0.0,"[{'offset': 0, 'projected_percent': '0.0', 'likelihood': 0}, {'offset': 1, 'projected_percent': '0.0', 'likelihood': 0}, {'offset': 2, 'projected_percent': '0.0', 'likelihood': 0}]",0,0,58,False,0,0,,[],Obi,1.0,179,28,False,None,0,0,u,0,16,1,2025-02-15,0.0,470,52,0,45543,0,65463,2521,0.0,0.0,Obi,0
0,2002-01-03,0,23,True,True,100,0,1,0.55,3,465694,None,,0,0,0,0,42.0,122,76,12,6.59,None,,0,3,1.0,0.0,0,0.21,0.12,0.21,0.12,0.00,2.34,1.28,0.0,Nico,1.0,274,127,2,1.1,0,False,5.8,244,109,405,False,13.4,278,117,,164,,2026-09-14T21:30:07.343728Z,55,148,91,p465694,0,0,None,0,,465694.jpg,1.7,255,114,False,-107,2026-09-27T16:30:09.285267Z,0.8,"[{'offset': 0, 'projected_percent': '0.4', 'likelihood': 1}, {'offset': 1, 'projected_percent': '-21.5', 'likelihood': -2}, {'offset': 2, 'projected_percent': '-50.2', 'likelihood': -3}]",9,0,200,False,0,0.0,,[],González Iglesias,0.2,336,119,False,None,3,1.65,a,0,17,4,2026-08-26,2.0,314,155,5,17475,12,16012,843,0.2,0.9,N.Gonzalez,1
0,1992-04-19,0,0,True,True,None,None,0,0,0,98747,None,,0,0,-1,1,0.0,536,54,0,0,None,,0,1,0.0,0.0,0,0.00,0,0.00,0,0.00,0.00,0,0,Nick,0.0,558,66,0,0,0,False,0.0,541,66,442,False,0.0,536,66,,0,,None,49,347,15,p98747,0,0,None,0,,98747.jpg,0.0,558,66,False,-61,None,-30.7,"[{'offset': 0, 'projected_percent': '-33.2', 'likelihood': -2}, {'offset': 1, 'projected_percent': '-42.2', 'likelihood': -3}, {'offset': 2, 'projected_percent': '-51.2', 'likelihood': -3}]",0,0,241,False,0,0,,[],Pope,1.0,187,29,False,None,0,0,a,0,17,4,2022-06-23,0.0,495,52,0,12670,177,51179,456,0.0,0.0,Pope,0
0,1992-03-27,0,0,True,True,None,None,0,0,0,81441,None,,0,0,0,0,0.0,457,36,0,0,None,,0,1,0.0,0.0,0,0.00,0,0.00,0,0.00,0.00,0,0,Mark,0.0,486,53,0,0,0,False,0.0,466,53,443,False,0.0,461,53,,0,,None,45,432,26,p81441,0,0,None,0,,81441.jpg,0.0,486,53,False,-1,None,-30.8,"[{'offset': 0, 'projected_percent': '-32.2', 'likelihood': -2}, {'offset': 1, 'projected_percent': '-37.2', 'likelihood': -2}, {'offset': 2, 'projected_percent': '-42.2', 'likelihood': -3}]",0,0,241,False,0,0,,[],Gillespie,0.0,523,60,False,None,0,0,a,0,17,4,2020-07-27,0.0,406,32,0,733,8,1131,11,0.0,0.0,Gillespie,0
0,2005-12-29,0,0,True,True,50,50,0,0,0,554578,None,,-1,1,-1,1,0.0,452,32,0,0,None,,0,1,0.0,0.0,0,0.00,0,0.00,0,0.00,0.00,0,0,Ewen,0.0,483,51,0,0,0,False,0.0,463,51,444,False,0.0,458,51,,0,Ankle injury - 50% chance of playing,2026-09-10T16:00:09.127466Z,44,574,48,p554578,0,0,None,0,,554578.jpg,0.0,483,51,False,-3,None,-1.2,"[{'offset': 0, 'projected_percent': '-2.8', 'likelihood': -1}, {'offset': 1, 'projected_percent': '-8.9', 'likelihood': -1}, {'offset': 2, 'projected_percent': '-14.9', 'likelihood': -1}]",0,0,73,False,0,0,https://www.newcastleunited.com/en/video/1001979?utm_source=premier-league-web&utm_medium=referral&utm_campaign=pl-referral-always-on&utm_term=injury-news,[],Jaouen,0.0,564,64,False,None,0,0,d,0,17,4,2026-06-15,0.0,401,28,0,436,3,1433,28,0.0,0.0,Jaouen,0
0,2001-08-08,0,32,True,True,None,None,1,0.2,46,465642,None,,0,0,0,0,14.9,213,70,46,9.2,None,,0,2,2.8,2.8,4,0.08,0.02,0.08,0.02,0.00,8.79,1.76,0.0,Malick,2.8,113,40,9,1.8,0,False,9.2,185,70,445,False,74.8,84,38,,450,,None,50,290,48,p465642,1,0,None,0,,465642.jpg,2.8,160,64,False,-80,None,16.4,"[{'offset': 0, 'projected_percent': '16.1', 'likelihood': 1}, {'offset': 1, 'projected_percent': '15.0', 'likelihood': 1}, {'offset': 2, 'projected_percent': '13.9', 'likelihood': 1}]",10,0,80,False,0,0.0,,[],Thiaw,2.2,121,49,False,None,5,1.0,a,0,17,4,2025-08-12,2.0,307,116,14,170830,1529,114786,1775,0.6,2.8,Thiaw,0
0,1991-12-20,0,0,True,True,100,100,0,0.0,7,119471,None,,0,0,-1,1,0.0,538,201,7,25.2,2,,0,2,0.4,0.4,1,0.01,0.04,0.01,0.04,0.00,1.59,5.72,0.0,Fabian,0.4,344,123,2,7.2,0,False,0.0,543,201,446,False,0.0,538,201,,25,,2026-08-15T16:30:07.209742Z,49,349,61,p119471,0,0,None,0,,119471.jpg,1.0,325,125,False,-11,None,-6.1,"[{'offset': 0, 'projected_percent': '-8.1', 'likelihood': -1}, {'offset': 1, 'projected_percent': '-15.7', 'likelihood': -1}, {'offset': 2, 'projected_percent': '-23.2', 'likelihood': -2}]",0,0,207,False,0,0.0,,[],Schär,0.2,324,120,False,None,0,0.0,a,0,17,4,2018-07-26,0.0,497,196,2,6601,90,13131,185,0.1,0.4,Schär,0
0,2000-01-12,0,48,True,True,None,None,1,0.2,53,220237,None,,0,0,0,0,3.3,294,104,58,11.6,None,,0,2,3.0,3.0,4,0.17,0.03,0.23,0.04,0.06,8.79,1.76,0.01,Sven,3.0,100,37,9,1.8,0,False,11.1,152,57,447,False,100.8,45,17,,450,,None,50,266,40,p220237,0,0,None,0,,220237.jpg,3.0,135,57,False,47,None,8.1,"[{'offset': 0, 'projected_percent': '8.3', 'likelihood': 1}, {'offset': 1, 'projected_percent': '8.9', 'likelihood': 1}, {'offset': 2, 'projected_percent': '9.5', 'likelihood': 1}]",14,0,152,False,0,0.0,,[],Botman,0.7,214,83,False,None,5,1.0,a,5,17,4,2022-06-28,6.0,259,94,15,43273,599,25855,561,0.6,3.0,Botman,1
0,1992-05-09,0,0,True,True,0,0,0,0,0,78916,None,,0,0,-1,1,0.0,535,200,0,0,None,,0,2,0.0,0.0,0,0.00,0,0.00,0,0.00,0.00,0,0,Dan,0.0,557,203,0,0,0,False,0.0,540,200,448,False,0.0,535,200,,0,Ankle injury - Expected back 12 Oct,2026-08-23T18:00:08.367241Z,49,345,59,p78916,0,0,None,0,,78916.jpg,0.0,557,203,False,-132,None,-95.8,"[{'offset': 0, 'projected_percent': '-98.3', 'likelihood': -4}, {'offset': 1, 'projected_percent': '-107.0', 'likelihood': -5}, {'offset': 2, 'projected_percent': '-115.8', 'likelihood': -5}]",0,0,241,False,0,0,https://www.newcastleunited.com/en/news/confimed-line-up-opening-day-debuts-for-hornicek-dedic-and-steur-against-liverpool,[],Burn,0.8,205,79,False,None,0,0,i,0,17,4,2022-01-31,0.0,494,195,0,7229,14,156032,1124,0.0,0.0,Burn,0
1,2004-09-08,5,124,True,True,None,None,1,0.2,33,487838,1,,0,0,2,-2,59.8,69,13,46,9.22,1,,2,2,6.0,6.0,12,0.79,0.16,1.04,0.21,0.25,8.77,1.76,0.05,Lewis,6.0,14,7,9,1.8,1,False,18.3,69,14,449,False,110.0,27,9,,449,,None,52,238,35,p487838,0,0,None,0,,487838.jpg,6.0,28,11,False,4688,None,58.4,"[{'offset': 0, 'projected_percent': '76.2', 'likelihood': 3}, {'offset': 1, 'projected_percent': '140.2', 'likelihood': 5}, {'offset': 2, 'projected_percent': '204.3', 'likelihood': 5}]",38,0,241,False,0,0.0,,[],Hall,15.1,26,8,False,None,5,1.0,a,13,17,4,2024-07-01,14.0,197,65,30,1441421,27919,331552,3719,1.2,5.8,Hall,0
1,2002-11-12,0,12,True,True,75,100,0,0.0,1,441191,None,,0,0,-1,1,3.8,287,102,3,8.18,None,,0,2,0.6,0.8,0,0.01,0.03,0.01,0.03,0.00,0.18,0.49,0.0,Tino,0.8,280,102,1,2.73,0,False,1.3,341,124,450,False,5.0,336,129,,33,Unspecified injury - 75% chance of playing,2026-09-19T14:00:09.046677Z,49,378,68,p441191,0,0,None,0,,441191.jpg,2.0,212,80,False,-70,None,1.9,"[{'offset': 0, 'projected_percent': '1.7', 'likelihood': 1}, {'offset': 1, 'projected_percent': '0.7', 'likelihood': 1}, {'offset': 2, 'projected_percent': '-12.7', 'likelihood': -1}]",4,0,241,False,0,0.0,,[],Livramento,0.1,404,151,False,None,0,0.0,d,2,17,4,2023-08-08,4.0,283,105,4,10106,310,4726,286,0.2,0.8,Livramento,1
0,2004-06-25,0,0,False,True,0,0,0,0,0,545477,None,,0,0,0,0,0.0,423,160,0,0,None,,0,2,0.0,0.0,0,0.00,0,0.00,0,0.00,0.00,0,0,Alex,0.0,456,164,0,0,0,False,0.0,434,160,451,False,0.0,429,160,,0,Has joined FC Kaiserslautern on loan for the rest of the season,2026-08-12T14:05:29.224600Z,40,635,190,p545477,0,0,None,0,,545477.jpg,0.0,456,164,False,-6,None,0.0,"[{'offset': 0, 'projected_percent': '0.0', 'likelihood': 0}, {'offset': 1, 'projected_percent': '0.0', 'likelihood': 0}, {'offset': 2, 'projected_percent': '0.0', 'likelihood': 0}]",0,0,104,False,0,0,,[],Murphy,0.1,485,173,False,None,0,0,u,0,17,4,2023-07-19,0.0,363,141,0,0,0,6694,43,0.0,0.0,A.Murphy,0
3,1997-12-09,3,105,True,True,None,None,1,0.2,14,201666,3,,1,-1,1,-1,44.1,112,72,33,6.6,None,,1,3,5.6,5.6,9,0.48,0.1,1.06,0.22,0.58,8.79,1.76,0.12,Harvey,5.6,24,11,9,1.8,1,False,17.1,75,45,453,False,57.6,132,44,,450,,None,61,60,42,p201666,0,0,None,0,,201666.jpg,5.6,39,20,False,3556,None,2.3,"[{'offset': 0, 'projected_percent': '7.3', 'likelihood': 1}, {'offset': 1, 'projected_percent': '25.2', 'likelihood': 2}, {'offset': 2, 'projected_percent': '43.1', 'likelihood': 3}]",16,0,241,False,0,0.0,,[],Barnes,4.6,77,26,False,None,5,1.0,a,3,17,4,2023-07-23,69.0,50,31,28,511765,40662,133805,1897,0.9,4.6,Barnes,0
0,2002-04-27,2,71,True,True,0,0,1,0.39,2,449434,2,,-1,1,1,-1,50.6,93,63,9,3.49,None,,0,3,0.0,0.0,0,0.34,0.13,0.76,0.29,0.42,4.01,1.56,0.16,Anthony,3.6,78,32,3,1.16,2,False,19.4,60,42,454,False,82.6,74,24,,232,Unspecified injury - Unknown return date,2026-09-14T20:00:09.505598Z,61,61,43,p449434,0,0,None,0,,449434.jpg,6.0,32,15,False,-8116,None,-7.6,"[{'offset': 0, 'projected_percent': '-19.6', 'likelihood': -1}, {'offset': 1, 'projected_percent': '-62.8', 'likelihood': -3}, {'offset': 2, 'projected_percent': '-106.0', 'likelihood': -5}]",3,0,206,False,0,0.0,https://www.newcastleunited.com/en/news/matthias-jaissles-team-news-update-elanga-latest-ahead-of-hull-visit,[],Elanga,5.6,70,24,False,None,3,1.16,i,4,17,4,2025-07-11,61.0,58,38,18,1285907,70,975399,55438,0.6,3.0,Elanga,1
0,2001-05-28,0,26,True,True,0,0,0,0.0,3,232653,None,,0,0,-1,1,6.3,262,135,11,14.35,None,,0,3,0.0,0.0,0,0.16,0.21,0.33,0.43,0.17,1.92,2.5,0.22,Jacob,1.4,223,103,1,1.3,1,False,6.7,226,103,456,False,40.4,181,71,,69,Thigh injury - Unknown return date,2026-09-15T09:00:08.191022Z,49,370,221,p232653,0,0,None,0,,232653.jpg,2.3,187,81,False,-127,None,-50.1,"[{'offset': 0, 'projected_percent': '-56.6', 'likelihood': -3}, {'offset': 1, 'projected_percent': '-80.3', 'likelihood': -3}, {'offset': 2, 'projected_percent': '-103.9', 'likelihood': -5}]",6,0,241,False,0,0.0,https://www.newcastleunited.com/en/news/matthias-jaissles-team-news-update-elanga-latest-ahead-of-hull-visit,[],Ramsey,0.3,298,104,False,None,0,0.0,i,2,17,4,2025-08-17,21.0,149,76,7,16556,10,27400,1197,0.3,1.4,J.Ramsey,1
0,1995-02-24,0,21,True,True,None,None,0,0.0,4,114243,4,,0,0,-1,1,7.2,259,133,18,8.95,None,,0,3,0.6,0.6,1,0.41,0.2,0.45,0.22,0.04,4.61,2.29,0.02,Jacob,0.6,327,155,5,2.49,0,False,1.6,332,152,457,False,3.6,350,161,Jacob Murphy,181,,None,59,79,52,p114243,0,0,None,0,,114243.jpg,0.6,408,194,False,-10,None,-25.5,"[{'offset': 0, 'projected_percent': '-28.3', 'likelihood': -2}, {'offset': 1, 'projected_percent': '-38.7', 'likelihood': -2}, {'offset': 2, 'projected_percent': '-49.0', 'likelihood': -3}]",10,0,241,False,0,0.0,,[],Murphy,0.1,376,136,False,None,2,0.99,a,4,17,4,2017-07-19,6.0,266,133,3,5269,166,10305,126,0.1,0.5,J.Murphy,3
0,1996-08-14,0,0,True,True,0,0,0,0,0,180974,None,,0,0,-1,1,0.0,623,269,0,0,None,,0,3,0.0,0.0,0,0.00,0,0.00,0,0.00,0.00,0,0,Joelinton Cássio,0.0,628,270,0,0,0,False,0.0,624,268,458,False,0.0,619,266,Joelinton,0,Unspecified injury - Unknown return date,2026-08-16T08:00:08.074045Z,54,176,111,p180974,0,0,None,0,,180974.jpg,0.0,628,270,False,-2,None,-50.1,"[{'offset': 0, 'projected_percent': '-52.0', 'likelihood': -3}, {'offset': 1, 'projected_percent': '-58.8', 'likelihood': -3}, {'offset': 2, 'projected_percent': '-65.7', 'likelihood': -3}]",0,0,30,False,0,0,https://www.newcastleunited.com/en/news/matthias-jaissles-team-news-update-livramento-and-joelinton-latest-ahead-of-premier-league-opener,[],Apolinário de Lira,0.0,572,236,False,None,0,0,i,0,17,4,2019-07-24,0.0,608,260,0,213,2,2177,15,0.0,0.0,Joelinton,0
0,2006-05-01,0,68,True,True,100,100,1,0.23,20,547719,5,,0,0,0,0,41.7,123,77,52,11.82,None,,0,3,2.4,2.4,4,0.14,0.03,0.19,0.04,0.05,7.60,1.73,0.01,Lewis,2.4,141,63,8,1.82,0,False,8.3,202,94,459,False,36.6,198,81,,396,,2026-07-23T12:01:23.785456Z,55,161,101,p547719,1,0,None,0,,547719.jpg,2.4,182,80,False,-1,None,0.6,"[{'offset': 0, 'projected_percent': '0.6', 'likelihood': 1}, {'offset': 1, 'projected_percent': '0.5', 'likelihood': 1}, {'offset': 2, 'projected_percent': '0.5', 'likelihood': 1}]",26,0,241,False,0,0.0,,[],Miley,0.1,443,170,False,None,5,1.14,a,6,17,4,2023-02-01,5.0,274,138,12,5956,92,5087,80,0.4,2.2,L.Miley,1
0,1999-08-20,3,80,True,True,None,None,1,0.32,4,200089,None,,0,0,0,0,33.7,143,88,18,5.7,None,,1,3,4.4,4.4,10,0.30,0.1,1.18,0.38,0.88,4.86,1.54,0.28,Joe,4.4,47,18,5,1.58,2,False,12.4,136,68,460,False,52.0,147,52,,284,,None,50,254,158,p200089,0,0,None,0,,200089.jpg,4.4,71,30,False,230,None,11.4,"[{'offset': 0, 'projected_percent': '12.3', 'likelihood': 1}, {'offset': 1, 'projected_percent': '15.4', 'likelihood': 1}, {'offset': 2, 'projected_percent': '18.6', 'likelihood': 1}]",9,0,241,False,0,0.0,,[],Willock,0.5,251,81,False,None,3,0.95,a,5,17,4,2021-08-13,46.0,83,46,22,56042,1222,28451,466,0.9,4.4,Willock,0
0,2006-03-02,0,29,True,True,None,None,0,0.0,1,611665,None,,0,0,-2,2,5.3,268,139,4,7.2,None,,0,3,1.6,1.6,1,0.01,0.02,0.29,0.52,0.28,0.66,1.19,0.5,Bazoumana,1.6,207,99,1,1.8,1,False,6.3,234,105,461,False,36.6,200,82,,50,,None,58,112,72,p611665,0,0,None,0,,611665.jpg,2.7,168,73,False,-14,None,0.1,"[{'offset': 0, 'projected_percent': '0.0', 'likelihood': 0}, {'offset': 1, 'projected_percent': '-11.0', 'likelihood': -1}, {'offset': 2, 'projected_percent': '-25.7', 'likelihood': -2}]",3,0,54,False,0,0.0,,[],Touré,0.1,380,138,False,None,0,0.0,a,0,17,4,2026-07-05,21.0,153,79,8,3478,95,15738,131,0.3,1.4,Touré,0
0,2008-01-11,0,42,True,True,None,None,1,0.4,9,636852,None,,0,0,-1,1,21.9,187,106,21,8.48,None,,0,3,1.6,1.6,3,0.06,0.02,0.06,0.02,0.00,4.14,1.67,0.0,Sean,1.6,197,92,5,2.02,0,False,4.2,273,120,462,False,19.4,260,109,,223,,None,49,412,251,p636852,0,0,None,0,,636852.jpg,1.6,258,115,False,-2,None,-45.1,"[{'offset': 0, 'projected_percent': '-46.0', 'likelihood': -3}, {'offset': 1, 'projected_percent': '-49.0', 'likelihood': -3}, {'offset': 2, 'projected_percent': '-52.0', 'likelihood': -3}]",8,0,152,False,0,0.0,,[],Steur,0.1,457,179,False,None,2,0.81,a,4,17,4,2026-07-09,0.0,536,221,8,2194,38,5865,68,0.3,1.6,Steur,0
1,2002-02-14,0,18,False,True,0,0,0,0.0,0,470313,None,,0,0,-1,1,10.5,245,31,0,0.0,None,,0,4,0.0,0.0,0,0.01,0.05,0.03,0.14,0.02,0.38,1.8,0.09,Nick,0.8,290,33,0,0.0,0,False,4.0,279,32,463,False,18.2,267,25,,19,Has joined Juventus on loan for the rest of the season,2026-09-02T16:07:16.549304Z,59,91,23,p470313,0,0,None,0,,470313.jpg,4.0,95,9,False,-71,None,0.0,"[{'offset': 0, 'projected_percent': '0.0', 'likelihood': 0}, {'offset': 1, 'projected_percent': '0.0', 'likelihood': 0}, {'offset': 2, 'projected_percent': '0.0', 'likelihood': 0}]",0,0,80,False,0,0.0,,[],Woltemade,0.5,249,41,False,None,0,0.0,u,0,17,4,2025-08-30,11.0,219,34,4,14520,0,139187,752,0.1,0.7,Woltemade,0
1,1996-09-03,2,54,True,True,None,None,1,0.2,6,216646,None,,0,0,2,-2,55.4,80,6,27,5.51,None,,0,4,3.0,3.0,0,0.06,0.01,2.37,0.48,2.31,7.62,1.56,0.47,Yoane,3.0,110,10,8,1.63,1,False,19.9,51,8,464,False,57.8,130,8,,441,,None,62,55,13,p216646,0,1,2,0,,216646.jpg,3.0,152,16,False,-4348,None,80.4,"[{'offset': 0, 'projected_percent': '63.9', 'likelihood': 3}, {'offset': 1, 'projected_percent': '4.5', 'likelihood': 1}, {'offset': 2, 'projected_percent': '-54.9', 'likelihood': -3}]",15,0,50,False,0,0.0,,[],Wissa,19.2,20,5,False,None,5,1.02,a,6,17,4,2025-09-01,86.0,30,12,15,2216283,20771,607303,20293,0.5,2.4,Wissa,2
1,2003-08-04,0,18,True,True,0,0,0,0.0,2,538207,None,,-1,1,-2,2,13.7,222,25,5,8.18,4,,0,4,0.0,0.0,0,0.14,0.23,0.20,0.33,0.06,1.48,2.42,0.1,William,0.8,288,31,1,1.64,0,False,5.0,262,29,465,False,28.2,231,21,,55,Foot injury - Unknown return date,2026-08-25T19:00:08.004915Z,58,109,28,p538207,0,0,1,0,,538207.jpg,4.0,94,8,False,-54,None,-1.1,"[{'offset': 0, 'projected_percent': '-2.4', 'likelihood': -1}, {'offset': 1, 'projected_percent': '-7.4', 'likelihood': -1}, {'offset': 2, 'projected_percent': '-12.4', 'likelihood': -1}]",2,0,58,False,0,0.0,,[],Osula,0.3,282,48,False,None,1,1.64,i,1,17,4,2024-08-08,8.0,241,37,4,21342,19,84776,471,0.1,0.7,Osula,0
0,2007-05-27,0,0,False,True,0,0,0,0,0,599303,None,,0,0,0,0,0.0,515,59,0,0,None,,0,4,0.0,0.0,0,0.00,0,0.00,0,0.00,0.00,0,0,Sean,0.0,540,60,0,0,0,False,0.0,521,57,466,False,0.0,516,54,,0,Has joined Wolves on loan for the rest of the season,2026-09-04T12:37:43.515176Z,45,529,76,p599303,0,0,None,0,,599303.jpg,0.0,540,60,False,-70,None,0.0,"[{'offset': 0, 'projected_percent': '0.0', 'likelihood': 0}, {'offset': 1, 'projected_percent': '0.0', 'likelihood': 0}, {'offset': 2, 'projected_percent': '0.0', 'likelihood': 0}]",0,0,241,False,0,0,,[],Neave,0.5,244,39,False,None,0,0,u,0,17,4,2025-02-07,0.0,472,53,0,23805,0,49295,673,0.0,0.0,Neave,0
0,2006-07-14,0,12,True,True,None,None,0,0.0,3,632794,None,,0,0,-1,1,0.3,365,179,8,26.67,None,,0,3,0.6,0.6,1,0.00,0.0,0.00,0.0,0.00,1.26,4.2,0.0,Aladji,0.6,307,143,1,3.33,0,False,0.6,366,170,559,False,5.4,330,149,,27,,None,49,411,250,p632794,0,0,None,0,,632794.jpg,1.0,342,153,False,-9,None,-47.8,"[{'offset': 0, 'projected_percent': '-51.3', 'likelihood': -3}, {'offset': 1, 'projected_percent': '-63.8', 'likelihood': -3}, {'offset': 2, 'projected_percent': '-76.3', 'likelihood': -3}]",2,0,73,False,0,0.0,,[],Bamba,0.1,418,157,False,None,0,0.0,a,3,17,4,2026-07-24,0.0,535,220,3,2469,29,7155,71,0.1,0.6,Bamba,0
0,2002-07-13,0,71,True,True,None,None,1,0.2,11,470551,None,,0,0,0,0,0.0,592,68,0,0.0,None,,0,1,2.8,2.8,3,0.00,0.0,0.00,0.0,0.00,8.79,1.76,0.0,Lukás,2.8,114,12,9,1.8,0,False,13.8,116,2,567,False,138.6,9,1,,450,,None,50,293,13,p470551,0,0,None,0,,470551.jpg,2.8,161,13,False,58,None,21.2,"[{'offset': 0, 'projected_percent': '21.4', 'likelihood': 2}, {'offset': 1, 'projected_percent': '22.2', 'likelihood': 2}, {'offset': 2, 'projected_percent': '23.0', 'likelihood': 2}]",29,0,57,False,19,3.8,,[],Hornícek,1.5,150,22,False,None,5,1.0,a,0,17,4,2026-08-03,0.0,566,67,14,145954,1304,67316,763,0.6,2.8,Horníček,1
1,2002-08-18,2,36,True,True,0,0,1,0.28,16,463726,None,,0,0,0,0,40.7,127,36,24,6.61,3,,1,2,0.0,0.0,0,0.08,0.02,0.22,0.06,0.14,7.38,2.03,0.04,Amar,2.6,124,44,7,1.93,0,False,12.6,135,49,593,False,70.0,94,41,,327,Unspecified injury - Unknown return date,2026-09-17T14:30:09.823731Z,45,484,119,p463726,0,0,None,0,,463726.jpg,3.2,121,50,False,-1384,None,5.4,"[{'offset': 0, 'projected_percent': '0.2', 'likelihood': 1}, {'offset': 1, 'projected_percent': '-33.8', 'likelihood': -2}, {'offset': 2, 'projected_percent': '-67.9', 'likelihood': -3}]",15,0,27,False,0,0.0,https://www.newcastleunited.com/en/news/matthias-jaissles-team-news-update-elanga-latest-ahead-of-hull-visit,[],Dedic,2.1,125,51,False,None,4,1.1,i,8,17,4,2026-08-18,15.0,180,60,13,447680,58,281887,11837,0.6,2.9,Dedić,0
0,2007-03-18,0,0,False,True,0,0,0,0,0,553746,None,,0,0,0,0,0.0,427,164,0,0,None,,0,2,0.0,0.0,0,0.00,0,0.00,0,0.00,0.00,0,0,Leo,0.0,460,168,0,0,0,False,0.0,438,164,609,False,0.0,433,164,,0,has joined Arouca on loan for the rest of the seaon.,2026-09-11T14:41:57.406766Z,40,639,194,p553746,0,0,None,0,,553746.jpg,0.0,460,168,False,-33,None,0.0,"[{'offset': 0, 'projected_percent': '0.0', 'likelihood': 0}, {'offset': 1, 'projected_percent': '0.0', 'likelihood': 0}, {'offset': 2, 'projected_percent': '0.0', 'likelihood': 0}]",0,0,241,False,0,0,,[],Shahar,0.2,340,128,False,None,0,0,u,0,17,4,2024-08-08,0.0,367,145,0,18236,0,14247,349,0.0,0.0,Shahar,0
0,2005-02-03,0,16,True,True,None,None,0,0.0,0,613221,None,,0,0,0,0,11.7,238,28,5,2.87,None,,0,4,1.3,1.3,2,0.01,0.01,0.04,0.03,0.03,2.69,1.54,0.02,Matias,1.3,239,26,4,2.29,0,False,2.4,315,37,634,False,2.2,366,40,,157,,None,60,75,19,p613221,0,0,None,0,,613221.jpg,1.3,285,34,False,-20,None,0.4,"[{'offset': 0, 'projected_percent': '0.4', 'likelihood': 1}, {'offset': 1, 'projected_percent': '0.1', 'likelihood': 1}, {'offset': 2, 'projected_percent': '-17.0', 'likelihood': -1}]",3,0,21,False,0,0.0,,[],Fernandez-Pardo,0.1,397,58,False,None,2,1.15,a,2,17,4,2026-09-01,10.0,226,36,4,15414,343,5126,226,0.2,0.7,Fernandez-Pardo,0
0,2008-09-29,0,0,True,True,None,None,0,0,0,665243,None,,0,0,0,0,0.0,528,217,0,0,None,,0,3,0.0,0.0,0,0.00,0,0.00,0,0.00,0.00,0,0,Mason,0.0,552,224,0,0,0,False,0.0,534,212,659,False,0.0,529,210,,0,,None,45,547,287,p665243,0,0,None,0,,665243.jpg,0.0,552,224,False,0,2026-09-27T21:39:41.033165Z,0.0,"[{'offset': 0, 'projected_percent': '0.0', 'likelihood': 0}, {'offset': 1, 'projected_percent': '0.0', 'likelihood': 0}, {'offset': 2, 'projected_percent': '0.0', 'likelihood': 0}]",0,0,241,False,0,0,,[],Miley,0.0,521,209,False,None,0,0,a,0,17,4,2026-07-24,0.0,487,189,0,3760,322,699,97,0.0,0.0,Miley,0
0,2003-02-08,0,43,True,True,None,None,1,0.47,3,463034,None,,1,-1,1,-1,43.5,116,12,10,4.74,None,,0,4,1.8,1.8,1,0.14,0.07,0.90,0.43,0.76,2.00,0.95,0.36,Liam,1.8,186,19,2,0.95,1,False,12.8,132,17,167,False,35.0,204,16,,190,,None,56,120,30,p463034,0,0,3,0,,463034.jpg,2.2,200,22,False,20,None,0.2,"[{'offset': 0, 'projected_percent': '0.2', 'likelihood': 1}, {'offset': 1, 'projected_percent': '0.3', 'likelihood': 1}, {'offset': 2, 'projected_percent': '0.4', 'likelihood': 1}]",6,0,241,False,0,0.0,,[],Delap,2.9,106,16,False,None,3,1.42,a,1,18,17,2026-08-27,50.0,77,20,9,304882,17706,56014,2442,0.3,1.6,Delap,1
0,1996-05-26,0,27,True,True,None,None,0,0.0,6,247348,None,,0,0,-1,1,58.5,74,16,12,6.07,None,,0,2,0.8,0.8,1,0.19,0.1,0.67,0.34,0.48,1.97,1.0,0.24,Daniel,0.8,283,104,3,1.52,0,False,15.8,92,27,201,False,35.2,202,84,,178,,None,54,191,23,p247348,0,0,None,0,,247348.jpg,1.0,373,134,False,-200,None,-31.1,"[{'offset': 0, 'projected_percent': '-32.4', 'likelihood': -2}, {'offset': 1, 'projected_percent': '-37.2', 'likelihood': -2}, {'offset': 2, 'projected_percent': '-42.0', 'likelihood': -3}]",5,0,48,False,0,0.0,,[],Muñoz Mejía,5.9,66,28,False,None,3,1.52,a,6,18,17,2026-08-31,64.0,54,6,4,153256,2698,458320,4144,0.1,0.7,Muñoz,0
0,1992-02-26,0,60,True,True,None,None,1,0.25,6,85633,None,,0,0,0,0,0.0,569,61,0,0.0,None,,0,1,2.6,2.6,1,0.01,0.0,0.01,0.0,0.00,4.15,1.03,0.0,Matz,2.6,125,13,4,0.99,0,False,6.8,223,18,467,False,68.2,104,18,,363,,None,50,240,5,p85633,0,0,None,0,,85633.jpg,2.6,170,14,False,-33,None,5.4,"[{'offset': 0, 'projected_percent': '5.3', 'likelihood': 1}, {'offset': 1, 'projected_percent': '4.8', 'likelihood': 1}, {'offset': 2, 'projected_percent': '4.4', 'likelihood': 1}]",38,0,21,False,9,2.23,,[],Sels,1.6,143,21,False,None,5,1.24,a,0,18,17,2024-02-01,0.0,539,59,13,66745,492,56804,742,0.5,2.6,Sels,0
0,1996-02-13,0,0,True,True,None,None,0,0,0,221389,None,,0,0,0,0,0.0,468,43,0,0,None,,0,1,0.0,0.0,0,0.00,0,0.00,0,0.00,0.00,0,0,John Victor,0.0,496,59,0,0,0,False,0.0,476,59,468,False,0.0,471,59,John Victor,0,,None,45,458,33,p221389,0,0,None,0,,221389.jpg,0.0,496,59,False,0,None,-61.8,"[{'offset': 0, 'projected_percent': '-61.8', 'likelihood': -3}, {'offset': 1, 'projected_percent': '-61.8', 'likelihood': -3}, {'offset': 2, 'projected_percent': '-61.8', 'likelihood': -3}]",0,0,30,False,0,0,,[],Maciel Furtado,0.1,484,55,False,None,0,0,a,0,18,17,2025-08-31,0.0,418,39,0,819,12,1885,25,0.0,0.0,John,0
1,2001-04-13,1,69,True,True,None,None,1,0.25,14,215136,2,,0,0,0,0,61.9,64,11,27,6.69,3,,0,2,3.6,3.6,1,0.40,0.1,0.72,0.18,0.32,4.15,1.03,0.08,Neco,3.6,74,29,4,0.99,0,False,15.8,91,26,469,False,69.8,96,43,,363,,None,50,263,39,p215136,0,0,None,0,,215136.jpg,3.6,111,43,False,-194,None,28.7,"[{'offset': 0, 'projected_percent': '28.0', 'likelihood': 2}, {'offset': 1, 'projected_percent': '25.3', 'likelihood': 2}, {'offset': 2, 'projected_percent': '22.7', 'likelihood': 2}]",20,0,244,False,0,0.0,,[],Williams,9.1,41,15,False,None,5,1.24,a,13,18,17,2022-07-11,26.0,131,39,18,317723,3237,310409,5151,0.7,3.6,N.Williams,0
0,2001-06-30,0,0,False,True,0,0,0,0,0,485047,None,,0,0,0,0,0.0,593,210,0,0,None,,0,2,0.0,0.0,0,0.00,0,0.00,0,0.00,0.00,0,0,Felipe,0.0,599,210,0,0,0,False,0.0,591,210,470,False,0.0,586,210,Morato,0,Has joined West Ham on loan for the rest of the season,2026-09-02T16:19:54.503286Z,50,296,51,p485047,0,0,None,0,,485047.jpg,0.0,599,210,False,-4,None,0.0,"[{'offset': 0, 'projected_percent': '0.0', 'likelihood': 0}, {'offset': 1, 'projected_percent': '0.0', 'likelihood': 0}, {'offset': 2, 'projected_percent': '0.0', 'likelihood': 0}]",0,0,30,False,0,0,,[],Rodrigues da Silva,0.0,568,194,False,None,0,0,u,0,18,17,2024-08-30,0.0,567,207,0,424,0,3598,18,0.0,0.0,Morato,0
0,1997-10-12,0,34,True,True,0,0,1,0.33,26,227444,None,,-1,1,-1,1,1.4,327,120,31,10.33,None,,0,2,0.0,0.0,0,0.03,0.01,0.14,0.05,0.11,3.28,1.09,0.04,Nikola,2.4,139,53,3,1.0,0,False,7.0,220,81,471,False,53.2,143,66,,270,Hamstring injury - Expected back 11 Oct,2026-09-12T14:00:09.705107Z,54,187,22,p227444,0,0,None,0,,227444.jpg,4.0,90,38,False,-299,None,-1.8,"[{'offset': 0, 'projected_percent': '-4.1', 'likelihood': -1}, {'offset': 1, 'projected_percent': '-12.2', 'likelihood': -1}, {'offset': 2, 'projected_percent': '-20.4', 'likelihood': -2}]",12,0,190,False,0,0.0,https://www.nottinghamforest.co.uk/news/2026/september/14/glasner-s-update-on-milenkovi----jair-cunha/,[],Milenković,1.1,172,66,False,None,3,1.0,i,5,18,17,2024-07-18,16.0,174,55,12,17944,12,97935,2778,0.4,2.2,Milenković,1
1,2002-07-04,0,63,True,True,100,100,1,0.25,34,575476,None,,0,0,0,0,38.3,135,38,42,10.44,2,,0,2,4.0,4.0,1,0.29,0.07,0.64,0.16,0.35,4.15,1.03,0.09,Murillo,4.0,60,25,4,0.99,0,False,15.1,99,32,472,False,94.2,53,20,Murillo,362,,2026-07-23T12:01:23.801183Z,55,165,19,p575476,0,0,None,0,,575476.jpg,4.0,92,40,False,37,None,22.0,"[{'offset': 0, 'projected_percent': '22.2', 'likelihood': 2}, {'offset': 1, 'projected_percent': '22.7', 'likelihood': 2}, {'offset': 2, 'projected_percent': '23.2', 'likelihood': 2}]",16,0,30,False,0,0.0,,[],Costa dos Santos,2.1,123,50,False,None,5,1.24,a,8,18,17,2023-08-31,18.0,166,51,20,97006,1509,54152,891,0.7,3.6,Murillo,1
0,1996-10-08,0,45,True,True,None,None,1,0.29,12,159506,None,,0,0,0,0,53.3,82,19,22,6.47,None,,0,2,1.6,1.6,0,0.53,0.16,0.57,0.17,0.04,3.72,1.09,0.01,Ola,1.6,190,67,3,0.88,0,False,12.7,133,48,473,False,58.2,128,60,,306,,None,45,442,90,p159506,0,0,None,0,,159506.jpg,2.0,206,77,False,-221,None,-79.9,"[{'offset': 0, 'projected_percent': '-83.4', 'likelihood': -3}, {'offset': 1, 'projected_percent': '-95.7', 'likelihood': -4}, {'offset': 2, 'projected_percent': '-108.0', 'likelihood': -5}]",14,0,157,False,0,0.0,,[],Aina,2.6,114,45,False,None,4,1.18,a,10,18,17,2023-07-22,15.0,179,59,8,68479,366,152530,2743,0.4,1.8,Aina,2
0,2005-03-07,0,40,True,True,75,75,1,0.33,23,575458,None,,0,0,0,0,2.4,306,110,29,9.56,None,,0,2,1.7,1.7,1,0.01,0.0,0.04,0.01,0.03,3.33,1.1,0.01,Jair,2.2,146,55,3,0.99,0,False,5.9,242,90,474,False,55.4,137,63,Jair Cunha,273,Hamstring injury - 75% chance of playing,2026-09-12T14:00:09.724349Z,45,518,131,p575458,0,0,None,0,,575458.jpg,2.8,157,63,False,-15,None,-21.6,"[{'offset': 0, 'projected_percent': '-23.3', 'likelihood': -2}, {'offset': 1, 'projected_percent': '-29.3', 'likelihood': -2}, {'offset': 2, 'projected_percent': '-35.3', 'likelihood': -2}]",5,0,30,False,0,0.0,https://www.nottinghamforest.co.uk/news/2026/september/17/live-blog---pre-coventry-press-conference/,[],Paula da Cunha Filho,0.2,341,129,False,None,4,1.32,d,6,18,17,2025-07-11,1.0,317,119,11,9530,24,12720,194,0.5,2.4,Jair Cunha,1
0,2003-03-19,0,0,True,True,0,0,0,0,0,500151,None,,0,0,0,0,0.0,488,189,0,0,None,,0,2,0.0,0.0,0,0.00,0,0.00,0,0.00,0.00,0,0,Nicolò,0.0,513,192,0,0,0,False,0.0,493,189,475,False,0.0,488,189,,0,Knee injury - Unknown return date,2026-07-23T12:01:23.816304Z,45,496,122,p500151,0,0,None,0,,500151.jpg,0.0,513,192,False,0,None,-20.6,"[{'offset': 0, 'projected_percent': '-20.6', 'likelihood': -2}, {'offset': 1, 'projected_percent': '-20.6', 'likelihood': -2}, {'offset': 2, 'projected_percent': '-20.6', 'likelihood': -2}]",0,0,106,False,0,0,https://www.nottinghamforest.co.uk/news/2026/september/10/live-blog---pre-aston-villa-press-conference/,[],Savona,0.0,646,213,False,None,0,0,i,0,18,17,2025-08-30,0.0,444,182,0,224,4,265,7,0.0,0.0,Savona,0
0,1998-02-15,0,0,True,True,None,None,0,0,0,204822,None,,0,0,0,0,0.0,402,149,0,0,None,,0,2,0.0,0.0,0,0.00,0,0.00,0,0.00,0.00,0,0,Omar,0.0,435,153,0,0,0,False,0.0,413,149,476,False,0.0,408,149,,0,,None,40,604,169,p204822,0,0,None,0,,204822.jpg,0.0,435,153,False,-8,None,-53.8,"[{'offset': 0, 'projected_percent': '-55.3', 'likelihood': -3}, {'offset': 1, 'projected_percent': '-60.8', 'likelihood': -3}, {'offset': 2, 'projected_percent': '-66.2', 'likelihood': -3}]",0,0,241,False,0,0,,[],Richards,0.2,322,119,False,None,0,0,a,0,18,17,2022-07-10,0.0,342,130,0,3755,55,7654,103,0.0,0.0,O.Richards,0
0,2006-05-13,0,0,False,True,0,0,0,0,0,549067,None,,0,0,0,0,0.0,426,163,0,0,None,,0,2,0.0,0.0,0,0.00,0,0.00,0,0.00,0.00,0,0,Zach,0.0,459,167,0,0,0,False,0.0,437,163,477,False,0.0,432,163,,0,Has joined Southampton on loan for the rest of the season,2026-09-02T16:19:54.536676Z,40,638,193,p549067,0,0,None,0,,549067.jpg,0.0,459,167,False,-10,None,0.0,"[{'offset': 0, 'projected_percent': '0.0', 'likelihood': 0}, {'offset': 1, 'projected_percent': '0.0', 'likelihood': 0}, {'offset': 2, 'projected_percent': '0.0', 'likelihood': 0}]",0,0,241,False,0,0,,[],Abbott,0.1,369,142,False,None,0,0,u,0,18,17,2022-08-22,0.0,366,144,0,2459,0,13210,137,0.0,0.0,Abbott,0
0,2003-05-15,0,3,True,True,None,None,0,0.0,0,470315,None,,0,0,-1,1,0.9,337,125,1,4.5,None,,0,2,0.4,0.4,0,0.00,0.0,0.00,0.0,0.00,0.13,0.58,0.0,Luca,0.4,338,119,1,4.5,0,False,0.3,375,137,478,False,2.0,367,136,,20,,None,44,566,150,p470315,0,0,None,0,,470315.jpg,1.0,310,116,False,-1,None,-1.0,"[{'offset': 0, 'projected_percent': '-2.5', 'likelihood': -1}, {'offset': 1, 'projected_percent': '-8.0', 'likelihood': -1}, {'offset': 2, 'projected_percent': '-13.5', 'likelihood': -1}]",1,0,80,False,0,0.0,,[],Netz,0.0,534,186,False,None,0,0.0,a,1,18,17,2026-02-02,0.0,395,167,2,645,15,1494,23,0.1,0.5,Netz,0
0,2005-01-27,0,0,False,True,0,0,0,0,0,538638,None,,0,0,0,0,0.0,422,159,0,0,None,,0,2,0.0,0.0,0,0.00,0,0.00,0,0.00,0.00,0,0,Tyler,0.0,455,163,0,0,0,False,0.0,433,159,479,False,0.0,428,159,,0,Has joined Charlton Athletic on loan for the rest of the season,2026-09-01T13:16:05.383880Z,40,633,188,p538638,0,0,None,0,,538638.jpg,0.0,455,163,False,-9,None,0.0,"[{'offset': 0, 'projected_percent': '0.0', 'likelihood': 0}, {'offset': 1, 'projected_percent': '0.0', 'likelihood': 0}, {'offset': 2, 'projected_percent': '0.0', 'likelihood': 0}]",0,0,154,False,0,0,,[],Bindon,0.1,403,150,False,None,0,0,u,0,18,17,2025-02-03,0.0,362,140,0,799,0,8213,83,0.0,0.0,Bindon,0
2,2000-01-27,6,95,True,True,100,100,1,0.25,2,222531,None,,0,0,0,0,123.3,11,10,19,4.71,1,,1,3,5.4,5.4,1,1.03,0.26,2.59,0.65,1.56,4.15,1.03,0.39,Morgan,5.4,30,14,4,0.99,1,False,29.6,18,14,480,False,101.0,44,19,,363,,2026-08-24T15:30:08.350159Z,80,7,5,p222531,0,0,1,0,,222531.jpg,5.4,47,24,False,712,None,56.7,"[{'offset': 0, 'projected_percent': '59.4', 'likelihood': 3}, {'offset': 1, 'projected_percent': '69.1', 'likelihood': 3}, {'offset': 2, 'projected_percent': '78.8', 'likelihood': 3}]",12,0,241,False,0,0.0,,[],Gibbs-White,16.0,25,9,False,None,5,1.24,a,5,18,17,2022-08-19,72.0,45,27,27,1161399,17717,588838,6144,0.7,3.4,Gibbs-White,0
0,2000-11-07,0,2,True,True,100,100,0,0.0,0,209046,None,,0,0,-2,2,0.3,369,182,0,0.0,4,,0,3,0.2,0.2,0,0.00,0.0,0.00,0.0,0.00,0.00,0.0,0.0,Callum,0.2,412,195,0,0.0,0,False,0.0,644,283,482,False,0.0,641,283,,1,,2026-07-23T12:01:23.832709Z,58,101,65,p209046,0,0,None,0,,209046.jpg,1.0,388,184,False,-6,None,-5.1,"[{'offset': 0, 'projected_percent': '-6.5', 'likelihood': -1}, {'offset': 1, 'projected_percent': '-11.6', 'likelihood': -1}, {'offset': 2, 'projected_percent': '-16.7', 'likelihood': -1}]",0,0,241,False,0,0.0,,[],Hudson-Odoi,0.2,365,131,False,None,0,0.0,a,0,18,17,2023-09-01,0.0,636,280,1,5087,76,16520,120,0.0,0.2,Hudson-Odoi,0
0,2000-10-25,2,44,True,True,None,None,1,0.34,2,456512,None,,0,0,0,0,38.3,134,85,19,6.55,None,,0,3,3.0,3.0,1,0.88,0.3,1.93,0.66,1.05,3.26,1.12,0.36,Dan,3.0,105,47,2,0.69,1,False,14.7,103,54,483,False,37.6,194,78,,261,,None,55,146,90,p456512,0,0,None,0,,456512.jpg,3.0,145,62,False,-171,None,14.8,"[{'offset': 0, 'projected_percent': '14.1', 'likelihood': 1}, {'offset': 1, 'projected_percent': '11.8', 'likelihood': 1}, {'offset': 2, 'projected_percent': '9.4', 'likelihood': 1}]",15,0,207,False,0,0.0,,[],Ndoye,0.8,206,65,False,None,5,1.72,a,2,18,17,2025-07-31,74.0,42,25,15,71807,211,42470,1307,0.5,2.7,Ndoye,1
0,2003-10-30,0,0,False,True,0,0,0,0,0,503301,None,,0,0,-1,1,0.0,630,275,0,0,None,,0,3,0.0,0.0,0,0.00,0,0.00,0,0.00,0.00,0,0,Omari,0.0,633,275,0,0,0,False,0.0,631,274,484,False,0.0,627,273,,0,Has joined AC Milan on loan for the rest of the season,2026-09-01T13:23:52.340206Z,54,210,133,p503301,0,0,None,0,,503301.jpg,0.0,633,275,False,-5,None,0.0,"[{'offset': 0, 'projected_percent': '0.0', 'likelihood': 0}, {'offset': 1, 'projected_percent': '0.0', 'likelihood': 0}, {'offset': 2, 'projected_percent': '0.0', 'likelihood': 0}]",0,0,241,False,0,0,,[],Hutchinson,0.1,452,175,False,None,0,0,u,0,18,17,2025-08-16,0.0,617,268,0,427,0,10696,68,0.0,0.0,Hutchinson,0
0,2002-08-26,0,0,False,True,0,0,0,0,0,476887,None,,0,0,0,0,0.0,643,281,0,0,None,,0,3,0.0,0.0,0,0.00,0,0.00,0,0.00,0.00,0,0,Dilane,0.0,643,281,0,0,0,False,0.0,641,280,485,False,0.0,637,279,,0,Has joined Lille on loan for the rest of the season,2026-08-27T14:53:03.381941Z,55,151,94,p476887,0,0,None,0,,476887.jpg,0.0,643,281,False,-1,None,0.0,"[{'offset': 0, 'projected_percent': '0.0', 'likelihood': 0}, {'offset': 1, 'projected_percent': '0.0', 'likelihood': 0}, {'offset': 2, 'projected_percent': '0.0', 'likelihood': 0}]",0,0,73,False,0,0,,[],Bakwa,0.0,632,273,False,None,0,0,u,0,18,17,2025-09-01,0.0,631,275,0,107,0,1149,7,0.0,0.0,Bakwa,0
0,2002-10-18,0,79,True,True,None,None,2,0.53,8,432714,1,,0,0,0,0,147.8,7,7,35,9.35,None,,0,3,2.2,2.2,1,0.92,0.25,1.11,0.3,0.19,3.93,1.05,0.05,James,2.2,153,70,3,0.8,0,False,21.7,44,33,486,False,48.8,162,61,,337,,None,55,142,87,p432714,0,0,None,0,,432714.jpg,2.2,198,87,False,-10,None,2.3,"[{'offset': 0, 'projected_percent': '2.3', 'likelihood': 1}, {'offset': 1, 'projected_percent': '2.1', 'likelihood': 1}, {'offset': 2, 'projected_percent': '2.0', 'likelihood': 1}]",19,0,241,False,0,0.0,,[],McAtee,0.1,407,149,False,None,5,1.34,a,8,18,17,2025-08-16,20.0,156,82,11,9736,91,5166,120,0.4,2.0,McAtee,2
0,1998-06-28,0,3,True,True,None,None,0,0.0,0,250199,None,,0,0,-1,1,0.0,548,229,0,0.0,None,,0,3,0.2,0.2,0,0.00,0.0,0.00,0.0,0.00,0.00,0.0,0.0,Nicolás,0.2,393,180,0,0.0,0,False,0.0,554,225,487,False,0.2,384,178,,1,,None,49,373,224,p250199,0,0,None,0,,250199.jpg,1.0,332,145,False,0,None,-42.8,"[{'offset': 0, 'projected_percent': '-42.8', 'likelihood': -3}, {'offset': 1, 'projected_percent': '-42.8', 'likelihood': -3}, {'offset': 2, 'projected_percent': '-42.8', 'likelihood': -3}]",0,0,10,False,0,0.0,,[],Domínguez,0.1,483,190,False,None,0,0.0,a,0,18,17,2023-09-01,0.0,511,203,1,1153,15,3842,40,0.0,0.2,Dominguez,0
0,1997-12-02,0,12,True,True,100,100,0,0.0,4,210462,None,,0,0,-1,1,13.4,226,121,8,7.35,None,,0,3,0.6,0.6,0,0.02,0.02,0.11,0.1,0.09,0.56,0.51,0.08,Ibrahim,0.6,305,141,1,0.92,0,False,3.9,282,124,488,False,20.2,258,108,,98,,2026-08-28T09:30:07.471668Z,49,361,217,p210462,0,0,None,0,,210462.jpg,1.5,264,118,False,-56,None,-69.7,"[{'offset': 0, 'projected_percent': '-74.7', 'likelihood': -3}, {'offset': 1, 'projected_percent': '-92.5', 'likelihood': -3}, {'offset': 2, 'projected_percent': '-110.2', 'likelihood': -5}]",3,0,54,False,0,0.0,,[],Sangaré,0.4,260,85,False,None,1,0.92,a,1,18,17,2023-09-01,5.0,270,135,3,8961,62,66115,536,0.1,0.6,I.Sangaré,0
0,1997-11-21,0,0,True,True,100,100,0,0,0,204968,None,,0,0,0,0,0.0,466,194,0,0,None,,0,3,0.0,0.0,0,0.00,0,0.00,0,0.00,0.00,0,0,Ryan,0.0,494,202,0,0,0,False,0.0,474,189,489,False,0.0,469,187,,0,,2026-08-17T20:30:08.195072Z,45,453,259,p204968,0,0,None,0,,204968.jpg,0.0,494,202,False,-173,None,-58.3,"[{'offset': 0, 'projected_percent': '-63.8', 'likelihood': -3}, {'offset': 1, 'projected_percent': '-84.0', 'likelihood': -3}, {'offset': 2, 'projected_percent': '-104.1', 'likelihood': -5}]",0,0,241,False,0,0,,[],Yates,1.2,163,51,False,None,0,0,a,0,18,17,2018-08-01,0.0,415,166,0,29772,126,87546,1191,0.0,0.0,Yates,0
0,1991-12-07,0,9,True,True,None,None,0,0.0,0,60689,None,,0,0,-2,2,2.5,305,38,1,2.0,None,,0,4,0.6,0.6,0,0.01,0.02,0.13,0.26,0.12,0.49,0.98,0.24,Chris,0.6,324,39,1,2.0,0,False,0.4,372,42,490,False,0.2,387,43,,45,,None,58,97,25,p60689,0,0,2,0,,60689.jpg,1.0,387,46,False,-49,None,-13.2,"[{'offset': 0, 'projected_percent': '-15.3', 'likelihood': -1}, {'offset': 1, 'projected_percent': '-22.8', 'likelihood': -2}, {'offset': 2, 'projected_percent': '-30.3', 'likelihood': -2}]",1,0,154,False,0,0.0,,[],Wood,0.9,191,31,False,None,0,0.0,a,0,18,17,2023-07-01,3.0,297,41,3,22968,389,110627,780,0.1,0.5,Wood,0
0,2001-02-25,2,49,True,True,None,None,0,0.0,5,482973,None,,0,0,-2,2,31.5,154,15,12,4.78,None,,0,4,2.2,2.2,0,0.07,0.03,1.16,0.46,1.09,2.57,1.02,0.43,Igor Jesus,2.2,154,15,3,1.19,1,False,16.9,78,12,491,False,51.4,153,11,Igor Jesus,226,,None,58,107,27,p482973,0,0,4,0,,482973.jpg,2.8,166,18,False,-174,None,6.0,"[{'offset': 0, 'projected_percent': '5.4', 'likelihood': 1}, {'offset': 1, 'projected_percent': '3.0', 'likelihood': 1}, {'offset': 2, 'projected_percent': '0.6', 'likelihood': 1}]",5,0,30,False,0,0.0,,[],Maciel da Cruz,2.8,109,17,False,None,2,0.8,a,2,18,17,2025-07-05,86.0,29,11,11,120911,1911,249960,2615,0.4,1.9,Igor Jesus,1
0,2002-01-20,0,3,True,True,None,None,0,0.0,0,465680,None,,0,0,-1,1,0.0,627,72,0,0.0,None,,0,4,0.2,0.2,0,0.00,0.0,0.00,0.0,0.00,0.00,0.0,0.0,Arnaud,0.2,409,49,0,0.0,0,False,0.0,628,71,493,False,0.0,623,68,,1,,None,54,202,46,p465680,0,0,None,0,,465680.jpg,1.0,374,43,False,2,None,0.1,"[{'offset': 0, 'projected_percent': '0.1', 'likelihood': 1}, {'offset': 1, 'projected_percent': '0.1', 'likelihood': 1}, {'offset': 2, 'projected_percent': '0.2', 'likelihood': 1}]",0,0,73,False,0,0.0,,[],Kalimuendo,0.1,495,70,False,None,0,0.0,a,0,18,17,2025-08-18,0.0,614,69,1,2853,43,3757,57,0.0,0.2,Kalimuendo,0
0,1997-09-28,0,57,True,True,None,None,1,0.31,9,204561,3,,0,0,0,0,19.2,199,111,42,13.08,None,,0,3,2.4,2.4,1,0.13,0.04,0.27,0.08,0.14,3.81,1.19,0.04,Xaver,2.4,135,60,4,1.25,0,False,10.2,171,81,558,False,54.8,139,48,Xaver Schlager,289,,None,50,257,160,p204561,0,0,None,0,,204561.jpg,2.4,181,79,False,-8,None,0.6,"[{'offset': 0, 'projected_percent': '0.6', 'likelihood': 1}, {'offset': 1, 'projected_percent': '0.5', 'likelihood': 1}, {'offset': 2, 'projected_percent': '0.3', 'likelihood': 1}]",18,0,14,False,0,0.0,,[],Schlager,0.1,400,147,False,None,4,1.25,a,15,18,17,2026-07-23,27.0,129,66,12,5745,65,5145,128,0.5,2.4,Schlager,1
0,2003-12-04,0,16,True,True,None,None,0,0.0,13,568420,None,,0,0,-1,1,0.4,361,137,14,13.4,None,,0,2,1.2,1.2,1,0.00,0.0,0.11,0.11,0.11,0.87,0.83,0.11,Ousmane,1.2,259,92,1,0.96,0,False,3.6,290,110,581,False,24.6,242,100,,94,,None,54,216,28,p568420,0,0,None,0,,568420.jpg,2.0,221,83,False,-5,None,-41.9,"[{'offset': 0, 'projected_percent': '-42.3', 'likelihood': -3}, {'offset': 1, 'projected_percent': '-43.6', 'likelihood': -3}, {'offset': 2, 'projected_percent': '-44.9', 'likelihood': -3}]",4,0,54,False,0,0.0,,[],Diomande,0.5,243,93,False,None,2,1.91,a,1,18,17,2026-08-11,11.0,217,75,6,12435,313,39767,302,0.2,1.1,Diomande,0
0,1998-10-01,0,0,True,True,None,None,0,0,0,428971,None,,0,0,0,0,0.0,477,46,0,0,None,,0,1,0.0,0.0,0,0.00,0,0.00,0,0.00,0.00,0,0,Steven,0.0,504,61,0,0,0,False,0.0,484,61,590,False,0.0,479,61,,0,,None,45,474,36,p428971,0,0,None,0,,428971.jpg,0.0,504,61,False,0,None,0.1,"[{'offset': 0, 'projected_percent': '0.1', 'likelihood': 1}, {'offset': 1, 'projected_percent': '0.1', 'likelihood': 1}, {'offset': 2, 'projected_percent': '0.1', 'likelihood': 1}]",0,0,80,False,0,0,,[],Benda,0.1,462,51,False,None,0,0,a,0,18,17,2026-08-15,0.0,428,42,0,2574,34,2639,38,0.0,0.0,Benda,0
0,2000-06-08,2,81,True,True,None,None,2,0.4,33,469142,None,,0,0,-1,1,44.5,108,29,43,8.6,None,,0,2,4.8,4.8,6,0.42,0.08,0.97,0.19,0.55,7.78,1.56,0.11,Jan Paul,4.8,42,18,8,1.6,1,False,20.7,46,5,112,False,109.8,28,10,,450,,None,49,387,72,p469142,0,0,None,0,,469142.jpg,4.8,60,26,False,-169,None,-21.8,"[{'offset': 0, 'projected_percent': '-22.8', 'likelihood': -2}, {'offset': 1, 'projected_percent': '-26.4', 'likelihood': -2}, {'offset': 2, 'projected_percent': '-30.0', 'likelihood': -2}]",17,0,152,False,0,0.0,,[],van Hecke,6.6,57,23,False,None,5,1.0,a,10,19,6,2026-06-18,53.0,69,12,24,138354,2185,450844,5449,1.0,4.9,Van Hecke,1
0,1997-09-24,0,5,True,True,None,None,0,0.0,2,109646,None,,0,0,-1,1,0.2,370,139,4,72.0,None,,0,2,0.2,0.2,0,0.00,0.0,0.00,0.0,0.00,0.03,0.54,0.0,Tosin,0.2,382,137,0,0.0,0,False,0.9,349,128,147,False,9.0,304,120,,5,,None,44,553,139,p109646,0,0,None,0,,109646.jpg,1.0,305,111,False,-9,None,-22.7,"[{'offset': 0, 'projected_percent': '-25.1', 'likelihood': -2}, {'offset': 1, 'projected_percent': '-33.5', 'likelihood': -2}, {'offset': 2, 'projected_percent': '-41.9', 'likelihood': -3}]",1,0,241,False,0,0.0,,[],Adarabioyo,0.2,366,140,False,None,0,0.0,a,2,19,6,2026-09-01,0.0,389,163,1,1916,24,7418,66,0.0,0.2,Tosin,0
0,1999-02-07,0,40,True,True,None,None,2,0.53,0,438234,None,,0,0,0,0,49.1,98,9,13,3.45,5,,0,4,1.6,1.6,2,0.15,0.04,0.53,0.14,0.38,3.84,1.02,0.1,Omar,1.6,211,20,5,1.33,0,False,11.1,155,20,401,False,12.4,285,28,Omar Marmoush,339,,None,70,27,9,p438234,0,0,2,0,,438234.jpg,2.0,233,27,False,-556,None,38.7,"[{'offset': 0, 'projected_percent': '36.5', 'likelihood': 2}, {'offset': 1, 'projected_percent': '29.0', 'likelihood': 2}, {'offset': 2, 'projected_percent': '21.4', 'likelihood': 2}]",11,0,63,False,0,0.0,,"[{'property': 'loan_ineligible', 'notes': 'This player will not be available to face their parent club in Gameweek 25 as part of their loan conditions.', 'gameweek': 25, 'url': None}, {'property': 'loan_ineligible', 'notes': 'This player will not be available to face their parent club in Gameweek 19 as part of their loan conditions.', 'gameweek': 19, 'url': None}]",Marmoush,2.2,122,19,False,None,4,1.06,a,2,19,6,2026-08-27,52.0,71,17,8,225014,2535,145405,4272,0.2,1.1,Marmoush,0
0,2004-04-10,0,65,True,True,100,100,2,0.75,3,510281,4,,0,0,0,0,71.0,54,45,11,4.12,None,,0,3,1.6,1.6,2,0.65,0.24,1.05,0.39,0.40,2.76,1.04,0.15,Sávio,1.6,209,101,3,1.12,0,False,14.2,110,58,403,False,27.0,232,94,Sávio,240,,2026-08-29T16:30:08.380416Z,65,41,28,p510281,0,0,None,0,,510281.jpg,2.7,169,74,False,-235,None,11.2,"[{'offset': 0, 'projected_percent': '10.3', 'likelihood': 1}, {'offset': 1, 'projected_percent': '7.1', 'likelihood': 1}, {'offset': 2, 'projected_percent': '3.9', 'likelihood': 1}]",8,0,30,False,0,0.0,,[],Moreira de Oliveira,0.7,217,68,False,None,3,1.12,a,0,19,6,2026-08-25,43.0,94,53,8,97504,592,74277,1514,0.2,1.2,Sávio,0
0,2000-05-08,0,88,True,True,100,100,2,0.42,11,432422,None,,-1,1,-2,2,71.4,52,43,42,8.85,None,,0,3,2.8,2.8,2,0.61,0.13,0.85,0.18,0.24,7.72,1.63,0.05,Sandro,2.8,115,53,8,1.69,0,False,13.6,118,60,455,False,46.2,166,63,,427,,2026-09-14T14:30:07.387706Z,53,226,143,p432422,0,0,None,0,,432422.jpg,2.8,163,70,False,-521,None,-3.2,"[{'offset': 0, 'projected_percent': '-9.3', 'likelihood': -1}, {'offset': 1, 'projected_percent': '-31.6', 'likelihood': -2}, {'offset': 2, 'projected_percent': '-53.8', 'likelihood': -3}]",20,0,106,False,0,0.0,,[],Tonali,2.0,129,40,False,None,5,1.05,a,11,19,6,2026-07-06,18.0,165,86,14,46035,446,257825,3218,0.5,2.6,Tonali,0
0,1996-10-07,0,0,False,True,0,0,0,0,0,184254,None,,0,0,0,0,0.0,464,41,0,0,None,,0,1,0.0,0.0,0,0.00,0,0.00,0,0.00,0.00,0,0,Guglielmo,0.0,492,57,0,0,0,False,0.0,472,57,494,False,0.0,467,57,,0,Has joined Juventus on loan for the rest of the season,2026-08-19T13:55:33.193962Z,45,448,31,p184254,0,0,None,0,,184254.jpg,0.0,492,57,False,-24,None,0.0,"[{'offset': 0, 'projected_percent': '0.0', 'likelihood': 0}, {'offset': 1, 'projected_percent': '0.0', 'likelihood': 0}, {'offset': 2, 'projected_percent': '0.0', 'likelihood': 0}]",0,0,106,False,0,0,,[],Vicario,0.1,377,41,False,None,0,0,u,0,19,6,2023-07-01,0.0,413,37,0,0,0,21506,123,0.0,0.0,Vicario,0
0,1999-01-08,0,0,True,True,None,None,0,0,0,214572,None,,0,0,0,0,0.0,403,18,0,0,None,,0,1,0.0,0.0,0,0.00,0,0.00,0,0.00,0.00,0,0,Brandon,0.0,436,38,0,0,0,False,0.0,414,37,495,False,0.0,409,37,,0,,None,40,605,62,p214572,0,0,None,0,,214572.jpg,0.0,436,38,False,-1,None,2.1,"[{'offset': 0, 'projected_percent': '2.1', 'likelihood': 1}, {'offset': 1, 'projected_percent': '2.1', 'likelihood': 1}, {'offset': 2, 'projected_percent': '2.1', 'likelihood': 1}]",0,0,241,False,0,0,,[],Austin,1.0,181,28,False,None,0,0,a,0,19,6,2017-07-22,0.0,343,14,0,28053,402,19990,305,0.0,0.0,Austin,0
0,2003-03-13,0,77,True,True,None,None,2,0.4,10,485055,None,,0,0,0,0,10.0,248,2,0,0.0,None,,0,1,3.6,3.6,2,0.00,0.0,0.00,0.0,0.00,7.78,1.56,0.0,Antonín,3.6,72,7,8,1.6,0,False,8.8,194,10,496,False,77.6,77,15,,450,,None,45,489,40,p485055,0,0,None,0,,485055.jpg,3.6,110,11,False,-1067,None,-37.8,"[{'offset': 0, 'projected_percent': '-40.2', 'likelihood': -3}, {'offset': 1, 'projected_percent': '-48.5', 'likelihood': -3}, {'offset': 2, 'projected_percent': '-56.9', 'likelihood': -3}]",34,0,57,False,12,2.4,,[],Kinský,18.1,22,3,False,None,5,1.0,a,0,19,6,2025-01-05,0.0,437,46,18,332572,3418,704588,22361,0.8,4.0,Kinsky,0
0,1989-01-15,0,0,True,True,None,None,0,0,0,67089,None,,0,0,0,0,0.0,388,9,0,0,None,,0,1,0.0,0.0,0,0.00,0,0.00,0,0.00,0.00,0,0,Martin,0.0,423,29,0,0,0,False,0.0,400,28,497,False,0.0,396,28,,0,,None,40,588,53,p67089,0,0,None,0,,67089.jpg,0.0,423,29,False,-375,None,-19.4,"[{'offset': 0, 'projected_percent': '-20.2', 'likelihood': -2}, {'offset': 1, 'projected_percent': '-23.3', 'likelihood': -2}, {'offset': 2, 'projected_percent': '-26.4', 'likelihood': -2}]",0,0,194,False,0,0,,[],Dubravka,17.4,23,4,False,None,0,0,a,0,19,6,2026-07-01,0.0,328,5,0,376125,5486,400188,7538,0.0,0.0,Dubravka,0
0,1997-05-10,0,10,True,True,None,None,0,0.0,11,221466,None,,0,0,-2,2,2.2,309,112,16,16.0,None,,0,2,0.6,0.6,0,0.02,0.02,0.02,0.02,0.00,3.87,3.87,0.0,Marcos,0.6,325,113,3,3.0,0,False,3.9,284,107,498,False,36.6,199,83,,90,,None,58,102,10,p221466,0,0,None,0,,221466.jpg,3.0,148,60,False,-554,None,-26.4,"[{'offset': 0, 'projected_percent': '-32.3', 'likelihood': -2}, {'offset': 1, 'projected_percent': '-53.6', 'likelihood': -3}, {'offset': 2, 'projected_percent': '-74.8', 'likelihood': -3}]",2,0,10,False,0,0.0,,[],Senesi Barón,3.7,90,35,False,None,1,1.0,a,5,19,6,2026-07-01,0.0,637,214,3,28412,268,440249,3786,0.1,0.5,Senesi,0
0,1999-09-13,1,33,True,True,75,100,1,0.45,6,441164,3,,0,0,-1,1,43.7,114,30,9,4.09,1,,0,2,1.4,1.8,1,0.16,0.07,0.53,0.24,0.37,1.68,0.76,0.17,Pedro,1.8,183,65,2,0.91,0,False,9.3,184,69,499,False,22.6,248,103,,198,Unspecified injury - 75% chance of playing,2026-09-19T12:00:08.823872Z,54,196,25,p441164,0,0,None,0,,441164.jpg,3.0,141,58,False,-2058,None,-6.5,"[{'offset': 0, 'projected_percent': '-11.8', 'likelihood': -1}, {'offset': 1, 'projected_percent': '-31.0', 'likelihood': -2}, {'offset': 2, 'projected_percent': '-50.2', 'likelihood': -3}]",5,0,200,False,0,0.0,,[],Porro Sauceda,8.2,47,17,False,None,3,1.36,d,3,19,6,2023-07-01,27.0,130,38,9,123910,1136,930109,12361,0.3,1.7,Pedro Porro,0
0,1998-04-27,0,0,False,True,0,0,0,0,0,221632,None,,0,0,0,0,0.0,579,207,0,0,None,,0,2,0.0,0.0,0,0.00,0,0.00,0,0.00,0.00,0,0,Cristian,0.0,591,208,0,0,0,False,0.0,580,207,500,False,0.0,575,207,,0,Has joined Atletico Madrid permanently,2026-08-17T13:49:05.465401Z,50,268,41,p221632,0,0,None,0,,221632.jpg,0.0,591,208,False,-1,None,0.0,"[{'offset': 0, 'projected_percent': '0.0', 'likelihood': 0}, {'offset': 1, 'projected_percent': '0.0', 'likelihood': 0}, {'offset': 2, 'projected_percent': '0.0', 'likelihood': 0}]",0,0,10,False,0,0,,[],Romero,0.1,433,158,False,None,0,0,u,0,19,6,2022-08-30,0.0,551,204,0,0,0,16570,56,0.0,0.0,Romero,0
1,1994-03-11,1,69,True,True,None,None,1,0.25,15,122798,1,,0,0,-1,1,67.8,56,8,20,4.92,None,,0,2,3.4,3.4,4,0.57,0.14,0.70,0.17,0.13,7.05,1.73,0.03,Andrew,3.4,80,31,7,1.72,0,False,16.2,85,22,502,False,59.8,123,59,,366,,None,44,555,140,p122798,0,0,None,0,,122798.jpg,3.4,116,46,False,-72,None,1.3,"[{'offset': 0, 'projected_percent': '1.0', 'likelihood': 1}, {'offset': 1, 'projected_percent': '0.0', 'likelihood': 0}, {'offset': 2, 'projected_percent': '-3.8', 'likelihood': -1}]",14,0,243,False,0,0.0,,[],Robertson,2.6,112,44,False,None,4,0.98,a,5,19,6,2026-07-01,35.0,114,30,17,62762,1090,173306,2630,0.8,3.9,Robertson,0
0,2001-04-19,3,69,True,True,100,100,2,0.5,24,491279,None,,0,0,0,0,6.4,261,93,29,7.25,None,,0,2,3.2,3.2,1,0.05,0.01,0.67,0.17,0.62,3.91,0.98,0.16,Micky,3.2,88,35,5,1.25,0,False,7.2,215,79,503,False,51.6,150,67,,360,,2026-08-21T15:00:07.610517Z,50,304,52,p491279,0,0,None,0,,491279.jpg,4.0,88,37,False,-425,None,-6.6,"[{'offset': 0, 'projected_percent': '-10.9', 'likelihood': -1}, {'offset': 1, 'projected_percent': '-26.3', 'likelihood': -2}, {'offset': 2, 'projected_percent': '-41.7', 'likelihood': -3}]",17,0,152,False,0,0.0,,[],van de Ven,3.9,87,34,False,None,4,1.0,a,5,19,6,2023-08-08,14.0,196,64,16,89670,1214,250539,3298,0.6,3.2,Van de Ven,1
0,2000-08-09,0,0,False,True,0,0,0,0,0,232859,None,,0,0,0,0,0.0,472,184,0,0,None,,0,2,0.0,0.0,0,0.00,0,0.00,0,0.00,0.00,0,0,Djed,0.0,500,187,0,0,0,False,0.0,480,184,505,False,0.0,475,184,,0,Has joined Internazionale permanently,2026-08-18T14:13:08.454214Z,45,463,104,p232859,0,0,None,0,,232859.jpg,0.0,500,187,False,-21,None,0.0,"[{'offset': 0, 'projected_percent': '0.0', 'likelihood': 0}, {'offset': 1, 'projected_percent': '0.0', 'likelihood': 0}, {'offset': 2, 'projected_percent': '0.0', 'likelihood': 0}]",0,0,241,False,0,0,,[],Spence,0.2,314,117,False,None,0,0,u,0,19,6,2022-07-19,0.0,422,173,0,0,0,68290,204,0.0,0.0,Spence,0
0,2002-11-28,0,21,True,True,100,100,1,1.05,3,487053,None,,0,0,-1,1,13.5,223,77,4,4.19,None,,0,2,1.4,1.4,0,0.23,0.24,0.23,0.24,0.00,1.17,1.22,0.0,Destiny,1.4,216,78,1,1.05,0,False,2.7,301,112,506,False,9.8,302,119,,86,,2026-09-11T18:00:09.092110Z,44,568,152,p487053,0,0,None,0,,487053.jpg,2.3,184,71,False,-32,None,-5.1,"[{'offset': 0, 'projected_percent': '-8.7', 'likelihood': -1}, {'offset': 1, 'projected_percent': '-21.6', 'likelihood': -2}, {'offset': 2, 'projected_percent': '-34.6', 'likelihood': -2}]",4,0,106,False,0,0.0,,[],Udogie,0.3,279,102,False,None,1,1.05,a,1,19,6,2022-08-16,4.0,279,101,7,5325,86,21110,280,0.3,1.6,Udogie,1
0,2005-06-26,0,0,False,True,0,0,0,0,0,548308,None,,0,0,0,0,0.0,497,192,0,0,None,,0,2,0.0,0.0,0,0.00,0,0.00,0,0.00,0.00,0,0,Ashley,0.0,522,195,0,0,0,False,0.0,502,192,507,False,0.0,497,192,,0,Has joined Middlesbrough permanently,2026-08-18T14:13:08.474144Z,45,506,126,p548308,0,0,None,0,,548308.jpg,0.0,522,195,False,0,None,0.0,"[{'offset': 0, 'projected_percent': '0.0', 'likelihood': 0}, {'offset': 1, 'projected_percent': '0.0', 'likelihood': 0}, {'offset': 2, 'projected_percent': '0.0', 'likelihood': 0}]",0,0,241,False,0,0,,[],Phillips,0.0,595,202,False,None,0,0,u,0,19,6,2023-08-05,0.0,453,185,0,0,0,1227,12,0.0,0.0,Phillips,0
0,1993-04-24,0,0,True,True,None,None,0,0,0,115556,None,,-1,1,-1,1,0.0,380,140,0,0,None,,0,2,0.0,0.0,0,0.00,0,0.00,0,0.00,0.00,0,0,Ben,0.0,415,146,0,0,0,False,0.0,392,141,508,False,0.0,388,142,,0,,None,39,657,211,p115556,0,0,None,0,,115556.jpg,0.0,415,146,False,52,None,0.2,"[{'offset': 0, 'projected_percent': '0.4', 'likelihood': 1}, {'offset': 1, 'projected_percent': '1.1', 'likelihood': 1}, {'offset': 2, 'projected_percent': '1.8', 'likelihood': 1}]",0,0,244,False,0,0,,[],Davies,0.8,200,77,False,None,0,0,a,0,19,6,2014-07-23,0.0,319,120,0,12734,938,37956,513,0.0,0.0,Davies,0
0,None,0,0,True,True,None,None,0,0,0,640419,None,,0,0,0,0,0.0,438,174,0,0,None,,0,2,0.0,0.0,0,0.00,0,0.00,0,0.00,0.00,0,0,Jun'ai,0.0,470,177,0,0,0,False,0.0,449,174,509,False,0.0,444,174,,0,,None,40,653,207,p640419,0,0,None,0,,640419.jpg,0.0,470,177,False,-2,None,0.0,"[{'offset': 0, 'projected_percent': '0.0', 'likelihood': 0}, {'offset': 1, 'projected_percent': '-3.0', 'likelihood': -1}, {'offset': 2, 'projected_percent': '-8.6', 'likelihood': -1}]",0,0,None,False,0,0,,[],Byfield,0.1,478,171,False,None,0,0,a,0,19,6,None,0.0,381,158,0,2245,30,2384,40,0.0,0.0,Byfield,0
0,None,0,0,True,True,None,None,0,0,0,499716,None,,0,0,0,0,0.0,419,157,0,0,None,,0,2,0.0,0.0,0,0.00,0,0.00,0,0.00,0.00,0,0,James,0.0,452,161,0,0,0,False,0.0,430,157,510,False,0.0,425,157,,0,,None,40,630,186,p499716,0,0,None,0,,499716.jpg,0.0,452,161,False,-8,None,-7.6,"[{'offset': 0, 'projected_percent': '-11.2', 'likelihood': -1}, {'offset': 1, 'projected_percent': '-24.2', 'likelihood': -2}, {'offset': 2, 'projected_percent': '-37.2', 'likelihood': -2}]",0,0,None,False,0,0,,[],Rowswell,0.1,432,157,False,None,0,0,a,0,19,6,None,0.0,359,138,0,2754,25,3177,49,0.0,0.0,Rowswell,0
0,2006-06-16,0,0,False,True,0,0,0,0,0,616221,None,,0,0,0,0,0.0,437,173,0,0,None,,0,2,0.0,0.0,0,0.00,0,0.00,0,0.00,0.00,0,0,João Victor,0.0,469,176,0,0,0,False,0.0,448,173,511,False,0.0,443,173,Souza,0,Has joined FC Porto on loan for the rest of the season,2026-09-01T13:24:26.858636Z,40,652,206,p616221,0,0,None,0,,616221.jpg,0.0,469,176,False,-10,None,0.0,"[{'offset': 0, 'projected_percent': '0.0', 'likelihood': 0}, {'offset': 1, 'projected_percent': '0.0', 'likelihood': 0}, {'offset': 2, 'projected_percent': '0.0', 'likelihood': 0}]",0,0,30,False,0,0,,[],de Souza Menezes,0.2,358,135,False,None,0,0,u,0,19,6,2026-01-22,0.0,380,157,0,2555,0,16164,178,0.0,0.0,Souza,0
1,2000-08-02,0,47,True,True,100,100,0,0.0,0,460842,6,,0,0,0,0,31.2,157,95,14,10.24,3,,0,3,1.4,1.4,4,0.34,0.25,0.44,0.32,0.10,1.46,1.07,0.07,Mohammed,1.4,237,110,3,2.2,0,False,6.3,235,106,512,False,12.4,284,120,,123,,2026-07-23T12:01:23.848657Z,65,40,27,p460842,0,0,3,0,,460842.jpg,1.8,252,113,False,16,None,1.5,"[{'offset': 0, 'projected_percent': '1.6', 'likelihood': 1}, {'offset': 1, 'projected_percent': '1.8', 'likelihood': 1}, {'offset': 2, 'projected_percent': '2.0', 'likelihood': 1}]",11,0,81,False,0,0.0,,[],Kudus,0.1,372,134,False,None,0,0.0,a,3,19,6,2025-07-10,19.0,162,85,7,11143,349,10145,190,0.2,1.1,Kudus,0
0,2003-04-21,0,0,True,True,0,0,0,0,0,493362,None,,0,0,-1,1,0.0,651,287,0,0,2,,0,3,0.0,0.0,0,0.00,0,0.00,0,0.00,0.00,0,0,Xavi,0.0,651,287,0,0,0,False,0.0,650,287,513,False,0.0,648,287,,0,Knee injury - Unknown return date,2026-07-23T12:01:23.864304Z,59,92,59,p493362,0,0,4,0,,493362.jpg,0.0,651,287,False,0,None,-11.9,"[{'offset': 0, 'projected_percent': '-11.9', 'likelihood': -1}, {'offset': 1, 'projected_percent': '-11.9', 'likelihood': -1}, {'offset': 2, 'projected_percent': '-11.9', 'likelihood': -1}]",0,0,152,False,0,0,,[],Simons,0.0,599,252,False,None,0,0,i,0,19,6,2025-08-29,0.0,645,285,0,304,12,1057,16,0.0,0.0,Xavi,0
0,2005-04-27,0,41,True,True,None,None,1,0.35,1,511499,5,,-1,1,-3,3,52.7,86,58,13,4.55,4,,0,3,1.6,1.6,0,0.23,0.08,0.44,0.15,0.21,5.55,1.94,0.07,Mathys,1.6,205,97,4,1.4,0,False,14.6,106,56,514,False,21.6,253,106,,257,,None,57,118,76,p511499,0,0,None,0,,511499.jpg,2.0,226,99,False,-63,None,-4.5,"[{'offset': 0, 'projected_percent': '-12.1', 'likelihood': -1}, {'offset': 1, 'projected_percent': '-39.3', 'likelihood': -2}, {'offset': 2, 'projected_percent': '-66.4', 'likelihood': -3}]",11,0,73,False,0,0.0,,[],Tel,0.2,334,118,False,None,3,1.05,a,1,19,6,2025-07-01,72.0,44,26,8,8978,46,45335,518,0.3,1.4,Tel,0
0,1996-11-23,0,18,True,True,100,100,0,0.0,3,172780,None,,0,0,-2,2,12.1,235,125,11,16.78,None,,0,3,0.6,0.6,1,0.04,0.06,0.10,0.15,0.06,1.03,1.57,0.09,James,0.6,328,156,2,3.05,0,False,3.2,296,133,515,False,11.2,292,122,,59,,2026-08-25T14:30:07.623508Z,63,46,31,p172780,0,0,None,0,,172780.jpg,1.0,393,188,False,-46,None,-50.6,"[{'offset': 0, 'projected_percent': '-55.1', 'likelihood': -3}, {'offset': 1, 'projected_percent': '-71.5', 'likelihood': -3}, {'offset': 2, 'projected_percent': '-87.8', 'likelihood': -3}]",4,0,241,False,0,0.0,,[],Maddison,0.4,267,89,False,None,0,0.0,a,4,19,6,2023-06-28,8.0,242,120,3,5219,170,94571,318,0.1,0.5,Maddison,0
0,1997-06-25,0,69,True,True,None,None,2,0.49,22,202993,None,,0,0,0,0,33.0,147,90,60,14.59,None,,0,3,3.0,3.0,4,0.12,0.03,0.14,0.03,0.02,5.59,1.36,0.0,Rodrigo,3.0,104,46,6,1.46,0,False,9.9,175,84,516,False,58.4,127,41,,370,,None,55,133,81,p202993,0,0,None,0,,202993.jpg,3.0,144,61,False,-11,None,-59.1,"[{'offset': 0, 'projected_percent': '-61.6', 'likelihood': -3}, {'offset': 1, 'projected_percent': '-70.7', 'likelihood': -3}, {'offset': 2, 'projected_percent': '-79.9', 'likelihood': -3}]",23,0,230,False,0,0.0,,[],Bentancur,0.2,354,128,False,None,4,0.97,a,15,19,6,2022-01-31,6.0,261,130,15,4824,60,7780,123,0.5,2.7,Bentancur,0
0,2004-11-28,0,0,True,True,0,0,0,0,0,550839,None,,0,0,0,0,0.0,644,282,0,0,None,,0,3,0.0,0.0,0,0.00,0,0.00,0,0.00,0.00,0,0,Wilson,0.0,644,282,0,0,0,False,0.0,642,281,517,False,0.0,639,281,,0,Knee injury - Unknown return date,2026-07-23T12:01:23.879434Z,55,164,104,p550839,0,0,None,0,,550839.jpg,0.0,644,282,False,0,None,0.0,"[{'offset': 0, 'projected_percent': '0.0', 'likelihood': 0}, {'offset': 1, 'projected_percent': '0.0', 'likelihood': 0}, {'offset': 2, 'projected_percent': '0.0', 'likelihood': 0}]",0,0,73,False,0,0,https://www.tottenhamhotspur.com/news/1008505/odobert-suffers-acl-injury,[],Odobert,0.0,654,291,False,None,0,0,i,0,19,6,2024-08-16,0.0,633,277,0,106,4,97,2,0.0,0.0,Odobert,0
0,2002-09-14,0,0,False,True,0,0,0,0,0,482442,None,,0,0,-1,1,0.0,557,234,0,0,None,,0,3,0.0,0.0,0,0.00,0,0.00,0,0.00,0.00,0,0,Pape Matar,0.0,575,239,0,0,0,False,0.0,562,230,518,False,0.0,557,228,Pape Matar Sarr,0,Has joined Juventus on loan for the rest of the season,2026-09-02T16:02:43.386849Z,49,389,232,p482442,0,0,None,0,,482442.jpg,0.0,575,239,False,-27,None,0.0,"[{'offset': 0, 'projected_percent': '0.0', 'likelihood': 0}, {'offset': 1, 'projected_percent': '0.0', 'likelihood': 0}, {'offset': 2, 'projected_percent': '0.0', 'likelihood': 0}]",0,0,189,False,0,0,,[],Sarr,0.1,446,171,False,None,0,0,u,0,19,6,2021-08-27,0.0,520,208,0,4138,0,23227,160,0.0,0.0,P.M.Sarr,0
0,2000-02-06,0,48,True,True,None,None,1,0.67,1,232787,None,,0,0,-2,2,9.9,249,130,18,12.09,None,,0,3,1.8,1.8,6,0.12,0.08,0.31,0.21,0.19,2.65,1.78,0.13,Conor,1.8,181,84,2,1.34,1,False,2.2,319,146,519,False,10.2,299,129,,134,,None,53,225,142,p232787,0,0,None,0,,232787.jpg,3.0,140,60,False,6,None,-1.9,"[{'offset': 0, 'projected_percent': '-0.6', 'likelihood': -1}, {'offset': 1, 'projected_percent': '0.1', 'likelihood': 1}, {'offset': 2, 'projected_percent': '0.2', 'likelihood': 1}]",9,0,241,False,0,0.0,,[],Gallagher,0.2,346,122,False,None,2,1.34,a,8,19,6,2026-01-14,3.0,295,145,9,3981,125,16512,124,0.3,1.7,Gallagher,1
0,2006-02-02,0,13,True,True,None,None,0,0.0,1,570526,None,,0,0,-1,1,9.9,250,131,13,15.0,None,,0,3,0.6,0.6,1,0.27,0.31,0.33,0.38,0.06,2.21,2.55,0.07,Lucas,0.6,323,153,2,2.31,0,False,2.3,317,145,520,False,8.0,314,142,,78,,None,54,217,138,p570526,0,0,None,0,,570526.jpg,1.0,381,179,False,-14,None,-88.1,"[{'offset': 0, 'projected_percent': '-91.9', 'likelihood': -3}, {'offset': 1, 'projected_percent': '-105.3', 'likelihood': -5}, {'offset': 2, 'projected_percent': '-118.8', 'likelihood': -5}]",9,0,206,False,0,0.0,,[],Bergvall,0.1,371,133,False,None,1,1.15,a,3,19,6,2024-07-01,9.0,234,117,3,1798,18,9028,95,0.1,0.6,Bergvall,0
0,2000-04-25,0,0,True,True,0,0,0,0,0,445044,None,,0,0,0,0,0.0,658,294,0,0,None,,0,3,0.0,0.0,0,0.00,0,0.00,0,0.00,0.00,0,0,Dejan,0.0,658,294,0,0,0,False,0.0,657,294,521,False,0.0,657,294,,0,Knee injury - Unknown return date,2026-07-23T12:01:23.895175Z,65,38,26,p445044,0,0,None,0,,445044.jpg,0.0,658,294,False,1,None,-84.0,"[{'offset': 0, 'projected_percent': '-82.0', 'likelihood': -3}, {'offset': 1, 'projected_percent': '-74.7', 'likelihood': -3}, {'offset': 2, 'projected_percent': '-67.5', 'likelihood': -3}]",0,0,206,False,0,0,https://www.tottenhamhotspur.com/news/1089549/team-news-mudryk-injured-kulusevski-still-out,[],Kulusevski,0.0,612,261,False,None,0,0,i,0,19,6,2023-07-01,0.0,656,294,0,316,10,678,13,0.0,0.0,Kulusevski,0
0,2006-03-12,0,44,True,True,None,None,1,0.29,10,547701,None,,0,0,-1,1,11.5,239,126,27,7.92,None,,0,3,1.8,1.8,2,0.05,0.01,0.25,0.07,0.20,6.11,1.79,0.06,Archie,1.8,178,82,7,2.05,0,False,3.9,283,125,522,False,17.6,268,112,,307,,None,49,402,242,p547701,0,0,None,0,,547701.jpg,2.2,192,82,False,-18,None,-4.8,"[{'offset': 0, 'projected_percent': '-8.7', 'likelihood': -1}, {'offset': 1, 'projected_percent': '-22.9', 'likelihood': -2}, {'offset': 2, 'projected_percent': '-37.1', 'likelihood': -2}]",12,0,241,False,0,0.0,,[],Gray,0.2,347,123,False,None,3,0.88,a,5,19,6,2024-07-02,10.0,223,111,9,6481,104,12374,203,0.4,1.8,Gray,0
0,2007-08-11,0,11,False,True,0,0,0,0.0,0,499721,None,,0,0,0,0,6.3,263,136,3,3.03,None,,0,3,0.0,0.0,0,0.02,0.02,0.42,0.42,0.40,3.26,3.3,0.4,Mikey,0.6,311,145,4,4.04,0,False,7.5,211,96,523,False,14.2,274,115,,89,Has joined FC Köln on loan for the rest of the season,2026-09-04T12:39:48.098158Z,50,309,184,p499721,0,0,None,0,,499721.jpg,1.5,269,119,False,-17,None,0.0,"[{'offset': 0, 'projected_percent': '0.0', 'likelihood': 0}, {'offset': 1, 'projected_percent': '0.0', 'likelihood': 0}, {'offset': 2, 'projected_percent': '0.0', 'likelihood': 0}]",2,0,241,False,0,0.0,,[],Moore,0.1,481,189,False,None,1,1.01,u,1,19,6,2024-05-01,56.0,64,41,3,3258,0,16607,122,0.1,0.6,Moore,0
0,None,0,0,True,True,None,None,0,0,0,499726,None,,0,0,-1,1,0.0,449,190,0,0,None,,0,3,0.0,0.0,0,0.00,0,0.00,0,0.00,0.00,0,0,Callum,0.0,480,198,0,0,0,False,0.0,460,185,524,False,0.0,455,183,,0,,None,44,571,294,p499726,0,0,None,0,,499726.jpg,0.0,480,198,False,-109,None,7.7,"[{'offset': 0, 'projected_percent': '7.3', 'likelihood': 1}, {'offset': 1, 'projected_percent': '5.8', 'likelihood': 1}, {'offset': 2, 'projected_percent': '4.3', 'likelihood': 1}]",0,0,None,False,0,0,,[],Olusesi,1.0,186,59,False,None,0,0,a,0,19,6,None,0.0,398,162,0,50627,1011,43195,1350,0.0,0.0,Olusesi,0
0,2004-07-10,0,50,True,True,None,None,1,0.36,2,551226,2,,0,0,-2,2,86.9,35,30,21,7.59,None,,0,3,1.4,1.4,1,0.28,0.1,0.44,0.16,0.16,4.43,1.6,0.06,Mateus,1.4,235,108,4,1.45,0,False,13.5,122,62,525,False,24.2,243,101,Mateus Fernandes,249,,None,58,110,70,p551226,0,0,None,0,,551226.jpg,1.4,277,126,False,-218,None,-85.9,"[{'offset': 0, 'projected_percent': '-96.5', 'likelihood': -4}, {'offset': 1, 'projected_percent': '-134.5', 'likelihood': -5}, {'offset': 2, 'projected_percent': '-172.5', 'likelihood': -5}]",12,0,173,False,0,0.0,,[],Fernandes,0.8,203,64,False,None,3,1.08,a,7,19,6,2026-07-02,25.0,136,70,7,14102,121,119323,1236,0.2,1.2,Fernandes,1
0,1997-09-14,0,21,True,True,None,None,1,0.53,2,154566,None,,0,0,-2,2,4.9,276,33,9,4.76,None,,0,4,1.4,1.4,2,0.01,0.01,0.58,0.31,0.57,2.57,1.36,0.3,Dominic,1.4,234,25,1,0.53,0,False,2.7,305,33,526,False,3.2,357,38,,170,,None,58,98,26,p154566,0,0,1,0,,154566.jpg,1.4,276,32,False,-110,None,-7.5,"[{'offset': 0, 'projected_percent': '-12.7', 'likelihood': -1}, {'offset': 1, 'projected_percent': '-31.1', 'likelihood': -2}, {'offset': 2, 'projected_percent': '-49.6', 'likelihood': -3}]",5,0,241,False,0,0.0,,[],Solanke-Mitchell,0.8,199,32,False,None,2,1.06,a,2,19,6,2024-08-10,21.0,152,28,7,27991,444,90007,956,0.2,1.2,Solanke,0
0,1997-05-10,0,6,False,True,0,0,0,0.0,1,212319,None,,0,0,-1,1,2.2,310,39,1,1.34,None,,0,4,0.0,0.0,0,0.00,0.0,0.00,0.0,0.00,3.02,4.06,0.0,Richarlison,0.4,368,42,3,4.03,0,False,0.2,385,44,527,False,0.0,644,73,Richarlison,67,not included in squad.,2026-09-04T12:32:39.183614Z,59,83,22,p212319,0,0,None,0,,212319.jpg,2.0,228,25,False,-121,None,0.0,"[{'offset': 0, 'projected_percent': '0.0', 'likelihood': 0}, {'offset': 1, 'projected_percent': '0.0', 'likelihood': 0}, {'offset': 2, 'projected_percent': '0.0', 'likelihood': 0}]",0,0,30,False,0,0.0,,[],de Andrade,0.7,216,35,False,None,1,1.34,u,0,19,6,2022-07-01,0.0,641,74,2,21439,0,263812,1329,0.1,0.3,Richarlison,0
0,2004-03-24,0,0,False,True,0,0,0,0,0,490145,None,,0,0,0,0,0.0,484,50,0,0,None,,0,4,0.0,0.0,0,0.00,0,0.00,0,0.00,0.00,0,0,Dane,0.0,509,51,0,0,0,False,0.0,489,47,528,False,0.0,484,44,,0,Has joined Leyton Orient permanently,2026-09-02T16:02:43.413625Z,45,492,66,p490145,0,0,None,0,,490145.jpg,0.0,509,51,False,-167,None,0.0,"[{'offset': 0, 'projected_percent': '0.0', 'likelihood': 0}, {'offset': 1, 'projected_percent': '0.0', 'likelihood': 0}, {'offset': 2, 'projected_percent': '0.0', 'likelihood': 0}]",0,0,241,False,0,0,,[],Scarlett,1.2,166,27,False,None,0,0,u,0,19,6,2020-08-21,0.0,440,43,0,42525,0,102992,1425,0.0,0.0,Scarlett,0
0,2001-01-05,0,3,True,True,0,0,0,0.0,0,465920,None,,0,0,-1,1,0.1,378,187,0,0.0,None,,0,3,0.0,0.0,0,0.00,0.0,0.00,0.0,0.00,0.16,0.9,0.0,Mykhailo,0.2,410,193,0,0.0,0,False,0.1,390,182,578,False,0.0,624,270,,16,Ankle injury - Unknown return date,2026-09-11T18:00:09.154412Z,54,203,127,p465920,0,0,None,0,,465920.jpg,1.0,375,174,False,-20,None,-105.8,"[{'offset': 0, 'projected_percent': '-112.5', 'likelihood': -5}, {'offset': 1, 'projected_percent': '-136.6', 'likelihood': -5}, {'offset': 2, 'projected_percent': '-160.7', 'likelihood': -5}]",0,0,225,False,0,0.0,https://www.tottenhamhotspur.com/news/1089549/team-news-mudryk-injured-kulusevski-still-out,"[{'property': 'loan_ineligible', 'notes': 'This player will not be available to face their parent club in Gameweek 35 as part of their loan conditions.', 'gameweek': 35, 'url': None}, {'property': 'loan_ineligible', 'notes': 'This player will not be available to face their parent club in Gameweek 8 as part of their loan conditions.', 'gameweek': 8, 'url': None}]",Mudryk,0.0,503,200,False,None,0,0.0,i,0,19,6,2026-09-01,2.0,311,153,1,5425,5,7176,128,0.0,0.2,Mudryk,0
0,2008-10-01,0,0,True,True,None,None,0,0,0,611917,None,,0,0,0,0,0.0,516,209,0,0,None,,0,3,0.0,0.0,0,0.00,0,0.00,0,0.00,0.00,0,0,Luca,0.0,541,217,0,0,0,False,0.0,522,204,601,False,0.0,517,202,,0,,None,45,532,278,p611917,0,0,None,0,,611917.jpg,0.0,541,217,False,-14,None,-27.8,"[{'offset': 0, 'projected_percent': '-32.1', 'likelihood': -2}, {'offset': 1, 'projected_percent': '-47.7', 'likelihood': -3}, {'offset': 2, 'projected_percent': '-63.4', 'likelihood': -3}]",0,0,241,False,0,0,,[],Williams-Barnett,0.1,383,140,False,None,0,0,a,0,19,6,2025-07-25,0.0,473,181,0,10119,37,6409,126,0.0,0.0,Williams-Barnett,0
0,1998-09-19,0,15,True,True,None,None,0,0.0,11,135720,None,,0,0,0,0,21.9,188,61,12,6.0,None,,0,2,0.6,0.6,0,0.16,0.08,0.16,0.08,0.00,3.09,1.54,0.0,Kevin,0.6,308,111,3,1.5,0,False,6.2,237,87,501,False,37.6,193,81,,180,,None,50,245,36,p135720,0,0,None,0,,135720.jpg,1.5,266,96,False,-9,None,-87.6,"[{'offset': 0, 'projected_percent': '-89.9', 'likelihood': -3}, {'offset': 1, 'projected_percent': '-97.9', 'likelihood': -4}, {'offset': 2, 'projected_percent': '-106.0', 'likelihood': -5}]",6,0,14,False,0,0.0,,"[{'property': 'loan_ineligible', 'notes': 'This player will not be available to face their parent club in Gameweek 23 as part of their loan conditions.', 'gameweek': 23, 'url': None}, {'property': 'loan_ineligible', 'notes': 'This player will not be available to face their parent club in Gameweek 12 as part of their loan conditions.', 'gameweek': 12, 'url': None}]",Danso,0.2,364,139,False,None,2,1.0,a,1,20,56,2026-09-01,2.0,305,115,3,5596,171,9148,111,0.1,0.6,Danso,0
0,2003-01-17,0,49,True,True,None,None,1,0.25,5,498016,None,,0,0,-1,1,0.0,559,60,0,0.0,None,,0,1,2.2,2.2,0,0.00,0.0,0.00,0.0,0.00,5.84,1.46,0.0,Robin,2.2,147,14,5,1.25,0,False,5.9,243,20,529,False,59.0,126,20,,360,,None,49,392,21,p498016,0,0,None,0,,498016.jpg,2.8,158,12,False,-82,None,-8.3,"[{'offset': 0, 'projected_percent': '-9.5', 'likelihood': -1}, {'offset': 1, 'projected_percent': '-14.1', 'likelihood': -1}, {'offset': 2, 'projected_percent': '-18.7', 'likelihood': -1}]",31,0,152,False,5,1.25,,[],Roefs,2.5,116,18,False,None,4,1.0,a,0,20,56,2025-08-01,0.0,522,58,11,20320,471,167985,1860,0.4,2.2,Roefs,0
0,2000-05-10,0,0,False,True,0,0,0,0,0,232571,None,,0,0,0,0,0.0,406,19,0,0,None,,0,1,0.0,0.0,0,0.00,0,0.00,0,0.00,0.00,0,0,Anthony,0.0,439,39,0,0,0,False,0.0,417,38,530,False,0.0,412,38,,0,Has joined Wrexham permanently,2026-08-12T14:08:03.064533Z,40,611,63,p232571,0,0,None,0,,232571.jpg,0.0,439,39,False,0,None,0.0,"[{'offset': 0, 'projected_percent': '0.0', 'likelihood': 0}, {'offset': 1, 'projected_percent': '0.0', 'likelihood': 0}, {'offset': 2, 'projected_percent': '0.0', 'likelihood': 0}]",0,0,241,False,0,0,,[],Patterson,0.1,392,45,False,None,0,0,u,0,20,56,2018-10-09,0.0,346,15,0,0,0,5705,53,0.0,0.0,Patterson,0
0,2003-05-22,0,0,True,True,None,None,0,0,0,515046,None,,0,0,0,0,0.0,492,51,0,0,None,,0,1,0.0,0.0,0,0.00,0,0.00,0,0.00,0.00,0,0,Melker,0.0,517,64,0,0,0,False,0.0,497,64,531,False,0.0,492,64,,0,,None,45,501,43,p515046,0,0,None,0,,515046.jpg,0.0,517,64,False,1,None,-89.4,"[{'offset': 0, 'projected_percent': '-88.9', 'likelihood': -3}, {'offset': 1, 'projected_percent': '-86.7', 'likelihood': -3}, {'offset': 2, 'projected_percent': '-84.6', 'likelihood': -3}]",0,0,206,False,0,0,,[],Ellborg,0.1,445,50,False,None,0,0,a,0,20,56,2026-02-01,0.0,448,49,0,1060,21,3118,37,0.0,0.0,Ellborg,0
0,1999-09-22,0,43,True,True,None,None,1,0.25,29,223827,None,,0,0,-1,1,23.5,178,57,35,8.75,None,,0,2,2.4,2.4,0,0.16,0.04,0.33,0.08,0.17,5.84,1.46,0.04,Daniel,2.4,133,50,5,1.25,0,False,12.3,138,50,532,False,75.8,83,37,,360,,None,49,367,67,p223827,0,0,None,0,,223827.jpg,3.0,133,56,False,-153,None,-77.7,"[{'offset': 0, 'projected_percent': '-80.0', 'likelihood': -3}, {'offset': 1, 'projected_percent': '-88.3', 'likelihood': -3}, {'offset': 2, 'projected_percent': '-96.6', 'likelihood': -4}]",9,0,242,False,0,0.0,,[],Ballard,2.6,110,43,False,None,4,1.0,a,6,20,56,2022-07-01,24.0,137,41,12,42564,665,303630,3062,0.5,2.4,Ballard,2
0,1997-11-01,1,39,True,True,100,100,1,0.33,30,200834,None,,0,0,-1,1,17.9,201,65,39,13.0,None,,0,2,2.6,2.6,0,0.05,0.02,0.75,0.25,0.70,4.04,1.35,0.23,Nordi,2.6,127,46,3,1.0,0,False,15.1,98,31,533,False,85.4,68,30,,270,,2026-08-09T08:30:05.954750Z,54,180,20,p200834,0,0,None,0,,200834.jpg,4.3,74,30,False,-42,None,-9.4,"[{'offset': 0, 'projected_percent': '-10.3', 'likelihood': -1}, {'offset': 1, 'projected_percent': '-13.3', 'likelihood': -1}, {'offset': 2, 'projected_percent': '-16.4', 'likelihood': -1}]",13,0,73,False,0,0.0,,[],Mukiele,1.9,130,52,False,None,3,1.0,a,9,20,56,2025-08-17,48.0,82,16,13,40380,1049,122229,1124,0.5,2.4,Mukiele,1
0,2002-03-18,0,46,True,True,None,None,1,0.46,3,487676,3,,-1,1,-2,2,58.6,73,15,12,5.54,None,,0,2,1.8,1.8,0,0.28,0.13,0.32,0.15,0.04,3.09,1.43,0.02,Trai,1.8,171,62,1,0.46,0,False,10.6,166,64,534,False,31.8,219,96,,195,,None,43,579,157,p487676,0,0,None,0,,487676.jpg,3.0,128,52,False,-264,None,-1.2,"[{'offset': 0, 'projected_percent': '-3.2', 'likelihood': -1}, {'offset': 1, 'projected_percent': '-10.5', 'likelihood': -1}, {'offset': 2, 'projected_percent': '-17.8', 'likelihood': -1}]",12,0,242,False,0,0.0,,[],Hume,3.0,104,39,False,None,2,0.92,a,9,20,56,2022-01-04,15.0,178,58,9,36939,313,376813,9138,0.4,2.1,Hume,0
0,1996-12-26,0,2,True,True,100,100,0,0.0,0,201895,None,,0,0,-1,1,0.6,349,132,0,0.0,None,,0,2,0.2,0.2,0,0.01,0.04,0.01,0.04,0.00,0.10,0.39,0.0,Omar,0.2,392,143,1,3.91,0,False,0.0,549,203,535,False,0.0,545,203,,23,,2026-08-09T08:30:05.962393Z,49,358,63,p201895,0,0,None,0,,201895.jpg,1.0,329,126,False,-18,None,-101.8,"[{'offset': 0, 'projected_percent': '-104.8', 'likelihood': -5}, {'offset': 1, 'projected_percent': '-115.8', 'likelihood': -5}, {'offset': 2, 'projected_percent': '-126.7', 'likelihood': -5}]",2,0,168,False,0,0.0,,[],Alderete,0.2,312,116,False,None,0,0.0,a,0,20,56,2025-08-12,0.0,504,198,1,4791,37,26444,168,0.0,0.2,Alderete,0
0,1994-01-21,0,37,True,True,0,0,1,0.25,21,434399,None,,0,0,0,0,36.4,139,40,29,7.25,None,,0,2,0.0,0.0,0,0.32,0.08,0.32,0.08,0.00,5.05,1.26,0.0,Reinildo,1.4,220,81,5,1.25,0,False,9.5,180,66,536,False,53.8,142,65,Reinildo Mandava,360,Suspended until 10 Oct,2026-09-12T21:30:09.421687Z,45,475,113,p434399,0,0,None,0,,434399.jpg,1.8,239,87,False,-55,None,-103.8,"[{'offset': 0, 'projected_percent': '-106.7', 'likelihood': -5}, {'offset': 1, 'projected_percent': '-117.3', 'likelihood': -5}, {'offset': 2, 'projected_percent': '-128.0', 'likelihood': -5}]",18,1,146,False,0,0.0,,[],Mandava,0.3,304,112,False,None,4,1.0,s,8,20,56,2025-07-08,6.0,253,90,7,3878,15,23360,560,0.3,1.6,Reinildo,0
0,2003-05-23,0,0,False,True,0,0,0,0,0,519634,None,,0,0,0,0,0.0,493,191,0,0,None,,0,2,0.0,0.0,0,0.00,0,0.00,0,0.00,0.00,0,0,Jenson,0.0,518,194,0,0,0,False,0.0,498,191,537,False,0.0,493,191,,0,Has joined Swansea City on loan for the rest of the season,2026-08-29T00:34:52.425076Z,45,502,125,p519634,0,0,None,0,,519634.jpg,0.0,518,194,False,-2,None,0.0,"[{'offset': 0, 'projected_percent': '0.0', 'likelihood': 0}, {'offset': 1, 'projected_percent': '0.0', 'likelihood': 0}, {'offset': 2, 'projected_percent': '0.0', 'likelihood': 0}]",0,0,152,False,0,0,,[],Seelt,0.0,633,211,False,None,0,0,u,0,20,56,2023-07-01,0.0,449,184,0,61,0,644,2,0.0,0.0,Seelt,0
0,2003-08-26,0,0,False,True,0,0,0,0,0,477547,None,,0,0,0,0,0.0,414,154,0,0,None,,0,2,0.0,0.0,0,0.00,0,0.00,0,0.00,0.00,0,0,Leo Fuhr,0.0,447,158,0,0,0,False,0.0,425,154,538,False,0.0,420,154,,0,Has joined KV Mechelen on loan for the rest of the season,2026-08-12T14:08:03.081789Z,40,624,182,p477547,0,0,None,0,,477547.jpg,0.0,447,158,False,-1,None,0.0,"[{'offset': 0, 'projected_percent': '0.0', 'likelihood': 0}, {'offset': 1, 'projected_percent': '0.0', 'likelihood': 0}, {'offset': 2, 'projected_percent': '0.0', 'likelihood': 0}]",0,0,161,False,0,0,,[],Hjelde,0.0,517,182,False,None,0,0,u,0,20,56,2024-01-30,0.0,354,135,0,0,0,2400,29,0.0,0.0,Hjelde,0
0,1994-11-21,0,1,True,True,None,None,0,0.0,4,167512,None,,-1,1,-1,1,1.4,324,117,5,6.82,None,,0,2,0.2,0.2,0,0.01,0.01,0.02,0.02,0.01,1.69,2.3,0.01,Luke,0.2,376,131,1,1.36,0,False,1.7,330,119,539,False,11.4,288,116,,66,,None,39,658,212,p167512,0,0,None,0,,167512.jpg,1.0,293,101,False,178,None,0.6,"[{'offset': 0, 'projected_percent': '1.2', 'likelihood': 1}, {'offset': 1, 'projected_percent': '3.7', 'likelihood': 1}, {'offset': 2, 'projected_percent': '6.1', 'likelihood': 1}]",4,0,241,False,0,0.0,,[],O'Nien,2.4,117,46,False,None,1,1.36,a,1,20,56,2018-07-30,4.0,276,98,1,17070,2327,111952,2052,0.1,0.3,O'Nien,1
0,1993-11-07,0,0,False,True,0,0,0,0,0,105717,None,,0,0,0,0,0.0,393,145,0,0,None,,0,2,0.0,0.0,0,0.00,0,0.00,0,0.00,0.00,0,0,Arthur,0.0,428,151,0,0,0,False,0.0,405,146,540,False,0.0,401,147,,0,Has joined Konyaspor permanently,2026-08-12T14:08:03.097784Z,40,593,163,p105717,0,0,None,0,,105717.jpg,0.0,428,151,False,-8,None,0.0,"[{'offset': 0, 'projected_percent': '0.0', 'likelihood': 0}, {'offset': 1, 'projected_percent': '0.0', 'likelihood': 0}, {'offset': 2, 'projected_percent': '0.0', 'likelihood': 0}]",0,0,50,False,0,0,,[],Masuaku,0.1,375,144,False,None,0,0,u,0,20,56,2025-08-10,0.0,333,126,0,0,0,11044,111,0.0,0.0,Masuaku,0
0,1991-09-12,0,37,True,True,100,100,1,0.28,14,93605,None,,0,0,0,0,28.6,161,49,16,4.53,None,,0,2,2.2,2.2,0,0.13,0.04,0.47,0.14,0.34,4.60,1.3,0.1,Thomas,2.2,145,54,4,1.13,0,False,11.8,146,55,541,False,47.4,164,70,,318,,2026-08-16T08:30:07.830062Z,45,434,86,p93605,0,0,None,0,,93605.jpg,2.8,156,62,False,-8,None,-38.5,"[{'offset': 0, 'projected_percent': '-39.7', 'likelihood': -2}, {'offset': 1, 'projected_percent': '-43.7', 'likelihood': -3}, {'offset': 2, 'projected_percent': '-47.8', 'likelihood': -3}]",12,0,21,False,0,0.0,,[],Meunier,0.3,305,113,False,None,4,1.13,a,2,20,56,2026-07-15,41.0,97,23,11,5562,161,8862,110,0.5,2.4,Meunier,0
0,2000-02-03,1,57,True,True,None,None,1,0.26,1,484420,1,,-1,1,-3,3,64.5,59,48,18,4.66,3,,0,3,2.6,2.6,0,0.82,0.21,2.88,0.74,2.06,5.64,1.46,0.53,Enzo,2.6,128,57,4,1.03,1,False,20.1,49,36,542,False,54.8,140,49,,348,,None,57,116,74,p484420,0,1,2,0,,484420.jpg,3.2,125,51,False,-887,None,-2.2,"[{'offset': 0, 'projected_percent': '-8.2', 'likelihood': -1}, {'offset': 1, 'projected_percent': '-29.6', 'likelihood': -2}, {'offset': 2, 'projected_percent': '-51.0', 'likelihood': -3}]",11,0,73,False,0,0.0,,[],Le Fée,3.4,95,33,False,None,4,1.03,a,6,20,56,2025-07-01,80.0,38,22,13,34592,1020,634178,7603,0.5,2.3,E.Le Fée,0
1,2004-01-03,0,18,True,True,0,0,0,0.0,0,547027,None,,0,0,-1,1,10.9,242,128,0,0.0,None,,0,3,0.0,0.0,0,0.16,0.51,0.19,0.61,0.03,0.12,0.39,0.1,Habib,1.0,273,126,1,3.21,0,False,2.9,298,135,543,False,15.6,272,114,,28,Hamstring injury - Unknown return date,2026-08-30T16:30:08.428960Z,54,215,137,p547027,0,0,1,0,,547027.jpg,2.5,175,75,False,-9,None,-77.8,"[{'offset': 0, 'projected_percent': '-82.7', 'likelihood': -3}, {'offset': 1, 'projected_percent': '-100.4', 'likelihood': -5}, {'offset': 2, 'projected_percent': '-118.0', 'likelihood': -5}]",0,0,189,False,0,0.0,https://www.safc.com/news/2026/september/10/le-bris-on-mundle-and-diarra-injuries/,[],Diarra,0.0,553,229,False,None,0,0.0,i,0,20,56,2025-07-01,2.0,312,154,5,540,2,5729,46,0.2,0.9,Diarra,0
1,1992-09-27,5,91,True,True,None,None,1,0.25,9,84450,2,,0,0,0,0,153.8,6,6,46,11.5,2,,0,3,3.8,3.8,0,0.94,0.24,1.00,0.26,0.06,5.84,1.46,0.02,Granit,3.8,67,28,5,1.25,0,False,22.6,38,27,544,False,69.0,99,32,,360,,None,55,123,79,p84450,0,0,None,0,,84450.jpg,4.8,62,26,False,-792,None,-50.3,"[{'offset': 0, 'projected_percent': '-58.6', 'likelihood': -3}, {'offset': 1, 'projected_percent': '-88.5', 'likelihood': -3}, {'offset': 2, 'projected_percent': '-118.4', 'likelihood': -5}]",31,0,207,False,0,0.0,,[],Xhaka,3.8,89,31,False,None,4,1.0,a,6,20,56,2025-07-30,3.0,296,146,19,125674,1142,189489,4400,0.7,3.5,Xhaka,2
0,2004-12-17,0,66,True,True,None,None,1,0.26,10,577669,None,,0,0,-1,1,56.2,77,56,26,6.82,None,,0,3,1.6,1.6,0,0.23,0.06,0.63,0.16,0.40,5.45,1.43,0.1,Noah,1.6,196,91,5,1.31,0,False,18.9,63,43,545,False,52.8,146,51,,343,,None,49,407,247,p577669,0,0,None,0,,577669.jpg,2.0,214,94,False,-36,None,-52.7,"[{'offset': 0, 'projected_percent': '-59.1', 'likelihood': -3}, {'offset': 1, 'projected_percent': '-82.0', 'likelihood': -3}, {'offset': 2, 'projected_percent': '-104.9', 'likelihood': -5}]",10,0,50,False,0,0.0,,[],Sadiki,0.2,317,113,False,None,4,1.05,a,6,20,56,2025-07-04,80.0,37,21,8,5380,67,17279,254,0.3,1.6,Sadiki,1
0,2002-01-01,0,0,False,True,0,0,0,0,0,535818,None,,0,0,-1,1,0.0,562,237,0,0,None,,0,3,0.0,0.0,0,0.00,0,0.00,0,0.00,0.00,0,0,Simon,0.0,578,242,0,0,0,False,0.0,565,233,546,False,0.0,560,231,,0,Has joined Ajax on loan for the rest of the season,2026-08-20T14:00:08.416985Z,49,399,239,p535818,0,0,None,0,,535818.jpg,0.0,578,242,False,-4,None,0.0,"[{'offset': 0, 'projected_percent': '0.0', 'likelihood': 0}, {'offset': 1, 'projected_percent': '0.0', 'likelihood': 0}, {'offset': 2, 'projected_percent': '0.0', 'likelihood': 0}]",0,0,54,False,0,0,https://www.safc.com/news/2026/august/20/le-bris-provides-latest-team-news-ahead-of-ipswich/,[],Adingra,0.0,551,227,False,None,0,0,u,0,20,56,2025-07-10,0.0,525,211,0,240,0,7265,37,0.0,0.0,Adingra,0
0,2003-04-24,0,2,True,True,0,0,0,0.0,1,461199,None,,0,0,-1,1,0.1,376,185,1,90.0,None,,0,3,0.0,0.0,0,0.00,0.0,0.17,15.3,0.17,0.09,8.1,15.3,Romaine,0.2,394,181,0,0.0,0,False,2.5,308,139,547,False,8.0,313,141,,1,Knee injury - Unknown return date,2026-09-09T14:00:08.462705Z,49,383,230,p461199,0,0,None,0,,461199.jpg,1.0,333,146,False,-1,None,-55.4,"[{'offset': 0, 'projected_percent': '-58.5', 'likelihood': -3}, {'offset': 1, 'projected_percent': '-69.6', 'likelihood': -3}, {'offset': 2, 'projected_percent': '-80.8', 'likelihood': -3}]",0,0,241,False,0,0.0,https://www.safc.com/news/2026/september/10/le-bris-on-mundle-and-diarra-injuries/,[],Mundle,0.0,631,272,False,None,0,0.0,i,0,20,56,2024-02-01,17.0,171,89,1,194,3,633,15,0.0,0.2,Mundle,0
0,2007-06-18,0,6,True,True,None,None,0,0.0,0,554197,None,,0,0,-1,1,0.3,364,178,1,5.29,None,,0,3,0.4,0.4,0,0.00,0.0,0.00,0.0,0.00,0.44,2.33,0.0,Chris,0.4,351,164,1,5.29,0,False,0.0,569,237,548,False,0.0,564,235,,17,,None,49,404,244,p554197,0,0,None,0,,554197.jpg,1.0,338,149,False,-7,None,-51.1,"[{'offset': 0, 'projected_percent': '-56.9', 'likelihood': -3}, {'offset': 1, 'projected_percent': '-77.9', 'likelihood': -3}, {'offset': 2, 'projected_percent': '-99.0', 'likelihood': -4}]",1,0,241,False,0,0.0,,[],Rigg,0.0,498,197,False,None,0,0.0,a,0,20,56,2022-12-31,0.0,529,215,2,439,2,2650,30,0.1,0.4,Rigg,0
0,2005-05-09,0,1,True,True,None,None,0,0.0,0,549912,None,,0,0,-2,2,0.9,340,169,2,5.81,None,,0,3,0.2,0.2,0,0.00,0.0,0.00,0.0,0.00,0.14,0.41,0.0,Chemsdine,0.2,407,191,1,2.9,0,False,0.0,620,266,549,False,0.0,615,264,,31,,None,53,233,146,p549912,0,0,None,0,,549912.jpg,1.0,363,166,False,-16,None,-10.9,"[{'offset': 0, 'projected_percent': '-15.8', 'likelihood': -1}, {'offset': 1, 'projected_percent': '-33.5', 'likelihood': -2}, {'offset': 2, 'projected_percent': '-51.1', 'likelihood': -3}]",2,0,145,False,0,0.0,,[],Talbi,0.1,381,139,False,None,0,0.0,a,0,20,56,2025-07-09,0.0,603,257,1,1259,26,11307,87,0.0,0.2,Talbi,0
0,2005-02-09,0,0,True,True,None,None,0,0,0,699989,None,,0,0,0,0,0.0,617,266,0,0,None,,0,3,0.0,0.0,0,0.00,0,0.00,0,0.00,0.00,0,0,Djiamgone Jocelin Ta,0.0,623,268,0,0,0,False,0.0,616,263,550,False,0.0,611,261,,0,,None,50,342,205,p699989,0,0,None,0,,699989.jpg,0.0,623,268,False,0,None,-80.7,"[{'offset': 0, 'projected_percent': '-80.7', 'likelihood': -3}, {'offset': 1, 'projected_percent': '-80.7', 'likelihood': -3}, {'offset': 2, 'projected_percent': '-80.7', 'likelihood': -3}]",0,0,54,False,0,0,,[],Bi,0.0,628,269,False,None,0,0,a,0,20,56,2026-01-16,0.0,596,253,0,278,4,388,7,0.0,0.0,Jocelin.T,0
0,2003-06-19,0,54,True,True,None,None,1,0.35,2,536661,None,,0,0,0,0,26.6,169,98,20,7.09,1,,0,3,2.4,2.4,0,0.12,0.04,0.27,0.09,0.15,3.81,1.35,0.05,Nilson,2.4,137,61,3,1.06,1,False,11.1,153,74,551,False,50.8,155,56,,254,,None,50,321,192,p536661,0,0,None,0,,536661.jpg,3.0,139,59,False,-17,None,1.3,"[{'offset': 0, 'projected_percent': '1.2', 'likelihood': 1}, {'offset': 1, 'projected_percent': '1.0', 'likelihood': 1}, {'offset': 2, 'projected_percent': '0.8', 'likelihood': 1}]",13,0,62,False,0,0.0,,[],Angulo,0.1,391,144,False,None,4,1.42,a,5,20,56,2026-02-02,34.0,116,61,12,12338,59,9954,166,0.5,2.4,N.Angulo,1
0,2002-02-01,0,21,True,True,None,None,1,0.29,1,441264,None,,-1,1,-3,3,52.9,84,7,11,3.2,None,,0,4,1.4,1.4,0,0.07,0.02,0.66,0.19,0.59,5.36,1.56,0.17,Brian,1.4,233,24,4,1.17,0,False,11.3,150,19,552,False,4.4,342,34,,309,,None,57,114,29,p441264,0,0,None,0,,441264.jpg,1.8,250,30,False,-736,None,-1.7,"[{'offset': 0, 'projected_percent': '-4.8', 'likelihood': -1}, {'offset': 1, 'projected_percent': '-16.2', 'likelihood': -1}, {'offset': 2, 'projected_percent': '-27.6', 'likelihood': -2}]",10,0,152,False,0,0.0,,[],Brobbey,5.4,74,10,False,None,4,1.17,a,0,20,56,2025-09-01,58.0,61,15,7,93121,1663,893854,7682,0.2,1.2,Brobbey,1
1,2000-08-27,3,48,True,True,None,None,0,0.0,0,437505,None,,0,0,0,0,0.7,347,43,3,2.84,None,,0,4,2.8,2.8,0,0.01,0.01,1.50,1.42,1.49,1.99,1.89,1.41,Wilson,2.8,117,12,2,1.89,1,False,6.6,229,25,553,False,30.6,221,20,,95,,None,55,143,37,p437505,0,0,None,0,,437505.jpg,3.5,114,12,False,-194,None,6.6,"[{'offset': 0, 'projected_percent': '5.8', 'likelihood': 1}, {'offset': 1, 'projected_percent': '3.2', 'likelihood': 1}, {'offset': 2, 'projected_percent': '0.5', 'likelihood': 1}]",2,0,92,False,0,0.0,,[],Isidor,1.3,158,23,False,None,0,0.0,a,1,20,56,2025-02-01,35.0,115,25,14,92995,693,76607,1453,0.5,2.5,Isidor,0
0,2006-02-15,0,0,True,True,100,100,0,0,0,638411,None,,0,0,0,0,0.0,524,198,0,0,None,,0,2,0.0,0.0,0,0.00,0,0.00,0,0.00,0.00,0,0,Dayann,0.0,548,201,0,0,0,False,0.0,530,198,612,False,0.0,525,198,,0,,2026-08-28T13:00:08.950445Z,45,543,138,p638411,0,0,None,0,,638411.jpg,0.0,548,201,False,0,None,0.0,"[{'offset': 0, 'projected_percent': '0.0', 'likelihood': 0}, {'offset': 1, 'projected_percent': '0.0', 'likelihood': 0}, {'offset': 2, 'projected_percent': '0.0', 'likelihood': 0}]",0,0,73,False,0,0,,[],Méthalie,0.0,619,210,False,None,0,0,a,0,20,56,2026-08-21,0.0,483,193,0,801,12,436,10,0.0,0.0,Methalie,0
0,2006-05-08,0,0,True,True,None,None,0,0,0,696104,None,,0,0,0,0,0.0,530,219,0,0,None,,0,3,0.0,0.0,0,0.00,0,0.00,0,0.00,0.00,0,0,Jules,0.0,554,226,0,0,0,False,0.0,536,214,613,False,0.0,531,212,,0,,None,45,549,289,p696104,0,0,None,0,,696104.jpg,0.0,554,226,False,-36,None,-24.4,"[{'offset': 0, 'projected_percent': '-30.4', 'likelihood': -2}, {'offset': 1, 'projected_percent': '-52.1', 'likelihood': -3}, {'offset': 2, 'projected_percent': '-73.8', 'likelihood': -3}]",0,0,50,False,0,0,,[],Ahoka,0.2,313,110,False,None,0,0,a,0,20,56,2026-08-24,0.0,489,191,0,24890,95,13001,303,0.0,0.0,Ahoka,0
0,2005-03-31,0,5,True,True,None,None,0,0.0,0,549940,None,,0,0,0,0,1.3,330,165,0,0.0,None,,0,3,0.7,0.7,0,0.00,0.0,0.00,0.0,0.00,1.18,3.54,0.0,Malick,0.7,295,137,1,3.0,0,False,0.7,363,168,646,False,0.0,638,280,,30,,None,55,162,102,p549940,0,0,None,0,,549940.jpg,1.0,385,182,False,-9,None,-18.5,"[{'offset': 0, 'projected_percent': '-31.0', 'likelihood': -2}, {'offset': 1, 'projected_percent': '-75.7', 'likelihood': -3}, {'offset': 2, 'projected_percent': '-120.4', 'likelihood': -5}]",0,0,21,False,0,0.0,,[],Fofana,0.0,538,220,False,None,0,0.0,a,0,20,56,2026-09-01,6.0,263,131,2,3793,57,1492,64,0.1,0.4,Fofana,0
0,2008-01-12,0,0,True,True,None,None,0,0,0,661313,None,,0,0,0,0,0.0,527,61,0,0,None,,0,4,0.0,0.0,0,0.00,0,0.00,0,0.00,0.00,0,0,Juan,0.0,551,62,0,0,0,False,0.0,533,59,651,False,0.0,528,56,,0,,None,45,546,78,p661313,0,0,None,0,,661313.jpg,0.0,551,62,False,90,None,4.7,"[{'offset': 0, 'projected_percent': '5.1', 'likelihood': 1}, {'offset': 1, 'projected_percent': '6.3', 'likelihood': 1}, {'offset': 2, 'projected_percent': '7.5', 'likelihood': 1}]",0,0,62,False,0,0,,[],Angulo,0.7,213,34,False,None,0,0,a,0,20,56,2026-09-01,0.0,486,55,0,84400,2532,24067,1052,0.0,0.0,J.Angulo,0
