name,position,team,xP,assists,bonus,bps,clean_sheets,clearances_blocks_interceptions,creativity,defensive_contribution,element,expected_assists,expected_goal_involvements,expected_goals,expected_goals_conceded,fixture,goals_conceded,goals_scored,ict_index,influence,kickoff_time,minutes,modified,opponent_team,own_goals,penalties_missed,penalties_saved,recoveries,red_cards,round,saves,selected,starts,tackles,team_a_score,team_h_score,threat,total_points,transfers_balance,transfers_in,transfers_out,value,was_home,yellow_cards
Sean Neave,FWD,Newcastle,0.0,0,0,0,0,0,0.0,0,466,0.00,0.00,0.00,0.00,15,0,0,0.0,0.0,2026-08-29T16:30:00Z,0,False,19,0,0,0,0,0,2,0,75688,0,0,2,0,0.0,0,-1647,6478,8125,45,False,0
Ismaïla Sarr,MID,Crystal Palace,0.0,0,0,0,0,0,0.0,0,208,0.00,0.00,0.00,0.00,11,0,0,0.0,0.0,2026-08-28T19:00:00Z,0,False,15,0,0,0,0,0,2,0,227391,0,0,4,1,0.0,0,-204476,2102,206578,64,True,0
Martín Zubimendi Ibáñez,MID,Arsenal,1.0,0,0,5,0,0,0.9,2,19,0.00,0.00,0.00,0.00,20,0,0,0.6,4.8,2026-08-31T19:00:00Z,5,False,2,0,0,0,0,0,2,0,94430,0,2,1,0,0.0,1,-19013,1579,20592,55,False,0
Tyrique George,MID,Everton,3.8,0,0,12,0,0,12.2,2,242,0.01,0.06,0.05,0.58,12,1,0,3.4,6.0,2026-08-29T14:00:00Z,61,False,3,0,0,0,1,0,2,0,28043,1,1,1,1,16.0,2,-209,2273,2482,55,False,0
Xaver Schlager,MID,Nott'm Forest,2.2,0,0,15,0,3,0.7,15,558,0.00,0.05,0.05,1.75,14,2,0,2.9,21.2,2026-08-29T11:30:00Z,90,False,14,0,0,0,7,0,2,0,9781,1,5,2,2,7.0,4,-986,158,1144,50,False,0
Matt O'Riley,MID,Brighton,0.4,0,0,0,0,0,0.0,0,126,0.00,0.00,0.00,0.00,16,0,0,0.0,0.0,2026-08-30T13:00:00Z,0,False,6,0,0,0,0,0,2,0,10143,0,0,3,4,0.0,0,-696,656,1352,55,False,0
Jamie Bynoe-Gittens,MID,Chelsea,0.0,0,0,0,0,0,0.0,0,158,0.00,0.00,0.00,0.00,16,0,0,0.0,0.0,2026-08-30T13:00:00Z,0,False,5,0,0,0,0,0,2,0,3391,0,0,3,4,0.0,0,-502,271,773,60,True,0
António João Pereira de Albuquerque Tavares da Silva,DEF,Bournemouth,2.0,0,0,11,0,8,1.8,10,566,0.03,0.28,0.25,1.84,12,1,0,3.3,18.6,2026-08-29T14:00:00Z,90,False,9,0,0,0,4,0,2,0,36812,1,2,1,1,13.0,4,5175,7365,2190,50,True,0
Kai Andrews,MID,Coventry City,0.0,0,0,0,0,0,0.0,0,192,0.00,0.00,0.00,0.00,13,0,0,0.0,0.0,2026-08-29T14:00:00Z,0,False,11,0,0,0,0,0,2,0,62913,0,0,1,0,0.0,0,-4618,2576,7194,45,True,0
Matheus Nunes,DEF,Man City,2.0,0,0,0,0,0,0.0,0,389,0.00,0.00,0.00,0.00,11,0,0,0.0,0.0,2026-08-28T19:00:00Z,0,False,8,0,0,0,0,0,2,0,142089,0,0,4,1,0.0,0,-14462,3031,17493,60,False,0
Jair Paula da Cunha Filho,DEF,Nott'm Forest,1.5,0,0,6,0,6,0.4,8,474,0.00,0.00,0.00,1.75,14,2,0,1.5,14.6,2026-08-29T11:30:00Z,90,False,14,0,0,0,3,0,2,0,21029,1,2,2,2,0.0,1,-1300,259,1559,45,False,0
Rúben dos Santos Gato Alves Dias,DEF,Man City,3.2,0,0,19,0,5,22.3,6,390,0.57,0.66,0.09,0.66,11,1,0,8.4,27.0,2026-08-28T19:00:00Z,90,False,8,0,0,0,6,0,2,0,176387,1,1,4,1,35.0,2,-2699,9858,12557,55,False,0
Tyler Fredricson,DEF,Man Utd,0.0,0,0,0,0,0,0.0,0,425,0.00,0.00,0.00,0.00,18,0,0,0.0,0.0,2026-08-30T15:30:00Z,0,False,12,0,0,0,0,0,2,0,1885,0,0,2,5,0.0,0,-680,0,680,40,True,0
Luke Shaw,DEF,Man Utd,0.7,0,0,12,0,4,1.6,8,423,0.02,0.02,0.00,1.06,18,1,0,2.4,18.4,2026-08-30T15:30:00Z,72,False,12,0,0,0,2,0,2,0,1935721,1,4,2,5,4.0,2,-74162,42927,117089,45,True,0
Romaine Mundle,MID,Sunderland,0.0,0,0,2,0,1,0.1,1,547,0.00,0.17,0.17,0.09,19,0,0,2.5,8.0,2026-08-30T13:00:00Z,1,False,10,0,0,0,0,0,2,0,822,0,0,0,1,17.0,1,-110,40,150,50,True,0
Senne Lammens,GK,Man Utd,1.4,0,0,11,0,1,0.0,0,412,0.00,0.00,0.00,2.06,18,2,0,2.7,27.0,2026-08-30T15:30:00Z,90,False,12,0,0,0,6,0,2,3,1543070,1,0,2,5,0.0,2,-53896,34714,88610,50,True,0
Ilia Gruev,MID,Leeds,0.0,0,0,0,0,0,0.0,0,344,0.00,0.00,0.00,0.00,17,0,0,0.0,0.0,2026-08-30T13:00:00Z,0,False,4,0,0,0,0,0,2,0,362,0,0,1,1,0.0,0,-120,9,129,50,True,0
Giorgi Mamardashvili,GK,Liverpool,0.0,0,0,0,0,0,0.0,0,351,0.00,0.00,0.00,0.00,14,0,0,0.0,0.0,2026-08-29T11:30:00Z,0,False,18,0,0,0,0,0,2,0,15032,0,0,2,2,0.0,0,-1380,658,2038,50,True,0
Antonín Kinský,GK,Spurs,3.6,0,0,4,0,0,0.0,0,496,0.00,0.00,0.00,0.72,15,2,0,0.4,3.8,2026-08-29T16:30:00Z,90,False,17,0,0,0,6,0,2,0,2247365,1,0,2,0,0.0,1,-41526,40625,82151,45,True,0
Vitaly Janelt,MID,Brentford,5.6,0,0,11,0,5,35.4,10,98,0.14,0.14,0.00,1.46,17,1,0,5.6,16.4,2026-08-30T13:00:00Z,90,False,13,0,0,0,2,0,2,0,49684,1,3,1,1,4.0,1,29474,33759,4285,50,False,1
Cristian Romero,DEF,Spurs,0.0,0,0,0,0,0,0.0,0,500,0.00,0.00,0.00,0.00,15,0,0,0.0,0.0,2026-08-29T16:30:00Z,0,False,17,0,0,0,0,0,2,0,14805,0,0,2,0,0.0,0,-10779,0,10779,50,True,0
Caoimhín Kelleher,GK,Brentford,4.0,0,0,7,0,2,0.0,0,82,0.00,0.00,0.00,1.46,17,1,0,0.9,9.4,2026-08-30T13:00:00Z,90,False,13,0,0,0,4,0,2,1,649790,1,0,1,1,0.0,2,54510,74434,19924,50,False,0
Guglielmo Vicario,GK,Spurs,0.0,0,0,0,0,0,0.0,0,494,0.00,0.00,0.00,0.00,15,0,0,0.0,0.0,2026-08-29T16:30:00Z,0,False,17,0,0,0,0,0,2,0,23872,0,0,2,0,0.0,0,-11437,0,11437,45,True,0
Gerónimo Rulli,GK,Man City,0.0,0,0,0,0,0,0.0,0,587,0.00,0.00,0.00,0.00,11,0,0,0.0,0.0,2026-08-28T19:00:00Z,0,False,8,0,0,0,0,0,2,0,2020,0,0,4,1,0.0,0,-130,94,224,50,False,0
Vitezslav Jaros,GK,Liverpool,0.0,0,0,0,0,0,0.0,0,354,0.00,0.00,0.00,0.00,14,0,0,0.0,0.0,2026-08-29T11:30:00Z,0,False,18,0,0,0,0,0,2,0,1453,0,0,2,2,0.0,0,-16,163,179,40,True,0
Ellis Simms,FWD,Coventry City,0.6,0,0,0,0,0,0.0,0,195,0.00,0.00,0.00,0.00,13,0,0,0.0,0.0,2026-08-29T14:00:00Z,0,False,11,0,0,0,0,0,2,0,100916,0,0,1,0,0.0,0,10333,19936,9603,50,True,0
Borna Sosa,DEF,Crystal Palace,0.0,0,0,0,0,0,0.0,0,205,0.00,0.00,0.00,0.00,11,0,0,0.0,0.0,2026-08-28T19:00:00Z,0,False,15,0,0,0,0,0,2,0,3040,0,0,4,1,0.0,0,-226,126,352,45,True,0
Ryan Gravenberch,MID,Liverpool,1.6,0,0,7,0,0,12.1,1,371,0.01,0.01,0.00,0.07,14,0,0,1.7,4.4,2026-08-29T11:30:00Z,19,False,18,0,0,0,0,0,2,0,196536,0,1,2,2,0.0,1,-178,15005,15183,60,True,0
Wilson Isidor,FWD,Sunderland,2.8,0,3,29,0,0,0.1,0,553,0.00,1.39,1.39,0.37,19,0,1,5.4,29.2,2026-08-30T13:00:00Z,26,False,10,0,0,0,0,0,2,0,85703,0,0,0,1,25.0,8,-10451,2470,12921,55,True,0
Yéremy Pino Santos,MID,Crystal Palace,2.4,1,0,27,0,2,34.2,10,211,0.07,0.12,0.05,2.01,11,3,0,5.4,10.8,2026-08-28T19:00:00Z,67,False,15,0,0,0,6,0,2,0,18326,1,2,4,1,9.0,5,-2144,314,2458,55,True,0
Harvey Elliott,MID,Liverpool,0.0,0,0,0,0,0,0.0,0,383,0.00,0.00,0.00,0.00,14,0,0,0.0,0.0,2026-08-29T11:30:00Z,0,False,18,0,0,0,0,0,2,0,7117,0,0,2,2,0.0,0,-836,380,1216,55,True,0
Gabriel Gudmundsson,DEF,Leeds,1.6,0,0,0,0,0,0.0,0,331,0.00,0.00,0.00,0.00,17,0,0,0.0,0.0,2026-08-30T13:00:00Z,0,False,4,0,0,0,0,0,2,0,4329,0,0,1,1,0.0,0,-926,66,992,45,True,0
Andrey Nascimento dos Santos,MID,Man Utd,0.8,0,0,2,0,0,0.7,5,162,0.00,0.00,0.00,1.00,18,1,0,0.7,6.2,2026-08-30T15:30:00Z,10,False,12,0,0,0,2,0,2,0,96490,0,3,2,5,0.0,1,-7693,7456,15149,50,True,0
Altay Bayındır,GK,Man Utd,0.0,0,0,0,0,0,0.0,0,413,0.00,0.00,0.00,0.00,18,0,0,0.0,0.0,2026-08-30T15:30:00Z,0,False,12,0,0,0,0,0,2,0,1739,0,0,2,5,0.0,0,-588,0,588,45,True,0
Tino Livramento,DEF,Newcastle,0.8,0,0,0,0,0,0.0,0,450,0.00,0.00,0.00,0.00,15,0,0,0.0,0.0,2026-08-29T16:30:00Z,0,False,19,0,0,0,0,0,2,0,3475,0,0,2,0,0.0,0,-1137,91,1228,50,False,0
Ali Al-Hamadi,FWD,Ipswich Town,0.0,0,0,0,0,0,0.0,0,322,0.00,0.00,0.00,0.00,18,0,0,0.0,0.0,2026-08-30T15:30:00Z,0,False,16,0,0,0,0,0,2,0,12213,0,0,2,5,0.0,0,-2247,755,3002,50,False,0
Jorge Cuenca Barreno,DEF,Fulham,0.6,0,0,0,0,0,0.0,0,255,0.00,0.00,0.00,0.00,19,0,0,0.0,0.0,2026-08-30T13:00:00Z,0,False,20,0,0,0,0,0,2,0,3423,0,0,0,1,0.0,0,522,781,259,45,False,0
Igor Julio dos Santos de Paulo,DEF,Brighton,0.0,0,0,0,0,0,0.0,0,118,0.00,0.00,0.00,0.00,16,0,0,0.0,0.0,2026-08-30T13:00:00Z,0,False,6,0,0,0,0,0,2,0,8240,0,0,3,4,0.0,0,-404,471,875,45,False,0
Ryan Christie,MID,Bournemouth,0.6,0,0,5,0,0,0.3,2,75,0.00,0.00,0.00,0.13,12,1,0,0.3,2.8,2026-08-29T14:00:00Z,3,False,9,0,0,0,1,0,2,0,1962,0,1,1,1,0.0,1,364,560,196,50,True,0
Harry Maguire,DEF,Man Utd,1.6,1,0,13,0,4,1.5,5,418,0.01,0.04,0.03,2.06,18,2,0,1.5,7.2,2026-08-30T15:30:00Z,90,False,12,0,0,0,4,0,2,0,1686850,1,1,2,5,6.0,4,-53358,52953,106311,50,True,0
Óscar Zambrano,MID,Hull City,0.0,0,0,0,0,0,0.0,0,294,0.00,0.00,0.00,0.00,13,0,0,0.0,0.0,2026-08-29T14:00:00Z,0,False,7,0,0,0,0,0,2,0,10090,0,0,1,0,0.0,0,-1658,491,2149,45,False,0
Toby Collyer,MID,Man Utd,0.0,0,0,0,0,0,0.0,0,436,0.00,0.00,0.00,0.00,18,0,0,0.0,0.0,2026-08-30T15:30:00Z,0,False,12,0,0,0,0,0,2,0,1667,0,0,2,5,0.0,0,-174,60,234,50,True,0
Regan Slater,MID,Hull City,3.0,0,0,6,1,2,2.8,10,290,0.01,0.01,0.00,1.29,13,0,0,1.5,9.8,2026-08-29T14:00:00Z,90,False,7,0,0,0,4,0,2,0,391444,1,4,1,0,2.0,2,69997,92371,22374,45,False,1
Jaka Bijol,DEF,Leeds,2.4,0,0,0,0,5,0.2,5,327,0.00,0.00,0.00,0.55,17,1,0,0.9,8.4,2026-08-30T13:00:00Z,45,False,4,0,0,0,2,0,2,0,96315,1,0,1,1,0.0,1,37035,45219,8184,50,True,0
Eliot Matazo,MID,Hull City,0.0,0,0,0,0,0,0.0,0,291,0.00,0.00,0.00,0.00,13,0,0,0.0,0.0,2026-08-29T14:00:00Z,0,False,7,0,0,0,0,0,2,0,625,0,0,1,0,0.0,0,-32,64,96,45,False,0
Dango Ouattara,MID,Brentford,1.4,0,0,16,0,3,15.5,7,95,0.08,0.10,0.02,1.36,17,1,0,3.3,15.4,2026-08-30T13:00:00Z,29,False,13,0,0,0,3,0,2,0,110686,0,1,1,1,2.0,1,-3604,7348,10952,65,False,0
Veljko Milosavljevic,DEF,Bournemouth,0.0,0,0,0,0,0,0.0,0,63,0.00,0.00,0.00,0.00,12,0,0,0.0,0.0,2026-08-29T14:00:00Z,0,False,9,0,0,0,0,0,2,0,1026,0,0,1,1,0.0,0,-222,74,296,50,True,0
Kjell Scherpen,GK,Ipswich Town,1.4,0,0,9,0,4,0.0,0,564,0.01,0.01,0.00,4.77,18,5,0,4.6,46.4,2026-08-30T15:30:00Z,90,False,16,0,0,0,13,0,2,6,62701,1,0,2,5,0.0,2,-2247,1329,3576,45,False,0
Jurriën Timber,DEF,Arsenal,0.2,0,0,0,0,0,0.0,0,5,0.00,0.00,0.00,0.00,20,0,0,0.0,0.0,2026-08-31T19:00:00Z,0,False,2,0,0,0,0,0,2,0,9810,0,0,1,0,0.0,0,-2703,401,3104,65,False,0
Loum Tchaouna,MID,Coventry City,0.8,0,0,7,0,2,18.5,6,190,0.13,0.18,0.05,0.02,13,0,0,3.1,7.0,2026-08-29T14:00:00Z,58,False,11,0,0,0,3,0,2,0,16325,1,1,1,0,5.0,1,1311,2762,1451,55,True,0
Richarlison de Andrade,FWD,Spurs,0.0,0,0,0,0,0,0.0,0,527,0.00,0.00,0.00,0.00,15,0,0,0.0,0.0,2026-08-29T16:30:00Z,0,False,17,0,0,0,0,0,2,0,275481,0,0,2,0,0.0,0,-31748,14723,46471,60,True,0
Dominic Solanke-Mitchell,FWD,Spurs,1.4,0,0,6,0,0,0.3,0,526,0.00,0.20,0.20,0.00,15,0,0,1.0,3.2,2026-08-29T16:30:00Z,15,False,17,0,0,0,0,0,2,0,131276,0,0,2,0,6.0,1,-12606,8212,20818,60,True,0
John Egan,DEF,Hull City,5.2,0,1,25,1,12,0.4,13,277,0.00,0.00,0.00,1.29,13,0,0,2.4,23.8,2026-08-29T14:00:00Z,90,False,7,0,0,0,1,0,2,0,197783,1,1,1,0,0.0,9,31730,42937,11207,40,False,0
Nikola Milenković,DEF,Nott'm Forest,0.0,0,0,3,0,10,0.0,13,471,0.00,0.00,0.00,1.75,14,2,0,1.7,17.0,2026-08-29T11:30:00Z,90,False,14,0,0,0,3,0,2,0,176049,1,3,2,2,0.0,3,-14450,2591,17041,55,False,0
Joao Gomes,MID,Aston Villa,0.4,0,0,0,0,0,0.0,0,54,0.00,0.00,0.00,0.00,20,0,0,0.0,0.0,2026-08-31T19:00:00Z,0,False,1,0,0,0,0,0,2,0,5096,0,0,1,0,0.0,0,-1729,154,1883,55,True,0
Matt Crooks,MID,Hull City,0.6,0,0,0,0,0,0.0,0,289,0.00,0.00,0.00,0.00,13,0,0,0.0,0.0,2026-08-29T14:00:00Z,0,False,7,0,0,0,0,0,2,0,71261,0,0,1,0,0.0,0,4451,10141,5690,45,False,0
Fábio Freitas Gouveia Carvalho,MID,Brentford,1.2,0,0,0,0,0,0.0,0,100,0.00,0.00,0.00,0.00,17,0,0,0.0,0.0,2026-08-30T13:00:00Z,0,False,13,0,0,0,0,0,2,0,1624,0,0,1,1,0.0,0,-91,155,246,50,False,0
Nathan Collins,DEF,Brentford,0.0,0,0,14,0,11,0.9,13,84,0.01,0.18,0.17,1.46,17,1,0,6.3,28.0,2026-08-30T13:00:00Z,90,False,13,0,0,0,8,0,2,0,207535,1,2,1,1,34.0,3,15716,25089,9373,55,False,1
Francisco Evanilson de Lima Barbosa,FWD,Bournemouth,3.2,1,0,11,1,1,22.2,3,79,0.04,0.62,0.58,1.67,12,0,0,5.9,15.0,2026-08-29T14:00:00Z,80,False,9,0,0,0,2,0,2,0,300527,1,0,1,1,22.0,5,53599,72625,19026,60,True,0
Martin Dubravka,GK,Spurs,0.0,0,0,0,0,0,0.0,0,497,0.00,0.00,0.00,0.00,15,0,0,0.0,0.0,2026-08-29T16:30:00Z,0,False,17,0,0,0,0,0,2,0,1835588,0,0,2,0,0.0,0,-28731,35086,63817,40,True,0
Matz Sels,GK,Nott'm Forest,2.4,0,0,6,0,3,0.0,0,467,0.01,0.01,0.00,1.75,14,2,0,1.7,16.6,2026-08-29T11:30:00Z,90,False,14,0,0,0,6,0,2,2,148147,1,0,2,2,0.0,1,-8396,3350,11746,50,False,0
Daichi Kamada,MID,Crystal Palace,3.6,0,0,21,0,1,2.8,9,214,0.02,0.07,0.05,2.21,11,4,0,2.7,17.6,2026-08-28T19:00:00Z,90,False,15,0,0,0,2,0,2,0,27191,1,6,4,1,7.0,2,-1150,1944,3094,50,True,0
Sepp van den Berg,DEF,Brentford,0.0,0,0,0,0,0,0.0,0,85,0.00,0.00,0.00,0.00,17,0,0,0.0,0.0,2026-08-30T13:00:00Z,0,False,13,0,0,0,0,0,2,0,10710,0,0,1,1,0.0,0,-3978,145,4123,50,False,0
Michael Svoboda,DEF,Brighton,0.2,0,0,0,0,0,0.0,0,120,0.00,0.00,0.00,0.00,16,0,0,0.0,0.0,2026-08-30T13:00:00Z,0,False,6,0,0,0,0,0,2,0,5185,0,0,3,4,0.0,0,84,768,684,50,False,0
Nicolás Domínguez,MID,Nott'm Forest,0.2,0,0,3,0,0,0.0,0,487,0.00,0.00,0.00,0.00,14,0,0,0.0,0.2,2026-08-29T11:30:00Z,1,False,14,0,0,0,0,0,2,0,7613,0,0,2,2,0.0,1,-848,214,1062,50,False,0
Micky van de Ven,DEF,Spurs,3.2,0,0,5,0,7,2.1,8,503,0.02,0.02,0.00,0.72,15,2,0,1.7,15.2,2026-08-29T16:30:00Z,90,False,17,0,0,0,4,0,2,0,422798,1,1,2,0,0.0,0,-116329,8374,124703,50,True,1
Keane Lewis-Potter,MID,Brentford,4.4,1,1,29,0,3,31.6,11,86,0.13,0.15,0.02,1.46,17,1,0,7.2,38.4,2026-08-30T13:00:00Z,87,False,13,0,0,0,6,0,2,0,116486,1,2,1,1,2.0,6,45826,52542,6716,55,False,0
Alex Scott,MID,Bournemouth,5.6,0,3,39,1,3,32.1,15,69,0.27,0.53,0.26,1.71,12,0,1,10.1,47.6,2026-08-29T14:00:00Z,86,False,9,0,0,0,9,0,2,0,145926,1,3,1,1,21.0,12,-4366,8520,12886,60,True,1
Morgan Gibbs-White,MID,Nott'm Forest,5.2,1,3,36,0,1,12.5,5,480,0.04,0.83,0.79,1.75,14,2,1,8.6,56.4,2026-08-29T11:30:00Z,90,False,14,0,0,0,2,0,2,0,815842,1,2,2,2,17.0,13,-274313,8780,283093,80,False,0
Matt Targett,DEF,Hull City,0.2,0,0,0,0,0,0.0,0,556,0.00,0.00,0.00,0.00,13,0,0,0.0,0.0,2026-08-29T14:00:00Z,0,False,7,0,0,0,0,0,2,0,224749,0,0,1,0,0.0,0,-10048,5393,15441,40,False,0
Anthony Elanga,MID,Newcastle,0.0,0,0,32,1,0,15.3,3,454,0.10,0.30,0.20,0.74,15,0,1,8.1,36.8,2026-08-29T16:30:00Z,81,False,19,0,0,0,1,0,2,0,215548,1,2,2,0,29.0,8,83568,95441,11873,60,False,0
Josh King,MID,Fulham,4.4,0,0,8,0,1,4.5,4,268,0.03,0.50,0.47,2.02,19,1,0,3.6,10.6,2026-08-30T13:00:00Z,90,False,20,0,0,0,1,0,2,0,59498,1,2,0,1,21.0,2,30519,34683,4164,55,False,0
Ben Gannon-Doak,MID,Bournemouth,0.6,0,0,0,0,0,0.0,0,72,0.00,0.00,0.00,0.00,12,0,0,0.0,0.0,2026-08-29T14:00:00Z,0,False,9,0,0,0,0,0,2,0,8171,0,0,1,1,0.0,0,-468,365,833,50,True,0
Daniel Muñoz Mejía,DEF,Crystal Palace,0.6,0,0,0,0,0,0.0,0,201,0.00,0.00,0.00,0.00,11,0,0,0.0,0.0,2026-08-28T19:00:00Z,0,False,15,0,0,0,0,0,2,0,815530,0,0,4,1,0.0,0,-109781,15645,125426,55,True,0
Jacob Murphy,MID,Newcastle,0.6,0,0,3,0,0,3.1,3,457,0.20,0.20,0.00,0.38,15,0,0,0.7,2.2,2026-08-29T16:30:00Z,8,False,19,0,0,0,2,0,2,0,15641,0,1,2,0,2.0,1,-1965,717,2682,60,False,0
Enes Ünal,FWD,Bournemouth,0.0,0,0,0,0,0,0.0,0,80,0.00,0.00,0.00,0.00,12,0,0,0.0,0.0,2026-08-29T14:00:00Z,0,False,9,0,0,0,0,0,2,0,2487,0,0,1,1,0.0,0,-1070,0,1070,55,True,0
Alysson Edward Franco da Rocha dos Santos,MID,Aston Villa,1.6,0,0,2,0,0,0.8,2,52,0.00,0.00,0.00,0.02,20,0,0,0.4,1.2,2026-08-31T19:00:00Z,19,False,1,0,0,0,1,0,2,0,4426,0,1,1,0,2.0,0,-253,343,596,50,True,1
Zavier Gozo,MID,Crystal Palace,0.4,0,0,3,0,0,1.3,1,595,0.00,0.00,0.00,0.20,11,1,0,0.3,1.4,2026-08-28T19:00:00Z,22,False,15,0,0,0,0,0,2,0,1414,0,1,4,1,0.0,1,-72,101,173,50,True,0
Freddie Woodman,GK,Liverpool,0.0,0,0,0,0,0,0.0,0,352,0.00,0.00,0.00,0.00,14,0,0,0.0,0.0,2026-08-29T11:30:00Z,0,False,18,0,0,0,0,0,2,0,107195,0,0,2,2,0.0,0,-2260,3263,5523,40,True,0
Tyler Adams,MID,Bournemouth,1.6,0,0,4,0,0,1.3,3,73,0.00,0.00,0.00,0.16,12,1,0,0.3,1.6,2026-08-29T14:00:00Z,21,False,9,0,0,0,3,0,2,0,22708,0,0,1,1,0.0,1,177,3032,2855,50,True,0
Kristoffer Ajer,DEF,Brentford,4.2,0,0,7,0,17,21.0,17,87,0.01,0.01,0.00,1.46,17,1,0,6.1,37.8,2026-08-30T13:00:00Z,90,False,13,0,0,0,2,0,2,0,412431,1,0,1,1,2.0,3,56076,69978,13902,45,False,1
Ewen Jaouen,GK,Newcastle,0.0,0,0,0,0,0,0.0,0,444,0.00,0.00,0.00,0.00,15,0,0,0.0,0.0,2026-08-29T16:30:00Z,0,False,19,0,0,0,0,0,2,0,2775,0,0,2,0,0.0,0,-224,124,348,45,False,0
Charlie Hughes,DEF,Hull City,0.0,0,0,0,0,0,0.0,0,278,0.00,0.00,0.00,0.00,13,0,0,0.0,0.0,2026-08-29T14:00:00Z,0,False,7,0,0,0,0,0,2,0,10606,0,0,1,0,0.0,0,-2221,99,2320,40,False,0
Nilson Angulo,MID,Sunderland,2.4,0,0,13,1,0,16.7,5,551,0.04,0.04,0.00,0.58,19,0,0,2.4,7.2,2026-08-30T13:00:00Z,64,False,10,0,0,0,4,0,2,0,13112,1,1,0,1,0.0,3,3964,5343,1379,50,True,0
Matteo Ruggeri,DEF,Aston Villa,1.0,0,0,0,0,0,0.0,0,596,0.00,0.00,0.00,0.00,20,0,0,0.0,0.0,2026-08-31T19:00:00Z,0,False,1,0,0,0,0,0,2,0,10673,0,0,1,0,0.0,0,-243,856,1099,45,True,0
Trevoh Chalobah,DEF,Chelsea,0.0,0,0,0,0,0,0.0,0,143,0.00,0.00,0.00,0.00,16,0,0,0.0,0.0,2026-08-30T13:00:00Z,0,False,5,0,0,0,0,0,2,0,12877,0,0,3,4,0.0,0,-8058,0,8058,55,True,0
Malick Thiaw,DEF,Newcastle,2.8,0,0,25,1,3,1.5,3,445,0.02,0.02,0.00,1.12,15,0,0,0.8,6.8,2026-08-29T16:30:00Z,90,False,19,0,0,0,1,0,2,0,175248,1,0,2,0,0.0,6,8900,19798,10898,50,False,0
Amar Dedic,DEF,Newcastle,0.0,1,2,37,1,5,30.4,8,593,0.06,0.06,0.00,1.12,15,0,0,7.3,42.6,2026-08-29T16:30:00Z,90,False,19,0,0,0,5,0,2,0,36928,1,3,2,0,0.0,11,8203,10359,2156,45,False,0
Lewie Coyle,DEF,Hull City,2.8,0,0,2,0,4,0.3,4,280,0.00,0.00,0.00,1.09,13,0,0,0.5,4.6,2026-08-29T14:00:00Z,45,False,7,0,0,0,1,0,2,0,62770,1,0,1,0,0.0,0,-2458,2623,5081,40,False,1
Illan Meslier,GK,Arsenal,0.0,0,0,0,0,0,0.0,0,3,0.00,0.00,0.00,0.00,20,0,0,0.0,0.0,2026-08-31T19:00:00Z,0,False,2,0,0,0,0,0,2,0,3125,0,0,1,0,0.0,0,-391,101,492,50,False,0
James Maddison,MID,Spurs,0.6,0,0,0,0,0,0.0,0,515,0.00,0.00,0.00,0.00,15,0,0,0.0,0.0,2026-08-29T16:30:00Z,0,False,17,0,0,0,0,0,2,0,96409,0,0,2,0,0.0,0,-34300,2686,36986,65,True,0
Joško Gvardiol,DEF,Man City,6.6,1,0,18,0,1,30.8,2,391,0.04,0.04,0.00,0.66,11,1,0,6.0,27.6,2026-08-28T19:00:00Z,74,False,8,0,0,0,0,0,2,0,1383738,1,1,4,1,2.0,5,193061,228418,35357,55,False,0
Rayan Cherki,MID,Man City,5.2,0,3,60,0,0,47.8,3,399,0.55,0.90,0.35,0.66,11,1,2,17.2,74.8,2026-08-28T19:00:00Z,81,False,8,0,0,0,3,0,2,0,1073154,1,0,4,1,49.0,14,161916,203318,41402,75,False,1
Jake O'Brien,DEF,Everton,0.4,0,0,0,0,0,0.0,0,232,0.00,0.00,0.00,0.00,12,0,0,0.0,0.0,2026-08-29T14:00:00Z,0,False,3,0,0,0,0,0,2,0,42208,0,0,1,1,0.0,0,-6326,1403,7729,50,False,0
Jordan Pickford,GK,Everton,5.0,0,0,22,0,4,0.0,0,226,0.00,0.00,0.00,2.16,12,1,0,3.2,31.6,2026-08-29T14:00:00Z,90,False,3,0,0,0,11,0,2,4,878157,1,0,1,1,0.0,3,35349,63539,28190,55,False,0
Bradley Burrowes,MID,Aston Villa,0.0,0,0,0,0,0,0.0,0,50,0.00,0.00,0.00,0.00,20,0,0,0.0,0.0,2026-08-31T19:00:00Z,0,False,1,0,0,0,0,0,2,0,64781,0,0,1,0,0.0,0,-3255,3513,6768,45,True,0
Pedro Porro Sauceda,DEF,Spurs,1.8,0,0,1,0,3,7.9,4,499,0.10,0.43,0.33,0.72,15,2,0,3.8,9.4,2026-08-29T16:30:00Z,90,False,17,0,0,0,2,0,2,0,1331308,1,1,2,0,21.0,1,-296944,20574,317518,55,True,0
Walter Benítez,GK,Crystal Palace,0.4,0,0,0,0,0,0.0,0,199,0.00,0.00,0.00,0.00,11,0,0,0.0,0.0,2026-08-28T19:00:00Z,0,False,15,0,0,0,0,0,2,0,11403,0,0,4,1,0.0,0,-908,468,1376,45,True,0
Jeremy Monga,MID,Man City,0.0,0,0,0,0,0,0.0,0,410,0.00,0.00,0.00,0.00,11,0,0,0.0,0.0,2026-08-28T19:00:00Z,0,False,8,0,0,0,0,0,2,0,1523,0,0,4,1,0.0,0,-207,76,283,50,False,0
Moisés Caicedo Corozo,MID,Chelsea,0.1,0,0,3,0,0,0.1,0,159,0.00,0.00,0.00,0.07,16,0,0,0.0,0.0,2026-08-30T13:00:00Z,13,False,5,0,0,0,0,0,2,0,282404,0,0,3,4,0.0,1,-88842,9481,98323,55,True,0
Mason Mount,MID,Man Utd,0.0,0,0,0,0,0,0.0,0,430,0.00,0.00,0.00,0.00,18,0,0,0.0,0.0,2026-08-30T15:30:00Z,0,False,12,0,0,0,0,0,2,0,2752,0,0,2,5,0.0,0,-660,35,695,55,True,0
Lewis Cook,MID,Bournemouth,1.4,0,0,13,1,0,12.8,2,71,0.01,0.01,0.00,1.67,12,0,0,1.7,3.8,2026-08-29T14:00:00Z,68,False,9,0,0,0,2,0,2,0,18237,1,0,1,1,0.0,3,1552,3259,1707,50,True,0
Kobbie Mainoo,MID,Man Utd,3.6,0,0,25,0,2,7.2,15,432,0.27,0.41,0.14,1.06,18,1,0,3.1,15.2,2026-08-30T15:30:00Z,79,False,12,0,0,0,10,0,2,0,93316,1,3,2,5,9.0,4,-10233,3460,13693,55,True,0
Nordi Mukiele,DEF,Sunderland,2.6,0,1,28,1,17,8.0,19,533,0.01,0.01,0.00,0.95,19,0,0,5.3,42.6,2026-08-30T13:00:00Z,90,False,10,0,0,0,4,0,2,0,244003,1,2,0,1,2.0,9,-32999,5588,38587,55,True,0
Sean Steur,MID,Newcastle,1.6,0,0,4,0,3,0.0,3,462,0.00,0.00,0.00,0.38,15,0,0,0.5,5.0,2026-08-29T16:30:00Z,19,False,19,0,0,0,0,0,2,0,10539,0,0,2,0,0.0,1,-238,762,1000,50,False,0
El Hadji Malick Diouf,DEF,Brentford,0.5,0,0,0,0,0,0.0,0,620,0.00,0.00,0.00,0.00,17,0,0,0.0,0.0,2026-08-30T13:00:00Z,0,False,13,0,0,0,0,0,2,0,817,0,0,1,1,0.0,0,563,600,37,45,False,0
Shumaira Mheuka,FWD,Chelsea,0.0,0,0,0,0,0,0.0,0,169,0.00,0.00,0.00,0.00,16,0,0,0.0,0.0,2026-08-30T13:00:00Z,0,False,5,0,0,0,0,0,2,0,34265,0,0,3,4,0.0,0,-1480,2929,4409,45,True,0
David Raya Martín,GK,Arsenal,6.0,0,0,21,1,1,0.0,0,1,0.00,0.00,0.00,0.33,20,0,0,0.6,5.6,2026-08-31T19:00:00Z,90,False,2,0,0,0,11,0,2,0,3801300,1,0,1,0,0.0,6,24756,106734,81978,60,False,0
Samuel Iling-Junior,MID,Aston Villa,0.0,0,0,0,0,0,0.0,0,49,0.00,0.00,0.00,0.00,20,0,0,0.0,0.0,2026-08-31T19:00:00Z,0,False,1,0,0,0,0,0,2,0,271,0,0,1,0,0.0,0,-120,0,120,50,True,0
Ibrahim Sangaré,MID,Nott'm Forest,0.6,0,0,0,0,0,0.0,0,488,0.00,0.00,0.00,0.00,14,0,0,0.0,0.0,2026-08-29T11:30:00Z,0,False,14,0,0,0,0,0,2,0,88298,0,0,2,2,0.0,0,-15127,2850,17977,50,False,0
John Victor Maciel Furtado,GK,Nott'm Forest,0.0,0,0,0,0,0,0.0,0,468,0.00,0.00,0.00,0.00,14,0,0,0.0,0.0,2026-08-29T11:30:00Z,0,False,14,0,0,0,0,0,2,0,6338,0,0,2,2,0.0,0,-288,178,466,45,False,0
Caleb Yirenkyi,MID,Coventry City,1.2,0,0,17,1,3,16.0,7,575,0.13,0.16,0.03,0.02,13,0,0,3.2,9.4,2026-08-29T14:00:00Z,70,False,11,0,0,0,4,0,2,0,23711,1,0,1,0,7.0,3,-1578,997,2575,50,True,0
Noni Madueke,MID,Arsenal,0.4,0,0,0,0,0,0.0,0,16,0.00,0.00,0.00,0.00,20,0,0,0.0,0.0,2026-08-31T19:00:00Z,0,False,2,0,0,0,0,0,2,0,29476,0,0,1,0,0.0,0,-6819,1412,8231,64,False,0
Luca Williams-Barnett,MID,Spurs,0.0,0,0,0,0,0,0.0,0,601,0.00,0.00,0.00,0.00,15,0,0,0.0,0.0,2026-08-29T16:30:00Z,0,False,17,0,0,0,0,0,2,0,7704,0,0,2,0,0.0,0,2052,2636,584,45,True,0
Miguel Brau,DEF,Coventry City,0.0,0,0,0,0,0,0.0,0,181,0.00,0.00,0.00,0.00,13,0,0,0.0,0.0,2026-08-29T14:00:00Z,0,False,11,0,0,0,0,0,2,0,4079,0,0,1,0,0.0,0,-82,256,338,40,True,0
Nico Elvedi,DEF,Leeds,1.4,0,0,9,0,5,1.1,6,598,0.00,0.00,0.00,1.32,17,1,0,2.3,16.0,2026-08-30T13:00:00Z,56,False,4,0,0,0,4,0,2,0,2511,0,1,1,1,6.0,1,75,354,279,45,True,0
Federico Chiesa,MID,Liverpool,0.0,0,0,0,0,0,0.0,0,370,0.00,0.00,0.00,0.00,14,0,0,0.0,0.0,2026-08-29T11:30:00Z,0,False,18,0,0,0,0,0,2,0,10863,0,0,2,2,0.0,0,-2965,585,3550,55,True,0
Aaron Anselmino,DEF,Chelsea,0.0,0,0,0,0,0,0.0,0,561,0.00,0.00,0.00,0.00,16,0,0,0.0,0.0,2026-08-30T13:00:00Z,0,False,5,0,0,0,0,0,2,0,1737,0,0,3,4,0.0,0,-324,122,446,45,True,0
Carlos Alcaraz Durán,MID,Everton,0.2,0,0,-2,0,0,0.5,0,243,0.02,0.05,0.03,0.00,12,0,0,0.5,0.0,2026-08-29T14:00:00Z,4,False,3,0,0,0,0,0,2,0,9333,0,0,1,1,8.0,0,-385,753,1138,50,False,1
Emiliano Buendía Stati,MID,Aston Villa,4.2,0,0,9,0,0,13.2,5,41,0.02,0.06,0.04,1.04,20,1,0,2.7,5.0,2026-08-31T19:00:00Z,90,False,1,0,0,0,4,0,2,0,114718,1,1,1,0,9.0,2,-16866,5020,21886,60,True,0
Lewis Hall,DEF,Newcastle,6.0,0,3,52,1,11,27.3,13,449,0.31,0.34,0.03,1.12,15,0,0,7.0,39.0,2026-08-29T16:30:00Z,90,False,19,0,0,0,6,0,2,0,411061,1,2,2,0,4.0,11,33265,52701,19436,50,False,0
Lisandro Martínez,DEF,Man Utd,1.2,0,0,2,0,0,1.8,0,419,0.06,0.09,0.03,2.06,18,2,0,1.0,4.8,2026-08-30T15:30:00Z,90,False,12,0,0,0,6,0,2,0,127444,1,0,2,5,3.0,1,-12800,6775,19575,50,True,0
Chris Rigg,MID,Sunderland,0.4,0,0,3,0,0,0.0,0,548,0.00,0.00,0.00,0.34,19,0,0,0.0,0.0,2026-08-30T13:00:00Z,7,False,10,0,0,0,0,0,2,0,6409,0,0,0,1,0.0,1,-521,99,620,50,True,0
Wellity Lucky,DEF,Liverpool,0.0,0,0,0,0,0,0.0,0,361,0.00,0.00,0.00,0.00,14,0,0,0.0,0.0,2026-08-29T11:30:00Z,0,False,18,0,0,0,0,0,2,0,11947,0,0,2,2,0.0,0,-529,608,1137,40,True,0
Thierno Barry,FWD,Everton,4.0,0,0,6,0,2,11.7,3,249,0.00,1.48,1.48,0.58,12,1,0,8.0,10.0,2026-08-29T14:00:00Z,69,False,3,0,0,0,1,0,2,0,352239,1,0,1,1,58.0,2,127837,150265,22428,55,False,0
Declan Rice,MID,Arsenal,4.0,0,0,19,1,2,27.6,12,13,0.10,0.10,0.00,0.33,20,0,0,5.2,24.0,2026-08-31T19:00:00Z,84,False,2,0,0,0,7,0,2,0,1662633,1,3,1,0,0.0,5,-122235,35487,157722,75,False,0
Bendito Mantato,MID,Man Utd,0.0,0,0,0,0,0,0.0,0,437,0.00,0.00,0.00,0.00,18,0,0,0.0,0.0,2026-08-30T15:30:00Z,0,False,12,0,0,0,0,0,2,0,17670,0,0,2,5,0.0,0,-1410,961,2371,45,True,0
Adam Wharton,MID,Crystal Palace,2.0,0,0,21,0,0,24.7,7,210,0.07,0.07,0.00,2.21,11,4,0,4.1,16.2,2026-08-28T19:00:00Z,90,False,15,0,0,0,3,0,2,0,88998,1,4,4,1,0.0,2,-1090,6710,7800,55,True,0
Matthijs de Ligt,DEF,Man Utd,0.0,0,0,0,0,0,0.0,0,416,0.00,0.00,0.00,0.00,18,0,0,0.0,0.0,2026-08-30T15:30:00Z,0,False,12,0,0,0,0,0,2,0,2498,0,0,2,5,0.0,0,-381,117,498,50,True,0
Diego Gómez Amarilla,MID,Brighton,4.8,1,0,15,0,1,20.3,5,127,0.17,0.55,0.38,2.93,16,4,0,6.7,4.6,2026-08-30T13:00:00Z,90,False,6,0,0,0,2,0,2,0,380491,1,2,3,4,42.0,5,7080,23952,16872,50,False,0
Joël Piroe,FWD,Leeds,0.0,0,0,0,0,0,0.0,0,348,0.00,0.00,0.00,0.00,17,0,0,0.0,0.0,2026-08-30T13:00:00Z,0,False,4,0,0,0,0,0,2,0,11733,0,0,1,1,0.0,0,-5351,0,5351,50,True,0
Jesurun Rak-Sakyi,MID,Crystal Palace,0.0,0,0,0,0,0,0.0,0,219,0.00,0.00,0.00,0.00,11,0,0,0.0,0.0,2026-08-28T19:00:00Z,0,False,15,0,0,0,0,0,2,0,578,0,0,4,1,0.0,0,-51,39,90,50,True,0
Tyler Dibling,MID,Everton,0.2,0,0,0,0,0,0.0,0,245,0.00,0.00,0.00,0.00,12,0,0,0.0,0.0,2026-08-29T14:00:00Z,0,False,3,0,0,0,0,0,2,0,3529,0,0,1,1,0.0,0,-550,201,751,55,False,0
Tyler Fletcher,MID,Man Utd,0.0,0,0,0,0,0,0.0,0,438,0.00,0.00,0.00,0.00,18,0,0,0.0,0.0,2026-08-30T15:30:00Z,0,False,12,0,0,0,0,0,2,0,32667,0,0,2,5,0.0,0,-2656,1328,3984,45,True,0
Benoît Badiashile Mukinayi,DEF,Chelsea,0.0,0,0,0,0,0,0.0,0,146,0.00,0.00,0.00,0.00,16,0,0,0.0,0.0,2026-08-30T13:00:00Z,0,False,5,0,0,0,0,0,2,0,2126,0,0,3,4,0.0,0,-568,232,800,45,True,0
Jahnoah Markelo,FWD,Coventry City,0.0,0,0,0,0,0,0.0,0,196,0.00,0.00,0.00,0.00,13,0,0,0.0,0.0,2026-08-29T14:00:00Z,0,False,11,0,0,0,0,0,2,0,1206,0,0,1,0,0.0,0,-590,0,590,50,True,0
Justin Devenny,MID,Crystal Palace,0.0,0,0,0,0,0,0.0,0,215,0.00,0.00,0.00,0.00,11,0,0,0.0,0.0,2026-08-28T19:00:00Z,0,False,15,0,0,0,0,0,2,0,1141,0,0,4,1,0.0,0,-107,69,176,50,True,0
Bafodé Diakité,DEF,Bournemouth,0.0,0,0,0,0,0,0.0,0,62,0.00,0.00,0.00,0.00,12,0,0,0.0,0.0,2026-08-29T14:00:00Z,0,False,9,0,0,0,0,0,2,0,19940,0,0,1,1,0.0,0,401,2722,2321,50,True,0
Yehor Yarmoliuk,MID,Brentford,1.8,0,0,4,0,0,12.5,0,102,0.01,0.01,0.00,1.32,17,1,0,2.0,3.0,2026-08-30T13:00:00Z,21,False,13,0,0,0,0,0,2,0,112295,0,0,1,1,4.0,1,-12434,745,13179,50,False,0
Igor Jesus Maciel da Cruz,FWD,Nott'm Forest,2.2,0,0,4,0,3,13.3,5,491,0.04,0.78,0.74,1.75,14,2,0,6.0,8.6,2026-08-29T11:30:00Z,90,False,14,0,0,0,1,0,2,0,361702,1,1,2,2,38.0,1,-48313,10237,58550,60,False,1
Cheick Doucouré,MID,Crystal Palace,0.0,0,0,0,0,0,0.0,0,218,0.00,0.00,0.00,0.00,11,0,0,0.0,0.0,2026-08-28T19:00:00Z,0,False,15,0,0,0,0,0,2,0,6115,0,0,4,1,0.0,0,-811,248,1059,50,True,0
Robert Lynch Sánchez,GK,Chelsea,0.0,0,0,0,0,0,0.0,0,140,0.00,0.00,0.00,0.00,16,0,0,0.0,0.0,2026-08-30T13:00:00Z,0,False,5,0,0,0,0,0,2,0,217448,0,0,3,4,0.0,0,-18267,8924,27191,50,True,0
Tyrone Mings,DEF,Aston Villa,2.0,0,0,0,0,0,0.0,0,33,0.00,0.00,0.00,0.00,20,0,0,0.0,0.0,2026-08-31T19:00:00Z,0,False,1,0,0,0,0,0,2,0,38144,0,0,1,0,0.0,0,-254,3253,3507,45,True,0
Triston Rowe,DEF,Aston Villa,0.0,0,0,0,0,0,0.0,0,606,0.00,0.00,0.00,0.00,20,0,0,0.0,0.0,2026-08-31T19:00:00Z,0,False,1,0,0,0,0,0,2,0,5947,0,0,1,0,0.0,0,1314,1560,246,40,True,0
Florentino Ibrain Morris Luís,MID,Ipswich Town,0.4,0,0,0,0,0,0.0,0,571,0.00,0.00,0.00,0.00,18,0,0,0.0,0.0,2026-08-30T15:30:00Z,0,False,16,0,0,0,0,0,2,0,11870,0,0,2,5,0.0,0,-1993,214,2207,50,False,0
Sam Szmodics,MID,Ipswich Town,0.0,0,0,0,0,0,0.0,0,319,0.00,0.00,0.00,0.00,18,0,0,0.0,0.0,2026-08-30T15:30:00Z,0,False,16,0,0,0,0,0,2,0,615,0,0,2,5,0.0,0,-409,0,409,50,False,0
Amario Cozier-Duberry,MID,Brighton,0.0,0,0,0,0,0,0.0,0,624,0.00,0.00,0.00,0.00,16,0,0,0.0,0.0,2026-08-30T13:00:00Z,0,False,6,0,0,0,0,0,2,0,0,0,0,3,4,0.0,0,0,0,0,50,False,0
Stefan Bajčetić Maquieira,MID,Liverpool,0.0,0,0,0,0,0,0.0,0,376,0.00,0.00,0.00,0.00,14,0,0,0.0,0.0,2026-08-29T11:30:00Z,0,False,18,0,0,0,0,0,2,0,173,0,0,2,2,0.0,0,-21,8,29,50,True,0
Harvey Cartwright,GK,Hull City,0.0,0,0,0,0,0,0.0,0,275,0.00,0.00,0.00,0.00,13,0,0,0.0,0.0,2026-08-29T14:00:00Z,0,False,7,0,0,0,0,0,2,0,909,0,0,1,0,0.0,0,-111,0,111,40,False,0
Mason Burstow,FWD,Hull City,0.0,0,0,0,0,0,0.0,0,299,0.00,0.00,0.00,0.00,13,0,0,0.0,0.0,2026-08-29T14:00:00Z,0,False,7,0,0,0,0,0,2,0,5122,0,0,1,0,0.0,0,-1210,0,1210,45,False,0
Simon Adingra,MID,Sunderland,0.0,0,0,0,0,0,0.0,0,546,0.00,0.00,0.00,0.00,19,0,0,0.0,0.0,2026-08-30T13:00:00Z,0,False,10,0,0,0,0,0,2,0,6042,0,0,0,1,0.0,0,-3506,53,3559,50,True,0
Daniel James,MID,Leeds,0.4,0,0,2,0,0,1.1,2,343,0.01,0.25,0.24,0.93,17,0,0,1.1,0.0,2026-08-30T13:00:00Z,22,False,4,0,0,0,2,0,2,0,11703,0,0,1,1,12.0,1,-873,863,1736,50,True,0
Kieran Dowell,MID,Hull City,0.0,0,0,0,0,0,0.0,0,288,0.00,0.00,0.00,0.00,13,0,0,0.0,0.0,2026-08-29T14:00:00Z,0,False,7,0,0,0,0,0,2,0,35966,0,0,1,0,0.0,0,-2542,1716,4258,45,False,0
James Trafford,GK,Leeds,3.6,0,0,20,0,0,0.0,0,385,0.00,0.00,0.00,1.67,17,1,0,3.8,37.6,2026-08-30T13:00:00Z,90,False,4,0,0,0,11,0,2,4,437245,1,0,1,1,0.0,3,48690,63794,15104,50,True,0
Jaydee Canvot,DEF,Crystal Palace,0.4,0,0,-1,0,6,0.5,7,203,0.00,0.00,0.00,2.21,11,4,0,2.3,22.8,2026-08-28T19:00:00Z,90,False,15,0,0,0,1,0,2,0,29914,1,1,4,1,0.0,0,-3200,821,4021,50,True,0
Melker Ellborg,GK,Sunderland,0.0,0,0,0,0,0,0.0,0,531,0.00,0.00,0.00,0.00,19,0,0,0.0,0.0,2026-08-30T13:00:00Z,0,False,10,0,0,0,0,0,2,0,8877,0,0,0,1,0.0,0,-645,209,854,45,True,0
James Justin,DEF,Leeds,3.6,0,0,12,0,6,11.8,8,332,0.01,0.04,0.03,1.67,17,1,0,4.5,24.6,2026-08-30T13:00:00Z,90,False,4,0,0,0,3,0,2,0,121554,1,2,1,1,9.0,2,34143,43534,9391,45,True,0
Arthur Masuaku,DEF,Sunderland,0.0,0,0,0,0,0,0.0,0,540,0.00,0.00,0.00,0.00,19,0,0,0.0,0.0,2026-08-30T13:00:00Z,0,False,10,0,0,0,0,0,2,0,20421,0,0,0,1,0.0,0,-4868,0,4868,40,True,0
Iliman Ndiaye,MID,Everton,3.4,0,0,16,0,5,14.5,13,237,0.07,0.09,0.02,2.16,12,1,0,3.7,12.6,2026-08-29T14:00:00Z,90,False,3,0,0,0,7,0,2,0,1595715,1,1,1,1,10.0,4,62668,122688,60020,60,False,0
Macaulay Zepa,MID,Fulham,0.0,0,0,0,0,0,0.0,0,626,0.00,0.00,0.00,0.00,19,0,0,0.0,0.0,2026-08-30T13:00:00Z,0,False,20,0,0,0,0,0,2,0,0,0,0,0,1,0.0,0,0,0,0,45,False,0
Rayan Vitor Simplício Rocha,MID,Bournemouth,1.6,0,0,4,0,1,3.5,5,67,0.02,0.42,0.40,1.84,12,1,0,5.6,8.6,2026-08-29T14:00:00Z,90,False,9,0,0,0,3,0,2,0,276541,1,1,1,1,44.0,2,1501,23680,22179,65,True,0
Joachim Andersen,DEF,Fulham,0.4,0,0,4,0,8,12.9,8,253,0.04,0.04,0.00,2.02,19,1,0,3.3,17.8,2026-08-30T13:00:00Z,90,False,20,0,0,0,2,0,2,0,7735,1,0,0,1,2.0,1,1684,2314,630,50,False,1
Jayden Bogle,DEF,Leeds,7.4,0,0,9,0,5,11.3,7,330,0.01,0.01,0.00,0.74,17,1,0,3.4,18.6,2026-08-30T13:00:00Z,67,False,4,0,0,0,5,0,2,0,54809,1,2,1,1,4.0,2,2801,5925,3124,45,True,0
Joshua Zirkzee,FWD,Man Utd,0.2,0,0,0,0,0,0.0,0,440,0.00,0.00,0.00,0.00,18,0,0,0.0,0.0,2026-08-30T15:30:00Z,0,False,12,0,0,0,0,0,2,0,51589,0,0,2,5,0.0,0,-11086,2045,13131,55,True,0
Cameron Humphreys,MID,Ipswich Town,0.0,0,0,0,0,0,0.0,0,602,0.00,0.00,0.00,0.00,18,0,0,0.0,0.0,2026-08-30T15:30:00Z,0,False,16,0,0,0,0,0,2,0,3086,0,0,2,5,0.0,0,942,1275,333,45,False,0
Promise David,FWD,Brighton,0.2,0,0,3,0,0,3.7,0,594,0.00,0.00,0.00,0.04,16,0,0,0.4,0.0,2026-08-30T13:00:00Z,10,False,6,0,0,0,0,0,2,0,25435,0,0,3,4,0.0,1,-1622,2519,4141,60,False,0
Dan Ndoye,MID,Nott'm Forest,2.8,0,2,30,0,1,23.0,9,483,0.63,0.98,0.35,1.42,14,1,1,9.5,35.8,2026-08-29T11:30:00Z,65,False,14,0,0,0,8,0,2,0,39501,1,0,2,2,36.0,9,-3771,1491,5262,55,False,0
Dane Scarlett,FWD,Spurs,0.0,0,0,0,0,0,0.0,0,528,0.00,0.00,0.00,0.00,15,0,0,0.0,0.0,2026-08-29T16:30:00Z,0,False,17,0,0,0,0,0,2,0,172295,0,0,2,0,0.0,0,-3996,13184,17180,45,True,0
Alex Iwobi,MID,Fulham,1.8,0,0,20,0,1,35.5,4,261,0.40,0.41,0.01,2.02,19,1,0,5.0,12.0,2026-08-30T13:00:00Z,90,False,20,0,0,0,2,0,2,0,95898,1,1,0,1,2.0,2,-3301,6095,9396,55,False,0
Dejan Kulusevski,MID,Spurs,0.0,0,0,0,0,0,0.0,0,521,0.00,0.00,0.00,0.00,15,0,0,0.0,0.0,2026-08-29T16:30:00Z,0,False,17,0,0,0,0,0,2,0,939,0,0,2,0,0.0,0,-166,75,241,65,True,0
Taiwo Awoniyi,FWD,Coventry City,0.0,0,0,6,0,1,23.6,3,492,0.03,0.96,0.93,0.72,13,1,0,9.9,10.0,2026-08-29T14:00:00Z,90,False,11,0,0,0,2,0,2,0,83094,1,0,1,0,65.0,2,-639,8654,9293,55,True,0
Yankuba Minteh,MID,Brighton,0.0,0,0,0,0,0,0.0,0,122,0.00,0.00,0.00,0.00,16,0,0,0.0,0.0,2026-08-30T13:00:00Z,0,False,6,0,0,0,0,0,2,0,6199,0,0,3,4,0.0,0,-3381,140,3521,60,False,0
Julio Soler Barreto,DEF,Bournemouth,0.0,0,0,0,0,0,0.0,0,66,0.00,0.00,0.00,0.00,12,0,0,0.0,0.0,2026-08-29T14:00:00Z,0,False,9,0,0,0,0,0,2,0,18565,0,0,1,1,0.0,0,-2011,416,2427,40,True,0
Morgan Rogers,MID,Chelsea,5.8,1,0,28,0,1,46.5,5,40,1.01,1.15,0.14,1.41,16,3,0,9.6,26.8,2026-08-30T13:00:00Z,90,False,5,0,0,0,3,0,2,0,2607781,1,1,3,4,23.0,5,180102,251851,71749,75,True,0
Exequiel Palacios,MID,Ipswich Town,2.8,0,0,11,0,2,12.0,6,619,0.01,0.01,0.00,1.92,18,2,0,2.1,7.2,2026-08-30T15:30:00Z,28,False,16,0,0,0,3,0,2,0,127,0,1,2,5,2.0,1,84,89,5,50,False,0
Tosin Adarabioyo,DEF,Chelsea,0.2,0,0,0,0,0,0.0,0,147,0.00,0.00,0.00,0.00,16,0,0,0.0,0.0,2026-08-30T13:00:00Z,0,False,5,0,0,0,0,0,2,0,19280,0,0,3,4,0.0,0,-1857,263,2120,45,True,0
Malo Gusto,DEF,Chelsea,0.8,0,0,-1,0,4,0.7,5,144,0.01,0.01,0.00,1.41,16,3,0,0.9,7.8,2026-08-30T13:00:00Z,90,False,5,0,0,0,3,0,2,0,122291,1,1,3,4,0.0,1,2378,13325,10947,50,True,0
Haji Wright,FWD,Coventry City,0.0,0,0,0,0,0,0.0,0,193,0.00,0.00,0.00,0.00,13,0,0,0.0,0.0,2026-08-29T14:00:00Z,0,False,11,0,0,0,0,0,2,0,13634,0,0,1,0,0.0,0,-5318,107,5425,55,True,0
Đorđe Petrović,GK,Bournemouth,1.4,0,0,20,0,3,0.0,0,57,0.00,0.00,0.00,1.84,12,1,0,3.4,33.8,2026-08-29T14:00:00Z,90,False,9,0,0,0,8,0,2,5,332768,1,0,1,1,0.0,3,11325,25378,14053,45,True,0
Gonzalo García,FWD,Fulham,2.4,0,0,2,0,2,2.8,4,569,0.01,0.28,0.27,2.02,19,1,0,3.2,5.6,2026-08-30T13:00:00Z,90,False,20,0,0,0,2,0,2,0,399587,1,0,0,1,24.0,2,135011,152218,17207,60,False,0
Takehiro Tomiyasu,DEF,Crystal Palace,0.4,0,0,-3,0,7,1.3,8,577,0.00,0.00,0.00,2.01,11,3,0,1.6,12.6,2026-08-28T19:00:00Z,73,False,15,0,0,0,3,0,2,0,34647,1,1,4,1,2.0,1,-1838,829,2667,45,True,0
Mohamed-Ali Cho,MID,Hull City,2.2,0,0,3,0,0,0.3,0,617,0.00,0.00,0.00,0.18,13,0,0,0.1,0.4,2026-08-29T14:00:00Z,7,False,7,0,0,0,0,0,2,0,49,0,0,1,0,0.0,1,23,25,2,50,False,0
Marc Guiu Paz,FWD,Chelsea,0.0,0,0,0,0,0,0.0,0,168,0.00,0.00,0.00,0.00,16,0,0,0.0,0.0,2026-08-30T13:00:00Z,0,False,5,0,0,0,0,0,2,0,43955,0,0,3,4,0.0,0,-3968,2178,6146,50,True,0
Mamadou Sarr,DEF,Chelsea,0.0,0,0,0,0,0,0.0,0,150,0.00,0.00,0.00,0.00,16,0,0,0.0,0.0,2026-08-30T13:00:00Z,0,False,5,0,0,0,0,0,2,0,7741,0,0,3,4,0.0,0,-544,405,949,45,True,0
Omar Richards,DEF,Nott'm Forest,0.0,0,0,0,0,0,0.0,0,476,0.00,0.00,0.00,0.00,14,0,0,0.0,0.0,2026-08-29T11:30:00Z,0,False,14,0,0,0,0,0,2,0,23167,0,0,2,2,0.0,0,-1513,495,2008,40,False,0
Lukas Nmecha,FWD,Leeds,1.2,1,0,18,0,0,20.3,1,347,0.00,0.10,0.10,0.93,17,0,0,4.5,18.2,2026-08-30T13:00:00Z,21,False,4,0,0,0,1,0,2,0,51231,0,0,1,1,6.0,4,-7627,1917,9544,55,True,0
Sean Longstaff,MID,Leeds,0.4,0,0,0,0,0,0.0,0,339,0.00,0.00,0.00,0.00,17,0,0,0.0,0.0,2026-08-30T13:00:00Z,0,False,4,0,0,0,0,0,2,0,12723,0,0,1,1,0.0,0,-1056,575,1631,50,True,0
Pedro Lomba Neto,MID,Chelsea,2.8,0,0,32,0,3,25.6,4,156,0.33,0.74,0.41,1.26,16,2,1,10.9,45.2,2026-08-30T13:00:00Z,67,False,5,0,0,0,1,0,2,0,117566,1,0,3,4,38.0,7,-17727,5635,23362,65,True,0
Benjamin Sesko,FWD,Man Utd,1.6,0,0,5,0,0,10.5,3,439,0.01,0.01,0.00,1.00,18,1,0,1.5,2.2,2026-08-30T15:30:00Z,10,False,12,0,0,0,3,0,2,0,181866,0,0,2,5,2.0,1,15428,30554,15126,70,True,0
Ethan Ampadu,MID,Leeds,3.2,0,0,12,0,5,16.6,10,338,0.09,0.10,0.01,1.67,17,1,0,3.7,19.6,2026-08-30T13:00:00Z,90,False,4,0,0,0,3,0,2,0,133624,1,2,1,1,1.0,2,-4850,4591,9441,55,True,0
Armin Pecsi,GK,Liverpool,0.0,0,0,0,0,0,0.0,0,353,0.00,0.00,0.00,0.00,14,0,0,0.0,0.0,2026-08-29T11:30:00Z,0,False,18,0,0,0,0,0,2,0,2467,0,0,2,2,0.0,0,-448,0,448,40,True,0
Rodrigo 'Rodri' Hernandez Cascante,MID,Man City,0.0,0,0,0,0,0,0.0,0,402,0.00,0.00,0.00,0.00,11,0,0,0.0,0.0,2026-08-28T19:00:00Z,0,False,8,0,0,0,0,0,2,0,1526,0,0,4,1,0.0,0,-796,0,796,65,False,0
Karl Darlow,GK,Man Utd,0.0,0,0,0,0,0,0.0,0,325,0.00,0.00,0.00,0.00,18,0,0,0.0,0.0,2026-08-30T15:30:00Z,0,False,12,0,0,0,0,0,2,0,3863,0,0,2,5,0.0,0,-15,242,257,45,True,0
Aaron Hickey,DEF,Brentford,1.0,0,0,6,0,0,4.1,1,90,0.02,0.02,0.00,0.00,17,0,0,0.8,4.0,2026-08-30T13:00:00Z,2,False,13,0,0,0,0,0,2,0,7643,0,1,1,1,0.0,1,83,623,540,45,False,0
Lucas Bergvall,MID,Spurs,0.6,0,0,0,0,0,0.0,0,520,0.00,0.00,0.00,0.00,15,0,0,0.0,0.0,2026-08-29T16:30:00Z,0,False,17,0,0,0,0,0,2,0,20234,0,0,2,0,0.0,0,-1564,635,2199,55,True,0
Nicolas Jackson,FWD,Aston Villa,2.0,0,0,11,0,0,5.9,3,166,0.10,0.10,0.00,1.01,20,1,0,1.2,4.2,2026-08-31T19:00:00Z,70,False,1,0,0,0,3,0,2,0,63340,1,0,1,0,2.0,2,-2878,26989,5175,65,True,0
Romain Esse,MID,Crystal Palace,0.0,0,0,0,0,0,0.0,0,216,0.00,0.00,0.00,0.00,11,0,0,0.0,0.0,2026-08-28T19:00:00Z,0,False,15,0,0,0,0,0,2,0,3956,0,0,4,1,0.0,0,-379,211,590,50,True,0
Harvey Davies,GK,Liverpool,0.0,0,0,0,0,0,0.0,0,355,0.00,0.00,0.00,0.00,14,0,0,0.0,0.0,2026-08-29T11:30:00Z,0,False,18,0,0,0,0,0,2,0,13945,0,0,2,2,0.0,0,-69,644,713,40,True,0
Olivier Boscagli,DEF,Brighton,3.8,0,0,-2,0,3,26.6,3,114,0.11,0.16,0.05,2.93,16,4,0,5.4,16.8,2026-08-30T13:00:00Z,90,False,6,0,0,0,2,0,2,0,26909,1,0,3,4,11.0,-1,2544,4103,1559,45,False,1
Pape Matar Sarr,MID,Spurs,0.0,0,0,0,0,0,0.0,0,518,0.00,0.00,0.00,0.00,15,0,0,0.0,0.0,2026-08-29T16:30:00Z,0,False,17,0,0,0,0,0,2,0,15118,0,0,2,0,0.0,0,-10351,113,10464,49,True,0
Ezri Konsa Ngoyo,DEF,Arsenal,2.4,0,0,3,0,1,0.1,1,31,0.00,0.00,0.00,0.00,20,0,0,0.3,3.2,2026-08-31T19:00:00Z,11,False,2,0,0,0,0,0,2,0,1061562,0,0,1,0,0.0,1,-179766,49821,229587,45,False,0
Endo Wataru,MID,Liverpool,0.0,0,0,0,0,0,0.0,0,374,0.00,0.00,0.00,0.00,14,0,0,0.0,0.0,2026-08-29T11:30:00Z,0,False,18,0,0,0,0,0,2,0,6389,0,0,2,2,0.0,0,-500,485,985,50,True,0
Joél Drakes-Thomas,MID,Crystal Palace,0.0,0,0,0,0,0,0.0,0,221,0.00,0.00,0.00,0.00,11,0,0,0.0,0.0,2026-08-28T19:00:00Z,0,False,15,0,0,0,0,0,2,0,8204,0,0,4,1,0.0,0,-589,399,988,45,True,0
Bazoumana Touré,MID,Newcastle,1.6,0,0,3,0,0,0.0,0,461,0.00,0.00,0.00,0.00,15,0,0,0.0,0.0,2026-08-29T16:30:00Z,1,False,19,0,0,0,0,0,2,0,20967,0,0,2,0,0.0,1,-3945,513,4458,60,False,0
Maxim De Cuyper,DEF,Brighton,7.4,0,0,-2,0,2,23.7,2,115,0.05,0.08,0.03,2.93,16,4,0,3.8,8.8,2026-08-30T13:00:00Z,90,False,6,0,0,0,3,0,2,0,847829,1,0,3,4,5.0,0,473840,494998,21158,46,False,0
Azor Matusiwa,MID,Ipswich Town,0.0,0,0,0,0,0,0.0,0,310,0.00,0.00,0.00,0.00,18,0,0,0.0,0.0,2026-08-30T15:30:00Z,0,False,16,0,0,0,0,0,2,0,328,0,0,2,5,0.0,0,-104,8,112,50,False,0
Axel Disasi,DEF,Crystal Palace,0.0,0,0,-2,0,0,0.0,1,153,0.00,0.00,0.00,0.20,11,1,0,0.1,1.2,2026-08-28T19:00:00Z,16,False,15,0,0,0,1,0,2,0,6037,0,1,4,1,0.0,1,-323,525,848,45,True,0
Milan van Ewijk,DEF,Coventry City,1.2,0,0,15,0,1,33.9,2,175,0.19,0.19,0.00,0.72,13,1,0,5.5,15.4,2026-08-29T14:00:00Z,90,False,11,0,0,0,3,0,2,0,1295672,1,1,1,0,6.0,2,-15407,34451,49858,40,True,0
Jayden Lienou,DEF,Leeds,0.0,0,0,0,0,0,0.0,0,603,0.00,0.00,0.00,0.00,17,0,0,0.0,0.0,2026-08-30T13:00:00Z,0,False,4,0,0,0,0,0,2,0,7187,0,0,1,1,0.0,0,1169,1488,319,40,True,0
Maxence Lacroix,DEF,Chelsea,2.6,0,0,-3,0,8,0.1,9,200,0.00,0.02,0.02,1.41,16,3,0,1.9,13.0,2026-08-30T13:00:00Z,90,False,5,0,0,0,1,0,2,0,946023,1,1,3,4,6.0,1,18715,63522,44807,60,True,0
Anan Khalaili,DEF,Crystal Palace,2.6,0,0,9,0,4,1.5,14,588,0.00,0.02,0.02,2.01,11,3,0,3.1,26.4,2026-08-28T19:00:00Z,74,False,15,0,0,0,5,0,2,0,10199,1,10,4,1,3.0,2,-365,462,827,50,True,1
Hidemasa Morita,MID,Hull City,0.0,0,0,6,0,2,13.4,3,563,0.00,0.00,0.00,1.09,13,0,0,2.4,11.0,2026-08-29T14:00:00Z,45,False,7,0,0,0,1,0,2,0,2129,1,0,1,0,0.0,1,-210,118,328,50,False,0
João Pedro Junqueira de Jesus,FWD,Chelsea,4.9,1,2,44,0,0,22.5,3,165,0.04,1.27,1.23,1.41,16,3,1,12.1,52.8,2026-08-30T13:00:00Z,90,False,5,1,0,0,2,0,2,0,6802308,1,1,3,4,46.0,9,377023,405188,28165,76,True,0
Dayann Méthalie,DEF,Sunderland,0.0,0,0,0,0,0,0.0,0,612,0.00,0.00,0.00,0.00,19,0,0,0.0,0.0,2026-08-30T13:00:00Z,0,False,10,0,0,0,0,0,2,0,156,0,0,0,1,0.0,0,68,95,27,45,True,0
Vitalii Mykolenko,DEF,Everton,5.4,0,0,7,0,11,1.0,12,233,0.01,0.01,0.00,2.16,12,1,0,3.8,36.8,2026-08-29T14:00:00Z,90,False,3,0,0,0,7,0,2,0,164056,1,1,1,1,0.0,4,12714,21784,9070,45,False,0
Myles Lewis-Skelly,MID,Arsenal,1.8,0,0,15,1,4,3.2,5,7,0.02,0.09,0.07,0.33,20,0,0,1.9,10.6,2026-08-31T19:00:00Z,70,False,2,0,0,0,1,0,2,0,70615,1,0,1,0,5.0,3,642,9693,9051,55,False,0
Adam Aznou,DEF,Everton,0.0,0,0,0,0,0,0.0,0,235,0.00,0.00,0.00,0.00,12,0,0,0.0,0.0,2026-08-29T14:00:00Z,0,False,3,0,0,0,0,0,2,0,18113,0,0,1,1,0.0,0,-679,1009,1688,40,False,0
Wesley Fofana,DEF,Chelsea,1.6,0,0,-2,0,9,0.9,9,145,0.01,0.01,0.00,1.26,16,2,0,2.0,19.4,2026-08-30T13:00:00Z,67,False,5,0,0,0,0,0,2,0,3489,1,0,3,4,0.0,0,552,813,261,50,True,1
Kim Ji-soo,DEF,Brentford,0.0,0,0,0,0,0,0.0,0,92,0.00,0.00,0.00,0.00,17,0,0,0.0,0.0,2026-08-30T13:00:00Z,0,False,13,0,0,0,0,0,2,0,1940,0,0,1,1,0.0,0,-86,112,198,45,False,0
Kevin Santos Lopes de Macedo,MID,Fulham,0.6,0,0,2,0,0,1.5,0,263,0.04,0.04,0.00,0.17,19,0,0,0.1,0.0,2026-08-30T13:00:00Z,7,False,20,0,0,0,0,0,2,0,5495,0,0,0,1,0.0,1,-443,419,862,55,False,0
Martin Ødegaard,MID,Arsenal,5.8,0,0,13,1,2,6.8,5,15,0.07,0.15,0.08,0.33,20,0,0,1.9,6.8,2026-08-31T19:00:00Z,70,False,2,0,0,0,1,0,2,0,1174125,1,2,1,0,5.0,3,252699,289559,36860,66,False,0
Gianluigi Donnarumma,GK,Man City,3.4,0,0,5,0,0,0.0,0,384,0.00,0.00,0.00,0.66,11,1,0,0.7,6.8,2026-08-28T19:00:00Z,90,False,8,1,0,0,8,0,2,1,828113,1,0,4,1,0.0,0,-10944,34008,44952,55,False,0
Brandon Austin,GK,Spurs,0.0,0,0,0,0,0,0.0,0,495,0.00,0.00,0.00,0.00,15,0,0,0.0,0.0,2026-08-29T16:30:00Z,0,False,17,0,0,0,0,0,2,0,88358,0,0,2,0,0.0,0,-490,3212,3702,40,True,0
Ryan Yates,MID,Nott'm Forest,0.0,0,0,0,0,0,0.0,0,489,0.00,0.00,0.00,0.00,14,0,0,0.0,0.0,2026-08-29T11:30:00Z,0,False,14,0,0,0,0,0,2,0,142945,0,0,2,2,0.0,0,-35340,1743,37083,45,False,0
James Tarkowski,DEF,Everton,8.6,0,2,27,0,9,11.3,10,229,0.01,0.11,0.10,2.16,12,1,1,8.5,54.8,2026-08-29T14:00:00Z,90,False,3,0,0,0,3,0,2,0,861719,1,1,1,1,19.0,12,5670,42736,37066,60,False,0
Jens Hjertø-Dahl,MID,Hull City,0.2,0,0,0,0,0,0.0,0,574,0.00,0.00,0.00,0.00,13,0,0,0.0,0.0,2026-08-29T14:00:00Z,0,False,7,0,0,0,0,0,2,0,7716,0,0,1,0,0.0,0,-662,307,969,50,False,0
Jun'ai Byfield,DEF,Spurs,0.0,0,0,0,0,0,0.0,0,509,0.00,0.00,0.00,0.00,15,0,0,0.0,0.0,2026-08-29T16:30:00Z,0,False,17,0,0,0,0,0,2,0,5341,0,0,2,0,0.0,0,-239,319,558,40,True,0
Max Dowman,MID,Arsenal,0.2,0,0,0,0,0,0.0,0,20,0.00,0.00,0.00,0.00,20,0,0,0.0,0.0,2026-08-31T19:00:00Z,0,False,2,0,0,0,0,0,2,0,8233,0,0,1,0,0.0,0,-1857,473,2330,54,False,0
Vitor de Oliveira Nunes dos Reis,DEF,Man City,0.2,0,0,3,0,0,0.9,0,396,0.00,0.00,0.00,0.00,11,0,0,0.2,1.2,2026-08-28T19:00:00Z,1,False,8,0,0,0,0,0,2,0,2034,0,0,4,1,0.0,1,-138,102,240,45,False,0
Shea Charles,MID,Fulham,1.8,0,0,2,0,1,2.8,2,580,0.03,0.12,0.09,1.77,19,1,0,0.9,0.6,2026-08-30T13:00:00Z,22,False,20,0,0,0,1,0,2,0,8645,0,0,0,1,6.0,1,-449,359,808,50,False,0
Kostas Tsimikas,DEF,Liverpool,0.4,0,0,4,0,0,1.3,0,364,0.01,0.05,0.04,0.07,14,0,0,1.4,3.6,2026-08-29T11:30:00Z,19,False,18,0,0,0,0,0,2,0,7352,0,0,2,2,9.0,1,-643,339,982,50,True,0
Zach Abbott,DEF,Nott'm Forest,0.0,0,0,0,0,0,0.0,0,477,0.00,0.00,0.00,0.00,14,0,0,0.0,0.0,2026-08-29T11:30:00Z,0,False,14,0,0,0,0,0,2,0,24822,0,0,2,2,0.0,0,-1227,996,2223,40,False,0
Kevin Danso,DEF,Spurs,0.6,0,0,0,0,0,0.0,0,501,0.00,0.00,0.00,0.00,15,0,0,0.0,0.0,2026-08-29T16:30:00Z,0,False,17,0,0,0,0,0,2,0,17484,0,0,2,0,0.0,0,-1412,1020,2432,50,True,0
Fábio Ferreira Vieira,MID,Arsenal,0.0,0,0,0,0,0,0.0,0,23,0.00,0.00,0.00,0.00,20,0,0,0.0,0.0,2026-08-31T19:00:00Z,0,False,2,0,0,0,0,0,2,0,979,0,0,1,0,0.0,0,-135,80,215,55,False,0
Victor Lindelöf,DEF,Aston Villa,1.6,0,0,10,0,6,1.2,7,37,0.08,0.08,0.00,1.04,20,1,0,1.6,15.0,2026-08-31T19:00:00Z,90,False,1,0,0,0,1,0,2,0,27172,1,1,1,0,0.0,2,-2236,1775,4011,45,True,0
Bart Verbruggen,GK,Brighton,4.6,0,0,-1,0,0,0.0,0,109,0.00,0.00,0.00,2.93,16,4,0,1.0,10.2,2026-08-30T13:00:00Z,90,False,6,0,0,0,14,0,2,1,2133814,1,0,3,4,0.0,0,39276,84756,45480,45,False,0
Enzo Fernández,MID,Chelsea,1.2,0,0,0,0,0,0.0,0,155,0.00,0.00,0.00,0.00,16,0,0,0.0,0.0,2026-08-30T13:00:00Z,0,False,5,0,0,0,0,0,2,0,430662,0,0,3,4,0.0,0,-74211,14954,89165,70,True,0
Eberechi Eze,MID,Arsenal,0.8,0,0,6,0,0,2.0,3,14,0.07,0.07,0.00,0.24,20,0,0,0.6,1.6,2026-08-31T19:00:00Z,45,False,2,0,0,0,3,0,2,0,169814,0,0,1,0,2.0,1,-38776,5716,44492,65,False,0
Elliot Stroud,MID,Hull City,1.4,0,0,-2,0,2,4.3,7,576,0.01,0.02,0.01,1.09,13,0,0,0.9,0.0,2026-08-29T14:00:00Z,58,False,7,0,0,0,5,0,2,0,9465,1,0,1,0,7.0,0,833,1430,597,50,False,1
Pep Chavarría,DEF,Chelsea,1.0,0,0,1,0,2,0.3,3,583,0.02,0.02,0.00,0.09,16,1,0,0.7,6.4,2026-08-30T13:00:00Z,18,False,5,0,0,0,1,0,2,0,19574,0,1,3,4,0.0,1,-1477,1081,2558,50,True,0
Kai Havertz,FWD,Arsenal,3.8,0,0,5,1,0,3.4,5,26,0.03,0.05,0.02,0.33,20,0,0,2.9,2.4,2026-08-31T19:00:00Z,90,False,2,0,0,0,5,0,2,0,752082,1,0,1,0,23.0,2,148783,187608,38825,75,False,0
Chadi Riad Dnanou,DEF,Crystal Palace,0.0,0,0,0,0,0,0.0,0,206,0.00,0.00,0.00,0.00,11,0,0,0.0,0.0,2026-08-28T19:00:00Z,0,False,15,0,0,0,0,0,2,0,4410,0,0,4,1,0.0,0,-2523,320,2843,45,True,0
Robin Roefs,GK,Sunderland,2.2,0,0,22,1,2,0.0,0,529,0.00,0.00,0.00,0.95,19,0,0,0.4,4.0,2026-08-30T13:00:00Z,90,False,10,0,0,0,7,0,2,0,389022,1,0,0,1,0.0,6,-25568,4766,30334,50,True,0
Tatsuhiro Sakamoto,MID,Coventry City,0.2,0,0,8,0,0,5.9,4,185,0.02,0.04,0.02,0.69,13,1,0,1.9,6.2,2026-08-29T14:00:00Z,31,False,11,0,0,0,2,0,2,0,9710,0,2,1,0,7.0,1,-1318,137,1455,50,True,0
Hákon Rafn Valdimarsson,GK,Brentford,0.0,0,0,0,0,0,0.0,0,83,0.00,0.00,0.00,0.00,17,0,0,0.0,0.0,2026-08-30T13:00:00Z,0,False,13,0,0,0,0,0,2,0,10896,0,0,1,1,0.0,0,-248,642,890,45,False,0
Jefferson Lerma Solís,MID,Crystal Palace,0.2,0,0,0,0,0,0.0,0,213,0.00,0.00,0.00,0.00,11,0,0,0.0,0.0,2026-08-28T19:00:00Z,0,False,15,0,0,0,0,0,2,0,10302,0,0,4,1,0.0,0,-1246,204,1450,50,True,0
Jack Clarke,MID,Ipswich Town,2.2,0,0,0,0,0,0.0,0,313,0.00,0.00,0.00,0.00,18,0,0,0.0,0.0,2026-08-30T15:30:00Z,0,False,16,0,0,0,0,0,2,0,29170,0,0,2,5,0.0,0,759,3202,2443,55,False,0
Djiamgone Jocelin Ta Bi,MID,Sunderland,0.0,0,0,0,0,0,0.0,0,550,0.00,0.00,0.00,0.00,19,0,0,0.0,0.0,2026-08-30T13:00:00Z,0,False,10,0,0,0,0,0,2,0,569,0,0,0,1,0.0,0,-50,51,101,50,True,0
Mikel Merino Zazón,MID,Arsenal,0.8,0,0,7,0,0,1.0,4,17,0.00,0.00,0.00,0.00,20,0,0,0.4,2.8,2026-08-31T19:00:00Z,19,False,2,0,0,0,4,0,2,0,58253,0,0,1,0,0.0,1,-12835,2422,15257,60,False,0
Mikey Moore,MID,Spurs,0.0,0,0,1,0,0,0.4,1,523,0.00,0.02,0.02,0.24,15,1,0,0.0,0.0,2026-08-29T16:30:00Z,22,False,17,0,0,0,1,0,2,0,19021,0,0,2,0,1.0,1,-107,2419,2526,50,True,0
Levi Samuels Colwill,DEF,Chelsea,0.6,0,0,2,0,8,0.4,9,149,0.00,0.00,0.00,1.31,16,2,0,1.4,13.2,2026-08-30T13:00:00Z,71,False,5,0,0,0,2,0,2,0,150119,1,1,3,4,0.0,1,-7208,10571,17779,50,True,0
William Saliba,DEF,Arsenal,0.0,0,0,0,0,0,0.0,0,6,0.00,0.00,0.00,0.00,20,0,0,0.0,0.0,2026-08-31T19:00:00Z,0,False,2,0,0,0,0,0,2,0,25581,0,0,1,0,0.0,0,-5970,846,6816,60,False,0
Ayden Heaven,DEF,Man Utd,0.2,0,0,0,0,0,0.0,0,421,0.00,0.00,0.00,0.00,18,0,0,0.0,0.0,2026-08-30T15:30:00Z,0,False,12,0,0,0,0,0,2,0,40184,0,0,2,5,0.0,0,-1103,3088,4191,45,True,0
Brennan Johnson,MID,Everton,1.8,0,0,1,0,0,0.0,2,209,0.00,0.00,0.00,1.58,12,0,0,0.1,1.2,2026-08-29T14:00:00Z,28,False,3,0,0,0,1,0,2,0,15402,0,1,1,1,0.0,1,-1848,732,2580,60,False,0
Michele Di Gregorio,GK,Bournemouth,0.0,0,0,0,0,0,0.0,0,615,0.00,0.00,0.00,0.00,12,0,0,0.0,0.0,2026-08-29T14:00:00Z,0,False,9,0,0,0,0,0,2,0,593,0,0,1,1,0.0,0,214,241,27,45,True,0
Oliver Dovin,GK,Coventry City,0.0,0,0,0,0,0,0.0,0,171,0.00,0.00,0.00,0.00,13,0,0,0.0,0.0,2026-08-29T14:00:00Z,0,False,11,0,0,0,0,0,2,0,152756,0,0,1,0,0.0,0,-3777,2634,6411,40,True,0
Tim Iroegbunam,MID,Everton,0.4,0,0,2,0,0,0.0,0,240,0.00,0.00,0.00,0.00,12,0,0,0.0,0.0,2026-08-29T14:00:00Z,4,False,3,0,0,0,0,0,2,0,1093,0,0,1,1,0.0,1,-327,21,348,50,False,0
Jordan Henderson,MID,Chelsea,0.2,0,0,0,0,0,0.0,0,101,0.00,0.00,0.00,0.00,16,0,0,0.0,0.0,2026-08-30T13:00:00Z,0,False,5,0,0,0,0,0,2,0,3715,0,0,3,4,0.0,0,-477,214,691,50,True,0
Abdoul Ouattara,DEF,Ipswich Town,1.2,0,0,-1,0,0,0.6,0,592,0.00,0.00,0.00,0.86,18,1,0,0.1,0.6,2026-08-30T15:30:00Z,17,False,16,0,0,0,1,0,2,0,99458,0,0,2,5,0.0,1,-3097,2769,5866,40,False,0
Pau Torres,DEF,Aston Villa,0.0,0,0,6,0,3,0.8,4,34,0.01,0.01,0.00,1.04,20,1,0,1.2,11.0,2026-08-31T19:00:00Z,90,False,1,0,0,0,8,0,2,0,41549,1,1,1,0,0.0,2,-3229,1831,5060,45,True,0
Rodrigo Bentancur,MID,Spurs,3.0,0,0,17,0,3,7.1,11,516,0.02,0.02,0.00,0.72,15,2,0,2.3,15.4,2026-08-29T16:30:00Z,90,False,17,0,0,0,6,0,2,0,18887,1,2,2,0,0.0,2,-1429,602,2031,55,True,0
Bruno Guimarães Rodriguez Moura,MID,Arsenal,1.8,0,0,4,0,0,0.8,3,452,0.01,0.01,0.00,0.00,20,0,0,0.4,1.4,2026-08-31T19:00:00Z,19,False,2,0,0,0,3,0,2,0,265263,0,0,1,0,2.0,1,-125705,850,126555,69,False,0
Georginio Rutter,FWD,Brighton,1.2,0,0,0,0,0,0.0,0,125,0.00,0.00,0.00,0.00,16,0,0,0.0,0.0,2026-08-30T13:00:00Z,0,False,6,0,0,0,0,0,2,0,98683,0,0,3,4,0.0,0,8880,23887,15007,55,False,0
Virgil van Dijk,DEF,Liverpool,3.4,0,0,5,0,7,4.3,7,356,0.03,0.03,0.00,2.30,14,2,0,3.1,24.6,2026-08-29T11:30:00Z,90,False,18,0,0,0,5,0,2,0,1939518,1,0,2,2,2.0,1,-4506,74614,79120,65,True,0
Carlos Baleba,MID,Man Utd,0.0,0,0,0,0,0,0.0,0,131,0.00,0.00,0.00,0.00,18,0,0,0.0,0.0,2026-08-30T15:30:00Z,0,False,12,0,0,0,0,0,2,0,17743,0,0,2,5,0.0,0,-2097,2324,4421,50,True,0
Abdülkadir Ömür,MID,Hull City,0.0,0,0,0,0,0,0.0,0,292,0.00,0.00,0.00,0.00,13,0,0,0.0,0.0,2026-08-29T14:00:00Z,0,False,7,0,0,0,0,0,2,0,1668,0,0,1,0,0.0,0,-178,209,387,50,False,0
Mark Gillespie,GK,Newcastle,0.0,0,0,0,0,0,0.0,0,443,0.00,0.00,0.00,0.00,15,0,0,0.0,0.0,2026-08-29T16:30:00Z,0,False,19,0,0,0,0,0,2,0,3435,0,0,2,0,0.0,0,-69,162,231,45,False,0
Andrés García,DEF,Aston Villa,0.0,0,0,0,0,0,0.0,0,38,0.00,0.00,0.00,0.00,20,0,0,0.0,0.0,2026-08-31T19:00:00Z,0,False,1,0,0,0,0,0,2,0,167046,0,0,1,0,0.0,0,-6584,7339,13923,40,True,0
Yoane Wissa,FWD,Newcastle,3.0,0,2,37,1,1,10.3,6,464,0.00,0.35,0.35,0.74,15,0,1,9.2,35.6,2026-08-29T16:30:00Z,81,False,19,0,0,0,4,0,2,0,359321,1,1,2,0,46.0,8,134869,158957,24088,60,False,0
Jay Dasilva,DEF,Coventry City,1.0,0,0,15,0,1,7.3,3,176,0.05,0.23,0.18,0.72,13,1,0,4.0,15.2,2026-08-29T14:00:00Z,90,False,11,0,0,0,3,0,2,0,82832,1,2,1,0,17.0,2,-830,3224,4054,40,True,0
James McAtee,MID,Nott'm Forest,2.0,0,0,16,0,2,18.5,8,486,0.16,0.16,0.00,1.75,14,2,0,2.7,8.2,2026-08-29T11:30:00Z,90,False,14,0,0,0,5,0,2,0,5218,1,1,2,2,0.0,2,199,674,475,55,False,0
Emersonn Correia da Silva,FWD,Ipswich Town,5.2,0,0,7,0,1,11.1,1,316,0.00,0.00,0.00,0.77,18,1,0,1.4,1.0,2026-08-30T15:30:00Z,45,False,16,0,0,0,0,0,2,0,182058,1,0,2,5,2.0,1,59997,76807,16810,55,False,0
Enis Destan,FWD,Hull City,0.0,0,0,0,0,0,0.0,0,298,0.00,0.00,0.00,0.00,13,0,0,0.0,0.0,2026-08-29T14:00:00Z,0,False,7,0,0,0,0,0,2,0,31698,0,0,1,0,0.0,0,-8866,0,8866,45,False,0
Dillon Phillips,GK,Hull City,0.0,0,0,0,0,0,0.0,0,273,0.00,0.00,0.00,0.00,13,0,0,0.0,0.0,2026-08-29T14:00:00Z,0,False,7,0,0,0,0,0,2,0,150763,0,0,1,0,0.0,0,-3979,3115,7094,40,False,0
Abu Kamara,MID,Hull City,0.0,0,0,0,0,0,0.0,0,293,0.00,0.00,0.00,0.00,13,0,0,0.0,0.0,2026-08-29T14:00:00Z,0,False,7,0,0,0,0,0,2,0,353,0,0,1,0,0.0,0,-197,0,197,50,False,0
Boubacar Kamara,MID,Aston Villa,3.0,0,0,13,0,3,14.2,8,47,0.03,0.03,0.00,1.04,20,1,0,2.5,10.6,2026-08-31T19:00:00Z,90,False,1,0,0,0,4,0,2,0,33591,1,1,1,0,0.0,2,-2250,2489,4739,50,True,0
Darko Gyabi,MID,Hull City,0.0,0,0,0,0,0,0.0,0,297,0.00,0.00,0.00,0.00,13,0,0,0.0,0.0,2026-08-29T14:00:00Z,0,False,7,0,0,0,0,0,2,0,2377,0,0,1,0,0.0,0,-462,64,526,45,False,0
Leo Shahar,DEF,Newcastle,0.0,0,0,0,0,0,0.0,0,609,0.00,0.00,0.00,0.00,15,0,0,0.0,0.0,2026-08-29T16:30:00Z,0,False,19,0,0,0,0,0,2,0,11777,0,0,2,0,0.0,0,3348,3993,645,40,False,0
Kepa Arrizabalaga Revuelta,GK,Arsenal,0.0,0,0,0,0,0,0.0,0,2,0.00,0.00,0.00,0.00,20,0,0,0.0,0.0,2026-08-31T19:00:00Z,0,False,2,0,0,0,0,0,2,0,7844,0,0,1,0,0.0,0,-1067,322,1389,50,False,0
Alisson Becker,GK,Liverpool,3.8,0,0,-5,0,2,0.0,0,350,0.00,0.00,0.00,2.30,14,2,0,0.8,7.6,2026-08-29T11:30:00Z,90,False,18,0,0,0,4,0,2,1,377543,1,0,2,2,0.0,0,4084,25307,21223,55,True,1
Mathys Tel,MID,Spurs,1.6,0,0,10,0,0,3.3,3,514,0.03,0.17,0.14,0.48,15,1,0,4.1,3.8,2026-08-29T16:30:00Z,67,False,17,0,0,0,2,0,2,0,48495,1,1,2,0,34.0,2,-6287,4174,10461,60,True,0
Leo Fuhr Hjelde,DEF,Sunderland,0.0,0,0,0,0,0,0.0,0,538,0.00,0.00,0.00,0.00,19,0,0,0.0,0.0,2026-08-30T13:00:00Z,0,False,10,0,0,0,0,0,2,0,5174,0,0,0,1,0.0,0,-990,0,990,40,True,0
Chiedozie Ogbene,MID,Ipswich Town,0.0,0,0,0,0,0,0.0,0,314,0.00,0.00,0.00,0.00,18,0,0,0.0,0.0,2026-08-30T15:30:00Z,0,False,16,0,0,0,0,0,2,0,1468,0,0,2,5,0.0,0,-206,37,243,50,False,0
Mathias Jensen,MID,Brentford,0.0,0,0,0,0,0,0.0,0,97,0.00,0.00,0.00,0.00,17,0,0,0.0,0.0,2026-08-30T13:00:00Z,0,False,13,0,0,0,0,0,2,0,22961,0,0,1,1,0.0,0,2521,3858,1337,55,False,0
Jeremy Jacquet,DEF,Liverpool,3.6,0,0,13,0,8,15.1,11,362,0.05,0.05,0.00,2.23,14,2,0,4.8,30.8,2026-08-29T11:30:00Z,76,False,18,0,0,0,4,0,2,0,235410,1,3,2,2,2.0,3,4556,22712,18156,50,True,0
Dominic Calvert-Lewin,FWD,Leeds,4.0,0,2,31,0,3,4.0,4,346,0.02,0.94,0.92,1.67,17,1,1,7.7,38.4,2026-08-30T13:00:00Z,90,False,4,0,0,0,1,0,2,0,2823193,1,0,1,1,35.0,8,-104622,84314,188936,60,True,0
Nick Pope,GK,Newcastle,0.0,0,0,0,0,0,0.0,0,442,0.00,0.00,0.00,0.00,15,0,0,0.0,0.0,2026-08-29T16:30:00Z,0,False,19,0,0,0,0,0,2,0,124934,0,0,2,0,0.0,0,-9598,2706,12304,50,False,0
Frank Onyeka,MID,Coventry City,1.2,0,0,0,0,0,0.0,0,104,0.00,0.00,0.00,0.00,13,0,0,0.0,0.0,2026-08-29T14:00:00Z,0,False,11,0,0,0,0,0,2,0,16442,0,0,1,0,0.0,0,856,2456,1600,50,True,0
Marc Guéhi,DEF,Man City,5.2,0,0,12,0,5,15.8,5,388,0.04,0.04,0.00,0.66,11,1,0,4.0,24.2,2026-08-28T19:00:00Z,90,False,8,0,0,0,4,0,2,0,1952448,1,0,4,1,0.0,2,140987,182745,41758,60,False,0
Christos Tzolis,MID,Arsenal,3.2,0,0,1,0,1,11.8,3,557,0.01,0.01,0.00,0.10,20,0,0,1.6,0.0,2026-08-31T19:00:00Z,45,False,2,0,0,0,2,0,2,0,2597617,1,0,1,0,4.0,0,180987,236687,55700,65,False,1
George Hemmings,MID,Aston Villa,1.8,0,0,5,0,0,4.3,6,51,0.01,0.01,0.00,1.01,20,1,0,0.6,1.8,2026-08-31T19:00:00Z,70,False,1,0,0,0,4,0,2,0,72550,1,2,1,0,0.0,2,3259,8743,5484,45,True,0
Erling Haaland,FWD,Man City,6.6,0,3,60,0,3,0.1,5,411,0.00,0.66,0.66,0.66,11,1,2,12.0,69.0,2026-08-28T19:00:00Z,90,False,8,0,0,0,2,0,2,0,6731685,1,0,4,1,51.0,13,-34247,69605,103852,155,False,0
Riccardo Calafiori,DEF,Arsenal,5.8,1,2,30,1,2,11.9,3,8,0.46,0.57,0.11,0.33,20,0,0,4.2,21.2,2026-08-31T19:00:00Z,90,False,2,0,0,0,4,0,2,0,4150694,1,1,1,0,9.0,11,268472,310105,41633,56,False,0
Juanlu Sánchez,DEF,Bournemouth,0.0,0,0,0,0,0,0.0,0,573,0.00,0.00,0.00,0.00,12,0,0,0.0,0.0,2026-08-29T14:00:00Z,0,False,9,0,0,0,0,0,2,0,21445,0,0,1,1,0.0,0,-1013,452,1465,45,True,0
Tom King,GK,Everton,0.0,0,0,0,0,0,0.0,0,228,0.00,0.00,0.00,0.00,12,0,0,0.0,0.0,2026-08-29T14:00:00Z,0,False,3,0,0,0,0,0,2,0,4235,0,0,1,1,0.0,0,-136,243,379,45,False,0
Dean Henderson,GK,Crystal Palace,0.0,0,0,4,0,2,0.0,0,198,0.00,0.00,0.00,2.21,11,4,0,3.0,30.2,2026-08-28T19:00:00Z,90,False,15,0,0,0,11,0,2,4,182716,1,0,4,1,0.0,1,-7870,5904,13774,50,True,0
Oli McBurnie,FWD,Hull City,2.8,0,0,7,1,0,13.3,4,295,0.01,0.01,0.00,1.29,13,0,0,2.2,0.8,2026-08-29T14:00:00Z,90,False,7,0,0,0,4,0,2,0,219548,1,0,1,0,8.0,1,66700,82641,15941,55,False,1
Amad Diallo,MID,Man Utd,0.0,0,0,0,0,0,0.0,0,431,0.00,0.00,0.00,0.00,18,0,0,0.0,0.0,2026-08-30T15:30:00Z,0,False,12,0,0,0,0,0,2,0,91945,0,0,2,5,0.0,0,-57883,1576,59459,59,True,0
Oscar Mingueza,DEF,Crystal Palace,0.4,0,0,1,0,0,0.1,1,207,0.00,0.00,0.00,0.20,11,1,0,0.2,2.2,2026-08-28T19:00:00Z,15,False,15,0,0,0,0,0,2,0,7384,0,1,4,1,0.0,1,-1081,199,1280,45,True,0
Charalampos Kostoulas,FWD,Brighton,5.6,1,0,17,0,0,15.1,6,138,0.02,0.19,0.17,2.89,16,4,0,3.7,5.0,2026-08-30T13:00:00Z,79,False,6,0,0,0,6,0,2,0,22097,1,0,3,4,17.0,5,-767,1384,2151,55,False,0
Filip Jörgensen,GK,Chelsea,0.0,0,0,0,0,0,0.0,0,141,0.00,0.00,0.00,0.00,16,0,0,0.0,0.0,2026-08-30T13:00:00Z,0,False,5,0,0,0,0,0,2,0,1280,0,0,3,4,0.0,0,-501,0,501,50,True,0
Kaye Furo,FWD,Brentford,0.0,0,0,0,0,0,0.0,0,107,0.00,0.00,0.00,0.00,17,0,0,0.0,0.0,2026-08-30T13:00:00Z,0,False,13,0,0,0,0,0,2,0,89302,0,0,1,1,0.0,0,-252,8191,8443,45,False,0
Matheus Santos Carneiro da Cunha,MID,Man Utd,3.2,2,1,31,0,0,27.6,2,428,0.15,0.26,0.11,1.06,18,1,0,7.6,20.0,2026-08-30T15:30:00Z,79,False,12,0,0,0,2,0,2,0,924196,1,0,2,5,28.0,9,-66103,26854,92957,80,True,0
Carl Rushworth,GK,Coventry City,1.0,0,0,10,0,1,0.0,0,110,0.00,0.00,0.00,0.72,13,1,0,1.1,10.6,2026-08-29T14:00:00Z,90,False,11,0,0,0,13,0,2,1,122624,1,0,1,0,0.0,2,7259,11931,4672,45,True,0
Gabriel dos Santos Magalhães,DEF,Arsenal,5.0,0,0,23,1,8,3.2,10,4,0.02,0.15,0.13,0.33,20,0,0,2.7,18.2,2026-08-31T19:00:00Z,90,False,2,0,0,0,5,0,2,0,2878770,1,2,1,0,6.0,8,-65343,58765,124108,80,False,0
Hugo Ekitiké,FWD,Liverpool,0.0,0,0,0,0,0,0.0,0,380,0.00,0.00,0.00,0.00,14,0,0,0.0,0.0,2026-08-29T11:30:00Z,0,False,18,0,0,0,0,0,2,0,14299,0,0,2,2,0.0,0,-3098,709,3807,75,True,0
Chris Richards,DEF,Crystal Palace,1.2,0,0,-4,0,4,0.1,6,202,0.00,0.04,0.04,2.21,11,4,0,3.2,15.0,2026-08-28T19:00:00Z,90,False,15,0,0,0,2,0,2,0,71981,1,2,4,1,17.0,0,-2246,4208,6454,50,True,0
Brian Madjo,FWD,Aston Villa,0.0,0,0,0,0,0,0.0,0,582,0.00,0.00,0.00,0.00,20,0,0,0.0,0.0,2026-08-31T19:00:00Z,0,False,1,0,0,0,0,0,2,0,40291,0,0,1,0,0.0,0,-7757,1166,8923,55,True,0
Curtis Jones,MID,Liverpool,0.0,0,0,0,0,0,0.0,0,373,0.00,0.00,0.00,0.00,14,0,0,0.0,0.0,2026-08-29T11:30:00Z,0,False,18,0,0,0,0,0,2,0,3769,0,0,2,2,0.0,0,-1095,33,1128,55,True,0
Aladji Bamba,MID,Newcastle,0.6,0,0,0,0,0,0.0,0,559,0.00,0.00,0.00,0.00,15,0,0,0.0,0.0,2026-08-29T16:30:00Z,0,False,19,0,0,0,0,0,2,0,13188,0,0,2,0,0.0,0,-977,690,1667,50,False,0
Abdul Fatawu,MID,Ipswich Town,1.6,1,0,25,0,1,42.3,4,315,0.22,0.22,0.00,4.59,18,5,0,7.1,26.6,2026-08-30T15:30:00Z,82,False,16,0,0,0,2,0,2,0,21573,1,1,2,5,2.0,4,-2198,570,2768,55,False,1
Leny Yoro,DEF,Man Utd,0.4,0,0,-2,0,2,1.8,2,420,0.01,0.01,0.00,1.00,18,1,0,0.4,1.8,2026-08-30T15:30:00Z,16,False,12,0,0,0,1,0,2,0,62806,0,0,2,5,0.0,1,-9208,1536,10744,50,True,0
Jorrel Hato,DEF,Chelsea,1.6,1,0,12,0,4,20.7,6,148,0.06,0.06,0.00,1.41,16,3,0,5.1,30.0,2026-08-30T13:00:00Z,90,False,5,0,0,0,3,0,2,0,47286,1,2,3,4,0.0,4,-126,4358,4484,45,True,0
Sander Berge,MID,Fulham,1.6,0,0,14,0,0,27.9,2,265,0.20,0.20,0.00,1.85,19,1,0,3.6,6.0,2026-08-30T13:00:00Z,82,False,20,0,0,0,2,0,2,0,38868,1,0,0,1,2.0,2,-1868,1465,3333,50,False,0
Timothy Castagne,DEF,Fulham,3.8,0,0,18,1,1,0.7,2,258,0.00,0.00,0.00,0.26,19,0,0,0.0,0.0,2026-08-30T13:00:00Z,67,False,20,0,0,0,2,0,2,0,45933,1,1,0,1,0.0,6,9481,12096,2615,45,False,0
Cody Gakpo,MID,Liverpool,5.8,1,0,21,0,1,27.8,3,367,0.65,0.65,0.00,2.23,14,2,0,5.7,23.2,2026-08-29T11:30:00Z,70,False,18,0,0,0,2,0,2,0,653797,1,0,2,2,6.0,5,177953,205704,27751,70,True,0
Jaidon Anthony,MID,Brentford,3.0,0,0,4,1,0,25.9,1,105,0.06,0.17,0.11,0.09,17,0,0,4.4,3.2,2026-08-30T13:00:00Z,60,False,13,0,0,0,1,0,2,0,16949,1,0,1,1,15.0,2,-433,1958,2391,60,False,1
Julián Araujo Zúñiga,DEF,Bournemouth,0.0,0,0,0,0,0,0.0,0,65,0.00,0.00,0.00,0.00,12,0,0,0.0,0.0,2026-08-29T14:00:00Z,0,False,9,0,0,0,0,0,2,0,1571,0,0,1,1,0.0,0,-418,88,506,45,True,0
Dara O'Shea,DEF,Ipswich Town,2.0,0,0,-14,0,1,0.8,1,304,0.01,0.08,0.07,4.77,18,5,0,0.9,0.0,2026-08-30T15:30:00Z,90,False,16,0,0,0,2,0,2,0,338381,1,0,2,5,9.0,0,1655,15639,13984,40,False,0
Norberto Bercique Gomes Betuncal,FWD,Everton,0.0,0,0,2,0,1,0.3,1,248,0.00,0.04,0.04,1.58,12,0,0,0.6,3.0,2026-08-29T14:00:00Z,20,False,3,0,0,0,0,0,2,0,227543,0,0,1,1,3.0,1,-35102,7709,42811,55,False,0
Alex Palmer,GK,Ipswich Town,0.0,0,0,0,0,0,0.0,0,301,0.00,0.00,0.00,0.00,18,0,0,0.0,0.0,2026-08-30T15:30:00Z,0,False,16,0,0,0,0,0,2,0,442454,0,0,2,5,0.0,0,-9662,7686,17348,40,False,0
Jacob Ramsey,MID,Newcastle,0.0,0,0,3,0,0,4.2,1,456,0.13,0.13,0.00,0.38,15,0,0,0.4,0.2,2026-08-29T16:30:00Z,8,False,19,0,0,0,1,0,2,0,34073,0,0,2,0,0.0,1,-3238,1442,4680,50,False,0
Alex Tóth,MID,Bournemouth,0.2,0,0,0,0,0,0.0,0,76,0.00,0.00,0.00,0.00,12,0,0,0.0,0.0,2026-08-29T14:00:00Z,0,False,9,0,0,0,0,0,2,0,1576,0,0,1,1,0.0,0,-46,100,146,50,True,0
Arnaud Kalimuendo,FWD,Nott'm Forest,0.2,0,0,0,0,0,0.0,0,493,0.00,0.00,0.00,0.00,14,0,0,0.0,0.0,2026-08-29T11:30:00Z,0,False,14,0,0,0,0,0,2,0,5177,0,0,2,2,0.0,0,-418,339,757,55,False,0
Anthony Patterson,GK,Sunderland,0.0,0,0,0,0,0,0.0,0,530,0.00,0.00,0.00,0.00,19,0,0,0.0,0.0,2026-08-30T13:00:00Z,0,False,10,0,0,0,0,0,2,0,16075,0,0,0,1,0.0,0,-2307,0,2307,40,True,0
Gabriel Martinelli Silva,MID,Arsenal,0.0,0,0,0,0,0,0.0,0,18,0.00,0.00,0.00,0.00,20,0,0,0.0,0.0,2026-08-31T19:00:00Z,0,False,2,0,0,0,0,0,2,0,19331,0,0,1,0,0.0,0,-5718,1318,7036,64,False,0
Matty Jacob,DEF,Hull City,0.0,0,0,0,0,0,0.0,0,283,0.00,0.00,0.00,0.00,13,0,0,0.0,0.0,2026-08-29T14:00:00Z,0,False,7,0,0,0,0,0,2,0,1177,0,0,1,0,0.0,0,-171,57,228,40,False,0
Dan Burn,DEF,Newcastle,0.0,0,0,0,0,0,0.0,0,448,0.00,0.00,0.00,0.00,15,0,0,0.0,0.0,2026-08-29T16:30:00Z,0,False,19,0,0,0,0,0,2,0,159459,0,0,2,0,0.0,0,-69064,6247,75311,50,False,0
Luc De Fougerolles,DEF,Fulham,0.0,0,0,0,0,0,0.0,0,610,0.00,0.00,0.00,0.00,19,0,0,0.0,0.0,2026-08-30T13:00:00Z,0,False,20,0,0,0,0,0,2,0,7950,0,0,0,1,0.0,0,2577,3051,474,40,False,0
Nobel Mendy,DEF,Hull City,0.0,0,0,9,0,7,0.0,9,586,0.00,0.01,0.01,1.09,13,0,0,3.5,27.6,2026-08-29T14:00:00Z,58,False,7,0,0,0,2,0,2,0,418634,1,2,1,0,7.0,1,160120,179580,19460,40,False,0
Geovany Quenda,MID,Chelsea,0.4,0,0,0,0,0,0.0,0,164,0.00,0.00,0.00,0.00,16,0,0,0.0,0.0,2026-08-30T13:00:00Z,0,False,5,0,0,0,0,0,2,0,4061,0,0,3,4,0.0,0,-589,231,820,55,True,0
Wilson Odobert,MID,Spurs,0.0,0,0,0,0,0,0.0,0,517,0.00,0.00,0.00,0.00,15,0,0,0.0,0.0,2026-08-29T16:30:00Z,0,False,17,0,0,0,0,0,2,0,121,0,0,2,0,0.0,0,-3,16,19,55,True,0
Manuel Ugarte Ribeiro,MID,Man Utd,0.0,0,0,0,0,0,0.0,0,433,0.00,0.00,0.00,0.00,18,0,0,0.0,0.0,2026-08-30T15:30:00Z,0,False,12,0,0,0,0,0,2,0,348,0,0,2,5,0.0,0,-64,24,88,50,True,0
Jack Taylor,MID,Ipswich Town,0.0,0,0,0,0,0,0.0,0,312,0.00,0.00,0.00,0.00,18,0,0,0.0,0.0,2026-08-30T15:30:00Z,0,False,16,0,0,0,0,0,2,0,3887,0,0,2,5,0.0,0,-772,111,883,45,False,0
Aaron Wan-Bissaka,DEF,Aston Villa,1.5,0,0,4,0,0,0.8,2,611,0.00,0.00,0.00,0.00,20,0,0,0.4,3.6,2026-08-31T19:00:00Z,12,False,1,0,0,0,0,0,2,0,4588,0,2,1,0,0.0,1,1383,1549,166,45,True,0
João Pedro Loureiro da Costa,DEF,Brighton,0.8,0,0,-1,0,0,0.3,0,119,0.00,0.00,0.00,0.04,16,0,0,0.0,0.0,2026-08-30T13:00:00Z,10,False,6,0,0,0,0,0,2,0,3512,0,0,3,4,0.0,0,59,285,226,45,False,1
Ryan Giles,DEF,Hull City,4.8,0,0,21,1,1,15.0,2,282,0.07,0.07,0.00,1.29,13,0,0,2.7,9.6,2026-08-29T14:00:00Z,90,False,7,0,0,0,4,0,2,0,90479,1,1,1,0,2.0,6,8701,12892,4191,40,False,0
Luca Netz,DEF,Nott'm Forest,0.4,0,0,5,0,0,0.0,1,478,0.00,0.00,0.00,0.00,14,0,0,0.2,2.0,2026-08-29T11:30:00Z,4,False,14,0,0,0,0,0,2,0,3516,0,1,2,2,0.0,1,-176,112,288,45,False,0
Leon Bailey,MID,Aston Villa,0.0,0,0,0,0,0,0.0,0,44,0.00,0.00,0.00,0.00,20,0,0,0.0,0.0,2026-08-31T19:00:00Z,0,False,1,0,0,0,0,0,2,0,14192,0,0,1,0,0.0,0,-1655,1002,2657,55,True,0
Alexander Isak,FWD,Liverpool,5.0,0,2,30,0,0,10.3,1,379,0.00,0.99,0.99,2.30,14,2,1,9.2,34.0,2026-08-29T11:30:00Z,90,False,18,0,0,0,0,0,2,0,1629014,1,1,2,2,48.0,8,-28097,73036,101133,90,True,0
Norman Bassette,FWD,Coventry City,0.0,0,0,0,0,0,0.0,0,197,0.00,0.00,0.00,0.00,13,0,0,0.0,0.0,2026-08-29T14:00:00Z,0,False,11,0,0,0,0,0,2,0,3783,0,0,1,0,0.0,0,-788,0,788,45,True,0
Harry Amass,DEF,Man Utd,0.0,0,0,0,0,0,0.0,0,424,0.00,0.00,0.00,0.00,18,0,0,0.0,0.0,2026-08-30T15:30:00Z,0,False,12,0,0,0,0,0,2,0,19337,0,0,2,5,0.0,0,-1093,888,1981,40,True,0
Ola Aina,DEF,Nott'm Forest,1.6,0,0,2,0,3,15.5,5,473,0.35,0.35,0.00,1.75,14,2,0,3.1,11.8,2026-08-29T11:30:00Z,85,False,14,0,0,0,4,0,2,0,345943,1,2,2,2,4.0,0,-5067,17770,22837,45,False,1
Brenden Aaronson,MID,Leeds,1.2,0,0,6,0,1,0.6,3,337,0.01,0.01,0.00,0.55,17,1,0,0.3,2.2,2026-08-30T13:00:00Z,45,False,4,0,0,0,1,0,2,0,85405,1,1,1,1,0.0,1,-5840,2593,8433,55,True,0
Paddy McNair,DEF,Hull City,0.2,0,0,0,0,0,0.0,0,285,0.00,0.00,0.00,0.00,13,0,0,0.0,0.0,2026-08-29T14:00:00Z,0,False,7,0,0,0,0,0,2,0,13083,0,0,1,0,0.0,0,-44,646,690,40,False,0
Álvaro Rodríguez,FWD,Bournemouth,0.4,0,0,4,0,0,0.0,1,81,0.00,0.00,0.00,0.16,12,1,0,0.0,0.0,2026-08-29T14:00:00Z,9,False,9,0,0,0,1,0,2,0,11569,0,0,1,1,0.0,1,-182,1000,1182,60,True,0
Liam Delap,FWD,Nott'm Forest,1.6,0,0,9,0,0,10.1,0,167,0.00,0.07,0.07,0.33,14,1,0,2.1,4.0,2026-08-29T11:30:00Z,24,False,14,0,0,0,0,0,2,0,48067,0,0,2,2,7.0,1,175,7740,7565,55,False,0
Bruno Borges Fernandes,MID,Man Utd,5.8,1,3,87,0,1,62.5,8,426,0.48,2.50,2.02,2.06,18,2,3,26.1,132.4,2026-08-30T15:30:00Z,90,False,12,0,0,0,5,0,2,0,4770471,1,2,2,5,66.0,23,-180062,48518,228580,120,True,0
Jannik Schuster,DEF,Brentford,4.2,0,0,0,0,0,0.0,0,93,0.00,0.00,0.00,0.00,17,0,0,0.0,0.0,2026-08-30T13:00:00Z,0,False,13,0,0,0,0,0,2,0,16511,0,0,1,1,0.0,0,-1064,142,1206,45,False,0
Shea Lacey,MID,Man Utd,0.2,0,0,0,0,0,0.0,0,435,0.00,0.00,0.00,0.00,18,0,0,0.0,0.0,2026-08-30T15:30:00Z,0,False,12,0,0,0,0,0,2,0,4851,0,0,2,5,0.0,0,-263,327,590,50,True,0
Daniel Jebbison,FWD,Bournemouth,0.4,0,0,0,0,0,0.0,0,608,0.00,0.00,0.00,0.00,12,0,0,0.0,0.0,2026-08-29T14:00:00Z,0,False,9,0,0,0,0,0,2,0,4738,0,0,1,1,0.0,0,2056,2477,421,50,True,0
Viktor Gyökeres,FWD,Arsenal,0.4,0,0,0,0,0,0.0,0,25,0.00,0.00,0.00,0.00,20,0,0,0.0,0.0,2026-08-31T19:00:00Z,0,False,2,0,0,0,0,0,2,0,650596,0,0,1,0,0.0,0,-229353,8776,238129,74,False,0
Lukás Hornícek,GK,Newcastle,2.8,0,0,32,1,2,0.0,0,567,0.00,0.00,0.00,1.12,15,0,0,3.5,34.6,2026-08-29T16:30:00Z,90,False,19,0,0,0,4,0,2,4,70807,1,0,2,0,0.0,7,1279,5537,4258,50,False,0
Elliot Anderson,MID,Man City,2.6,0,0,25,0,4,20.2,14,481,0.22,0.29,0.07,0.66,11,1,0,5.8,25.0,2026-08-28T19:00:00Z,81,False,8,0,0,0,5,0,2,0,597491,1,5,4,1,13.0,3,-143069,10236,153305,64,False,1
Lamare Bogarde,MID,Aston Villa,0.2,0,0,0,0,0,0.0,0,35,0.00,0.00,0.00,0.00,20,0,0,0.0,0.0,2026-08-31T19:00:00Z,0,False,1,0,0,0,0,0,2,0,6973,0,0,1,0,0.0,0,-349,636,985,50,True,0
Jack Butland,GK,Hull City,0.0,0,0,0,0,0,0.0,0,274,0.00,0.00,0.00,0.00,13,0,0,0.0,0.0,2026-08-29T14:00:00Z,0,False,7,0,0,0,0,0,2,0,9646,0,0,1,0,0.0,0,-1614,124,1738,45,False,0
Omari Hutchinson,MID,Nott'm Forest,0.0,0,0,0,0,0,0.0,0,484,0.00,0.00,0.00,0.00,14,0,0,0.0,0.0,2026-08-29T11:30:00Z,0,False,14,0,0,0,0,0,2,0,15837,0,0,2,2,0.0,0,-2032,214,2246,55,False,0
Michael Kayode,DEF,Brentford,4.6,0,0,9,0,3,16.0,4,88,0.21,0.23,0.02,1.46,17,1,0,3.8,14.4,2026-08-30T13:00:00Z,87,False,13,0,0,0,4,0,2,0,778776,1,1,1,1,8.0,2,289643,310803,21160,46,False,0
Valentín Barco,MID,Chelsea,0.6,0,0,1,0,1,0.0,1,568,0.00,0.04,0.04,0.07,16,1,0,0.2,0.0,2026-08-30T13:00:00Z,8,False,5,0,0,0,0,0,2,0,13561,0,0,3,4,4.0,1,-1133,528,1661,55,True,0
Jack Harrison,MID,Leeds,0.0,0,0,0,0,0,0.0,0,342,0.00,0.00,0.00,0.00,17,0,0,0.0,0.0,2026-08-30T13:00:00Z,0,False,4,0,0,0,0,0,2,0,98,0,0,1,1,0.0,0,-36,0,36,50,True,0
Jayden Danns,FWD,Liverpool,0.0,0,0,0,0,0,0.0,0,382,0.00,0.00,0.00,0.00,14,0,0,0.0,0.0,2026-08-29T11:30:00Z,0,False,18,0,0,0,0,0,2,0,3423,0,0,2,2,0.0,0,-253,309,562,45,True,0
Cristhian Mosquera,DEF,Arsenal,2.4,0,0,25,1,4,1.4,4,11,0.01,0.01,0.00,0.33,20,0,0,1.2,10.2,2026-08-31T19:00:00Z,78,False,2,0,0,0,0,0,2,0,566006,1,0,1,0,0.0,6,-30539,15410,45949,55,False,0
Mamadou Sangaré,MID,Brentford,4.4,0,0,16,0,5,25.3,14,565,0.03,0.24,0.21,1.46,17,1,0,6.1,24.4,2026-08-30T13:00:00Z,90,False,13,0,0,0,5,0,2,0,902725,1,4,1,1,11.0,4,420422,443762,23340,56,False,0
Ashley Phillips,DEF,Spurs,0.0,0,0,0,0,0,0.0,0,507,0.00,0.00,0.00,0.00,15,0,0,0.0,0.0,2026-08-29T16:30:00Z,0,False,17,0,0,0,0,0,2,0,1903,0,0,2,0,0.0,0,-658,0,658,45,True,0
Yasin Ayari,MID,Brighton,3.0,0,0,0,0,0,0.0,0,129,0.00,0.00,0.00,0.00,16,0,0,0.0,0.0,2026-08-30T13:00:00Z,0,False,6,0,0,0,0,0,2,0,62632,0,0,3,4,0.0,0,-4277,3334,7611,55,False,0
Daniel Ballard,DEF,Sunderland,2.4,0,0,27,1,9,1.2,10,532,0.00,0.03,0.03,0.95,19,0,0,3.2,23.6,2026-08-30T13:00:00Z,90,False,10,0,0,0,1,0,2,0,495946,1,1,0,1,7.0,8,-36906,12798,49704,50,True,0
Emmanuel Emegha,FWD,Chelsea,0.0,0,0,0,0,0,0.0,0,170,0.00,0.00,0.00,0.00,16,0,0,0.0,0.0,2026-08-30T13:00:00Z,0,False,5,0,0,0,0,0,2,0,14647,0,0,3,4,0.0,0,-884,1450,2334,50,True,0
Mykhailo Mudryk,MID,Chelsea,0.0,0,0,0,0,0,0.0,0,578,0.00,0.00,0.00,0.00,16,0,0,0.0,0.0,2026-08-30T13:00:00Z,0,False,5,0,0,0,0,0,2,0,4222,0,0,3,4,0.0,0,-742,234,976,55,True,0
Ayyoub Bouaddi,MID,Man City,0.5,0,0,3,0,1,4.3,1,616,0.12,0.12,0.00,0.00,11,0,0,0.6,1.8,2026-08-28T19:00:00Z,8,False,8,0,0,0,0,0,2,0,4327,0,0,4,1,0.0,1,2706,3055,349,55,False,0
Joe Gomez,DEF,Liverpool,0.0,0,0,0,0,0,0.0,0,359,0.00,0.00,0.00,0.00,14,0,0,0.0,0.0,2026-08-29T11:30:00Z,0,False,18,0,0,0,0,0,2,0,1606,0,0,2,2,0.0,0,-330,79,409,50,True,0
David Brooks,MID,Bournemouth,0.4,0,0,3,0,0,1.6,0,74,0.01,0.01,0.00,0.16,12,1,0,0.1,0.0,2026-08-29T14:00:00Z,9,False,9,0,0,0,0,0,2,0,5133,0,0,1,1,0.0,1,-93,602,695,50,True,0
Will Dennis,GK,Bournemouth,0.0,0,0,0,0,0,0.0,0,59,0.00,0.00,0.00,0.00,12,0,0,0.0,0.0,2026-08-29T14:00:00Z,0,False,9,0,0,0,0,0,2,0,18847,0,0,1,1,0.0,0,-384,1133,1517,40,True,0
Jack Rudoni,MID,Coventry City,1.6,0,0,12,1,1,27.7,6,183,0.09,0.15,0.06,0.02,13,0,0,3.9,6.8,2026-08-29T14:00:00Z,70,False,11,0,0,0,4,0,2,0,14191,1,1,1,0,4.0,3,-49,1250,1299,50,True,0
James Rowswell,DEF,Spurs,0.0,0,0,0,0,0,0.0,0,510,0.00,0.00,0.00,0.00,15,0,0,0.0,0.0,2026-08-29T16:30:00Z,0,False,17,0,0,0,0,0,2,0,7895,0,0,2,0,0.0,0,-360,335,695,40,True,0
Mark Travers,GK,Everton,0.0,0,0,0,0,0,0.0,0,227,0.00,0.00,0.00,0.00,12,0,0,0.0,0.0,2026-08-29T14:00:00Z,0,False,3,0,0,0,0,0,2,0,3593,0,0,1,1,0.0,0,-113,290,403,50,False,0
Mitoma Kaoru,MID,Brighton,0.0,0,0,0,0,0,0.0,0,121,0.00,0.00,0.00,0.00,16,0,0,0.0,0.0,2026-08-30T13:00:00Z,0,False,6,0,0,0,0,0,2,0,4114,0,0,3,4,0.0,0,-1078,159,1237,60,False,0
Matty Cash,DEF,Aston Villa,1.2,0,0,8,0,2,1.8,6,32,0.01,0.16,0.15,1.04,20,1,0,2.3,14.0,2026-08-31T19:00:00Z,77,False,1,0,0,0,1,0,2,0,749133,1,4,1,0,7.0,2,-79349,26978,106327,45,True,0
George Shepherd,MID,Coventry City,0.0,0,0,0,0,0,0.0,0,189,0.00,0.00,0.00,0.00,13,0,0,0.0,0.0,2026-08-29T14:00:00Z,0,False,11,0,0,0,0,0,2,0,28459,0,0,1,0,0.0,0,-2158,1013,3171,45,True,0
Rio Ngumoha,MID,Liverpool,0.8,0,0,5,0,0,1.3,0,369,0.03,0.03,0.00,0.07,14,0,0,0.5,2.0,2026-08-29T11:30:00Z,19,False,18,0,0,0,0,0,2,0,106917,0,0,2,2,2.0,1,-9330,5547,14877,60,True,0
Rio Cardines,DEF,Crystal Palace,0.0,0,0,0,0,0,0.0,0,220,0.00,0.00,0.00,0.00,11,0,0,0.0,0.0,2026-08-28T19:00:00Z,0,False,15,0,0,0,0,0,2,0,187,0,0,4,1,0.0,0,-65,0,65,45,True,0
Bryan Mbeumo,MID,Man Utd,4.6,1,2,37,0,0,43.3,5,427,0.21,1.97,1.76,2.06,18,2,1,12.4,45.6,2026-08-30T15:30:00Z,90,False,12,0,0,0,2,0,2,0,3537164,1,3,2,5,35.0,11,-137963,82225,220188,80,True,1
Diogo Dalot Teixeira,DEF,Man Utd,1.2,0,0,12,0,4,42.2,4,417,0.12,0.27,0.15,1.06,18,1,0,9.2,16.4,2026-08-30T15:30:00Z,73,False,12,0,0,0,1,0,2,0,242125,1,0,2,5,33.0,2,-25442,8190,33632,50,True,0
Rico Henry,DEF,Brentford,0.2,0,0,3,0,0,0.0,0,89,0.00,0.00,0.00,0.00,17,0,0,0.0,0.0,2026-08-30T13:00:00Z,2,False,13,0,0,0,0,0,2,0,24226,0,0,1,1,0.0,1,-1602,544,2146,45,False,0
Granit Xhaka,MID,Sunderland,3.8,0,3,29,1,1,57.9,7,544,0.36,0.36,0.00,0.95,19,0,0,7.8,20.4,2026-08-30T13:00:00Z,90,False,10,0,0,0,6,0,2,0,464299,1,0,0,1,0.0,6,24566,42781,18215,55,True,0
Dilane Bakwa,MID,Nott'm Forest,0.0,0,0,0,0,0,0.0,0,485,0.00,0.00,0.00,0.00,14,0,0,0.0,0.0,2026-08-29T11:30:00Z,0,False,14,0,0,0,0,0,2,0,1297,0,0,2,2,0.0,0,-298,107,405,55,False,0
Michael Keane,DEF,Everton,0.0,0,0,0,0,0,0.0,0,231,0.00,0.00,0.00,0.00,12,0,0,0.0,0.0,2026-08-29T14:00:00Z,0,False,3,0,0,0,0,0,2,0,136213,0,0,1,1,0.0,0,-21625,3260,24885,50,False,0
Dário Luís Essugo,MID,Chelsea,0.0,0,0,0,0,0,0.0,0,163,0.00,0.00,0.00,0.00,16,0,0,0.0,0.0,2026-08-30T13:00:00Z,0,False,5,0,0,0,0,0,2,0,18847,0,0,3,4,0.0,0,-1635,1252,2887,45,True,0
Marcelino Núñez,MID,Ipswich Town,1.2,0,0,6,0,4,12.1,9,309,0.02,0.02,0.00,2.85,18,3,0,2.6,11.6,2026-08-30T15:30:00Z,61,False,16,0,0,0,4,0,2,0,14039,1,1,2,5,2.0,2,-196,1197,1393,50,False,0
Johan Manzambi,MID,Aston Villa,2.8,0,0,0,0,0,0.0,0,53,0.00,0.00,0.00,0.00,20,0,0,0.0,0.0,2026-08-31T19:00:00Z,0,False,1,0,0,0,0,0,2,0,18618,0,0,1,0,0.0,0,-8558,232,8790,60,True,0
John McGinn,MID,Aston Villa,3.4,0,0,2,0,1,12.0,4,45,0.05,0.10,0.05,1.04,20,1,0,1.7,0.0,2026-08-31T19:00:00Z,90,False,1,0,0,0,2,0,2,0,274653,1,1,1,0,10.0,1,-37047,7606,44653,55,True,1
Harvey Barnes,MID,Newcastle,5.6,0,0,9,1,2,22.1,4,453,0.01,0.05,0.04,1.12,15,0,0,3.6,7.2,2026-08-29T16:30:00Z,90,False,19,0,0,0,0,0,2,0,113402,1,2,2,0,7.0,3,4665,14995,10330,60,False,0
Kayne van Oevelen,GK,Ipswich Town,0.0,0,0,0,0,0,0.0,0,554,0.00,0.00,0.00,0.00,18,0,0,0.0,0.0,2026-08-30T15:30:00Z,0,False,16,0,0,0,0,0,2,0,3085,0,0,2,5,0.0,0,-583,54,637,45,False,0
Cole Palmer,MID,Chelsea,5.6,0,0,28,0,2,25.3,8,154,0.13,0.79,0.66,1.41,16,3,1,9.2,40.8,2026-08-30T13:00:00Z,90,False,5,0,0,0,4,0,2,0,1644351,1,2,3,4,26.0,7,344912,376872,31960,95,True,0
Nico O'Reilly,DEF,Man City,1.0,0,0,11,0,0,7.8,1,387,0.02,0.04,0.02,0.66,11,1,0,1.6,3.6,2026-08-28T19:00:00Z,88,False,8,0,0,0,2,0,2,0,2068744,1,1,4,1,5.0,2,-38546,68784,107330,65,False,0
Aurèle Amenda,DEF,Coventry City,0.2,0,0,4,0,4,2.1,4,182,0.04,0.06,0.02,0.72,13,1,0,1.9,11.4,2026-08-29T14:00:00Z,90,False,11,0,0,0,1,0,2,0,84795,1,0,1,0,5.0,1,-1183,3328,4511,40,True,1
Ben Wilson,GK,Coventry City,0.0,0,0,0,0,0,0.0,0,172,0.00,0.00,0.00,0.00,13,0,0,0.0,0.0,2026-08-29T14:00:00Z,0,False,11,0,0,0,0,0,2,0,45549,0,0,1,0,0.0,0,-3213,227,3440,45,True,0
Anis Mehmeti,MID,Ipswich Town,0.0,0,0,0,0,0,0.0,0,324,0.00,0.00,0.00,0.00,18,0,0,0.0,0.0,2026-08-30T15:30:00Z,0,False,16,0,0,0,0,0,2,0,4692,0,0,2,5,0.0,0,-639,47,686,50,False,0
Sebastiaan Bornauw,DEF,Leeds,0.0,0,0,0,0,0,0.0,0,333,0.00,0.00,0.00,0.00,17,0,0,0.0,0.0,2026-08-30T13:00:00Z,0,False,4,0,0,0,0,0,2,0,335,0,0,1,1,0.0,0,-170,0,170,45,True,0
Josh Eccles,MID,Coventry City,0.0,0,0,0,0,0,0.0,0,187,0.00,0.00,0.00,0.00,13,0,0,0.0,0.0,2026-08-29T14:00:00Z,0,False,11,0,0,0,0,0,2,0,1391,0,0,1,0,0.0,0,-230,69,299,50,True,0
Marcos Senesi Barón,DEF,Spurs,0.6,0,0,0,0,0,0.0,0,498,0.00,0.00,0.00,0.00,15,0,0,0.0,0.0,2026-08-29T16:30:00Z,0,False,17,0,0,0,0,0,2,0,746751,0,0,2,0,0.0,0,-48293,15942,64235,60,True,0
Estêvão Almeida de Oliveira Gonçalves,MID,Chelsea,0.8,0,0,0,0,0,0.0,0,157,0.00,0.00,0.00,0.00,16,0,0,0.0,0.0,2026-08-30T13:00:00Z,0,False,5,0,0,0,0,0,2,0,111448,0,0,3,4,0.0,0,-18220,5564,23784,65,True,0
Cody Drameh,DEF,Hull City,0.0,0,0,4,0,3,0.4,3,281,0.00,0.00,0.00,0.20,13,0,0,0.5,4.2,2026-08-29T14:00:00Z,45,False,7,0,0,0,2,0,2,0,7175,0,0,1,0,0.0,1,695,1108,413,40,False,0
Antoni Milambo,MID,Brentford,0.0,0,0,0,0,0,0.0,0,99,0.00,0.00,0.00,0.00,17,0,0,0.0,0.0,2026-08-30T13:00:00Z,0,False,13,0,0,0,0,0,2,0,190,0,0,1,1,0.0,0,-17,28,45,50,False,0
Hayden Hackney,MID,Everton,2.0,0,0,3,0,2,1.4,3,247,0.01,0.01,0.00,1.58,12,0,0,1.1,7.8,2026-08-29T14:00:00Z,28,False,3,0,0,0,1,0,2,0,24628,0,0,1,1,2.0,1,-2358,844,3202,55,False,0
Zadok Yohanna,MID,Brighton,0.0,0,0,0,0,0,0.0,0,135,0.00,0.00,0.00,0.00,16,0,0,0.0,0.0,2026-08-30T13:00:00Z,0,False,6,0,0,0,0,0,2,0,6909,0,0,3,4,0.0,0,-506,373,879,50,False,0
Jonah Kusi-Asare,FWD,Fulham,0.0,0,0,0,0,0,0.0,0,272,0.00,0.00,0.00,0.00,19,0,0,0.0,0.0,2026-08-30T13:00:00Z,0,False,20,0,0,0,0,0,2,0,685336,0,0,0,1,0.0,0,-20589,23688,44277,45,False,0
Kosta Nedeljkovic,DEF,Aston Villa,0.0,0,0,0,0,0,0.0,0,39,0.00,0.00,0.00,0.00,20,0,0,0.0,0.0,2026-08-31T19:00:00Z,0,False,1,0,0,0,0,0,2,0,21591,0,0,1,0,0.0,0,-7238,0,7238,40,True,0
Mikkel Damsgaard,MID,Brentford,3.2,0,0,20,1,2,32.4,9,96,0.13,0.16,0.03,0.13,17,0,0,7.4,16.6,2026-08-30T13:00:00Z,68,False,13,0,0,0,5,0,2,0,52568,1,2,1,1,25.0,3,-5226,2318,7544,55,False,0
Chuba Akpom,FWD,Ipswich Town,1.4,0,0,30,0,0,1.7,0,320,0.00,0.97,0.97,4.01,18,4,1,5.2,33.2,2026-08-30T15:30:00Z,45,False,16,0,0,0,0,0,2,0,52422,0,0,2,5,17.0,5,-1625,4625,6250,50,False,0
Luke O'Nien,DEF,Sunderland,0.2,0,0,0,0,0,0.0,0,539,0.00,0.00,0.00,0.00,19,0,0,0.0,0.0,2026-08-30T13:00:00Z,0,False,10,0,0,0,0,0,2,0,338160,0,0,0,1,0.0,0,-12937,4602,17539,40,True,0
Pascal Struijk,DEF,Brighton,1.4,0,0,0,0,0,0.0,0,328,0.00,0.00,0.00,0.00,16,0,0,0.0,0.0,2026-08-30T13:00:00Z,0,False,6,0,0,0,0,0,2,0,22519,0,0,3,4,0.0,0,-1138,1416,2554,50,False,0
Lewis Miley,MID,Newcastle,2.4,0,0,16,1,3,14.7,9,459,0.04,0.04,0.00,1.12,15,0,0,2.6,11.2,2026-08-29T16:30:00Z,90,False,19,0,0,0,6,0,2,0,6985,1,0,2,0,0.0,3,857,1391,534,55,False,0
Marco Bizot,GK,Aston Villa,0.0,0,0,0,0,0,0.0,0,29,0.00,0.00,0.00,0.00,20,0,0,0.0,0.0,2026-08-31T19:00:00Z,0,False,1,0,0,0,0,0,2,0,13320,0,0,1,0,0.0,0,-36,845,881,45,True,0
Benjamin Lecomte,GK,Fulham,0.0,0,0,0,0,0,0.0,0,251,0.00,0.00,0.00,0.00,19,0,0,0.0,0.0,2026-08-30T13:00:00Z,0,False,20,0,0,0,0,0,2,0,117798,0,0,0,1,0.0,0,-2636,1492,4128,40,False,0
Mateo Kovačić,MID,Man City,0.4,0,0,9,0,0,3.1,0,406,0.01,0.01,0.00,0.00,11,0,0,0.5,2.0,2026-08-28T19:00:00Z,15,False,8,0,0,0,0,0,2,0,8589,0,0,4,1,0.0,1,-460,829,1289,55,False,0
Christian Nørgaard,MID,Everton,0.0,0,0,0,0,0,0.0,0,21,0.00,0.00,0.00,0.00,12,0,0,0.0,0.0,2026-08-29T14:00:00Z,0,False,3,0,0,0,0,0,2,0,8315,0,0,1,1,0.0,0,-2764,102,2866,50,False,0
Harrison Reed,MID,Fulham,0.0,0,0,0,0,0,0.0,0,270,0.00,0.00,0.00,0.00,19,0,0,0.0,0.0,2026-08-30T13:00:00Z,0,False,20,0,0,0,0,0,2,0,141446,0,0,0,1,0.0,0,-8921,5582,14503,45,False,0
Xavi Simons,MID,Spurs,0.0,0,0,0,0,0,0.0,0,513,0.00,0.00,0.00,0.00,15,0,0,0.0,0.0,2026-08-29T16:30:00Z,0,False,17,0,0,0,0,0,2,0,1453,0,0,2,0,0.0,0,-279,77,356,60,True,0
Matt Grimes,MID,Coventry City,1.6,0,0,14,0,1,20.9,10,184,0.04,0.05,0.01,0.72,13,1,0,3.7,14.2,2026-08-29T14:00:00Z,90,False,11,0,0,0,9,0,2,0,20154,1,0,1,0,2.0,2,674,2290,1616,50,True,0
Jack Fletcher,MID,Man Utd,0.0,0,0,0,0,0,0.0,0,434,0.00,0.00,0.00,0.00,18,0,0,0.0,0.0,2026-08-30T15:30:00Z,0,False,12,0,0,0,0,0,2,0,1094,0,0,2,5,0.0,0,-128,41,169,50,True,0
Alejandro Garnacho Ferreyra,MID,Aston Villa,0.6,0,0,3,0,0,2.0,2,160,0.00,0.00,0.00,0.00,20,0,0,0.2,0.2,2026-08-31T19:00:00Z,12,False,1,0,0,0,2,0,2,0,53506,0,0,1,0,0.0,1,-8554,2021,10575,60,True,0
Claudio Echeverri,MID,Man City,0.0,0,0,0,0,0,0.0,0,407,0.00,0.00,0.00,0.00,11,0,0,0.0,0.0,2026-08-28T19:00:00Z,0,False,8,0,0,0,0,0,2,0,1653,0,0,4,1,0.0,0,-204,93,297,50,False,0
Habib Diarra,MID,Sunderland,0.0,1,0,15,0,0,10.3,0,543,0.16,0.16,0.00,0.02,19,0,0,2.6,15.2,2026-08-30T13:00:00Z,18,False,10,0,0,0,0,0,2,0,6801,0,0,0,1,0.0,4,-842,335,1177,55,True,0
Trai Hume,DEF,Sunderland,1.8,0,0,24,1,2,19.1,6,534,0.01,0.01,0.00,0.95,19,0,0,4.0,18.6,2026-08-30T13:00:00Z,90,False,10,0,0,0,4,0,2,0,631620,1,4,0,1,2.0,6,-23752,13619,37371,45,True,0
Ibrahim Osman,MID,Brighton,0.6,0,0,6,0,0,1.3,1,600,0.01,0.01,0.00,0.10,16,1,0,0.6,3.0,2026-08-30T13:00:00Z,16,False,6,0,0,0,0,0,2,0,1521,0,1,3,4,2.0,1,75,218,143,50,False,0
João Victor de Souza Menezes,DEF,Spurs,0.0,0,0,0,0,0,0.0,0,511,0.00,0.00,0.00,0.00,15,0,0,0.0,0.0,2026-08-29T16:30:00Z,0,False,17,0,0,0,0,0,2,0,29162,0,0,2,0,0.0,0,-1501,1193,2694,40,True,0
Jason Steele,GK,Brighton,0.0,0,0,0,0,0,0.0,0,111,0.00,0.00,0.00,0.00,16,0,0,0.0,0.0,2026-08-30T13:00:00Z,0,False,6,0,0,0,0,0,2,0,398691,0,0,3,4,0.0,0,-3330,10714,14044,40,False,0
Semi Ajayi,DEF,Hull City,5.4,0,0,24,1,5,0.8,7,279,0.00,0.00,0.00,1.29,13,0,0,1.6,15.6,2026-08-29T14:00:00Z,90,False,7,0,0,0,5,0,2,0,200860,1,2,1,0,0.0,6,63813,79406,15593,40,False,0
Phil Foden,MID,Man City,0.0,2,1,38,0,2,45.8,7,398,0.45,1.32,0.87,0.66,11,1,0,10.6,42.8,2026-08-28T19:00:00Z,90,False,8,0,0,0,4,0,2,0,400716,1,1,4,1,17.0,9,-26374,20147,46521,70,False,0
Liam Kitching,DEF,Coventry City,0.0,0,0,0,0,0,0.0,0,174,0.00,0.00,0.00,0.00,13,0,0,0.0,0.0,2026-08-29T14:00:00Z,0,False,11,0,0,0,0,0,2,0,64130,0,0,1,0,0.0,0,-4266,520,4786,40,True,0
Jake Bidwell,DEF,Coventry City,0.0,0,0,0,0,0,0.0,0,178,0.00,0.00,0.00,0.00,13,0,0,0.0,0.0,2026-08-29T14:00:00Z,0,False,11,0,0,0,0,0,2,0,8500,0,0,1,0,0.0,0,-238,506,744,40,True,0
Christantus Uche,FWD,Crystal Palace,0.0,0,0,0,0,0,0.0,0,225,0.00,0.00,0.00,0.00,11,0,0,0.0,0.0,2026-08-28T19:00:00Z,0,False,15,0,0,0,0,0,2,0,0,0,0,4,1,0.0,0,0,0,0,50,True,0
Brandon Thomas-Asante,FWD,Coventry City,1.0,0,0,5,0,0,2.0,2,194,0.00,0.00,0.00,0.69,13,1,0,0.5,1.2,2026-08-29T14:00:00Z,32,False,11,0,0,0,2,0,2,0,83366,0,0,1,0,2.0,1,6706,14594,7888,50,True,0
Jenson Seelt,DEF,Sunderland,0.0,0,0,0,0,0,0.0,0,537,0.00,0.00,0.00,0.00,19,0,0,0.0,0.0,2026-08-30T13:00:00Z,0,False,10,0,0,0,0,0,2,0,1055,0,0,0,1,0.0,0,-69,58,127,45,True,0
Ferdi Kadıoğlu,DEF,Brighton,2.6,0,0,-4,0,0,16.7,0,113,0.01,0.03,0.02,2.93,16,4,0,2.8,2.8,2026-08-30T13:00:00Z,90,False,6,0,0,0,2,0,2,0,221172,1,0,3,4,8.0,0,-48824,2580,51404,45,False,0
Amine Adli,MID,Bournemouth,0.0,0,0,0,0,0,0.0,0,77,0.00,0.00,0.00,0.00,12,0,0,0.0,0.0,2026-08-29T14:00:00Z,0,False,9,0,0,0,0,0,2,0,2226,0,0,1,1,0.0,0,-922,54,976,50,True,0
Lewis Dunk,DEF,Brighton,4.4,0,0,-4,0,2,2.0,3,116,0.01,0.01,0.00,2.93,16,4,0,1.7,14.8,2026-08-30T13:00:00Z,90,False,6,0,0,0,4,0,2,0,118436,1,1,3,4,0.0,-1,8033,13343,5310,45,False,1
James Garner,MID,Everton,2.2,0,0,9,0,0,1.1,10,239,0.00,0.00,0.00,0.58,12,1,0,0.5,3.4,2026-08-29T14:00:00Z,61,False,3,0,0,0,7,0,2,0,13621,1,3,1,1,0.0,1,-116,1533,1649,60,False,1
Joel Latibeaudiere,DEF,Coventry City,0.0,0,0,0,0,0,0.0,0,179,0.00,0.00,0.00,0.00,13,0,0,0.0,0.0,2026-08-29T14:00:00Z,0,False,11,0,0,0,0,0,2,0,3984,0,0,1,0,0.0,0,-260,160,420,40,True,0
Joe Willock,MID,Newcastle,4.4,0,0,0,1,1,4.3,2,460,0.02,0.09,0.07,0.74,15,0,0,0.5,0.0,2026-08-29T16:30:00Z,70,False,19,0,0,0,1,0,2,0,24746,1,0,2,0,8.0,3,6831,8763,1932,50,False,0
Tyrick Mitchell,DEF,Crystal Palace,3.4,0,0,-8,0,3,21.6,5,204,0.16,0.27,0.11,2.21,11,4,0,4.0,11.6,2026-08-28T19:00:00Z,90,False,15,0,0,0,1,0,2,0,548942,1,2,4,1,7.0,0,-44374,5965,50339,45,True,0
Bobby Thomas,DEF,Coventry City,3.0,0,2,28,1,9,0.7,9,173,0.01,0.01,0.00,0.18,13,0,0,1.8,17.0,2026-08-29T14:00:00Z,77,False,11,0,0,0,6,0,2,0,791028,1,0,1,0,0.0,8,14221,38111,23890,40,True,0
Justin Kluivert,MID,Bournemouth,3.0,0,0,12,1,0,26.9,5,70,0.05,0.66,0.61,1.67,12,0,0,9.5,11.2,2026-08-29T14:00:00Z,80,False,9,0,0,0,5,0,2,0,123176,1,0,1,1,57.0,3,6731,16321,9590,60,True,0
Lucas Digne,DEF,Aston Villa,0.0,0,0,0,0,0,0.0,0,30,0.00,0.00,0.00,0.00,20,0,0,0.0,0.0,2026-08-31T19:00:00Z,0,False,1,0,0,0,0,0,2,0,8690,0,0,1,0,0.0,0,-4977,0,4977,45,True,0
Luka Lynch,MID,Aston Villa,0.0,0,0,0,0,0,0.0,0,607,0.00,0.00,0.00,0.00,20,0,0,0.0,0.0,2026-08-31T19:00:00Z,0,False,1,0,0,0,0,0,2,0,8874,0,0,1,0,0.0,0,2771,3603,832,45,True,0
Jacob Greaves,DEF,Ipswich Town,0.6,0,0,-13,0,9,1.3,10,306,0.01,0.01,0.00,4.77,18,5,0,2.0,18.4,2026-08-30T15:30:00Z,90,False,16,1,0,0,4,0,2,0,141835,1,1,2,5,0.0,-1,-4475,1636,6111,40,False,1
Jack Hinshelwood,MID,Brighton,0.0,0,0,0,0,0,0.0,0,123,0.00,0.00,0.00,0.00,16,0,0,0.0,0.0,2026-08-30T13:00:00Z,0,False,6,0,0,0,0,0,2,0,230171,0,0,3,4,0.0,0,101743,139828,38085,60,False,0
César Palacios,MID,Fulham,2.2,0,0,6,0,3,1.3,9,570,0.00,0.02,0.02,1.62,19,1,0,0.7,3.0,2026-08-30T13:00:00Z,75,False,20,0,0,0,6,0,2,0,20418,1,0,0,1,3.0,1,-874,910,1784,55,False,1
Chemsdine Talbi,MID,Sunderland,0.2,0,0,0,0,0,0.0,0,549,0.00,0.00,0.00,0.00,19,0,0,0.0,0.0,2026-08-30T13:00:00Z,0,False,10,0,0,0,0,0,2,0,20684,0,0,0,1,0.0,0,-2560,284,2844,55,True,0
Marco Palestra,DEF,Chelsea,0.0,0,0,0,0,0,0.0,0,152,0.00,0.00,0.00,0.00,16,0,0,0.0,0.0,2026-08-30T13:00:00Z,0,False,5,0,0,0,0,0,2,0,209865,0,0,3,4,0.0,0,-64977,4960,69937,55,True,0
Conor Gallagher,MID,Spurs,1.8,0,0,0,0,0,0.0,0,519,0.00,0.00,0.00,0.00,15,0,0,0.0,0.0,2026-08-29T16:30:00Z,0,False,17,0,0,0,0,0,2,0,27438,0,0,2,0,0.0,0,-3439,1208,4647,55,True,0
Nehemiah Oriola,MID,Brighton,0.0,0,0,0,0,0,0.0,0,134,0.00,0.00,0.00,0.00,16,0,0,0.0,0.0,2026-08-30T13:00:00Z,0,False,6,0,0,0,0,0,2,0,27277,0,0,3,4,0.0,0,-1072,1708,2780,45,False,0
Callum Olusesi,MID,Spurs,0.0,0,0,0,0,0,0.0,0,524,0.00,0.00,0.00,0.00,15,0,0,0.0,0.0,2026-08-29T16:30:00Z,0,False,17,0,0,0,0,0,2,0,79923,0,0,2,0,0.0,0,-7298,2014,9312,45,True,0
Sandro Tonali,MID,Spurs,2.8,0,0,16,0,1,26.3,4,455,0.02,0.07,0.05,0.72,15,2,0,3.5,5.0,2026-08-29T16:30:00Z,74,False,17,0,0,0,3,0,2,0,369291,1,0,2,0,4.0,2,-38097,14119,52216,55,True,0
Rico Lewis,DEF,Man City,0.2,0,0,0,0,0,0.0,0,395,0.00,0.00,0.00,0.00,11,0,0,0.0,0.0,2026-08-28T19:00:00Z,0,False,8,0,0,0,0,0,2,0,25045,0,0,4,1,0.0,0,1097,3620,2523,45,False,0
Jan Paul van Hecke,DEF,Spurs,4.8,0,0,9,0,6,13.7,8,112,0.03,0.14,0.11,0.72,15,2,0,7.3,26.6,2026-08-29T16:30:00Z,90,False,17,0,0,0,4,0,2,0,945549,1,2,2,0,33.0,1,-62164,36604,98768,50,True,0
Alfie Cresswell,MID,Leeds,0.0,0,0,0,0,0,0.0,0,604,0.00,0.00,0.00,0.00,17,0,0,0.0,0.0,2026-08-30T13:00:00Z,0,False,4,0,0,0,0,0,2,0,7215,0,0,1,1,0.0,0,2319,3029,710,45,True,0
Jeremie Frimpong,DEF,Liverpool,0.4,0,0,9,0,4,13.8,6,357,0.02,0.02,0.00,2.23,14,2,0,3.1,12.8,2026-08-29T11:30:00Z,70,False,18,0,0,0,3,0,2,0,339802,1,2,2,2,4.0,1,-9049,24520,33569,55,True,0
Josh Acheampong,DEF,Chelsea,1.0,0,0,-1,0,2,0.1,3,151,0.00,0.00,0.00,0.14,16,1,0,0.6,6.2,2026-08-30T13:00:00Z,22,False,5,0,0,0,0,0,2,0,37116,0,1,3,4,0.0,1,4931,8065,3134,45,True,0
Evann Guessand,MID,Crystal Palace,0.4,0,0,3,0,1,0.3,1,42,0.01,0.01,0.00,0.20,11,1,0,0.3,2.2,2026-08-28T19:00:00Z,27,False,15,0,0,0,0,0,2,0,4594,0,0,4,1,0.0,1,-140,483,623,55,True,0
Jules Ahoka,MID,Sunderland,0.0,0,0,0,0,0,0.0,0,613,0.00,0.00,0.00,0.00,19,0,0,0.0,0.0,2026-08-30T13:00:00Z,0,False,10,0,0,0,0,0,2,0,6052,0,0,0,1,0.0,0,2077,2475,398,45,True,0
Pascal Groß,MID,Brighton,9.4,1,3,46,0,2,33.2,6,124,0.11,0.16,0.05,2.93,16,4,1,10.4,47.8,2026-08-30T13:00:00Z,90,False,6,0,0,0,3,0,2,0,1268429,1,1,3,4,23.0,13,-81694,24179,105873,55,False,0
Ryan McAidoo,MID,Man City,0.5,0,0,3,0,0,0.5,0,621,0.00,0.10,0.10,0.00,11,0,0,0.1,0.0,2026-08-28T19:00:00Z,8,False,8,0,0,0,0,0,2,0,0,0,0,4,1,1.0,1,0,0,0,45,False,0
Callum Hudson-Odoi,MID,Nott'm Forest,0.2,0,0,2,0,0,0.3,0,482,0.00,0.00,0.00,0.00,14,0,0,0.0,0.0,2026-08-29T11:30:00Z,1,False,14,0,0,0,0,0,2,0,21667,0,0,2,2,0.0,1,-4758,726,5484,60,False,0
Kasey McAteer,MID,Ipswich Town,0.6,0,0,3,0,0,0.0,1,323,0.00,0.00,0.00,0.18,18,0,0,0.0,0.2,2026-08-30T15:30:00Z,7,False,16,0,0,0,1,0,2,0,133761,0,0,2,5,0.0,1,-5950,5615,11565,45,False,0
Gustavo Hamer,MID,Coventry City,0.6,0,0,2,0,0,1.5,0,584,0.02,0.02,0.00,0.69,13,1,0,0.2,0.2,2026-08-29T14:00:00Z,19,False,11,0,0,0,0,0,2,0,13996,0,0,1,0,0.0,1,-1042,386,1428,55,True,0
Leon Goretzka,MID,Aston Villa,0.0,0,0,0,0,0,0.0,0,618,0.00,0.00,0.00,0.00,20,0,0,0.0,0.0,2026-08-31T19:00:00Z,0,False,1,0,0,0,0,0,2,0,386,0,0,1,0,0.0,0,205,212,7,60,True,0
Fraser Forster,GK,Bournemouth,0.0,0,0,0,0,0,0.0,0,58,0.00,0.00,0.00,0.00,12,0,0,0.0,0.0,2026-08-29T14:00:00Z,0,False,9,0,0,0,0,0,2,0,317899,0,0,1,1,0.0,0,-1091,9562,10653,40,True,0
Konstantinos Tzolakis,GK,Hull City,6.8,0,3,32,1,0,0.0,0,572,0.00,0.00,0.00,1.29,13,0,0,2.6,26.2,2026-08-29T14:00:00Z,90,False,7,0,0,0,11,0,2,3,301344,1,0,1,0,0.0,10,89555,101970,12415,45,False,0
Destiny Udogie,DEF,Spurs,1.4,0,0,2,0,0,11.5,1,506,0.19,0.19,0.00,0.24,15,1,0,1.9,5.2,2026-08-29T16:30:00Z,22,False,17,0,0,0,1,0,2,0,47523,0,1,2,0,2.0,1,-3007,1685,4692,45,True,0
Youri Tielemans,MID,Man Utd,2.0,0,0,26,0,4,46.3,13,43,0.11,0.58,0.47,2.06,18,2,0,10.0,33.2,2026-08-30T15:30:00Z,90,False,12,0,0,0,7,0,2,0,232262,1,2,2,5,20.0,4,-23073,12631,35704,60,True,0
Emile Smith Rowe,MID,Fulham,0.6,0,0,5,0,0,22.8,1,262,0.02,0.08,0.06,0.41,19,0,0,3.5,5.2,2026-08-30T13:00:00Z,14,False,20,0,0,0,1,0,2,0,36765,0,0,0,1,7.0,1,-3334,1414,4748,55,False,0
Calvin Bassey,DEF,Fulham,1.8,0,0,13,0,6,2.6,7,257,0.01,0.01,0.00,2.02,19,1,0,2.2,19.4,2026-08-30T13:00:00Z,90,False,20,0,0,0,6,0,2,0,75885,1,1,0,1,0.0,2,821,6863,6042,45,False,0
Ephron Mason-Clark,MID,Coventry City,0.8,0,0,4,0,2,16.0,4,186,0.06,0.06,0.00,0.02,13,0,0,2.0,4.2,2026-08-29T14:00:00Z,57,False,11,0,0,0,2,0,2,0,12149,1,0,1,0,0.0,1,-1089,489,1578,55,True,0
Adrien Truffert,DEF,Bournemouth,1.6,0,2,27,0,7,23.7,9,61,0.07,0.07,0.00,1.84,12,1,0,5.6,27.8,2026-08-29T14:00:00Z,90,False,9,0,0,0,6,0,2,0,417325,1,2,1,1,4.0,4,-5220,20601,25821,55,True,0
Dwight McNeil,MID,Crystal Palace,0.6,0,0,2,0,1,0.3,2,241,0.00,0.00,0.00,0.20,11,1,0,0.1,0.4,2026-08-28T19:00:00Z,22,False,15,0,0,0,1,0,2,0,16698,0,0,4,1,0.0,1,-1356,472,1828,55,True,0
Julio Enciso,MID,Ipswich Town,3.0,1,0,25,0,0,12.4,8,591,0.31,0.71,0.40,4.77,18,5,0,5.5,21.8,2026-08-30T15:30:00Z,90,False,16,0,0,0,7,0,2,0,48266,1,1,2,5,21.0,5,13215,17669,4454,55,False,0
Mats Wieffer,DEF,Brighton,0.0,0,0,6,0,7,9.2,7,130,0.08,0.11,0.03,2.89,16,4,0,3.4,20.4,2026-08-30T13:00:00Z,79,False,6,0,0,0,4,0,2,0,43921,1,0,3,4,4.0,0,10371,13428,3057,50,False,0
Wes Burns,MID,Ipswich Town,0.0,0,0,0,0,0,0.0,0,311,0.00,0.00,0.00,0.00,18,0,0,0.0,0.0,2026-08-30T15:30:00Z,0,False,16,0,0,0,0,0,2,0,366,0,0,2,5,0.0,0,-191,0,191,50,False,0
Alex Murphy,DEF,Newcastle,0.0,0,0,0,0,0,0.0,0,451,0.00,0.00,0.00,0.00,15,0,0,0.0,0.0,2026-08-29T16:30:00Z,0,False,19,0,0,0,0,0,2,0,9468,0,0,2,0,0.0,0,-3276,0,3276,40,False,0
Lewis Koumas,MID,Liverpool,0.4,0,0,0,0,0,0.0,0,381,0.00,0.00,0.00,0.00,14,0,0,0.0,0.0,2026-08-29T11:30:00Z,0,False,18,0,0,0,0,0,2,0,2137,0,0,2,2,0.0,0,-54,156,210,50,True,0
Jean-Philippe Mateta,FWD,Crystal Palace,0.0,0,0,0,0,0,0.0,0,223,0.00,0.00,0.00,0.00,11,0,0,0.0,0.0,2026-08-28T19:00:00Z,0,False,15,0,0,0,0,0,2,0,510630,0,0,4,1,0.0,0,-48482,23951,72433,65,True,0
Roméo Lavia,MID,Chelsea,2.2,0,0,32,0,3,0.8,7,161,0.00,0.54,0.54,1.26,16,2,1,7.3,39.0,2026-08-30T13:00:00Z,67,False,5,0,0,0,3,0,2,0,6337,1,1,3,4,33.0,7,254,1173,919,50,True,0
Daizen Maeda,MID,Ipswich Town,1.6,0,0,10,0,3,1.4,5,562,0.01,0.07,0.06,3.91,18,4,0,2.8,8.0,2026-08-30T15:30:00Z,72,False,16,0,0,0,1,0,2,0,37115,1,1,2,5,19.0,2,-3302,740,4042,55,False,0
William Osula,FWD,Newcastle,0.0,0,0,0,0,0,0.0,0,465,0.00,0.00,0.00,0.00,15,0,0,0.0,0.0,2026-08-29T16:30:00Z,0,False,19,0,0,0,0,0,2,0,90550,0,0,2,0,0.0,0,-6163,20344,26507,60,False,0
Patrick Dorgu,MID,Man Utd,1.2,0,0,4,0,1,11.7,2,415,0.01,0.19,0.18,1.00,18,1,0,5.8,7.0,2026-08-30T15:30:00Z,10,False,12,0,0,0,0,0,2,0,107542,0,1,2,5,39.0,1,-23853,4808,28661,60,True,0
Tanaka Ao,MID,Leeds,2.4,0,0,6,0,5,1.8,11,345,0.01,0.01,0.00,1.13,17,0,0,2.2,20.0,2026-08-30T13:00:00Z,45,False,4,0,0,0,3,0,2,0,21386,0,3,1,1,0.0,1,-3334,899,4233,50,True,0
Joelinton Cássio Apolinário de Lira,MID,Newcastle,0.0,0,0,0,0,0,0.0,0,458,0.00,0.00,0.00,0.00,15,0,0,0.0,0.0,2026-08-29T16:30:00Z,0,False,19,0,0,0,0,0,2,0,2722,0,0,2,0,0.0,0,-1020,48,1068,55,False,0
Andrew Robertson,DEF,Spurs,3.4,0,0,7,0,2,16.8,3,502,0.02,0.08,0.06,0.48,15,1,0,5.3,11.2,2026-08-29T16:30:00Z,67,False,17,0,0,0,1,0,2,0,379457,1,1,2,0,25.0,2,-1127,22171,23298,45,True,0
Marcus Tavernier,MID,Bournemouth,5.8,0,0,20,0,1,38.3,11,68,0.21,0.30,0.09,1.84,12,1,0,6.4,15.0,2026-08-29T14:00:00Z,90,False,9,0,0,0,6,0,2,0,254437,1,4,1,1,11.0,1,74776,87207,12431,60,True,1
Milos Kerkez,DEF,Liverpool,1.4,0,0,9,0,7,12.8,8,358,0.01,0.01,0.00,2.23,14,2,0,3.7,24.0,2026-08-29T11:30:00Z,70,False,18,0,0,0,4,0,2,0,347978,1,1,2,2,0.0,1,-18742,15645,34387,55,True,0
Kaine Kesler-Hayden,DEF,Coventry City,0.0,0,0,0,0,0,0.0,0,177,0.00,0.00,0.00,0.00,13,0,0,0.0,0.0,2026-08-29T14:00:00Z,0,False,11,0,0,0,0,0,2,0,5764,0,0,1,0,0.0,0,-582,168,750,40,True,0
Felipe Rodrigues da Silva,DEF,Nott'm Forest,0.0,0,0,0,0,0,0.0,0,470,0.00,0.00,0.00,0.00,14,0,0,0.0,0.0,2026-08-29T11:30:00Z,0,False,14,0,0,0,0,0,2,0,4633,0,0,2,2,0.0,0,-437,230,667,50,False,0
Sidiki Cherif,FWD,Coventry City,0.2,0,0,0,0,0,0.0,0,599,0.00,0.00,0.00,0.00,13,0,0,0.0,0.0,2026-08-29T14:00:00Z,0,False,11,0,0,0,0,0,2,0,9736,0,0,1,0,0.0,0,330,1724,1394,50,True,0
Calvin Ramsay,DEF,Liverpool,0.0,0,0,0,0,0,0.0,0,365,0.00,0.00,0.00,0.00,14,0,0,0.0,0.0,2026-08-29T11:30:00Z,0,False,18,0,0,0,0,0,2,0,18344,0,0,2,2,0.0,0,-3114,638,3752,40,True,0
Victor Munoz,MID,Liverpool,2.8,0,0,24,0,4,16.8,7,377,0.19,0.51,0.32,2.30,14,2,1,8.8,42.2,2026-08-29T11:30:00Z,90,False,18,0,0,0,1,0,2,0,60184,1,2,2,2,29.0,6,573,6486,5913,65,True,1
Diego Coppola,DEF,Brighton,0.0,0,0,0,0,0,0.0,0,117,0.00,0.00,0.00,0.00,16,0,0,0.0,0.0,2026-08-30T13:00:00Z,0,False,6,0,0,0,0,0,2,0,1892,0,0,3,4,0.0,0,-33,191,224,45,False,0
Harry Wilson,MID,Leeds,0.0,0,0,7,0,2,12.1,6,260,0.04,0.05,0.01,1.13,17,0,0,2.7,8.4,2026-08-30T13:00:00Z,45,False,4,0,0,0,3,0,2,0,557212,0,1,1,1,6.0,1,-42839,14929,57768,65,True,0
Remi Matthews,GK,Crystal Palace,0.0,0,0,0,0,0,0.0,0,555,0.00,0.00,0.00,0.00,11,0,0,0.0,0.0,2026-08-28T19:00:00Z,0,False,15,0,0,0,0,0,2,0,183203,0,0,4,1,0.0,0,-290,5945,6235,40,True,0
Ronald Araujo,DEF,Liverpool,3.0,0,0,-1,0,1,2.3,1,579,0.01,0.01,0.00,0.07,14,0,0,0.8,5.8,2026-08-29T11:30:00Z,13,False,18,0,0,0,2,0,2,0,267054,0,0,2,2,0.0,0,-9867,23907,33774,55,True,1
Mohamed Belloumi,MID,Hull City,6.2,1,0,23,1,3,12.1,10,286,0.02,0.14,0.12,1.11,13,0,0,4.6,23.2,2026-08-29T14:00:00Z,82,False,7,0,0,0,5,0,2,0,63814,1,2,1,0,11.0,6,9859,13890,4031,50,False,0
Noussair Mazraoui,DEF,Man Utd,0.6,0,0,-1,0,0,1.3,0,422,0.00,0.00,0.00,1.00,18,1,0,0.3,1.4,2026-08-30T15:30:00Z,17,False,12,0,0,0,0,0,2,0,70057,0,0,2,5,0.0,1,-238,5854,6092,45,True,0
Jérémy Doku,MID,Man City,0.0,0,0,0,0,0,0.0,0,400,0.00,0.00,0.00,0.00,11,0,0,0.0,0.0,2026-08-28T19:00:00Z,0,False,8,0,0,0,0,0,2,0,122950,0,0,4,1,0.0,0,-69521,494,70015,75,False,0
Harrison Armstrong,MID,Everton,2.4,0,0,12,0,3,12.3,9,244,0.03,0.03,0.00,2.16,12,1,0,2.4,11.2,2026-08-29T14:00:00Z,86,False,3,0,0,0,3,0,2,0,24656,1,3,1,1,0.0,2,10319,12786,2467,50,False,0
Giovanni Leoni,DEF,Liverpool,0.0,0,0,0,0,0,0.0,0,363,0.00,0.00,0.00,0.00,14,0,0,0.0,0.0,2026-08-29T11:30:00Z,0,False,18,0,0,0,0,0,2,0,4039,0,0,2,2,0.0,0,-337,182,519,40,True,0
Ben Johnson,DEF,Ipswich Town,0.0,0,0,0,0,0,0.0,0,307,0.00,0.00,0.00,0.00,18,0,0,0.0,0.0,2026-08-30T15:30:00Z,0,False,16,0,0,0,0,0,2,0,10501,0,0,2,5,0.0,0,-595,427,1022,40,False,0
Leif Davis,DEF,Ipswich Town,5.0,0,0,1,0,4,14.7,4,305,0.12,0.66,0.54,4.77,18,5,1,11.2,47.0,2026-08-30T15:30:00Z,90,False,16,0,0,0,1,0,2,0,482824,1,0,2,5,50.0,6,-13968,7322,21290,40,False,0
Max Alleyne,DEF,Man City,0.0,0,0,0,0,0,0.0,0,394,0.00,0.00,0.00,0.00,11,0,0,0.0,0.0,2026-08-28T19:00:00Z,0,False,8,0,0,0,0,0,2,0,720,0,0,4,1,0.0,0,-357,0,357,50,False,0
Enzo Le Fée,MID,Sunderland,2.6,0,0,13,1,1,21.2,6,542,0.17,0.54,0.37,0.86,19,0,0,5.5,3.4,2026-08-30T13:00:00Z,89,False,10,0,0,0,4,0,2,0,853085,1,1,0,1,30.0,3,-103724,11386,115110,60,True,0
Cathal McCarthy,DEF,Hull City,0.0,0,0,0,0,0,0.0,0,284,0.00,0.00,0.00,0.00,13,0,0,0.0,0.0,2026-08-29T14:00:00Z,0,False,7,0,0,0,0,0,2,0,8232,0,0,1,0,0.0,0,-284,675,959,40,False,0
Junior Kroupi,MID,Bournemouth,0.0,0,0,0,0,0,0.0,0,78,0.00,0.00,0.00,0.00,12,0,0,0.0,0.0,2026-08-29T14:00:00Z,0,False,9,0,0,0,0,0,2,0,30734,0,0,1,1,0.0,0,-12946,462,13408,75,True,0
Ross Barkley,MID,Aston Villa,2.0,0,0,23,0,1,23.3,10,46,0.02,0.05,0.03,1.04,20,1,0,3.8,12.8,2026-08-31T19:00:00Z,77,False,1,0,0,0,6,0,2,0,23246,1,3,1,0,2.0,2,-841,1875,2716,50,True,0
Bernd Leno,GK,Fulham,3.0,0,0,11,0,2,0.0,0,250,0.00,0.00,0.00,2.02,19,1,0,1.9,19.2,2026-08-30T13:00:00Z,90,False,20,0,0,0,8,0,2,3,300981,1,0,0,1,0.0,3,645,12174,11529,45,False,0
Benjamin White,DEF,Arsenal,4.2,0,1,26,1,3,20.3,4,10,0.05,0.05,0.00,0.33,20,0,0,3.7,16.4,2026-08-31T19:00:00Z,90,False,2,0,0,0,2,0,2,0,683136,1,1,1,0,0.0,7,119886,144941,25055,55,False,0
Kenny Tete,DEF,Fulham,0.0,0,0,0,0,0,0.0,0,256,0.00,0.00,0.00,0.00,19,0,0,0.0,0.0,2026-08-30T13:00:00Z,0,False,20,0,0,0,0,0,2,0,25956,0,0,0,1,0.0,0,-1723,338,2061,45,False,0
Wilfried Gnonto,MID,Leeds,0.0,0,0,0,0,0,0.0,0,341,0.00,0.00,0.00,0.00,17,0,0,0.0,0.0,2026-08-30T13:00:00Z,0,False,4,0,0,0,0,0,2,0,1522,0,0,1,1,0.0,0,-678,18,696,50,True,0
Lucas Gourna-Douath,MID,Hull City,0.8,0,0,6,0,1,0.9,6,589,0.01,0.01,0.00,0.20,13,0,0,1.4,12.8,2026-08-29T14:00:00Z,45,False,7,0,0,0,2,0,2,0,2781,0,3,1,0,0.0,1,-178,135,313,50,False,0
Thomas Meunier,DEF,Sunderland,2.2,0,0,27,1,8,20.0,8,541,0.05,0.07,0.02,0.95,19,0,0,5.2,22.6,2026-08-30T13:00:00Z,90,False,10,0,0,0,5,0,2,0,29834,1,0,0,1,9.0,6,-708,1010,1718,45,True,0
Nicolò Savona,DEF,Nott'm Forest,0.0,0,0,0,0,0,0.0,0,475,0.00,0.00,0.00,0.00,14,0,0,0.0,0.0,2026-08-29T11:30:00Z,0,False,14,0,0,0,0,0,2,0,304,0,0,2,2,0.0,0,65,113,48,45,False,0
Neco Williams,DEF,Nott'm Forest,3.4,1,0,16,0,6,25.3,12,469,0.15,0.27,0.12,1.75,14,2,0,6.6,34.4,2026-08-29T11:30:00Z,90,False,14,0,0,0,1,0,2,0,880209,1,6,2,2,6.0,6,-67984,14150,82134,50,False,0
Ethan Nwaneri,MID,Arsenal,0.0,0,0,0,0,0,0.0,0,22,0.00,0.00,0.00,0.00,20,0,0,0.0,0.0,2026-08-31T19:00:00Z,0,False,2,0,0,0,0,0,2,0,1254,0,0,1,0,0.0,0,-248,76,324,55,False,0
Joe Rodon,DEF,Leeds,0.0,0,0,4,0,4,0.3,4,329,0.00,0.00,0.00,0.35,17,0,0,1.1,8.6,2026-08-30T13:00:00Z,33,False,4,0,0,0,1,0,2,0,358288,1,0,1,1,2.0,1,9026,21600,12574,45,True,0
James Hill,DEF,Bournemouth,1.6,0,0,19,0,9,21.0,12,60,0.74,0.74,0.00,1.84,12,1,0,5.1,25.6,2026-08-29T14:00:00Z,90,False,9,0,0,0,3,0,2,0,89428,1,3,1,1,4.0,4,2412,9153,6741,55,True,0
David Akintola,MID,Hull City,0.0,0,0,0,0,0,0.0,0,296,0.00,0.00,0.00,0.00,13,0,0,0.0,0.0,2026-08-29T14:00:00Z,0,False,7,0,0,0,0,0,2,0,4113,0,0,1,0,0.0,0,-26,914,940,50,False,0
Ryan Sessegnon,DEF,Fulham,0.4,0,0,3,0,0,11.0,1,269,0.12,0.14,0.02,1.77,19,1,0,2.8,8.6,2026-08-30T13:00:00Z,22,False,20,0,0,0,1,0,2,0,41879,0,1,0,1,8.0,1,-2055,959,3014,45,False,0
Murillo Costa dos Santos,DEF,Nott'm Forest,3.8,0,0,2,0,6,0.3,6,472,0.00,0.18,0.18,1.75,14,2,0,2.0,11.2,2026-08-29T11:30:00Z,90,False,14,0,0,0,3,0,2,0,162661,1,0,2,2,8.0,1,-3257,8580,11837,55,False,0
Christian Walton,GK,Ipswich Town,0.4,0,0,0,0,0,0.0,0,300,0.00,0.00,0.00,0.00,18,0,0,0.0,0.0,2026-08-30T15:30:00Z,0,False,16,0,0,0,0,0,2,0,48759,0,0,2,5,0.0,0,-4363,209,4572,45,False,0
Ethan Pinnock,DEF,Coventry City,1.2,0,0,-1,0,2,0.7,2,91,0.00,0.00,0.00,0.54,13,1,0,0.5,3.8,2026-08-29T14:00:00Z,12,False,11,0,0,0,0,0,2,0,7757,0,0,1,0,0.0,1,-397,574,971,45,True,0
Callum Wilson,FWD,Brentford,0.6,0,0,3,0,0,0.1,1,108,0.00,0.04,0.04,0.00,17,0,0,0.7,0.0,2026-08-30T13:00:00Z,2,False,13,0,0,0,1,0,2,0,37634,0,0,1,1,7.0,1,-457,4351,4808,55,False,0
Piero Hincapié,DEF,Arsenal,0.4,0,0,0,0,0,0.0,0,9,0.00,0.00,0.00,0.00,20,0,0,0.0,0.0,2026-08-31T19:00:00Z,0,False,2,0,0,0,0,0,2,0,145234,0,0,1,0,0.0,0,-37136,3910,41046,54,False,0
Marcus Rashford,MID,Man Utd,1.6,0,0,17,0,0,34.3,6,429,0.05,0.31,0.26,1.06,18,1,0,10.8,16.0,2026-08-30T15:30:00Z,79,False,12,0,0,0,3,0,2,0,165554,1,3,2,5,58.0,2,-7014,15064,22078,70,True,0
Amadou Onana,MID,Aston Villa,0.0,0,0,0,0,0,0.0,0,48,0.00,0.00,0.00,0.00,20,0,0,0.0,0.0,2026-08-31T19:00:00Z,0,False,1,0,0,0,0,0,2,0,2156,0,0,1,0,0.0,0,-372,157,529,50,True,0
Thimothée Lo-Tutala,GK,Hull City,0.0,0,0,0,0,0,0.0,0,276,0.00,0.00,0.00,0.00,13,0,0,0.0,0.0,2026-08-29T14:00:00Z,0,False,7,0,0,0,0,0,2,0,3116,0,0,1,0,0.0,0,-383,0,383,40,False,0
Kevin Schade,MID,Brentford,7.8,0,3,34,0,3,11.1,9,94,0.02,0.27,0.25,1.46,17,1,1,9.1,45.6,2026-08-30T13:00:00Z,87,False,13,0,0,0,4,0,2,0,344201,1,2,1,1,34.0,10,-791,24998,25789,60,False,0
Florian Wirtz,MID,Liverpool,2.4,1,0,23,0,0,24.3,10,366,0.20,0.43,0.23,2.30,14,2,0,7.4,27.8,2026-08-29T11:30:00Z,90,False,18,0,0,0,7,0,2,0,1118328,1,3,2,2,22.0,4,-98339,24923,123262,75,True,1
Cédric Kipré,DEF,Ipswich Town,0.0,0,0,0,0,0,0.0,0,303,0.00,0.00,0.00,0.00,18,0,0,0.0,0.0,2026-08-30T15:30:00Z,0,False,16,0,0,0,0,0,2,0,60443,0,0,2,5,0.0,0,-4615,332,4947,40,False,0
Tarik Muharemović,DEF,Leeds,4.2,0,0,17,0,17,0.8,19,334,0.01,0.01,0.00,1.67,17,1,0,5.4,51.6,2026-08-30T13:00:00Z,90,False,4,0,0,0,3,0,2,0,336009,1,2,1,1,2.0,4,9697,21539,11842,50,True,0
David Button,GK,Ipswich Town,0.0,0,0,0,0,0,0.0,0,302,0.00,0.00,0.00,0.00,18,0,0,0.0,0.0,2026-08-30T15:30:00Z,0,False,16,0,0,0,0,0,2,0,44640,0,0,2,5,0.0,0,140,1959,1819,40,False,0
Joe Gelhardt,MID,Hull City,0.2,0,0,0,0,0,0.0,0,340,0.00,0.00,0.00,0.00,13,0,0,0.0,0.0,2026-08-29T14:00:00Z,0,False,7,0,0,0,0,0,2,0,1160,0,0,1,0,0.0,0,-243,45,288,50,False,0
Saša Lukić,MID,Ipswich Town,2.2,0,0,11,0,7,11.9,11,267,0.02,0.04,0.02,3.91,18,4,0,3.1,17.4,2026-08-30T15:30:00Z,72,False,16,0,0,0,1,0,2,0,12592,1,3,2,5,2.0,1,-167,1178,1345,50,False,1
Abdukodir Khusanov,DEF,Man City,1.8,0,0,17,0,3,5.3,7,393,0.02,0.02,0.00,0.66,11,1,0,3.0,21.0,2026-08-28T19:00:00Z,88,False,8,0,0,0,3,0,2,0,170855,1,4,4,1,4.0,2,-8451,6086,14537,55,False,0
Ian Maatsen,DEF,Aston Villa,0.0,0,0,-5,0,5,0.5,8,36,0.00,0.07,0.07,1.04,20,1,0,1.7,4.8,2026-08-31T19:00:00Z,90,False,1,0,0,0,2,0,2,0,72655,1,3,1,0,12.0,1,-6312,2546,8858,45,True,1
Sindre Walle Egeli,FWD,Ipswich Town,0.2,0,0,0,0,0,0.0,0,321,0.00,0.00,0.00,0.00,18,0,0,0.0,0.0,2026-08-30T15:30:00Z,0,False,16,0,0,0,0,0,2,0,247770,0,0,2,5,0.0,0,17271,40712,23441,45,False,0
Antonee Robinson,DEF,Fulham,2.0,0,0,10,0,0,4.6,3,254,0.02,0.02,0.00,2.02,19,1,0,1.4,9.8,2026-08-30T13:00:00Z,90,False,20,0,0,0,2,0,2,0,165662,1,3,0,1,0.0,2,1752,11181,9429,45,False,0
Antoine Semenyo,MID,Man City,3.2,1,0,33,0,0,43.0,3,397,0.57,0.63,0.06,0.66,11,1,0,11.2,29.2,2026-08-28T19:00:00Z,90,False,8,0,0,0,2,0,2,0,2377196,1,1,4,1,40.0,5,-124110,49100,173210,85,False,0
Alfie McNally,GK,Fulham,0.0,0,0,0,0,0,0.0,0,252,0.00,0.00,0.00,0.00,19,0,0,0.0,0.0,2026-08-30T13:00:00Z,0,False,20,0,0,0,0,0,2,0,15794,0,0,0,1,0.0,0,185,805,620,40,False,0
Emiliano Martínez Romero,GK,Chelsea,1.8,0,0,18,0,1,20.0,0,28,0.01,0.01,0.00,1.41,16,3,0,5.6,36.2,2026-08-30T13:00:00Z,90,False,5,0,0,0,13,0,2,4,419555,1,0,3,4,0.0,2,-42289,14876,8115,50,True,0
Mateo Joseph Fernández-Regatillo,FWD,Leeds,0.0,0,0,0,0,0,0.0,0,349,0.00,0.00,0.00,0.00,17,0,0,0.0,0.0,2026-08-30T13:00:00Z,0,False,4,0,0,0,0,0,2,0,5489,0,0,1,1,0.0,0,-726,325,1051,45,True,0
Mohammed Kudus,MID,Spurs,1.4,0,0,4,0,0,3.3,2,512,0.01,0.05,0.04,0.24,15,1,0,1.6,1.2,2026-08-29T16:30:00Z,22,False,17,0,0,0,2,0,2,0,6789,0,0,2,0,11.0,1,-2137,269,2406,65,True,0
Fabian Schär,DEF,Newcastle,0.4,0,0,0,0,0,0.0,0,446,0.00,0.00,0.00,0.00,15,0,0,0.0,0.0,2026-08-29T16:30:00Z,0,False,19,0,0,0,0,0,2,0,26250,0,0,2,0,0.0,0,10,1895,1885,50,False,0
Jaden Philogene,MID,Ipswich Town,0.4,0,0,0,0,0,0.0,0,318,0.00,0.00,0.00,0.00,18,0,0,0.0,0.0,2026-08-30T15:30:00Z,0,False,16,0,0,0,0,0,2,0,12592,0,0,2,5,0.0,0,-3822,106,3928,55,False,0
Eddie Nketiah,FWD,Crystal Palace,1.4,0,0,8,0,1,10.6,6,224,0.00,0.36,0.36,2.01,11,3,0,2.1,2.6,2026-08-28T19:00:00Z,67,False,15,0,0,0,3,0,2,0,47953,1,2,4,1,8.0,2,-2517,3263,5780,55,True,0
Evan Ferguson,FWD,Brighton,0.0,0,0,0,0,0,0.0,0,139,0.00,0.00,0.00,0.00,16,0,0,0.0,0.0,2026-08-30T13:00:00Z,0,False,6,0,0,0,0,0,2,0,3163,0,0,3,4,0.0,0,-305,318,623,50,False,0
Jarrad Branthwaite,DEF,Everton,5.4,0,0,6,0,11,1.5,12,230,0.01,0.10,0.09,2.16,12,1,0,5.7,22.6,2026-08-29T14:00:00Z,90,False,3,0,0,0,3,0,2,0,183710,1,1,1,1,33.0,4,10185,19103,8918,55,False,0
Kalvin Phillips,MID,Man City,0.0,0,0,0,0,0,0.0,0,408,0.00,0.00,0.00,0.00,11,0,0,0.0,0.0,2026-08-28T19:00:00Z,0,False,8,0,0,0,0,0,2,0,762,0,0,4,1,0.0,0,-305,0,305,50,False,0
Dan Bentley,GK,Coventry City,0.0,0,0,0,0,0,0.0,0,623,0.00,0.00,0.00,0.00,13,0,0,0.0,0.0,2026-08-29T14:00:00Z,0,False,11,0,0,0,0,0,2,0,0,0,0,1,0,0.0,0,0,0,0,40,True,0
Reinildo Mandava,DEF,Sunderland,0.0,0,0,26,1,6,6.0,7,536,0.01,0.01,0.00,0.95,19,0,0,2.4,16.4,2026-08-30T13:00:00Z,90,False,10,0,0,0,3,0,2,0,44204,1,1,0,1,2.0,6,-2603,975,3578,45,True,0
Kaden Braithwaite,DEF,Man City,0.2,0,0,3,0,0,0.8,0,622,0.00,0.00,0.00,0.00,11,0,0,0.1,0.6,2026-08-28T19:00:00Z,1,False,8,0,0,0,1,0,2,0,0,0,0,4,1,0.0,1,0,0,0,40,False,0
Harry Howell,MID,Brighton,0.0,0,0,0,0,0,0.0,0,132,0.00,0.00,0.00,0.00,16,0,0,0.0,0.0,2026-08-30T13:00:00Z,0,False,6,0,0,0,0,0,2,0,5161,0,0,3,4,0.0,0,-1532,0,1532,45,False,0
Chris Wood,FWD,Nott'm Forest,0.6,0,0,0,0,0,0.0,0,490,0.00,0.00,0.00,0.00,14,0,0,0.0,0.0,2026-08-29T11:30:00Z,0,False,14,0,0,0,0,0,2,0,152998,0,0,2,2,0.0,0,-24782,4569,29351,60,False,0
Zion Suzuki,GK,Aston Villa,3.2,0,0,8,0,2,0.0,0,597,0.00,0.00,0.00,1.04,20,1,0,1.4,13.6,2026-08-31T19:00:00Z,90,False,1,0,0,0,9,0,2,1,82325,1,0,1,0,0.0,2,-2542,4229,6771,50,True,0
Ousmane Diomande,DEF,Nott'm Forest,1.0,0,0,0,0,0,0.0,0,581,0.00,0.00,0.00,0.00,14,0,0,0.0,0.0,2026-08-29T11:30:00Z,0,False,14,0,0,0,0,0,2,0,71062,0,0,2,2,0.0,0,-8617,3484,12101,55,False,0
James McConnell,MID,Liverpool,0.0,0,0,0,0,0,0.0,0,378,0.00,0.00,0.00,0.00,14,0,0,0.0,0.0,2026-08-29T11:30:00Z,0,False,18,0,0,0,0,0,2,0,25168,0,0,2,2,0.0,0,-2017,883,2900,45,True,0
Bukayo Saka,MID,Arsenal,6.4,0,3,46,1,3,8.0,11,12,0.04,0.67,0.63,0.33,20,0,1,9.3,41.0,2026-08-31T19:00:00Z,90,False,2,0,0,0,6,0,2,0,1039189,1,2,1,0,44.0,11,53683,88913,35230,95,False,0
Kiernan Dewsbury-Hall,MID,Everton,4.0,0,0,24,0,0,52.3,10,236,0.16,0.22,0.06,2.16,12,1,0,8.1,19.4,2026-08-29T14:00:00Z,90,False,3,0,0,0,7,0,2,0,473030,1,3,1,1,9.0,2,105696,132647,26951,65,False,0
Igor Thiago Nascimento Rodrigues,FWD,Brentford,2.0,0,0,2,0,0,6.2,4,106,0.01,0.81,0.80,1.46,17,1,0,6.4,2.4,2026-08-30T13:00:00Z,90,False,13,0,0,0,3,0,2,0,1635017,1,1,1,1,55.0,2,-49395,91772,141167,80,False,0
Tom Cairney,MID,Fulham,0.0,0,0,0,0,0,0.0,0,266,0.00,0.00,0.00,0.00,19,0,0,0.0,0.0,2026-08-30T13:00:00Z,0,False,20,0,0,0,0,0,2,0,379,0,0,0,1,0.0,0,-103,12,115,50,False,0
Conor Bradley,DEF,Liverpool,0.0,0,0,0,0,0,0.0,0,360,0.00,0.00,0.00,0.00,14,0,0,0.0,0.0,2026-08-29T11:30:00Z,0,False,18,0,0,0,0,0,2,0,1023,0,0,2,2,0.0,0,-140,79,219,50,True,0
Oscar Bobb,MID,Fulham,2.0,0,0,8,1,1,12.4,5,264,0.01,0.01,0.00,0.26,19,0,0,2.5,7.0,2026-08-30T13:00:00Z,67,False,20,0,0,0,2,0,2,0,33606,1,2,0,1,6.0,3,1523,4520,2997,55,False,0
Ollie Watkins,FWD,Aston Villa,0.0,0,0,0,0,0,0.0,0,55,0.00,0.00,0.00,0.00,20,0,0,0.0,0.0,2026-08-31T19:00:00Z,0,False,1,0,0,0,0,0,2,0,734872,0,0,1,0,0.0,0,-265828,10632,276460,79,True,0
Malick Yalcouyé,MID,Brighton,4.0,0,1,39,0,2,20.1,7,605,0.16,0.86,0.70,2.83,16,3,1,11.3,50.8,2026-08-30T13:00:00Z,73,False,6,0,0,0,2,0,2,0,9806,1,3,3,4,42.0,8,3387,4339,952,45,False,0
Omar Alderete,DEF,Sunderland,0.2,0,0,0,0,0,0.0,0,535,0.00,0.00,0.00,0.00,19,0,0,0.0,0.0,2026-08-30T13:00:00Z,0,False,10,0,0,0,0,0,2,0,43620,0,0,0,1,0.0,0,-2667,2597,5264,50,True,0
Archie Gray,MID,Spurs,1.8,0,0,9,0,3,1.5,6,522,0.00,0.00,0.00,0.48,15,1,0,0.3,1.8,2026-08-29T16:30:00Z,67,False,17,0,0,0,3,0,2,0,22329,1,0,2,0,0.0,2,-833,1711,2544,50,True,0
Noah Sadiki,MID,Sunderland,1.6,0,0,21,1,6,7.8,11,545,0.02,0.04,0.02,0.95,19,0,0,3.2,18.4,2026-08-30T13:00:00Z,90,False,10,0,0,0,2,0,2,0,32341,1,3,0,1,6.0,3,-2332,1165,3497,50,True,0
Chido Obi,FWD,Man Utd,0.0,0,0,0,0,0,0.0,0,441,0.00,0.00,0.00,0.00,18,0,0,0.0,0.0,2026-08-30T15:30:00Z,0,False,12,0,0,0,0,0,2,0,109991,0,0,2,5,0.0,0,-5253,6316,11569,45,True,0
Matheus França de Oliveira,MID,Crystal Palace,0.0,0,0,0,0,0,0.0,0,217,0.00,0.00,0.00,0.00,11,0,0,0.0,0.0,2026-08-28T19:00:00Z,0,False,15,0,0,0,0,0,2,0,2546,0,0,4,1,0.0,0,-697,17,714,50,True,0
Luka Vušković,DEF,Brighton,6.4,0,0,-2,0,7,8.3,8,504,0.02,0.05,0.03,2.93,16,4,0,3.6,22.8,2026-08-30T13:00:00Z,90,False,6,0,0,0,3,0,2,0,250629,1,1,3,4,5.0,0,8839,21186,12347,50,False,0
Ben Davies,DEF,Spurs,0.0,0,0,0,0,0,0.0,0,508,0.00,0.00,0.00,0.00,15,0,0,0.0,0.0,2026-08-29T16:30:00Z,0,False,17,0,0,0,0,0,2,0,102932,0,0,2,0,0.0,0,-6106,2877,8983,40,True,0
Liam Millar,MID,Hull City,0.0,0,0,24,0,1,0.8,1,287,0.00,0.58,0.58,0.20,13,0,1,4.8,34.0,2026-08-29T14:00:00Z,31,False,7,0,0,0,0,0,2,0,6233,0,0,1,0,13.0,6,-682,305,987,50,False,0
Dominik Szoboszlai,MID,Liverpool,3.6,0,0,24,0,3,40.7,13,368,0.17,0.33,0.16,2.30,14,2,0,6.6,21.4,2026-08-29T11:30:00Z,90,False,18,0,0,0,7,0,2,0,4309636,1,3,2,2,4.0,4,177598,245003,67405,70,True,0
George Hirst,FWD,Ipswich Town,0.0,0,0,0,0,0,0.0,0,317,0.00,0.00,0.00,0.00,18,0,0,0.0,0.0,2026-08-30T15:30:00Z,0,False,16,0,0,0,0,0,2,0,16241,0,0,2,5,0.0,0,-8695,0,8695,50,False,0
Tom Heaton,GK,Man Utd,0.0,0,0,0,0,0,0.0,0,414,0.00,0.00,0.00,0.00,18,0,0,0.0,0.0,2026-08-30T15:30:00Z,0,False,12,0,0,0,0,0,2,0,8703,0,0,2,5,0.0,0,-790,215,1005,40,True,0
Rayan Aït-Nouri,DEF,Man City,0.0,0,0,0,0,0,0.0,0,392,0.00,0.00,0.00,0.00,11,0,0,0.0,0.0,2026-08-28T19:00:00Z,0,False,8,0,0,0,0,0,2,0,77633,0,0,4,1,0.0,0,-14163,2616,16779,55,False,0
Nico González Iglesias,MID,Newcastle,0.0,0,0,9,1,2,29.5,4,405,0.20,0.20,0.00,0.74,15,0,0,3.7,7.2,2026-08-29T16:30:00Z,70,False,19,0,0,0,2,0,2,0,15669,1,0,2,0,0.0,2,645,2387,1742,55,False,1
Nathan Patterson,DEF,Everton,0.0,0,0,0,0,0,0.0,0,234,0.00,0.00,0.00,0.00,12,0,0,0.0,0.0,2026-08-29T14:00:00Z,0,False,3,0,0,0,0,0,2,0,3302,0,0,1,1,0.0,0,-162,207,369,45,False,0
Raphael Borges Rodrigues,MID,Coventry City,0.0,0,0,0,0,0,0.0,0,191,0.00,0.00,0.00,0.00,13,0,0,0.0,0.0,2026-08-29T14:00:00Z,0,False,11,0,0,0,0,0,2,0,16655,0,0,1,0,0.0,0,-1193,680,1873,45,True,0
Josh Dasilva,MID,Brentford,0.0,0,0,0,0,0,0.0,0,103,0.00,0.00,0.00,0.00,17,0,0,0.0,0.0,2026-08-30T13:00:00Z,0,False,13,0,0,0,0,0,2,0,2549,0,0,1,1,0.0,0,-189,164,353,50,False,0
Gabriel Fernando de Jesus,FWD,Arsenal,0.0,0,0,0,0,0,0.0,0,27,0.00,0.00,0.00,0.00,20,0,0,0.0,0.0,2026-08-31T19:00:00Z,0,False,2,0,0,0,0,0,2,0,32779,0,0,1,0,0.0,0,-5264,1914,7178,60,False,0
Reece James,DEF,Chelsea,0.4,0,0,-1,0,0,0.4,0,142,0.00,0.00,0.00,0.14,16,1,0,0.3,0.4,2026-08-30T13:00:00Z,22,False,5,0,0,0,1,0,2,0,987947,0,0,3,4,2.0,1,-18793,62525,81318,55,True,0
Issa Diop,DEF,Ipswich Town,2.4,0,0,7,0,12,0.3,12,259,0.00,0.00,0.00,4.77,18,5,0,4.1,40.8,2026-08-30T15:30:00Z,90,False,16,0,0,0,4,0,2,0,1683238,1,0,2,5,0.0,2,-44411,26513,70924,40,False,0
Omar Marmoush,FWD,Spurs,1.6,0,0,14,0,0,35.1,4,401,0.07,0.24,0.17,0.72,15,2,0,7.2,9.2,2026-08-29T16:30:00Z,90,False,17,0,0,0,3,0,2,0,131884,1,1,2,0,28.0,2,20447,39808,19361,70,True,0
Marcus Bettinelli,GK,Man City,0.0,0,0,0,0,0,0.0,0,386,0.00,0.00,0.00,0.00,11,0,0,0.0,0.0,2026-08-28T19:00:00Z,0,False,8,0,0,0,0,0,2,0,2853,0,0,4,1,0.0,0,-101,135,236,45,False,0
Tijjani Reijnders,MID,Man City,0.0,0,0,0,0,0,0.0,0,404,0.00,0.00,0.00,0.00,11,0,0,0.0,0.0,2026-08-28T19:00:00Z,0,False,8,0,0,0,0,0,2,0,5966,0,0,4,1,0.0,0,-5624,0,5624,60,False,0
Jørgen Strand Larsen,FWD,Crystal Palace,2.4,0,0,13,0,2,0.3,4,222,0.00,0.05,0.05,2.01,11,3,0,1.0,5.2,2026-08-28T19:00:00Z,62,False,15,0,0,0,1,0,2,0,50504,1,1,4,1,4.0,2,-6261,1510,7771,60,True,0
Merlin Röhl,MID,Everton,0.0,0,0,13,0,2,2.3,9,246,0.01,0.01,0.00,2.16,12,1,0,1.1,8.4,2026-08-29T14:00:00Z,85,False,3,0,0,0,4,0,2,0,5759,1,3,1,1,0.0,2,-118,518,636,50,False,0
Noah Okafor,MID,Leeds,3.0,0,0,11,0,1,7.5,2,336,0.01,0.09,0.08,0.74,17,1,0,2.4,6.4,2026-08-30T13:00:00Z,68,False,4,0,0,0,0,0,2,0,40559,1,1,1,1,10.0,2,-7813,1355,9168,60,True,0
Anton Stach,MID,Leeds,4.4,0,0,13,0,8,17.0,16,335,0.01,0.08,0.07,1.67,17,1,0,4.6,24.6,2026-08-30T13:00:00Z,90,False,4,0,0,0,4,0,2,0,255319,1,4,1,1,4.0,4,67665,81344,13679,60,True,0
Tyler Bindon,DEF,Nott'm Forest,0.0,0,0,0,0,0,0.0,0,479,0.00,0.00,0.00,0.00,14,0,0,0.0,0.0,2026-08-29T11:30:00Z,0,False,14,0,0,0,0,0,2,0,18138,0,0,2,2,0.0,0,-1052,365,1417,40,False,0
Divine Mukasa,MID,Man City,0.0,0,0,0,0,0,0.0,0,409,0.00,0.00,0.00,0.00,11,0,0,0.0,0.0,2026-08-28T19:00:00Z,0,False,8,0,0,0,0,0,2,0,17482,0,0,4,1,0.0,0,-1559,927,2486,45,False,0
Sven Botman,DEF,Newcastle,3.0,0,0,22,1,4,1.8,5,447,0.00,0.01,0.01,1.12,15,0,0,1.5,11.2,2026-08-29T16:30:00Z,90,False,19,0,0,0,4,0,2,0,52947,1,1,2,0,2.0,5,5603,8885,3282,50,False,1
Jack Grealish,MID,Man City,1.2,0,0,0,0,0,0.0,0,238,0.00,0.00,0.00,0.00,11,0,0,0.0,0.0,2026-08-28T19:00:00Z,0,False,8,0,0,0,0,0,2,0,21085,0,0,4,1,0.0,0,-1201,1202,2403,65,False,0
Mateus Fernandes,MID,Spurs,1.4,0,0,18,0,0,46.3,8,525,0.17,0.18,0.01,0.72,15,2,0,6.1,14.0,2026-08-29T16:30:00Z,90,False,17,0,0,0,5,0,2,0,160253,1,3,2,0,1.0,2,-26800,4529,31329,60,True,0
Tom Watson,MID,Brighton,0.0,0,0,0,0,0,0.0,0,133,0.00,0.00,0.00,0.00,16,0,0,0.0,0.0,2026-08-30T13:00:00Z,0,False,6,0,0,0,0,0,2,0,182,0,0,3,4,0.0,0,-56,0,56,50,False,0
Luke Woolfenden,DEF,Coventry City,0.0,0,0,0,0,0,0.0,0,180,0.00,0.00,0.00,0.00,13,0,0,0.0,0.0,2026-08-29T14:00:00Z,0,False,11,0,0,0,0,0,2,0,16943,0,0,1,0,0.0,0,-1282,946,2228,40,True,0
Jaouen Hadjam,DEF,Brighton,0.0,0,0,0,0,0,0.0,0,614,0.00,0.00,0.00,0.00,16,0,0,0.0,0.0,2026-08-30T13:00:00Z,0,False,6,0,0,0,0,0,2,0,1839,0,0,3,4,0.0,0,952,1006,54,45,False,0
Mike Penders,GK,Chelsea,0.0,0,0,0,0,0,0.0,0,560,0.00,0.00,0.00,0.00,16,0,0,0.0,0.0,2026-08-30T13:00:00Z,0,False,5,0,0,0,0,0,2,0,7073,0,0,3,4,0.0,0,-370,395,765,45,True,0
Stefanos Tzimas,FWD,Brighton,0.0,0,0,0,0,0,0.0,0,137,0.00,0.00,0.00,0.00,16,0,0,0.0,0.0,2026-08-30T13:00:00Z,0,False,6,0,0,0,0,0,2,0,839,0,0,3,4,0.0,0,-168,84,252,55,False,0
Facundo Buonanotte,MID,Brighton,0.0,0,0,0,0,0,0.0,0,128,0.00,0.00,0.00,0.00,16,0,0,0.0,0.0,2026-08-30T13:00:00Z,0,False,6,0,0,0,0,0,2,0,346,0,0,3,4,0.0,0,-173,0,173,50,False,0
Alexis Mac Allister,MID,Liverpool,1.2,0,0,10,0,2,7.7,10,372,0.39,0.39,0.00,2.23,14,2,0,2.0,12.6,2026-08-29T11:30:00Z,76,False,18,0,0,0,5,0,2,0,156781,1,3,2,2,0.0,2,-14941,6567,21508,55,True,0
Darnell Furlong,DEF,Ipswich Town,0.2,0,0,-1,0,2,0.5,3,308,0.00,0.00,0.00,0.86,18,1,0,0.6,5.0,2026-08-30T15:30:00Z,17,False,16,0,0,0,0,0,2,0,59266,0,1,2,5,0.0,1,-4147,269,4416,40,False,0
Sávio Moreira de Oliveira,MID,Spurs,1.6,0,0,0,0,0,0.0,0,403,0.00,0.00,0.00,0.00,15,0,0,0.0,0.0,2026-08-29T16:30:00Z,0,False,17,0,0,0,0,0,2,0,92925,0,0,2,0,0.0,0,48883,55747,6864,65,True,0
Djed Spence,DEF,Spurs,0.0,0,0,0,0,0,0.0,0,505,0.00,0.00,0.00,0.00,15,0,0,0.0,0.0,2026-08-29T16:30:00Z,0,False,17,0,0,0,0,0,2,0,46576,0,0,2,0,0.0,0,-45782,0,45782,45,True,0
Lucas Herrington,DEF,Hull City,1.0,0,0,3,0,1,0.2,1,585,0.00,0.00,0.00,0.20,13,0,0,0.3,3.0,2026-08-29T14:00:00Z,31,False,7,0,0,0,0,0,2,0,63919,0,0,1,0,0.0,1,-831,2771,3602,40,False,0
Alex Cairns,GK,Leeds,0.0,0,0,0,0,0,0.0,0,625,0.00,0.00,0.00,0.00,17,0,0,0.0,0.0,2026-08-30T13:00:00Z,0,False,4,0,0,0,0,0,2,0,0,0,0,1,1,0.0,0,0,0,0,40,True,0
Tammy Abraham,FWD,Aston Villa,0.8,0,0,3,0,0,1.3,0,56,0.00,0.00,0.00,0.02,20,0,0,0.1,0.0,2026-08-31T19:00:00Z,19,False,1,0,0,0,0,0,2,0,10592,0,0,1,0,0.0,1,-2086,597,2683,55,True,0
Danny Welbeck,FWD,Chelsea,0.8,0,0,0,0,0,0.0,0,136,0.00,0.00,0.00,0.00,16,0,0,0.0,0.0,2026-08-30T13:00:00Z,0,False,5,0,0,0,0,0,2,0,96753,0,0,3,4,0.0,0,-19289,3136,22425,60,True,0
Nick Woltemade,FWD,Newcastle,0.0,1,0,18,0,0,10.5,0,463,0.01,0.03,0.02,0.38,15,0,0,4.0,18.2,2026-08-29T16:30:00Z,19,False,19,0,0,0,0,0,2,0,150038,0,0,2,0,11.0,4,-23591,7193,30784,60,False,0
Reiss Nelson,MID,Arsenal,0.0,0,0,0,0,0,0.0,0,24,0.00,0.00,0.00,0.00,20,0,0,0.0,0.0,2026-08-31T19:00:00Z,0,False,2,0,0,0,0,0,2,0,966,0,0,1,0,0.0,0,-108,64,172,55,False,0
Adam Smith,DEF,Bournemouth,0.4,0,0,5,0,4,15.7,6,64,0.02,0.02,0.00,1.84,12,1,0,3.1,15.6,2026-08-29T14:00:00Z,90,False,9,0,0,0,0,0,2,0,13789,1,2,1,1,0.0,1,1827,2845,1018,45,True,1
Steven Benda,GK,Nott'm Forest,0.0,0,0,0,0,0,0.0,0,590,0.00,0.00,0.00,0.00,14,0,0,0.0,0.0,2026-08-29T11:30:00Z,0,False,14,0,0,0,0,0,2,0,6630,0,0,2,2,0.0,0,81,625,544,45,False,0
Brian Brobbey,FWD,Sunderland,1.4,0,0,5,1,1,2.8,4,552,0.00,0.03,0.03,0.58,19,0,0,0.7,0.0,2026-08-30T13:00:00Z,63,False,10,0,0,0,3,0,2,0,1261093,1,0,0,1,6.0,2,-81358,38269,119627,60,True,0
Lucas Estella Perri,GK,Leeds,0.0,0,0,0,0,0,0.0,0,326,0.00,0.00,0.00,0.00,17,0,0,0.0,0.0,2026-08-30T13:00:00Z,0,False,4,0,0,0,0,0,2,0,54468,0,0,1,1,0.0,0,-5031,328,5359,45,True,0
Will Hughes,MID,Crystal Palace,0.4,0,0,0,0,0,0.0,0,212,0.00,0.00,0.00,0.00,11,0,0,0.0,0.0,2026-08-28T19:00:00Z,0,False,15,0,0,0,0,0,2,0,1064673,0,0,4,1,0.0,0,-69998,20182,90180,45,True,0
Victor Torp,MID,Coventry City,0.6,0,0,2,0,0,3.6,2,188,0.01,0.01,0.00,0.69,13,1,0,0.3,0.0,2026-08-29T14:00:00Z,19,False,11,0,0,0,2,0,2,0,16221,0,0,1,0,0.0,1,-1275,549,1824,55,True,0
Rodrigo Muniz Carvalho,FWD,Fulham,0.6,0,0,0,0,0,0.0,0,271,0.00,0.00,0.00,0.00,19,0,0,0.0,0.0,2026-08-30T13:00:00Z,0,False,20,0,0,0,0,0,2,0,54718,0,0,0,1,0.0,0,-4078,2812,6890,55,False,0
Trey Nyoni,MID,Liverpool,0.4,0,0,3,0,1,2.2,5,375,0.00,0.00,0.00,0.07,14,0,0,0.9,6.4,2026-08-29T11:30:00Z,13,False,18,0,0,0,2,0,2,0,3607,0,2,2,2,0.0,1,-534,139,673,50,True,0
