name,position,team,xP,assists,bonus,bps,clean_sheets,clearances_blocks_interceptions,creativity,defensive_contribution,element,expected_assists,expected_goal_involvements,expected_goals,expected_goals_conceded,fixture,goals_conceded,goals_scored,ict_index,influence,kickoff_time,minutes,modified,opponent_team,own_goals,penalties_missed,penalties_saved,recoveries,red_cards,round,saves,selected,starts,tackles,team_a_score,team_h_score,threat,total_points,transfers_balance,transfers_in,transfers_out,value,was_home,yellow_cards
Sean Neave,FWD,Newcastle,0.0,0,0,0,0,0,0.0,0,466,0.00,0.00,0.00,0.00,27,0,0,0.0,0.0,2026-09-05T11:30:00Z,0,False,3,0,0,0,0,0,3,0,87795,0,0,2,2,0.0,0,3928,17327,13399,45,True,0
Ismaïla Sarr,MID,Crystal Palace,0.0,0,0,0,0,0,0.0,0,208,0.00,0.00,0.00,0.00,24,0,0,0.0,0.0,2026-09-05T14:00:00Z,0,False,10,0,0,0,0,0,3,0,109790,0,0,3,2,0.0,0,-118099,330,118429,63,False,0
Martín Zubimendi Ibáñez,MID,Arsenal,1.0,0,0,1,0,4,0.8,4,19,0.02,0.10,0.08,0.13,29,0,0,1.3,1.4,2026-09-06T15:30:00Z,23,False,6,0,0,0,0,0,3,0,80922,0,0,1,2,11.0,1,-16532,3485,20017,54,True,0
Tyrique George,MID,Everton,3.8,0,3,35,0,1,34.4,4,242,0.07,0.11,0.04,0.69,30,2,1,10.4,44.2,2026-09-06T13:00:00Z,90,False,16,0,0,0,3,0,3,0,25310,1,0,2,2,25.0,10,-3040,1760,4800,55,True,0
Xaver Schlager,MID,Nott'm Forest,2.2,0,0,18,1,3,2.3,10,558,0.06,0.09,0.03,1.06,28,0,0,1.5,11.2,2026-09-05T14:00:00Z,90,False,19,0,0,0,3,0,3,0,10377,1,4,0,0,1.0,3,99,1419,1320,50,True,0
Matt O'Riley,MID,Brighton,0.4,0,0,0,0,0,0.0,0,126,0.00,0.00,0.00,0.00,23,0,0,0.0,0.0,2026-09-05T14:00:00Z,0,False,13,0,0,0,0,0,3,0,10276,0,0,1,1,0.0,0,-909,1040,1949,55,True,0
Jamie Bynoe-Gittens,MID,Chelsea,0.0,0,0,0,0,0,0.0,0,158,0.00,0.00,0.00,0.00,29,0,0,0.0,0.0,2026-09-06T15:30:00Z,0,False,1,0,0,0,0,0,3,0,2954,0,0,1,2,0.0,0,-715,260,975,59,False,0
António João Pereira de Albuquerque Tavares da Silva,DEF,Bournemouth,2.0,0,0,8,0,7,1.2,8,566,0.01,0.03,0.02,0.71,27,2,0,4.2,23.8,2026-09-05T11:30:00Z,90,False,17,0,0,0,2,0,3,0,43269,1,1,2,2,17.0,1,3048,9722,6674,50,False,0
Kai Andrews,MID,Coventry City,0.0,0,0,0,0,0,0.0,0,192,0.00,0.00,0.00,0.00,26,0,0,0.0,0.0,2026-09-05T14:00:00Z,0,False,15,0,0,0,0,0,3,0,44026,0,0,0,1,0.0,0,-17623,142,17765,45,False,0
Matheus Nunes,DEF,Man City,2.0,0,0,0,0,0,0.0,0,389,0.00,0.00,0.00,0.00,26,0,0,0.0,0.0,2026-09-05T14:00:00Z,0,False,7,0,0,0,0,0,3,0,103772,0,0,0,1,0.0,0,-37940,479,38419,59,True,0
Jair Paula da Cunha Filho,DEF,Nott'm Forest,1.5,0,0,24,1,10,0.7,12,474,0.01,0.04,0.03,1.06,28,0,0,2.2,20.0,2026-09-05T14:00:00Z,90,False,19,0,0,0,2,0,3,0,20256,1,2,0,0,1.0,8,-1070,924,1994,45,True,0
Rúben dos Santos Gato Alves Dias,DEF,Man City,3.2,0,0,25,1,3,6.6,3,390,0.03,0.03,0.00,1.37,26,0,0,2.7,20.6,2026-09-05T14:00:00Z,90,False,7,0,0,0,0,0,3,0,186055,1,0,0,1,0.0,6,-3537,20417,23954,55,True,0
Tyler Fredricson,DEF,Man Utd,0.0,0,0,0,0,0,0.0,0,425,0.00,0.00,0.00,0.00,30,0,0,0.0,0.0,2026-09-06T13:00:00Z,0,False,9,0,0,0,0,0,3,0,1561,0,0,2,2,0.0,0,-329,0,329,40,False,0
Luke Shaw,DEF,Man Utd,0.7,1,0,22,0,7,24.8,8,423,0.23,0.25,0.02,0.94,30,1,0,7.0,42.4,2026-09-06T13:00:00Z,90,False,9,0,0,0,1,0,3,0,1575355,1,1,2,2,3.0,4,-303431,30459,333890,45,False,1
Romaine Mundle,MID,Sunderland,0.0,0,0,0,0,0,0.0,0,547,0.00,0.00,0.00,0.00,22,0,0,0.0,0.0,2026-09-05T14:00:00Z,0,False,4,0,0,0,0,0,3,0,810,0,0,1,1,0.0,0,-51,83,134,50,False,0
Senne Lammens,GK,Man Utd,1.4,0,0,13,0,1,0.0,0,412,0.00,0.00,0.00,1.01,30,2,0,3.2,31.8,2026-09-06T13:00:00Z,90,False,9,0,0,0,14,0,3,4,1379189,1,0,2,2,0.0,2,-158382,32200,190582,50,False,0
Ilia Gruev,MID,Leeds,0.0,0,0,0,0,0,0.0,0,344,0.00,0.00,0.00,0.00,23,0,0,0.0,0.0,2026-09-05T14:00:00Z,0,False,5,0,0,0,0,0,3,0,350,0,0,1,1,0.0,0,-38,33,71,50,False,0
Giorgi Mamardashvili,GK,Liverpool,0.0,0,0,0,0,0,0.0,0,351,0.00,0.00,0.00,0.00,21,0,0,0.0,0.0,2026-09-04T19:00:00Z,0,False,12,0,0,0,0,0,3,0,14432,0,0,2,0,0.0,0,-1838,1002,2840,49,False,0
Antonín Kinský,GK,Spurs,3.6,0,0,24,1,2,10.0,0,496,0.00,0.00,0.00,0.92,28,0,0,2.0,10.4,2026-09-05T14:00:00Z,90,False,18,0,0,0,8,0,3,1,1949396,1,0,0,0,0.0,6,-225719,46420,272139,45,False,0
Vitaly Janelt,MID,Brentford,5.6,0,3,30,0,3,3.1,12,98,0.01,0.12,0.11,1.71,22,1,1,6.8,48.0,2026-09-05T14:00:00Z,90,False,20,0,0,0,5,0,3,0,69448,1,4,1,1,17.0,11,16015,29605,13590,50,True,1
Cristian Romero,DEF,Spurs,0.0,0,0,0,0,0,0.0,0,500,0.00,0.00,0.00,0.00,28,0,0,0.0,0.0,2026-09-05T14:00:00Z,0,False,18,0,0,0,0,0,3,0,11327,0,0,0,0,0.0,0,-3763,0,3763,50,False,0
Caoimhín Kelleher,GK,Brentford,4.0,0,0,10,0,2,0.0,0,82,0.00,0.00,0.00,1.71,22,1,0,1.7,16.8,2026-09-05T14:00:00Z,90,False,20,0,0,0,6,0,3,2,832099,1,0,1,1,0.0,2,54758,113703,58945,50,True,0
Guglielmo Vicario,GK,Spurs,0.0,0,0,0,0,0,0.0,0,494,0.00,0.00,0.00,0.00,28,0,0,0.0,0.0,2026-09-05T14:00:00Z,0,False,18,0,0,0,0,0,3,0,18205,0,0,0,0,0.0,0,-5759,0,5759,45,False,0
Gerónimo Rulli,GK,Man City,0.0,0,0,0,0,0,0.0,0,587,0.00,0.00,0.00,0.00,26,0,0,0.0,0.0,2026-09-05T14:00:00Z,0,False,7,0,0,0,0,0,3,0,2050,0,0,0,1,0.0,0,-193,147,340,50,True,0
Vitezslav Jaros,GK,Liverpool,0.0,0,0,0,0,0,0.0,0,354,0.00,0.00,0.00,0.00,21,0,0,0.0,0.0,2026-09-04T19:00:00Z,0,False,12,0,0,0,0,0,3,0,1744,0,0,2,0,0.0,0,213,549,336,40,False,0
Ellis Simms,FWD,Coventry City,0.6,0,0,3,0,0,10.0,0,195,0.00,0.30,0.30,0.95,26,0,0,5.0,5.0,2026-09-05T14:00:00Z,19,False,15,0,0,0,0,0,3,0,88094,0,0,0,1,35.0,1,-11944,10057,22001,50,False,0
Borna Sosa,DEF,Crystal Palace,0.0,0,0,0,0,0,0.0,0,205,0.00,0.00,0.00,0.00,24,0,0,0.0,0.0,2026-09-05T14:00:00Z,0,False,10,0,0,0,0,0,3,0,2568,0,0,3,2,0.0,0,-594,110,704,45,False,0
Ryan Gravenberch,MID,Liverpool,1.6,0,0,2,0,1,1.7,2,371,0.00,0.00,0.00,0.17,21,0,0,0.4,2.2,2026-09-04T19:00:00Z,26,False,12,0,0,0,1,0,3,0,168420,0,0,2,0,0.0,1,-34196,10774,44970,60,False,0
Wilson Isidor,FWD,Sunderland,2.8,1,0,15,0,0,0.3,2,553,0.01,0.11,0.10,0.45,22,0,0,1.1,0.2,2026-09-05T14:00:00Z,26,False,4,0,0,0,2,0,3,0,116229,0,0,1,1,10.0,4,21273,35830,14557,55,False,0
Yéremy Pino Santos,MID,Crystal Palace,2.4,1,0,25,0,1,42.6,5,211,0.30,0.55,0.25,3.01,24,2,0,5.7,8.0,2026-09-05T14:00:00Z,88,False,10,0,0,0,3,0,3,0,22762,1,1,3,2,6.0,5,2869,5451,2582,55,False,0
Harvey Elliott,MID,Liverpool,0.0,0,0,0,0,0,0.0,0,383,0.00,0.00,0.00,0.00,21,0,0,0.0,0.0,2026-09-04T19:00:00Z,0,False,12,0,0,0,0,0,3,0,5742,0,0,2,0,0.0,0,-1929,527,2456,54,False,0
Gabriel Gudmundsson,DEF,Leeds,1.6,0,0,9,0,2,1.2,5,331,0.00,0.00,0.00,2.19,23,1,0,1.6,12.6,2026-09-05T14:00:00Z,90,False,5,0,0,0,9,0,3,0,4932,1,3,1,1,2.0,2,253,644,391,45,False,0
Andrey Nascimento dos Santos,MID,Man Utd,0.8,0,0,4,0,4,0.6,4,162,0.01,0.01,0.00,0.09,30,1,0,1.4,7.2,2026-09-06T13:00:00Z,6,False,9,0,0,0,0,0,3,0,83163,0,0,2,2,6.0,1,-16957,7346,24303,49,False,0
Altay Bayındır,GK,Man Utd,0.0,0,0,0,0,0,0.0,0,413,0.00,0.00,0.00,0.00,30,0,0,0.0,0.0,2026-09-06T13:00:00Z,0,False,9,0,0,0,0,0,3,0,1465,0,0,2,2,0.0,0,-292,0,292,45,False,0
Tino Livramento,DEF,Newcastle,0.8,0,0,3,0,0,0.0,0,450,0.00,0.00,0.00,0.02,27,0,0,0.0,0.2,2026-09-05T11:30:00Z,1,False,3,0,0,0,0,0,3,0,2841,0,0,2,2,0.0,1,-745,115,860,49,True,0
Ali Al-Hamadi,FWD,Ipswich Town,0.0,0,0,0,0,0,0.0,0,322,0.00,0.00,0.00,0.00,21,0,0,0.0,0.0,2026-09-04T19:00:00Z,0,False,14,0,0,0,0,0,3,0,8170,0,0,2,0,0.0,0,-3877,0,3877,50,True,0
Jorge Cuenca Barreno,DEF,Fulham,0.6,0,0,0,0,0,0.0,0,255,0.00,0.00,0.00,0.00,24,0,0,0.0,0.0,2026-09-05T14:00:00Z,0,False,8,0,0,0,0,0,3,0,3459,0,0,3,2,0.0,0,-183,506,689,45,True,0
Igor Julio dos Santos de Paulo,DEF,Brighton,0.0,0,0,0,0,0,0.0,0,118,0.00,0.00,0.00,0.00,23,0,0,0.0,0.0,2026-09-05T14:00:00Z,0,False,13,0,0,0,0,0,3,0,7052,0,0,1,1,0.0,0,-1451,444,1895,45,True,0
Ryan Christie,MID,Bournemouth,0.6,0,0,3,0,0,0.0,0,75,0.00,0.00,0.00,0.00,27,0,0,0.0,0.0,2026-09-05T11:30:00Z,1,False,17,0,0,0,0,0,3,0,2833,0,0,2,2,0.0,1,522,1038,516,50,False,0
Harry Maguire,DEF,Man Utd,1.6,0,0,1,0,12,1.3,12,418,0.01,0.01,0.00,1.01,30,2,0,3.0,26.8,2026-09-06T13:00:00Z,90,False,9,0,0,0,2,0,3,0,1407635,1,0,2,2,2.0,2,-240933,49780,290713,50,False,1
Óscar Zambrano,MID,Hull City,0.0,0,0,0,0,0,0.0,0,294,0.00,0.00,0.00,0.00,25,0,0,0.0,0.0,2026-09-05T16:30:00Z,0,False,2,0,0,0,0,0,3,0,9216,0,0,0,0,0.0,0,-1263,645,1908,45,True,0
Toby Collyer,MID,Man Utd,0.0,0,0,0,0,0,0.0,0,436,0.00,0.00,0.00,0.00,30,0,0,0.0,0.0,2026-09-06T13:00:00Z,0,False,9,0,0,0,0,0,3,0,1461,0,0,2,2,0.0,0,-291,90,381,50,False,0
Regan Slater,MID,Hull City,3.0,0,0,10,1,3,12.3,6,290,0.01,0.05,0.04,1.93,25,0,0,3.1,10.6,2026-09-05T16:30:00Z,90,False,2,0,0,0,2,0,3,0,523606,1,1,0,0,8.0,3,91326,157568,66242,45,True,0
Jaka Bijol,DEF,Leeds,2.4,0,0,1,0,2,0.0,4,327,0.00,0.00,0.00,1.95,23,1,0,0.6,6.2,2026-09-05T14:00:00Z,29,False,5,0,0,0,0,0,3,0,95603,0,2,1,1,0.0,1,-2619,14908,17527,50,False,0
Eliot Matazo,MID,Hull City,0.0,0,0,0,0,0,0.0,0,291,0.00,0.00,0.00,0.00,25,0,0,0.0,0.0,2026-09-05T16:30:00Z,0,False,2,0,0,0,0,0,3,0,637,0,0,0,0,0.0,0,-33,103,136,45,True,0
Dango Ouattara,MID,Brentford,1.4,0,0,6,0,3,11.3,11,95,0.01,0.01,0.00,0.35,22,0,0,1.8,6.8,2026-09-05T14:00:00Z,45,False,20,0,0,0,7,0,3,0,85265,1,1,1,1,0.0,1,-24974,4607,29581,65,True,0
Veljko Milosavljevic,DEF,Bournemouth,0.0,0,0,0,0,0,0.0,0,63,0.00,0.00,0.00,0.00,27,0,0,0.0,0.0,2026-09-05T11:30:00Z,0,False,17,0,0,0,0,0,3,0,919,0,0,2,2,0.0,0,-154,88,242,50,False,0
Kjell Scherpen,GK,Ipswich Town,1.4,0,0,13,0,0,0.0,0,564,0.00,0.00,0.00,0.69,21,2,0,2.8,27.8,2026-09-04T19:00:00Z,90,False,14,0,0,0,7,0,3,5,58738,1,0,2,0,0.0,2,-2758,4399,7157,45,True,0
Jurriën Timber,DEF,Arsenal,0.2,0,0,0,0,0,0.0,0,5,0.00,0.00,0.00,0.00,29,0,0,0.0,0.0,2026-09-06T15:30:00Z,0,False,6,0,0,0,0,0,3,0,8594,0,0,1,2,0.0,0,-1892,549,2441,65,True,0
Loum Tchaouna,MID,Coventry City,0.8,0,0,9,0,0,24.8,1,190,0.03,0.13,0.10,0.95,26,0,0,5.4,8.2,2026-09-05T14:00:00Z,27,False,15,0,0,0,1,0,3,0,12425,0,0,0,1,21.0,1,-3624,128,3752,55,False,0
Richarlison de Andrade,FWD,Spurs,0.0,0,0,0,0,0,0.0,0,527,0.00,0.00,0.00,0.00,28,0,0,0.0,0.0,2026-09-05T14:00:00Z,0,False,18,0,0,0,0,0,3,0,153916,0,0,0,0,0.0,0,-117513,6716,124229,59,False,0
Dominic Solanke-Mitchell,FWD,Spurs,1.4,0,0,-1,0,1,0.3,1,526,0.00,0.17,0.17,0.04,28,0,0,0.4,0.0,2026-09-05T14:00:00Z,6,False,18,0,0,0,0,0,3,0,106592,0,0,0,0,4.0,1,-27806,7532,35338,59,False,0
John Egan,DEF,Hull City,5.2,0,0,18,1,4,0.1,7,277,0.00,0.00,0.00,1.93,25,0,0,1.6,15.4,2026-09-05T16:30:00Z,90,False,2,0,0,0,1,0,3,0,623541,1,3,0,0,0.0,6,278040,335706,57666,40,True,0
Nikola Milenković,DEF,Nott'm Forest,0.0,0,0,27,1,9,0.8,11,471,0.01,0.01,0.00,1.06,28,0,0,3.1,28.6,2026-09-05T14:00:00Z,90,False,19,0,0,0,3,0,3,0,168090,1,2,0,0,2.0,7,-12221,5627,17848,55,True,1
Joao Gomes,MID,Aston Villa,0.4,0,0,0,0,0,0.0,0,54,0.00,0.00,0.00,0.00,25,0,0,0.0,0.0,2026-09-05T16:30:00Z,0,False,11,0,0,0,0,0,3,0,4112,0,0,0,0,0.0,0,-1095,90,1185,55,False,0
Quinten Timber,MID,Crystal Palace,2.0,0,0,8,0,2,0.2,6,644,0.00,0.02,0.02,2.57,24,2,0,0.5,4.2,2026-09-05T14:00:00Z,73,False,10,0,0,0,3,0,3,0,782,1,1,3,2,1.0,2,556,656,100,50,False,0
Matt Crooks,MID,Hull City,0.6,0,0,0,0,0,0.0,0,289,0.00,0.00,0.00,0.00,25,0,0,0.0,0.0,2026-09-05T16:30:00Z,0,False,2,0,0,0,0,0,3,0,57596,0,0,0,0,0.0,0,-12365,2885,15250,45,True,0
Fábio Freitas Gouveia Carvalho,MID,Brentford,1.2,0,0,0,0,0,0.0,0,100,0.00,0.00,0.00,0.00,22,0,0,0.0,0.0,2026-09-05T14:00:00Z,0,False,20,0,0,0,0,0,3,0,2107,0,0,1,1,0.0,0,185,543,358,50,True,0
Nathan Collins,DEF,Brentford,0.0,0,0,4,0,1,0.0,1,84,0.00,0.00,0.00,0.10,22,0,0,0.1,1.0,2026-09-05T14:00:00Z,16,False,20,0,0,0,0,0,3,0,271484,1,0,1,1,0.0,1,11591,32175,20584,55,True,0
Francisco Evanilson de Lima Barbosa,FWD,Bournemouth,3.2,0,0,4,0,4,5.1,7,79,0.01,0.14,0.13,0.71,27,2,0,2.9,3.2,2026-09-05T11:30:00Z,90,False,17,0,0,0,3,0,3,0,336364,1,0,2,2,21.0,2,26119,69571,43452,60,False,0
Martin Dubravka,GK,Spurs,0.0,0,0,0,0,0,0.0,0,497,0.00,0.00,0.00,0.00,28,0,0,0.0,0.0,2026-09-05T14:00:00Z,0,False,18,0,0,0,0,0,3,0,1908726,0,0,0,0,0.0,0,12181,131012,118831,40,False,0
Matz Sels,GK,Nott'm Forest,2.4,0,0,21,1,1,0.0,0,467,0.00,0.00,0.00,1.06,28,0,0,0.2,2.4,2026-09-05T14:00:00Z,90,False,19,0,0,0,11,0,3,0,143042,1,0,0,0,0.0,6,-9819,8404,18223,50,True,0
Daichi Kamada,MID,Crystal Palace,3.6,1,0,21,0,0,23.2,4,214,0.01,0.01,0.00,3.01,24,2,0,4.9,19.6,2026-09-05T14:00:00Z,88,False,10,0,0,0,4,0,3,0,28293,1,0,3,2,6.0,5,-259,4293,4552,50,False,0
Sepp van den Berg,DEF,Brentford,0.0,0,0,0,0,0,0.0,0,85,0.00,0.00,0.00,0.00,22,0,0,0.0,0.0,2026-09-05T14:00:00Z,0,False,20,0,0,0,0,0,3,0,8510,0,0,1,1,0.0,0,-2342,121,2463,49,True,0
Michael Svoboda,DEF,Brighton,0.2,0,0,0,0,0,0.0,0,120,0.00,0.00,0.00,0.00,23,0,0,0.0,0.0,2026-09-05T14:00:00Z,0,False,13,0,0,0,0,0,3,0,5613,0,0,1,1,0.0,0,-124,863,987,50,True,0
Nicolás Domínguez,MID,Nott'm Forest,0.2,0,0,0,0,0,0.0,0,487,0.00,0.00,0.00,0.00,28,0,0,0.0,0.0,2026-09-05T14:00:00Z,0,False,19,0,0,0,0,0,3,0,7052,0,0,0,0,0.0,0,-788,358,1146,50,True,0
Micky van de Ven,DEF,Spurs,3.2,0,3,30,1,6,1.2,9,503,0.00,0.57,0.57,0.92,28,0,0,3.7,21.4,2026-09-05T14:00:00Z,90,False,18,0,0,0,4,0,3,0,380320,1,3,0,0,14.0,9,-61459,16557,78016,50,False,0
Keane Lewis-Potter,MID,Brentford,4.4,0,0,4,0,4,45.1,6,86,0.40,0.64,0.24,1.71,22,1,0,7.5,8.2,2026-09-05T14:00:00Z,90,False,20,0,0,0,1,0,3,0,235201,1,1,1,1,22.0,2,74882,101209,26327,55,True,0
Alex Scott,MID,Bournemouth,5.6,2,2,37,0,5,22.9,11,69,0.02,0.09,0.07,0.71,27,2,0,4.8,13.4,2026-09-05T11:30:00Z,90,False,17,0,0,0,6,0,3,0,210299,1,0,2,2,12.0,10,39114,56885,17771,60,False,0
Morgan Gibbs-White,MID,Nott'm Forest,5.2,0,0,3,1,0,3.0,7,480,0.01,0.49,0.48,1.06,28,0,0,2.2,5.6,2026-09-05T14:00:00Z,90,False,19,0,0,0,5,0,3,0,1065969,1,2,0,0,13.0,3,102526,215196,112670,79,True,0
Matt Targett,DEF,Hull City,0.2,0,0,0,0,0,0.0,0,556,0.00,0.00,0.00,0.00,25,0,0,0.0,0.0,2026-09-05T16:30:00Z,0,False,2,0,0,0,0,0,3,0,218007,0,0,0,0,0.0,0,-12694,10419,23113,40,True,0
Anthony Elanga,MID,Newcastle,0.0,0,0,8,0,1,31.8,4,454,0.23,0.23,0.00,1.33,27,2,0,4.4,8.4,2026-09-05T11:30:00Z,76,False,3,0,0,0,1,0,3,0,1142637,1,2,2,2,4.0,1,716203,810672,94469,61,True,1
Josh King,MID,Fulham,4.4,0,3,38,0,1,26.0,7,268,0.27,0.58,0.31,1.97,24,3,1,10.5,44.6,2026-09-05T14:00:00Z,90,False,8,0,0,0,5,0,3,0,76528,1,1,3,2,34.0,10,9662,23134,13472,55,True,0
Ben Gannon-Doak,MID,Bournemouth,0.6,0,0,3,0,0,0.5,2,72,0.00,0.02,0.02,0.05,27,0,0,0.8,2.0,2026-09-05T11:30:00Z,1,False,17,0,0,0,1,0,3,0,7170,0,1,2,2,5.0,1,-1165,384,1549,50,False,0
Daniel Muñoz Mejía,DEF,Nott'm Forest,0.6,0,0,5,0,0,0.8,1,201,0.00,0.03,0.03,0.26,28,0,0,0.7,2.4,2026-09-05T14:00:00Z,31,False,19,0,0,0,0,0,3,0,658550,0,1,0,0,4.0,1,-158458,23260,181718,54,True,0
Jacob Murphy,MID,Newcastle,0.6,0,0,5,0,0,0.3,1,457,0.00,0.00,0.00,0.04,27,0,0,0.1,0.2,2026-09-05T11:30:00Z,13,False,3,0,0,0,1,0,3,0,14114,0,0,2,2,0.0,1,-2357,1115,3472,59,True,0
Enes Ünal,FWD,Bournemouth,0.0,0,0,0,0,0,0.0,0,80,0.00,0.00,0.00,0.00,27,0,0,0.0,0.0,2026-09-05T11:30:00Z,0,False,17,0,0,0,0,0,3,0,1977,0,0,2,2,0.0,0,-522,0,522,55,False,0
Alysson Edward Franco da Rocha dos Santos,MID,Aston Villa,1.6,0,0,3,0,0,1.8,1,52,0.00,0.00,0.00,0.35,25,0,0,0.2,0.2,2026-09-05T16:30:00Z,15,False,11,0,0,0,1,0,3,0,4733,0,0,0,0,0.0,1,-102,827,929,50,False,0
Zavier Gozo,MID,Crystal Palace,0.4,0,0,0,0,0,0.0,0,595,0.00,0.00,0.00,0.00,24,0,0,0.0,0.0,2026-09-05T14:00:00Z,0,False,10,0,0,0,0,0,3,0,1444,0,0,3,2,0.0,0,-66,158,224,50,False,0
Freddie Woodman,GK,Liverpool,0.0,0,0,0,0,0,0.0,0,352,0.00,0.00,0.00,0.00,21,0,0,0.0,0.0,2026-09-04T19:00:00Z,0,False,12,0,0,0,0,0,3,0,114962,0,0,2,0,0.0,0,280,8227,7947,40,False,0
Tyler Adams,MID,Bournemouth,1.6,0,0,15,0,1,11.5,12,73,0.01,0.01,0.00,0.48,27,1,0,2.4,12.2,2026-09-05T11:30:00Z,75,False,17,0,0,0,8,0,3,0,26019,1,3,2,2,0.0,4,897,5588,4691,50,False,0
Kristoffer Ajer,DEF,Brentford,4.2,0,0,8,0,5,0.3,5,87,0.00,0.00,0.00,1.71,22,1,0,1.2,11.8,2026-09-05T14:00:00Z,90,False,20,0,0,0,2,0,3,0,610187,1,0,1,1,0.0,2,112523,174453,61930,45,True,0
Ewen Jaouen,GK,Newcastle,0.0,0,0,0,0,0,0.0,0,444,0.00,0.00,0.00,0.00,27,0,0,0.0,0.0,2026-09-05T11:30:00Z,0,False,3,0,0,0,0,0,3,0,2647,0,0,2,2,0.0,0,-279,182,461,45,True,0
Charlie Hughes,DEF,Hull City,0.0,0,0,0,0,0,0.0,0,278,0.00,0.00,0.00,0.00,25,0,0,0.0,0.0,2026-09-05T16:30:00Z,0,False,2,0,0,0,0,0,3,0,9038,0,0,0,0,0.0,0,-1682,138,1820,40,True,0
Nilson Angulo,MID,Sunderland,2.4,0,0,11,0,1,5.7,5,551,0.07,0.07,0.00,0.76,22,1,0,3.0,8.6,2026-09-05T14:00:00Z,63,False,4,0,0,0,3,0,3,0,15646,1,1,1,1,16.0,2,1656,4768,3112,50,False,0
Matteo Ruggeri,DEF,Aston Villa,1.0,0,0,3,0,1,2.6,1,596,0.01,0.01,0.00,0.35,25,0,0,0.5,2.6,2026-09-05T16:30:00Z,15,False,11,0,0,0,2,0,3,0,10240,0,0,0,0,0.0,1,-990,736,1726,45,False,0
Trevoh Chalobah,DEF,Chelsea,0.0,0,0,0,0,0,0.0,0,143,0.00,0.00,0.00,0.00,29,0,0,0.0,0.0,2026-09-06T15:30:00Z,0,False,1,0,0,0,0,0,3,0,9527,0,0,1,2,0.0,0,-3529,0,3529,55,False,0
Malick Thiaw,DEF,Newcastle,2.8,0,0,0,0,3,12.3,3,445,0.05,0.05,0.00,1.37,27,2,0,2.2,7.6,2026-09-05T11:30:00Z,90,False,3,1,0,0,3,0,3,0,238054,1,0,2,2,2.0,-1,40274,72237,31963,50,True,0
Amar Dedic,DEF,Newcastle,0.0,0,0,3,0,1,6.4,1,593,0.02,0.13,0.11,1.37,27,2,0,1.7,0.6,2026-09-05T11:30:00Z,90,False,3,0,0,0,4,0,3,0,365061,1,0,2,2,10.0,1,269442,318645,49203,45,True,0
Lewie Coyle,DEF,Hull City,2.8,0,0,19,1,0,4.6,0,280,0.01,0.01,0.00,1.81,25,0,0,0.6,1.4,2026-09-05T16:30:00Z,63,False,2,0,0,0,0,0,3,0,54378,1,0,0,0,0.0,6,-8654,1532,10186,40,True,0
Illan Meslier,GK,Arsenal,0.0,0,0,0,0,0,0.0,0,3,0.00,0.00,0.00,0.00,29,0,0,0.0,0.0,2026-09-06T15:30:00Z,0,False,6,0,0,0,0,0,3,0,3143,0,0,1,2,0.0,0,-287,172,459,50,True,0
James Maddison,MID,Spurs,0.6,0,0,0,0,0,0.0,0,515,0.00,0.00,0.00,0.00,28,0,0,0.0,0.0,2026-09-05T14:00:00Z,0,False,18,0,0,0,0,0,3,0,57231,0,0,0,0,0.0,0,-38883,175,39058,64,False,0
Joško Gvardiol,DEF,Man City,6.6,0,2,31,1,4,6.9,8,391,0.02,0.03,0.01,1.37,26,0,0,3.3,18.8,2026-09-05T14:00:00Z,90,False,7,0,0,0,7,0,3,0,2019409,1,4,0,1,7.0,8,427408,548352,120944,56,True,0
Rayan Cherki,MID,Man City,5.2,0,0,23,1,0,52.2,3,399,0.30,0.51,0.21,0.86,26,0,0,8.4,7.4,2026-09-05T14:00:00Z,65,False,7,0,0,0,3,0,3,0,3431400,1,0,0,1,24.0,3,1783948,1865890,81942,77,True,0
Jake O'Brien,DEF,Everton,0.4,0,0,0,0,0,0.0,0,232,0.00,0.00,0.00,0.00,30,0,0,0.0,0.0,2026-09-06T13:00:00Z,0,False,16,0,0,0,0,0,3,0,35192,0,0,2,2,0.0,0,-7511,929,8440,49,True,0
Jordan Pickford,GK,Everton,5.0,0,0,6,0,0,0.0,0,226,0.00,0.00,0.00,0.69,30,2,0,0.9,9.2,2026-09-06T13:00:00Z,90,False,16,0,0,0,12,0,3,1,890933,1,0,2,2,0.0,1,-25446,56478,81924,55,True,0
Bradley Burrowes,MID,Aston Villa,0.0,0,0,0,0,0,0.0,0,50,0.00,0.00,0.00,0.00,25,0,0,0.0,0.0,2026-09-05T16:30:00Z,0,False,11,0,0,0,0,0,3,0,72806,0,0,0,0,0.0,0,-408,8705,9113,45,False,0
Pedro Porro Sauceda,DEF,Spurs,1.8,0,1,28,1,3,35.8,4,499,0.06,0.09,0.03,0.92,28,0,0,5.5,13.2,2026-09-05T14:00:00Z,90,False,18,0,0,0,3,0,3,0,1176909,1,1,0,0,6.0,7,-179795,48390,228185,55,False,0
Walter Benítez,GK,Crystal Palace,0.4,0,0,0,0,0,0.0,0,199,0.00,0.00,0.00,0.00,24,0,0,0.0,0.0,2026-09-05T14:00:00Z,0,False,10,0,0,0,0,0,3,0,11282,0,0,3,2,0.0,0,-646,648,1294,45,False,0
Jeremy Monga,MID,Man City,0.0,0,0,0,0,0,0.0,0,410,0.00,0.00,0.00,0.00,26,0,0,0.0,0.0,2026-09-05T14:00:00Z,0,False,7,0,0,0,0,0,3,0,1321,0,0,0,1,0.0,0,-309,143,452,49,True,0
Moisés Caicedo Corozo,MID,Chelsea,0.1,0,0,0,0,0,0.0,0,159,0.00,0.00,0.00,0.00,29,0,0,0.0,0.0,2026-09-06T15:30:00Z,0,False,1,0,0,0,0,0,3,0,192746,0,0,1,2,0.0,0,-88920,3231,92151,54,False,0
Mason Mount,MID,Man Utd,0.0,0,0,0,0,0,0.0,0,430,0.00,0.00,0.00,0.00,30,0,0,0.0,0.0,2026-09-06T13:00:00Z,0,False,9,0,0,0,0,0,3,0,2327,0,0,2,2,0.0,0,-530,60,590,54,False,0
Lewis Cook,MID,Bournemouth,1.4,0,0,2,0,1,0.3,1,71,0.00,0.00,0.00,0.23,27,1,0,0.0,0.0,2026-09-05T11:30:00Z,14,False,17,0,0,0,0,0,3,0,23118,0,0,2,2,0.0,1,2757,6600,3843,50,False,0
Kobbie Mainoo,MID,Man Utd,3.6,1,2,32,0,3,24.5,15,432,0.07,0.07,0.00,0.92,30,1,0,5.9,34.2,2026-09-06T13:00:00Z,83,False,9,0,0,0,10,0,3,0,117218,1,2,2,2,0.0,9,6351,19482,13131,55,False,0
Nordi Mukiele,DEF,Sunderland,2.6,0,0,16,0,10,5.0,14,533,0.02,0.02,0.00,1.21,22,1,0,3.7,32.4,2026-09-05T14:00:00Z,90,False,4,0,0,0,6,0,3,0,247977,1,4,1,1,0.0,4,-3387,21418,24805,55,False,0
Sean Steur,MID,Newcastle,1.6,0,0,3,0,1,0.5,2,462,0.00,0.00,0.00,0.04,27,0,0,0.3,2.0,2026-09-05T11:30:00Z,13,False,3,0,0,0,1,0,3,0,8925,0,0,2,2,0.0,1,-1763,584,2347,50,True,0
El Hadji Malick Diouf,DEF,Brentford,0.5,0,0,0,0,0,0.0,0,620,0.00,0.00,0.00,0.00,22,0,0,0.0,0.0,2026-09-05T14:00:00Z,0,False,20,0,0,0,0,0,3,0,10083,0,0,1,1,0.0,0,6560,9542,2982,45,True,0
Shumaira Mheuka,FWD,Chelsea,0.0,0,0,0,0,0,0.0,0,169,0.00,0.00,0.00,0.00,29,0,0,0.0,0.0,2026-09-06T15:30:00Z,0,False,1,0,0,0,0,0,3,0,43546,0,0,1,2,0.0,0,2681,8439,5758,45,False,0
David Raya Martín,GK,Arsenal,6.0,0,0,15,0,2,0.0,0,1,0.01,0.01,0.00,0.39,29,1,0,2.9,28.8,2026-09-06T15:30:00Z,90,False,6,0,0,0,11,0,3,4,3887669,1,0,1,2,0.0,3,-23780,204948,228728,60,True,0
Samuel Iling-Junior,MID,Aston Villa,0.0,0,0,0,0,0,0.0,0,49,0.00,0.00,0.00,0.00,25,0,0,0.0,0.0,2026-09-05T16:30:00Z,0,False,11,0,0,0,0,0,3,0,211,0,0,0,0,0.0,0,-63,0,63,50,False,0
Ibrahim Sangaré,MID,Nott'm Forest,0.6,0,0,0,0,0,0.0,0,488,0.00,0.00,0.00,0.00,28,0,0,0.0,0.0,2026-09-05T14:00:00Z,0,False,19,0,0,0,0,0,3,0,60777,0,0,0,0,0.0,0,-26662,1817,28479,49,True,0
John Victor Maciel Furtado,GK,Nott'm Forest,0.0,0,0,0,0,0,0.0,0,468,0.00,0.00,0.00,0.00,28,0,0,0.0,0.0,2026-09-05T14:00:00Z,0,False,19,0,0,0,0,0,3,0,6270,0,0,0,0,0.0,0,-392,259,651,45,True,0
Caleb Yirenkyi,MID,Coventry City,1.2,0,0,4,0,2,0.3,6,575,0.00,0.00,0.00,0.95,26,0,0,0.1,1.0,2026-09-05T14:00:00Z,27,False,15,0,0,0,4,0,3,0,20321,0,0,0,1,0.0,1,-3438,778,4216,50,False,0
Darío Osorio,MID,Crystal Palace,0.3,0,0,2,0,0,0.3,1,647,0.00,0.00,0.00,0.13,24,0,0,0.2,2.0,2026-09-05T14:00:00Z,1,False,10,0,0,0,0,0,3,0,535,0,1,3,2,0.0,1,411,461,50,55,False,0
Noni Madueke,MID,Arsenal,0.4,0,0,3,0,0,0.8,1,16,0.01,0.01,0.00,0.00,29,0,0,0.3,2.2,2026-09-06T15:30:00Z,1,False,6,0,0,0,0,0,3,0,24885,0,1,1,2,0.0,1,-6797,1276,8073,63,True,0
Luca Williams-Barnett,MID,Spurs,0.0,0,0,0,0,0,0.0,0,601,0.00,0.00,0.00,0.00,28,0,0,0.0,0.0,2026-09-05T14:00:00Z,0,False,18,0,0,0,0,0,3,0,13933,0,0,0,0,0.0,0,2301,4467,2166,45,False,0
Miguel Brau,DEF,Coventry City,0.0,0,0,0,0,0,0.0,0,181,0.00,0.00,0.00,0.00,26,0,0,0.0,0.0,2026-09-05T14:00:00Z,0,False,15,0,0,0,0,0,3,0,3074,0,0,0,1,0.0,0,-956,19,975,40,False,0
Nico Elvedi,DEF,Leeds,1.4,0,0,12,0,10,21.1,10,598,0.57,0.57,0.00,2.19,23,1,0,5.5,27.6,2026-09-05T14:00:00Z,90,False,5,0,0,0,0,0,3,0,2951,1,0,1,1,6.0,4,201,729,528,45,False,0
Federico Chiesa,MID,Liverpool,0.0,0,0,0,0,0,0.0,0,370,0.00,0.00,0.00,0.00,21,0,0,0.0,0.0,2026-09-04T19:00:00Z,0,False,12,0,0,0,0,0,3,0,6728,0,0,2,0,0.0,0,-4196,50,4246,54,False,0
Aaron Anselmino,DEF,Chelsea,0.0,0,0,0,0,0,0.0,0,561,0.00,0.00,0.00,0.00,29,0,0,0.0,0.0,2026-09-06T15:30:00Z,0,False,1,0,0,0,0,0,3,0,1971,0,0,1,2,0.0,0,-49,225,274,45,False,0
Carlos Alcaraz Durán,MID,Everton,0.2,0,0,0,0,0,0.0,0,243,0.00,0.00,0.00,0.00,30,0,0,0.0,0.0,2026-09-06T13:00:00Z,0,False,16,0,0,0,0,0,3,0,8638,0,0,2,2,0.0,0,-1124,815,1939,50,True,0
Emiliano Buendía Stati,MID,Aston Villa,4.2,0,0,2,1,0,10.8,2,41,0.05,0.66,0.61,0.22,25,0,0,1.4,0.0,2026-09-05T16:30:00Z,74,False,11,0,0,0,2,0,3,0,128636,1,0,0,0,7.0,3,-3519,20598,24117,60,False,0
Lewis Hall,DEF,Newcastle,6.0,1,0,20,0,5,13.4,6,449,0.01,0.02,0.01,1.35,27,2,0,4.4,28.0,2026-09-05T11:30:00Z,89,False,3,0,0,0,13,0,3,0,1101917,1,1,2,2,3.0,4,496570,576636,80066,51,True,0
Lisandro Martínez,DEF,Man Utd,1.2,0,0,7,0,10,0.3,10,419,0.00,0.00,0.00,1.01,30,2,0,2.9,29.0,2026-09-06T13:00:00Z,90,False,9,0,0,0,2,0,3,0,128156,1,0,2,2,0.0,3,-9944,8174,18118,50,False,0
Chris Rigg,MID,Sunderland,0.4,0,0,0,0,0,0.0,0,548,0.00,0.00,0.00,0.00,22,0,0,0.0,0.0,2026-09-05T14:00:00Z,0,False,4,0,0,0,0,0,3,0,5751,0,0,1,1,0.0,0,-719,143,862,50,False,0
Wellity Lucky,DEF,Liverpool,0.0,0,0,0,0,0,0.0,0,361,0.00,0.00,0.00,0.00,21,0,0,0.0,0.0,2026-09-04T19:00:00Z,0,False,12,0,0,0,0,0,3,0,13766,0,0,2,0,0.0,0,-8,1420,1428,40,False,0
Thierno Barry,FWD,Everton,4.0,0,0,7,0,0,15.0,4,249,0.02,0.40,0.38,0.69,30,2,0,3.9,0.2,2026-09-06T13:00:00Z,90,False,16,0,0,0,4,0,3,0,501671,1,0,2,2,24.0,2,104566,195909,91343,55,True,0
Declan Rice,MID,Arsenal,4.0,1,0,22,0,5,19.9,6,13,0.08,0.11,0.03,0.39,29,1,0,5.6,33.8,2026-09-06T15:30:00Z,90,False,6,0,0,0,1,0,3,0,1465517,1,0,1,2,2.0,5,-227106,21785,248891,75,True,0
Jean-Mattéo Bahoya,MID,Leeds,0.0,0,0,0,0,0,0.0,0,648,0.00,0.00,0.00,0.00,23,0,0,0.0,0.0,2026-09-05T14:00:00Z,0,False,5,0,0,0,0,0,3,0,1030,0,0,1,1,0.0,0,819,1015,196,50,False,0
Bendito Mantato,MID,Man Utd,0.0,0,0,0,0,0,0.0,0,437,0.00,0.00,0.00,0.00,30,0,0,0.0,0.0,2026-09-06T13:00:00Z,0,False,9,0,0,0,0,0,3,0,18885,0,0,2,2,0.0,0,-934,1762,2696,45,False,0
Adam Wharton,MID,Crystal Palace,2.0,0,0,10,0,7,2.8,8,210,0.01,0.01,0.00,3.14,24,2,0,2.0,14.8,2026-09-05T14:00:00Z,90,False,10,0,0,0,0,0,3,0,89835,1,1,3,2,2.0,2,-3644,10076,13720,55,False,0
Matthijs de Ligt,DEF,Man Utd,0.0,0,0,0,0,0,0.0,0,416,0.00,0.00,0.00,0.00,30,0,0,0.0,0.0,2026-09-06T13:00:00Z,0,False,9,0,0,0,0,0,3,0,2390,0,0,2,2,0.0,0,-367,96,463,50,False,0
Diego Gómez Amarilla,MID,Brighton,4.8,0,0,13,0,2,26.4,9,127,0.05,0.14,0.09,2.49,23,1,0,7.2,15.2,2026-09-05T14:00:00Z,90,False,13,0,0,0,4,0,3,0,525464,1,3,1,1,30.0,2,117389,177501,60112,50,True,0
Joël Piroe,FWD,Leeds,0.0,0,0,0,0,0,0.0,0,348,0.00,0.00,0.00,0.00,23,0,0,0.0,0.0,2026-09-05T14:00:00Z,0,False,5,0,0,0,0,0,3,0,8831,0,0,1,1,0.0,0,-2945,0,2945,50,False,0
Jesurun Rak-Sakyi,MID,Crystal Palace,0.0,0,0,0,0,0,0.0,0,219,0.00,0.00,0.00,0.00,24,0,0,0.0,0.0,2026-09-05T14:00:00Z,0,False,10,0,0,0,0,0,3,0,553,0,0,3,2,0.0,0,-60,51,111,50,False,0
Tyler Dibling,MID,Everton,0.2,0,0,0,0,0,0.0,0,245,0.00,0.00,0.00,0.00,30,0,0,0.0,0.0,2026-09-06T13:00:00Z,0,False,16,0,0,0,0,0,3,0,3219,0,0,2,2,0.0,0,-512,356,868,54,True,0
Tyler Fletcher,MID,Man Utd,0.0,0,0,0,0,0,0.0,0,438,0.00,0.00,0.00,0.00,30,0,0,0.0,0.0,2026-09-06T13:00:00Z,0,False,9,0,0,0,0,0,3,0,32226,0,0,2,2,0.0,0,-2436,1884,4320,45,False,0
Benoît Badiashile Mukinayi,DEF,Chelsea,0.0,0,0,0,0,0,0.0,0,146,0.00,0.00,0.00,0.00,29,0,0,0.0,0.0,2026-09-06T15:30:00Z,0,False,1,0,0,0,0,0,3,0,1405,0,0,1,2,0.0,0,-719,0,719,45,False,0
Michael Zetterer,GK,Leeds,0.0,0,0,0,0,0,0.0,0,629,0.00,0.00,0.00,0.00,23,0,0,0.0,0.0,2026-09-05T14:00:00Z,0,False,5,0,0,0,0,0,3,0,37143,0,0,1,1,0.0,0,11967,13274,1307,40,False,0
Jahnoah Markelo,FWD,Coventry City,0.0,0,0,0,0,0,0.0,0,196,0.00,0.00,0.00,0.00,26,0,0,0.0,0.0,2026-09-05T14:00:00Z,0,False,15,0,0,0,0,0,3,0,929,0,0,0,1,0.0,0,-296,0,296,50,False,0
Justin Devenny,MID,Crystal Palace,0.0,0,0,0,0,0,0.0,0,215,0.00,0.00,0.00,0.00,24,0,0,0.0,0.0,2026-09-05T14:00:00Z,0,False,10,0,0,0,0,0,3,0,914,0,0,3,2,0.0,0,-275,63,338,50,False,0
Bafodé Diakité,DEF,Bournemouth,0.0,0,0,0,0,0,0.0,0,62,0.00,0.00,0.00,0.00,27,0,0,0.0,0.0,2026-09-05T11:30:00Z,0,False,17,0,0,0,0,0,3,0,18773,0,0,2,2,0.0,0,-2153,1710,3863,50,False,0
Yehor Yarmoliuk,MID,Brentford,1.8,0,0,1,0,1,3.4,5,102,0.02,0.05,0.03,1.36,22,1,0,0.8,2.4,2026-09-05T14:00:00Z,45,False,20,0,0,0,3,0,3,0,93335,0,1,1,1,2.0,0,-18230,1076,19306,49,True,1
Igor Jesus Maciel da Cruz,FWD,Nott'm Forest,2.2,0,0,3,0,0,0.4,1,491,0.00,0.00,0.00,0.26,28,0,0,0.2,1.2,2026-09-05T14:00:00Z,31,False,19,0,0,0,0,0,3,0,307784,0,1,0,0,0.0,1,-56312,25411,81723,59,True,0
Cheick Doucouré,MID,Crystal Palace,0.0,0,0,0,0,0,0.0,0,218,0.00,0.00,0.00,0.00,24,0,0,0.0,0.0,2026-09-05T14:00:00Z,0,False,10,0,0,0,0,0,3,0,6155,0,0,3,2,0.0,0,-336,984,1320,49,False,0
Robert Lynch Sánchez,GK,Chelsea,0.0,0,0,0,0,0,0.0,0,140,0.00,0.00,0.00,0.00,29,0,0,0.0,0.0,2026-09-06T15:30:00Z,0,False,1,0,0,0,0,0,3,0,130954,0,0,1,2,0.0,0,-82439,1923,84362,49,False,0
Tyrone Mings,DEF,Aston Villa,2.0,0,0,28,1,4,4.4,5,33,0.02,0.13,0.11,0.57,25,0,0,3.2,14.8,2026-09-05T16:30:00Z,90,False,11,0,0,0,2,0,3,0,38099,1,1,0,0,13.0,6,-2214,2622,4836,45,False,0
Triston Rowe,DEF,Aston Villa,0.0,0,0,0,0,0,0.0,0,606,0.00,0.00,0.00,0.00,25,0,0,0.0,0.0,2026-09-05T16:30:00Z,0,False,11,0,0,0,0,0,3,0,18767,0,0,0,0,0.0,0,4717,6400,1683,40,False,0
Florentino Ibrain Morris Luís,MID,Ipswich Town,0.4,0,0,0,0,0,0.0,0,571,0.00,0.00,0.00,0.00,21,0,0,0.0,0.0,2026-09-04T19:00:00Z,0,False,14,0,0,0,0,0,3,0,9821,0,0,2,0,0.0,0,-2128,223,2351,49,True,0
Sam Szmodics,MID,Ipswich Town,0.0,0,0,0,0,0,0.0,0,319,0.00,0.00,0.00,0.00,21,0,0,0.0,0.0,2026-09-04T19:00:00Z,0,False,14,0,0,0,0,0,3,0,427,0,0,2,0,0.0,0,-191,0,191,50,True,0
Amario Cozier-Duberry,MID,Brighton,0.0,0,0,0,0,0,0.0,0,624,0.00,0.00,0.00,0.00,23,0,0,0.0,0.0,2026-09-05T14:00:00Z,0,False,13,0,0,0,0,0,3,0,111,0,0,1,1,0.0,0,61,117,56,50,True,0
Stefan Bajčetić Maquieira,MID,Liverpool,0.0,0,0,0,0,0,0.0,0,376,0.00,0.00,0.00,0.00,21,0,0,0.0,0.0,2026-09-04T19:00:00Z,0,False,12,0,0,0,0,0,3,0,148,0,0,2,0,0.0,0,-32,11,43,50,False,0
Harvey Cartwright,GK,Hull City,0.0,0,0,0,0,0,0.0,0,275,0.00,0.00,0.00,0.00,25,0,0,0.0,0.0,2026-09-05T16:30:00Z,0,False,2,0,0,0,0,0,3,0,816,0,0,0,0,0.0,0,-83,0,83,40,True,0
Mason Burstow,FWD,Hull City,0.0,0,0,0,0,0,0.0,0,299,0.00,0.00,0.00,0.00,25,0,0,0.0,0.0,2026-09-05T16:30:00Z,0,False,2,0,0,0,0,0,3,0,4321,0,0,0,0,0.0,0,-778,0,778,45,True,0
Christos Mouzakitis,MID,Hull City,0.0,0,0,0,0,0,0.0,0,645,0.00,0.00,0.00,0.00,25,0,0,0.0,0.0,2026-09-05T16:30:00Z,0,False,2,0,0,0,0,0,3,0,288,0,0,0,0,0.0,0,186,210,24,50,True,0
Simon Adingra,MID,Sunderland,0.0,0,0,0,0,0,0.0,0,546,0.00,0.00,0.00,0.00,22,0,0,0.0,0.0,2026-09-05T14:00:00Z,0,False,4,0,0,0,0,0,3,0,4340,0,0,1,1,0.0,0,-1749,187,1936,49,False,0
Daniel James,MID,Leeds,0.4,0,0,0,0,0,0.0,0,343,0.00,0.00,0.00,0.00,23,0,0,0.0,0.0,2026-09-05T14:00:00Z,0,False,5,0,0,0,0,0,3,0,11657,0,0,1,1,0.0,0,-692,1599,2291,50,False,0
Kieran Dowell,MID,Hull City,0.0,0,0,0,0,0,0.0,0,288,0.00,0.00,0.00,0.00,25,0,0,0.0,0.0,2026-09-05T16:30:00Z,0,False,2,0,0,0,0,0,3,0,37923,0,0,0,0,0.0,0,-165,5767,5932,45,True,0
James Trafford,GK,Leeds,3.6,0,0,18,0,2,0.0,0,385,0.00,0.00,0.00,2.19,23,1,0,3.5,34.8,2026-09-05T14:00:00Z,90,False,5,0,0,0,11,0,3,4,532682,1,0,1,1,0.0,3,32677,81497,48820,50,False,0
Jaydee Canvot,DEF,Crystal Palace,0.4,0,0,4,0,7,1.9,9,203,0.00,0.00,0.00,3.14,24,2,0,1.5,13.0,2026-09-05T14:00:00Z,90,False,10,0,0,0,2,0,3,0,25628,1,2,3,2,0.0,1,-4057,1708,5765,49,False,0
Melker Ellborg,GK,Sunderland,0.0,0,0,0,0,0,0.0,0,531,0.00,0.00,0.00,0.00,22,0,0,0.0,0.0,2026-09-05T14:00:00Z,0,False,4,0,0,0,0,0,3,0,8803,0,0,1,1,0.0,0,-546,405,951,45,False,0
James Justin,DEF,Leeds,3.6,0,0,9,0,7,1.5,10,332,0.00,0.14,0.14,2.19,23,1,0,3.9,16.8,2026-09-05T14:00:00Z,90,False,5,0,0,0,4,0,3,0,150950,1,3,1,1,21.0,4,14204,35632,21428,45,False,0
Arthur Masuaku,DEF,Sunderland,0.0,0,0,0,0,0,0.0,0,540,0.00,0.00,0.00,0.00,22,0,0,0.0,0.0,2026-09-05T14:00:00Z,0,False,4,0,0,0,0,0,3,0,17428,0,0,1,1,0.0,0,-3070,0,3070,40,False,0
Iliman Ndiaye,MID,Man City,3.4,0,0,12,1,1,17.9,5,237,0.04,0.06,0.02,1.35,26,0,0,3.5,7.0,2026-09-05T14:00:00Z,86,False,7,0,0,0,2,0,3,0,1152171,1,2,0,1,10.0,3,-391471,81681,473152,60,True,0
Macaulay Zepa,MID,Fulham,0.0,0,0,0,0,0,0.0,0,626,0.00,0.00,0.00,0.00,24,0,0,0.0,0.0,2026-09-05T14:00:00Z,0,False,8,0,0,0,0,0,3,0,40392,0,0,3,2,0.0,0,17179,22010,4831,45,True,0
Rayan Vitor Simplício Rocha,MID,Bournemouth,1.6,0,0,8,0,1,0.9,2,67,0.01,0.05,0.04,0.66,27,2,0,1.3,1.6,2026-09-05T11:30:00Z,88,False,17,0,0,0,0,0,3,0,230133,1,1,2,2,10.0,2,-48316,11708,60024,65,False,0
Joachim Andersen,DEF,Fulham,0.4,0,0,8,0,5,22.9,7,253,0.06,0.06,0.00,1.97,24,3,0,5.3,24.4,2026-09-05T14:00:00Z,90,False,8,0,0,0,7,0,3,0,15474,1,2,3,2,6.0,1,3704,5842,2138,50,True,0
Jayden Bogle,DEF,Leeds,7.4,0,3,30,1,2,1.7,2,330,0.02,0.92,0.90,0.24,23,0,1,7.0,35.4,2026-09-05T14:00:00Z,60,False,5,0,0,0,0,0,3,0,54984,1,0,1,1,33.0,14,-432,5089,5521,45,False,1
Joshua Zirkzee,FWD,Man Utd,0.2,0,0,0,0,0,0.0,0,440,0.00,0.00,0.00,0.00,30,0,0,0.0,0.0,2026-09-06T13:00:00Z,0,False,9,0,0,0,0,0,3,0,47734,0,0,2,2,0.0,0,-7291,5615,12906,54,False,0
Cameron Humphreys,MID,Ipswich Town,0.0,0,0,0,0,0,0.0,0,602,0.00,0.00,0.00,0.00,21,0,0,0.0,0.0,2026-09-04T19:00:00Z,0,False,14,0,0,0,0,0,3,0,4148,0,0,2,0,0.0,0,382,1586,1204,45,True,0
Promise David,FWD,Brighton,0.2,0,0,-7,0,0,0.0,0,594,0.00,0.42,0.42,0.10,23,0,0,0.0,0.0,2026-09-05T14:00:00Z,13,False,13,0,0,0,0,0,3,0,25799,0,0,1,1,4.0,0,-1278,4444,5722,60,True,1
Dan Ndoye,MID,Nott'm Forest,2.8,0,0,5,0,0,0.3,5,483,0.00,0.00,0.00,0.81,28,0,0,0.1,0.4,2026-09-05T14:00:00Z,58,False,19,0,0,0,4,0,3,0,73790,1,1,0,0,0.0,1,22451,33732,11281,55,True,0
Dane Scarlett,FWD,Spurs,0.0,0,0,0,0,0,0.0,0,528,0.00,0.00,0.00,0.00,28,0,0,0.0,0.0,2026-09-05T14:00:00Z,0,False,18,0,0,0,0,0,3,0,178567,0,0,0,0,0.0,0,-5408,29341,34749,45,False,0
Alex Iwobi,MID,Fulham,1.8,0,0,15,0,0,23.7,4,261,0.26,0.30,0.04,1.97,24,3,0,4.2,7.6,2026-09-05T14:00:00Z,82,False,8,0,0,0,3,0,3,0,88922,1,1,3,2,11.0,2,-9517,7354,16871,55,True,0
Dejan Kulusevski,MID,Spurs,0.0,0,0,0,0,0,0.0,0,521,0.00,0.00,0.00,0.00,28,0,0,0.0,0.0,2026-09-05T14:00:00Z,0,False,18,0,0,0,0,0,3,0,912,0,0,0,0,0.0,0,-90,87,177,65,False,0
Taiwo Awoniyi,FWD,Coventry City,0.0,0,0,6,0,2,10.3,5,492,0.00,0.31,0.31,1.17,26,1,0,1.7,3.6,2026-09-05T14:00:00Z,70,False,15,0,0,0,3,0,3,0,69494,1,0,0,1,3.0,2,-13314,4842,18156,55,False,0
Yankuba Minteh,MID,Brighton,0.0,0,0,0,0,0,0.0,0,122,0.00,0.00,0.00,0.00,23,0,0,0.0,0.0,2026-09-05T14:00:00Z,0,False,13,0,0,0,0,0,3,0,4472,0,0,1,1,0.0,0,-1839,87,1926,59,True,0
Julio Soler Barreto,DEF,Bournemouth,0.0,0,0,0,0,0,0.0,0,66,0.00,0.00,0.00,0.00,27,0,0,0.0,0.0,2026-09-05T11:30:00Z,0,False,17,0,0,0,0,0,3,0,30657,0,0,2,2,0.0,0,3691,6046,2355,40,False,0
Morgan Rogers,MID,Chelsea,5.8,0,0,22,0,0,13.6,5,40,0.03,0.11,0.08,2.05,29,2,1,6.0,30.2,2026-09-06T15:30:00Z,86,False,1,0,0,0,5,0,3,0,2472597,1,0,1,2,16.0,6,-110434,211550,321984,75,False,1
Exequiel Palacios,MID,Ipswich Town,2.8,0,0,24,0,3,22.5,19,619,0.02,0.02,0.00,0.69,21,2,0,4.3,20.2,2026-09-04T19:00:00Z,77,False,14,0,0,0,12,0,3,0,1551,1,4,2,0,0.0,4,979,1326,347,50,True,0
Tosin Adarabioyo,DEF,Spurs,0.2,0,0,0,0,0,0.0,0,147,0.00,0.00,0.00,0.00,28,0,0,0.0,0.0,2026-09-05T14:00:00Z,0,False,18,0,0,0,0,0,3,0,17692,0,0,0,0,0.0,0,-2004,553,2557,45,False,0
Malo Gusto,DEF,Chelsea,0.8,0,0,4,0,0,3.4,2,144,0.01,0.05,0.04,0.14,29,0,0,0.7,3.0,2026-09-06T15:30:00Z,30,False,1,0,0,0,2,0,3,0,116347,0,2,1,2,1.0,1,-11595,9926,21521,50,False,0
Haji Wright,FWD,Coventry City,0.0,0,0,0,0,0,0.0,0,193,0.00,0.00,0.00,0.00,26,0,0,0.0,0.0,2026-09-05T14:00:00Z,0,False,15,0,0,0,0,0,3,0,10607,0,0,0,1,0.0,0,-3102,246,3348,54,False,0
Melvin Bard,DEF,Leeds,0.3,0,0,0,0,0,0.0,0,641,0.00,0.00,0.00,0.00,23,0,0,0.0,0.0,2026-09-05T14:00:00Z,0,False,5,0,0,0,0,0,3,0,242,0,0,1,1,0.0,0,149,177,28,45,False,0
Đorđe Petrović,GK,Bournemouth,1.4,0,0,0,0,1,0.0,0,57,0.00,0.00,0.00,0.71,27,2,0,0.3,3.4,2026-09-05T11:30:00Z,90,False,17,0,0,0,8,0,3,0,349425,1,0,2,2,0.0,1,11030,45982,34952,45,False,0
Gonzalo García,FWD,Fulham,2.4,0,0,10,0,3,14.0,7,569,0.20,0.64,0.44,1.97,24,3,0,5.9,5.8,2026-09-05T14:00:00Z,90,False,8,0,0,0,3,0,3,0,490355,1,1,3,2,39.0,2,49426,128611,79185,60,True,0
Takehiro Tomiyasu,DEF,Crystal Palace,0.4,0,0,0,0,0,0.0,0,577,0.00,0.00,0.00,0.00,24,0,0,0.0,0.0,2026-09-05T14:00:00Z,0,False,10,0,0,0,0,0,3,0,33461,0,0,3,2,0.0,0,-2052,1378,3430,45,False,0
Mohamed-Ali Cho,MID,Hull City,2.2,0,0,5,0,0,0.0,0,617,0.00,0.05,0.05,0.00,25,0,0,2.0,3.0,2026-09-05T16:30:00Z,8,False,2,0,0,0,0,0,3,0,871,0,0,0,0,17.0,1,482,671,189,50,True,0
Marc Guiu Paz,FWD,Chelsea,0.0,0,0,0,0,0,0.0,0,168,0.00,0.00,0.00,0.00,29,0,0,0.0,0.0,2026-09-06T15:30:00Z,0,False,1,0,0,0,0,0,3,0,33721,0,0,1,2,0.0,0,-10863,1924,12787,50,False,0
Mamadou Sarr,DEF,Chelsea,0.0,0,0,0,0,0,0.0,0,150,0.00,0.00,0.00,0.00,29,0,0,0.0,0.0,2026-09-06T15:30:00Z,0,False,1,0,0,0,0,0,3,0,4381,0,0,1,2,0.0,0,-3325,24,3349,45,False,0
Omar Richards,DEF,Nott'm Forest,0.0,0,0,0,0,0,0.0,0,476,0.00,0.00,0.00,0.00,28,0,0,0.0,0.0,2026-09-05T14:00:00Z,0,False,19,0,0,0,0,0,3,0,23523,0,0,0,0,0.0,0,-858,1258,2116,40,True,0
Lukas Nmecha,FWD,Leeds,1.2,0,0,2,0,0,1.8,0,347,0.14,0.31,0.17,1.32,23,0,0,0.9,0.0,2026-09-05T14:00:00Z,17,False,5,0,0,0,0,0,3,0,50649,0,0,1,1,9.0,1,-3112,5427,8539,55,False,0
Sean Longstaff,MID,Leeds,0.4,0,0,0,0,0,0.0,0,339,0.00,0.00,0.00,0.00,23,0,0,0.0,0.0,2026-09-05T14:00:00Z,0,False,5,0,0,0,0,0,3,0,10952,0,0,1,1,0.0,0,-1965,639,2604,50,False,0
Pedro Lomba Neto,MID,Chelsea,2.8,0,0,10,0,2,23.8,7,156,0.03,0.06,0.03,2.05,29,2,0,4.4,6.2,2026-09-06T15:30:00Z,80,False,1,0,0,0,4,0,3,0,130367,1,1,1,2,14.0,2,2299,21878,19579,65,False,0
Benjamin Sesko,FWD,Man Utd,1.6,0,0,28,0,0,0.2,0,439,0.00,0.29,0.29,0.36,30,2,1,5.2,31.2,2026-09-06T13:00:00Z,20,False,9,0,0,0,0,0,3,0,161952,0,0,2,2,21.0,5,-32919,15581,48500,70,False,0
Ethan Ampadu,MID,Leeds,3.2,0,0,13,0,6,1.3,11,338,0.01,0.01,0.00,2.19,23,1,0,2.5,23.6,2026-09-05T14:00:00Z,90,False,5,0,0,0,1,0,3,0,117203,1,4,1,1,0.0,2,-15707,3562,19269,55,False,0
Armin Pecsi,GK,Liverpool,0.0,0,0,0,0,0,0.0,0,353,0.00,0.00,0.00,0.00,21,0,0,0.0,0.0,2026-09-04T19:00:00Z,0,False,12,0,0,0,0,0,3,0,2180,0,0,2,0,0.0,0,-284,0,284,40,False,0
Rodrigo 'Rodri' Hernandez Cascante,MID,Man City,0.0,0,0,0,0,0,0.0,0,402,0.00,0.00,0.00,0.00,26,0,0,0.0,0.0,2026-09-05T14:00:00Z,0,False,7,0,0,0,0,0,3,0,1283,0,0,0,1,0.0,0,-269,0,269,65,True,0
Karl Darlow,GK,Man Utd,0.0,0,0,0,0,0,0.0,0,325,0.00,0.00,0.00,0.00,30,0,0,0.0,0.0,2026-09-06T13:00:00Z,0,False,9,0,0,0,0,0,3,0,4184,0,0,2,2,0.0,0,-122,340,462,45,False,0
Aaron Hickey,DEF,Brentford,1.0,0,0,0,0,4,1.0,5,90,0.00,0.00,0.00,1.36,22,1,0,0.9,7.6,2026-09-05T14:00:00Z,45,False,20,0,0,0,2,0,3,0,7835,0,1,1,1,0.0,1,-239,653,892,45,True,0
Lucas Bergvall,MID,Spurs,0.6,0,0,0,0,0,0.0,0,520,0.00,0.00,0.00,0.00,28,0,0,0.0,0.0,2026-09-05T14:00:00Z,0,False,18,0,0,0,0,0,3,0,17646,0,0,0,0,0.0,0,-3012,482,3494,54,False,0
Nicolas Jackson,FWD,Aston Villa,2.0,0,0,10,1,0,17.5,2,166,0.44,0.68,0.24,0.22,25,0,0,3.9,1.2,2026-09-05T16:30:00Z,84,False,11,0,0,0,2,0,3,0,115958,1,0,0,0,20.0,2,37834,46877,9043,65,False,0
Romain Esse,MID,Crystal Palace,0.0,0,0,0,0,0,0.0,0,216,0.00,0.00,0.00,0.00,24,0,0,0.0,0.0,2026-09-05T14:00:00Z,0,False,10,0,0,0,0,0,3,0,3105,0,0,3,2,0.0,0,-965,188,1153,50,False,0
Harvey Davies,GK,Liverpool,0.0,0,0,0,0,0,0.0,0,355,0.00,0.00,0.00,0.00,21,0,0,0.0,0.0,2026-09-04T19:00:00Z,0,False,12,0,0,0,0,0,3,0,16191,0,0,2,0,0.0,0,578,1717,1139,40,False,0
Olivier Boscagli,DEF,Brighton,3.8,0,0,17,0,4,62.3,4,114,0.33,0.33,0.00,2.49,23,1,0,8.3,20.6,2026-09-05T14:00:00Z,90,False,13,0,0,0,4,0,3,0,31479,1,0,1,1,0.0,2,2298,6293,3995,45,True,0
Pape Matar Sarr,MID,Spurs,0.0,0,0,0,0,0,0.0,0,518,0.00,0.00,0.00,0.00,28,0,0,0.0,0.0,2026-09-05T14:00:00Z,0,False,18,0,0,0,0,0,3,0,14992,0,0,0,0,0.0,0,-1782,4025,5807,49,False,0
Ezri Konsa Ngoyo,DEF,Arsenal,2.4,0,0,15,0,7,1.4,10,31,0.01,0.01,0.00,0.39,29,1,0,2.5,19.4,2026-09-06T15:30:00Z,90,False,6,0,0,0,5,0,3,0,1139279,1,3,1,2,4.0,4,71726,270872,199146,44,True,0
Endo Wataru,MID,Liverpool,0.0,0,0,0,0,0,0.0,0,374,0.00,0.00,0.00,0.00,21,0,0,0.0,0.0,2026-09-04T19:00:00Z,0,False,12,0,0,0,0,0,3,0,6810,0,0,2,0,0.0,0,-648,798,1446,50,False,0
Juan Angulo,FWD,Sunderland,0.0,0,0,0,0,0,0.0,0,651,0.00,0.00,0.00,0.00,22,0,0,0.0,0.0,2026-09-05T14:00:00Z,0,False,4,0,0,0,0,0,3,0,27023,0,0,1,1,0.0,0,14103,15939,1836,45,False,0
Femi Azeez,MID,Brighton,0.0,0,0,0,0,0,0.0,0,652,0.00,0.00,0.00,0.00,23,0,0,0.0,0.0,2026-09-05T14:00:00Z,0,False,13,0,0,0,0,0,3,0,256,0,0,1,1,0.0,0,214,248,34,55,True,0
Joél Drakes-Thomas,MID,Crystal Palace,0.0,0,0,0,0,0,0.0,0,221,0.00,0.00,0.00,0.00,24,0,0,0.0,0.0,2026-09-05T14:00:00Z,0,False,10,0,0,0,0,0,3,0,8457,0,0,3,2,0.0,0,-252,939,1191,45,False,0
Bazoumana Touré,MID,Newcastle,1.6,0,0,0,0,0,0.0,0,461,0.00,0.00,0.00,0.00,27,0,0,0.0,0.0,2026-09-05T11:30:00Z,0,False,3,0,0,0,0,0,3,0,15932,0,0,2,2,0.0,0,-5573,657,6230,59,True,0
Maxim De Cuyper,DEF,Brighton,7.4,1,0,17,0,1,22.1,2,115,0.14,0.14,0.00,2.40,23,1,0,4.4,19.6,2026-09-05T14:00:00Z,76,False,13,0,0,0,4,0,3,0,1978466,1,1,1,1,2.0,4,762031,871841,109810,47,True,1
Bradley Barcola,MID,Liverpool,1.3,0,0,5,0,0,10.5,0,627,0.07,0.07,0.00,0.17,21,0,0,1.6,3.0,2026-09-04T19:00:00Z,26,False,12,0,0,0,0,0,3,0,145340,0,0,2,0,2.0,1,116172,135788,19616,80,False,0
Azor Matusiwa,MID,Ipswich Town,0.0,0,0,0,0,0,0.0,0,310,0.00,0.00,0.00,0.00,21,0,0,0.0,0.0,2026-09-04T19:00:00Z,0,False,14,0,0,0,0,0,3,0,278,0,0,2,0,0.0,0,-55,12,67,50,True,0
Axel Disasi,DEF,Crystal Palace,0.0,0,0,14,0,9,13.3,13,153,0.04,0.04,0.00,3.14,24,2,0,4.7,31.4,2026-09-05T14:00:00Z,90,False,10,0,0,0,8,0,3,0,7480,1,4,3,2,2.0,3,503,1511,1008,45,False,0
Milan van Ewijk,DEF,Coventry City,1.2,0,0,5,0,8,5.2,11,175,0.06,0.06,0.00,2.12,26,1,0,2.4,16.8,2026-09-05T14:00:00Z,90,False,15,0,0,0,4,0,3,0,1209039,1,3,0,1,2.0,3,-80255,41712,121967,40,False,1
Jayden Lienou,DEF,Leeds,0.0,0,0,0,0,0,0.0,0,603,0.00,0.00,0.00,0.00,23,0,0,0.0,0.0,2026-09-05T14:00:00Z,0,False,5,0,0,0,0,0,3,0,11399,0,0,1,1,0.0,0,1400,2536,1136,40,False,0
Maxence Lacroix,DEF,Chelsea,2.6,0,0,3,0,9,1.3,11,200,0.01,0.01,0.00,2.05,29,2,0,2.9,26.0,2026-09-06T15:30:00Z,90,False,1,0,0,0,2,0,3,0,839049,1,2,1,2,2.0,2,-117331,32879,150210,60,False,1
Anan Khalaili,DEF,Crystal Palace,2.6,0,0,6,0,7,2.3,10,588,0.01,0.73,0.72,3.14,24,2,0,3.2,21.6,2026-09-05T14:00:00Z,90,False,10,0,0,0,3,0,3,0,13924,1,3,3,2,8.0,3,2499,4048,1549,50,False,0
Hidemasa Morita,MID,Hull City,0.0,0,0,0,0,0,0.0,0,563,0.00,0.00,0.00,0.00,25,0,0,0.0,0.0,2026-09-05T16:30:00Z,0,False,2,0,0,0,0,0,3,0,2482,0,0,0,0,0.0,0,104,421,317,50,True,0
João Pedro Junqueira de Jesus,FWD,Chelsea,4.9,0,0,8,0,0,28.8,1,165,0.05,0.07,0.02,2.05,29,2,0,3.7,0.0,2026-09-06T15:30:00Z,90,False,1,0,0,0,1,0,3,0,7177659,1,0,1,2,9.0,1,255757,446528,190771,77,False,1
Dayann Méthalie,DEF,Sunderland,0.0,0,0,0,0,0,0.0,0,612,0.00,0.00,0.00,0.00,22,0,0,0.0,0.0,2026-09-05T14:00:00Z,0,False,4,0,0,0,0,0,3,0,632,0,0,1,1,0.0,0,262,362,100,45,False,0
Vitalii Mykolenko,DEF,Everton,5.4,0,0,8,0,3,2.5,6,233,0.01,0.01,0.00,0.69,30,2,0,1.5,12.8,2026-09-06T13:00:00Z,90,False,16,0,0,0,4,0,3,0,178705,1,3,2,2,0.0,1,13864,40120,26256,45,True,0
Myles Lewis-Skelly,MID,Arsenal,1.8,0,0,5,0,0,12.7,2,7,0.10,0.13,0.03,0.26,29,1,0,1.0,0.0,2026-09-06T15:30:00Z,66,False,6,0,0,0,2,0,3,0,71335,1,0,1,2,4.0,2,-4641,8849,13490,55,True,0
Matias Fernandez-Pardo,FWD,Newcastle,1.3,0,0,4,0,0,0.8,1,634,0.00,0.00,0.00,0.04,27,0,0,0.7,0.0,2026-09-05T11:30:00Z,27,False,3,0,0,0,1,0,3,0,5694,0,0,2,2,6.0,1,4798,5384,586,60,True,0
Adam Aznou,DEF,Everton,0.0,0,0,0,0,0,0.0,0,235,0.00,0.00,0.00,0.00,30,0,0,0.0,0.0,2026-09-06T13:00:00Z,0,False,16,0,0,0,0,0,3,0,14764,0,0,2,2,0.0,0,-3462,719,4181,40,True,0
Wesley Fofana,DEF,Chelsea,1.6,0,0,16,0,14,22.8,17,145,0.04,0.04,0.00,2.05,29,2,0,6.3,39.8,2026-09-06T15:30:00Z,90,False,1,0,0,0,3,0,3,0,7346,1,3,1,2,0.0,3,1351,2579,1228,50,False,0
Kim Ji-soo,DEF,Brentford,0.0,0,0,0,0,0,0.0,0,92,0.00,0.00,0.00,0.00,22,0,0,0.0,0.0,2026-09-05T14:00:00Z,0,False,20,0,0,0,0,0,3,0,1937,0,0,1,1,0.0,0,-133,151,284,45,True,0
Manuel Ángel Morán Ibáñez,MID,Fulham,0.0,0,0,0,0,0,0.0,0,636,0.00,0.00,0.00,0.00,24,0,0,0.0,0.0,2026-09-05T14:00:00Z,0,False,8,0,0,0,0,0,3,0,151,0,0,3,2,0.0,0,106,120,14,50,True,0
Kevin Santos Lopes de Macedo,MID,Fulham,0.6,0,0,0,0,0,0.0,0,263,0.00,0.00,0.00,0.00,24,0,0,0.0,0.0,2026-09-05T14:00:00Z,0,False,8,0,0,0,0,0,3,0,4945,0,0,3,2,0.0,0,-789,553,1342,54,True,0
Martin Ødegaard,MID,Arsenal,5.8,0,3,47,0,0,54.2,3,15,0.88,1.60,0.72,0.27,29,1,1,12.9,45.0,2026-09-06T15:30:00Z,76,False,6,0,0,0,3,0,3,0,1130521,1,0,1,2,30.0,10,-52949,119653,172602,66,True,0
Gianluigi Donnarumma,GK,Man City,3.4,0,0,29,1,1,0.0,0,384,0.00,0.00,0.00,1.37,26,0,0,2.7,26.8,2026-09-05T14:00:00Z,90,False,7,0,0,0,2,0,3,3,836587,1,0,0,1,0.0,7,-48925,71140,120065,55,True,0
Brandon Austin,GK,Spurs,0.0,0,0,0,0,0,0.0,0,495,0.00,0.00,0.00,0.00,28,0,0,0.0,0.0,2026-09-05T14:00:00Z,0,False,18,0,0,0,0,0,3,0,104639,0,0,0,0,0.0,0,3899,9717,5818,40,False,0
Ryan Yates,MID,Nott'm Forest,0.0,0,0,0,0,0,0.0,0,489,0.00,0.00,0.00,0.00,28,0,0,0.0,0.0,2026-09-05T14:00:00Z,0,False,19,0,0,0,0,0,3,0,152628,0,0,0,0,0.0,0,-864,17319,18183,45,True,0
David Affengruber,DEF,Fulham,2.7,0,0,0,0,0,0.0,0,650,0.00,0.00,0.00,0.00,24,0,0,0.0,0.0,2026-09-05T14:00:00Z,0,False,8,0,0,0,0,0,3,0,317,0,0,3,2,0.0,0,177,204,27,45,True,0
James Tarkowski,DEF,Everton,8.6,0,0,11,0,9,1.0,12,229,0.01,0.03,0.02,0.69,30,2,0,3.1,24.4,2026-09-06T13:00:00Z,90,False,16,0,0,0,3,0,3,0,1115834,1,3,2,2,6.0,3,126081,211638,85557,60,True,0
Jens Hjertø-Dahl,MID,Hull City,0.2,0,0,4,0,0,0.0,1,574,0.00,0.00,0.00,0.00,25,0,0,0.0,0.0,2026-09-05T16:30:00Z,8,False,2,0,0,0,1,0,3,0,6691,0,0,0,0,0.0,1,-1139,321,1460,50,True,0
Jun'ai Byfield,DEF,Spurs,0.0,0,0,0,0,0,0.0,0,509,0.00,0.00,0.00,0.00,28,0,0,0.0,0.0,2026-09-05T14:00:00Z,0,False,18,0,0,0,0,0,3,0,6404,0,0,0,0,0.0,0,71,719,648,40,False,0
Max Dowman,MID,Arsenal,0.2,0,0,0,0,0,0.0,0,20,0.00,0.00,0.00,0.00,29,0,0,0.0,0.0,2026-09-06T15:30:00Z,0,False,6,0,0,0,0,0,3,0,7381,0,0,1,2,0.0,0,-1389,608,1997,54,True,0
Vitor de Oliveira Nunes dos Reis,DEF,Man City,0.2,0,0,0,0,0,0.0,0,396,0.00,0.00,0.00,0.00,26,0,0,0.0,0.0,2026-09-05T14:00:00Z,0,False,7,0,0,0,0,0,3,0,2767,0,0,0,1,0.0,0,-130,132,262,45,True,0
Ainsley Maitland-Niles,DEF,Everton,7.0,0,0,13,0,0,0.8,0,649,0.00,0.03,0.03,0.29,30,1,1,4.1,33.4,2026-09-06T13:00:00Z,13,False,16,0,0,0,0,0,3,0,569,0,0,2,2,7.0,7,431,559,128,45,True,0
Shea Charles,MID,Fulham,1.8,0,0,18,0,3,35.2,11,580,0.09,0.09,0.00,1.97,24,3,0,5.6,12.4,2026-09-05T14:00:00Z,78,False,8,0,0,0,8,0,3,0,7900,1,0,3,2,8.0,2,-910,334,1244,50,True,0
Kostas Tsimikas,DEF,Liverpool,0.4,0,0,0,0,0,0.0,0,364,0.00,0.00,0.00,0.00,21,0,0,0.0,0.0,2026-09-04T19:00:00Z,0,False,12,0,0,0,0,0,3,0,7858,0,0,2,0,0.0,0,-600,487,1087,50,False,0
Zach Abbott,DEF,Nott'm Forest,0.0,0,0,0,0,0,0.0,0,477,0.00,0.00,0.00,0.00,28,0,0,0.0,0.0,2026-09-05T14:00:00Z,0,False,19,0,0,0,0,0,3,0,22912,0,0,0,0,0.0,0,-2802,1463,4265,40,True,0
Kevin Danso,DEF,Sunderland,0.6,0,0,9,0,7,10.9,8,501,0.08,0.08,0.00,1.21,22,1,0,3.2,20.8,2026-09-05T14:00:00Z,90,False,4,0,0,0,3,0,3,0,16199,1,1,1,1,0.0,2,-2005,1307,3312,50,False,0
Honest Ahanor,DEF,Crystal Palace,1.0,0,0,0,0,0,0.0,0,633,0.00,0.00,0.00,0.00,24,0,0,0.0,0.0,2026-09-05T14:00:00Z,0,False,10,0,0,0,0,0,3,0,296,0,0,3,2,0.0,0,185,217,32,45,False,0
Fábio Ferreira Vieira,MID,Arsenal,0.0,0,0,0,0,0,0.0,0,23,0.00,0.00,0.00,0.00,29,0,0,0.0,0.0,2026-09-06T15:30:00Z,0,False,6,0,0,0,0,0,3,0,972,0,0,1,2,0.0,0,-136,175,311,55,True,0
Victor Lindelöf,DEF,Aston Villa,1.6,0,0,28,1,4,24.9,4,37,0.08,0.08,0.00,0.57,25,0,0,4.9,22.4,2026-09-05T16:30:00Z,90,False,11,0,0,0,3,0,3,0,29725,1,0,0,0,2.0,6,216,3211,2995,45,False,0
Bart Verbruggen,GK,Brighton,4.6,0,0,17,0,0,3.0,0,109,0.20,0.20,0.00,2.49,23,1,0,3.2,29.2,2026-09-05T14:00:00Z,90,False,13,0,0,0,5,0,3,3,2293721,1,0,1,1,0.0,3,114050,270948,156898,45,True,0
Enzo Fernández,MID,Man City,1.2,0,0,17,1,1,18.9,3,155,0.12,0.25,0.13,1.00,26,0,0,4.7,10.2,2026-09-05T14:00:00Z,75,False,7,0,0,0,1,0,3,0,341334,1,1,0,1,18.0,3,-101968,30968,132936,69,True,0
Eberechi Eze,MID,Arsenal,0.8,0,0,0,0,0,0.0,0,14,0.00,0.00,0.00,0.00,29,0,0,0.0,0.0,2026-09-06T15:30:00Z,0,False,6,0,0,0,0,0,3,0,146059,0,0,1,2,0.0,0,-32301,8271,40572,64,True,0
Elliot Stroud,MID,Hull City,1.4,0,0,5,1,0,11.8,2,576,0.01,0.05,0.04,1.81,25,0,0,1.4,0.0,2026-09-05T16:30:00Z,62,False,2,0,0,0,2,0,3,0,8900,1,0,0,0,4.0,3,-916,770,1686,50,True,0
Pep Chavarría,DEF,Chelsea,1.0,0,0,2,0,1,2.0,2,583,0.00,0.00,0.00,0.14,29,0,0,0.8,2.4,2026-09-06T15:30:00Z,30,False,1,0,0,0,1,0,3,0,17402,0,1,1,2,4.0,1,-3413,664,4077,50,False,0
Kai Havertz,FWD,Arsenal,3.8,0,2,38,0,1,37.0,1,26,0.27,0.54,0.27,0.27,29,1,1,13.7,43.0,2026-09-06T15:30:00Z,77,False,6,0,0,0,0,0,3,0,686572,1,0,1,2,57.0,8,-68870,72519,141389,75,True,0
Chadi Riad Dnanou,DEF,Crystal Palace,0.0,0,0,0,0,0,0.0,0,206,0.00,0.00,0.00,0.00,24,0,0,0.0,0.0,2026-09-05T14:00:00Z,0,False,10,0,0,0,0,0,3,0,3064,0,0,3,2,0.0,0,-1423,193,1616,44,False,0
Robin Roefs,GK,Sunderland,2.2,0,0,11,0,1,0.0,0,529,0.00,0.00,0.00,1.21,22,1,0,1.3,12.6,2026-09-05T14:00:00Z,90,False,4,0,0,0,13,0,3,1,342137,1,0,1,1,0.0,2,-38987,10237,49224,50,False,0
Tatsuhiro Sakamoto,MID,Coventry City,0.2,0,0,0,0,0,0.0,0,185,0.00,0.00,0.00,0.00,26,0,0,0.0,0.0,2026-09-05T14:00:00Z,0,False,15,0,0,0,0,0,3,0,8559,0,0,0,1,0.0,0,-1339,404,1743,49,False,0
Hákon Rafn Valdimarsson,GK,Brentford,0.0,0,0,0,0,0,0.0,0,83,0.00,0.00,0.00,0.00,22,0,0,0.0,0.0,2026-09-05T14:00:00Z,0,False,20,0,0,0,0,0,3,0,11246,0,0,1,1,0.0,0,-432,975,1407,45,True,0
Jefferson Lerma Solís,MID,Crystal Palace,0.2,0,0,0,0,0,0.0,0,213,0.00,0.00,0.00,0.00,24,0,0,0.0,0.0,2026-09-05T14:00:00Z,0,False,10,0,0,0,0,0,3,0,9259,0,0,3,2,0.0,0,-1246,496,1742,49,False,0
Jack Clarke,MID,Ipswich Town,2.2,0,0,3,0,1,11.7,2,313,0.02,0.07,0.05,0.06,21,0,0,1.9,3.4,2026-09-04T19:00:00Z,24,False,14,0,0,0,1,0,3,0,24744,0,0,2,0,4.0,1,-4559,1167,5726,55,True,0
Djiamgone Jocelin Ta Bi,MID,Sunderland,0.0,0,0,0,0,0,0.0,0,550,0.00,0.00,0.00,0.00,22,0,0,0.0,0.0,2026-09-05T14:00:00Z,0,False,4,0,0,0,0,0,3,0,602,0,0,1,1,0.0,0,-21,80,101,50,False,0
Mikel Merino Zazón,MID,Arsenal,0.8,0,0,0,0,0,1.1,0,17,0.00,0.00,0.00,0.11,29,0,0,0.1,0.0,2026-09-06T15:30:00Z,13,False,6,0,0,0,0,0,3,0,51449,0,0,1,2,0.0,0,-10808,3061,13869,59,True,1
Mikey Moore,MID,Spurs,0.0,0,0,0,0,0,0.0,0,523,0.00,0.00,0.00,0.00,28,0,0,0.0,0.0,2026-09-05T14:00:00Z,0,False,18,0,0,0,0,0,3,0,13268,0,0,0,0,0.0,0,-5650,839,6489,50,False,0
Levi Samuels Colwill,DEF,Chelsea,0.6,0,0,0,0,0,0.0,0,149,0.00,0.00,0.00,0.00,29,0,0,0.0,0.0,2026-09-06T15:30:00Z,0,False,1,0,0,0,0,0,3,0,124492,0,0,1,2,0.0,0,-25878,7720,33598,50,False,0
William Saliba,DEF,Arsenal,0.0,0,0,0,0,0,0.0,0,6,0.00,0.00,0.00,0.00,29,0,0,0.0,0.0,2026-09-06T15:30:00Z,0,False,6,0,0,0,0,0,3,0,23846,0,0,1,2,0.0,0,-4380,1102,5482,60,True,0
Ayden Heaven,DEF,Man Utd,0.2,0,0,0,0,0,0.0,0,421,0.00,0.00,0.00,0.00,30,0,0,0.0,0.0,2026-09-06T13:00:00Z,0,False,9,0,0,0,0,0,3,0,34853,0,0,2,2,0.0,0,-7661,1300,8961,45,False,0
Brennan Johnson,MID,Everton,1.8,0,0,3,0,3,22.9,8,209,0.04,0.09,0.05,0.37,30,1,0,3.9,6.6,2026-09-06T13:00:00Z,65,False,16,0,0,0,4,0,3,0,13119,1,1,2,2,9.0,1,-2691,786,3477,59,True,1
Michele Di Gregorio,GK,Bournemouth,0.0,0,0,0,0,0,0.0,0,615,0.00,0.00,0.00,0.00,27,0,0,0.0,0.0,2026-09-05T11:30:00Z,0,False,17,0,0,0,0,0,3,0,2932,0,0,2,2,0.0,0,949,1404,455,45,False,0
Oliver Dovin,GK,Coventry City,0.0,0,0,0,0,0,0.0,0,171,0.00,0.00,0.00,0.00,26,0,0,0.0,0.0,2026-09-05T14:00:00Z,0,False,15,0,0,0,0,0,3,0,141466,0,0,0,1,0.0,0,-12005,6290,18295,40,False,0
Tim Iroegbunam,MID,Hull City,0.4,0,0,0,0,0,0.0,0,240,0.00,0.00,0.00,0.00,25,0,0,0.0,0.0,2026-09-05T16:30:00Z,0,False,2,0,0,0,0,0,3,0,1385,0,0,0,0,0.0,0,122,309,187,50,True,0
Jordan Henderson,MID,Chelsea,0.2,0,0,0,0,0,0.0,0,101,0.00,0.00,0.00,0.00,29,0,0,0.0,0.0,2026-09-06T15:30:00Z,0,False,1,0,0,0,0,0,3,0,3322,0,0,1,2,0.0,0,-557,209,766,50,False,0
Abdoul Ouattara,DEF,Ipswich Town,1.2,0,0,4,0,0,14.0,0,592,0.02,0.02,0.00,0.00,21,0,0,1.8,3.6,2026-09-04T19:00:00Z,12,False,14,0,0,0,2,0,3,0,100578,0,0,2,0,0.0,1,-2760,4401,7161,40,True,0
Pau Torres,DEF,Aston Villa,0.0,0,0,0,0,0,0.0,0,34,0.00,0.00,0.00,0.00,25,0,0,0.0,0.0,2026-09-05T16:30:00Z,0,False,11,0,0,0,0,0,3,0,46943,0,0,0,0,0.0,0,919,5255,4336,45,False,0
Rodrigo Bentancur,MID,Spurs,3.0,0,0,14,1,11,3.3,17,516,0.01,0.03,0.02,0.92,28,0,0,2.8,18.4,2026-09-05T14:00:00Z,90,False,18,0,0,0,5,0,3,0,17786,1,1,0,0,6.0,5,-1789,831,2620,55,False,0
Bruno Guimarães Rodriguez Moura,MID,Arsenal,1.8,0,0,0,0,0,0.0,0,452,0.00,0.00,0.00,0.00,29,0,0,0.0,0.0,2026-09-06T15:30:00Z,0,False,6,0,0,0,0,0,3,0,212586,0,0,1,2,0.0,0,-57236,5546,62782,68,True,0
Georginio Rutter,FWD,Brighton,1.2,0,0,0,0,0,0.0,0,125,0.00,0.00,0.00,0.00,23,0,0,0.0,0.0,2026-09-05T14:00:00Z,0,False,13,0,0,0,0,0,3,0,74079,0,0,1,1,0.0,0,-21930,4546,26476,55,True,0
Virgil van Dijk,DEF,Liverpool,3.4,0,0,32,1,4,1.8,7,356,0.02,0.02,0.00,0.75,21,0,0,2.5,23.2,2026-09-04T19:00:00Z,90,False,12,0,0,0,4,0,3,0,1837428,1,3,2,0,0.0,6,-205785,67650,273435,65,False,0
Carlos Baleba,MID,Man Utd,0.0,0,0,0,0,0,0.0,0,131,0.00,0.00,0.00,0.00,30,0,0,0.0,0.0,2026-09-06T13:00:00Z,0,False,9,0,0,0,0,0,3,0,14956,0,0,2,2,0.0,0,-3278,1696,4974,50,False,0
Abdülkadir Ömür,MID,Hull City,0.0,0,0,0,0,0,0.0,0,292,0.00,0.00,0.00,0.00,25,0,0,0.0,0.0,2026-09-05T16:30:00Z,0,False,2,0,0,0,0,0,3,0,1697,0,0,0,0,0.0,0,-131,323,454,49,True,0
Mark Gillespie,GK,Newcastle,0.0,0,0,0,0,0,0.0,0,443,0.00,0.00,0.00,0.00,27,0,0,0.0,0.0,2026-09-05T11:30:00Z,0,False,3,0,0,0,0,0,3,0,3576,0,0,2,2,0.0,0,-143,239,382,45,True,0
Andrés García,DEF,Aston Villa,0.0,0,0,0,0,0,0.0,0,38,0.00,0.00,0.00,0.00,25,0,0,0.0,0.0,2026-09-05T16:30:00Z,0,False,11,0,0,0,0,0,3,0,187661,0,0,0,0,0.0,0,-506,16171,16677,40,False,0
Yoane Wissa,FWD,Newcastle,3.0,0,0,7,0,0,7.3,3,464,0.03,0.03,0.00,1.37,27,2,0,0.7,0.0,2026-09-05T11:30:00Z,90,False,3,0,0,0,3,0,3,0,1697200,1,0,2,2,0.0,1,1029731,1119139,89408,61,True,1
Jay Dasilva,DEF,Coventry City,1.0,0,0,10,0,5,14.9,7,176,0.08,0.08,0.00,2.12,26,1,0,3.7,21.8,2026-09-05T14:00:00Z,84,False,15,0,0,0,3,0,3,0,79293,1,2,0,1,0.0,2,-4522,2664,7186,40,False,0
James McAtee,MID,Nott'm Forest,2.0,0,0,22,1,0,59.5,7,486,0.22,0.35,0.13,1.06,28,0,0,8.4,14.2,2026-09-05T14:00:00Z,90,False,19,0,0,0,4,0,3,0,8416,1,3,0,0,10.0,2,1865,3393,1528,55,True,1
Emersonn Correia da Silva,FWD,Ipswich Town,5.2,0,0,8,0,1,0.0,3,316,0.00,0.22,0.22,0.62,21,2,0,1.1,3.2,2026-09-04T19:00:00Z,65,False,14,0,0,0,1,0,3,0,167319,1,1,2,0,8.0,2,-30504,20740,51244,55,True,0
Enis Destan,FWD,Hull City,0.0,0,0,0,0,0,0.0,0,298,0.00,0.00,0.00,0.00,25,0,0,0.0,0.0,2026-09-05T16:30:00Z,0,False,2,0,0,0,0,0,3,0,26020,0,0,0,0,0.0,0,-5574,0,5574,45,True,0
Dillon Phillips,GK,Hull City,0.0,0,0,0,0,0,0.0,0,273,0.00,0.00,0.00,0.00,25,0,0,0.0,0.0,2026-09-05T16:30:00Z,0,False,2,0,0,0,0,0,3,0,154754,0,0,0,0,0.0,0,-1922,9318,11240,40,True,0
Abu Kamara,MID,Hull City,0.0,0,0,0,0,0,0.0,0,293,0.00,0.00,0.00,0.00,25,0,0,0.0,0.0,2026-09-05T16:30:00Z,0,False,2,0,0,0,0,0,3,0,258,0,0,0,0,0.0,0,-96,0,96,50,True,0
Boubacar Kamara,MID,Aston Villa,3.0,0,0,20,1,3,26.2,10,47,0.07,0.07,0.00,0.57,25,0,0,4.0,13.6,2026-09-05T16:30:00Z,90,False,11,0,0,0,6,0,3,0,35132,1,1,0,0,0.0,3,-720,5061,5781,50,False,0
Darko Gyabi,MID,Hull City,0.0,0,0,0,0,0,0.0,0,297,0.00,0.00,0.00,0.00,25,0,0,0.0,0.0,2026-09-05T16:30:00Z,0,False,2,0,0,0,0,0,3,0,2158,0,0,0,0,0.0,0,-302,141,443,45,True,0
Leo Shahar,DEF,Newcastle,0.0,0,0,0,0,0,0.0,0,609,0.00,0.00,0.00,0.00,27,0,0,0.0,0.0,2026-09-05T11:30:00Z,0,False,3,0,0,0,0,0,3,0,31239,0,0,2,2,0.0,0,7555,10871,3316,40,True,0
Kepa Arrizabalaga Revuelta,GK,Arsenal,0.0,0,0,0,0,0,0.0,0,2,0.00,0.00,0.00,0.00,29,0,0,0.0,0.0,2026-09-06T15:30:00Z,0,False,6,0,0,0,0,0,3,0,8025,0,0,1,2,0.0,0,-615,599,1214,50,True,0
Alisson Becker,GK,Liverpool,3.8,0,1,35,1,2,0.0,0,350,0.00,0.00,0.00,0.75,21,0,0,3.0,30.4,2026-09-04T19:00:00Z,90,False,12,0,0,0,14,0,3,5,402518,1,0,2,0,0.0,8,-15469,42521,57990,55,False,0
Mathys Tel,MID,Spurs,1.6,0,0,11,1,0,20.2,2,514,0.05,0.05,0.00,0.76,28,0,0,4.7,6.8,2026-09-05T14:00:00Z,73,False,18,0,0,0,2,0,3,0,30912,1,0,0,0,20.0,3,-17708,2049,19757,59,False,0
Leo Fuhr Hjelde,DEF,Sunderland,0.0,0,0,0,0,0,0.0,0,538,0.00,0.00,0.00,0.00,22,0,0,0.0,0.0,2026-09-05T14:00:00Z,0,False,4,0,0,0,0,0,3,0,4484,0,0,1,1,0.0,0,-680,0,680,40,False,0
Chiedozie Ogbene,MID,Ipswich Town,0.0,0,0,0,0,0,0.0,0,314,0.00,0.00,0.00,0.00,21,0,0,0.0,0.0,2026-09-04T19:00:00Z,0,False,14,0,0,0,0,0,3,0,1159,0,0,2,0,0.0,0,-351,67,418,49,True,0
Mathias Jensen,MID,Brentford,0.0,0,0,0,0,0,0.0,0,97,0.00,0.00,0.00,0.00,22,0,0,0.0,0.0,2026-09-05T14:00:00Z,0,False,20,0,0,0,0,0,3,0,16413,0,0,1,1,0.0,0,-6340,569,6909,55,True,0
Jeremy Jacquet,DEF,Liverpool,3.6,0,0,28,1,6,12.5,9,362,0.03,0.03,0.00,0.75,21,0,0,3.7,22.8,2026-09-04T19:00:00Z,90,False,12,0,0,0,3,0,3,0,277052,1,3,2,0,2.0,5,16306,56823,40517,50,False,1
Dominic Calvert-Lewin,FWD,Leeds,4.0,0,0,0,0,1,11.3,3,346,0.06,0.62,0.56,0.87,23,1,0,3.7,4.4,2026-09-05T14:00:00Z,72,False,5,0,0,0,2,0,3,0,2612462,1,0,1,1,21.0,1,-144642,198586,343228,60,False,1
Nick Pope,GK,Newcastle,0.0,0,0,0,0,0,0.0,0,442,0.00,0.00,0.00,0.00,27,0,0,0.0,0.0,2026-09-05T11:30:00Z,0,False,3,0,0,0,0,0,3,0,115196,0,0,2,2,0.0,0,-14257,4952,19209,50,True,0
Frank Onyeka,MID,Coventry City,1.2,0,0,5,0,0,0.4,3,104,0.00,0.00,0.00,1.17,26,1,0,0.1,0.4,2026-09-05T14:00:00Z,62,False,15,0,0,0,2,0,3,0,12452,1,1,0,1,0.0,2,-3826,379,4205,50,False,0
Marc Guéhi,DEF,Man City,5.2,0,2,31,1,9,9.6,9,388,0.02,0.02,0.00,1.37,26,0,0,4.0,28.8,2026-09-05T14:00:00Z,90,False,7,0,0,0,6,0,3,0,1945720,1,0,0,1,2.0,8,-59173,122887,182060,60,True,0
Christos Tzolis,MID,Arsenal,3.2,1,1,31,0,2,50.0,8,557,0.20,0.20,0.00,0.39,29,1,0,8.5,30.6,2026-09-06T15:30:00Z,90,False,6,0,0,0,5,0,3,0,1889271,1,1,1,2,4.0,5,-601940,91384,693324,65,True,1
George Hemmings,MID,Aston Villa,1.8,0,0,12,1,2,13.5,7,51,0.14,0.21,0.07,0.22,25,0,0,4.5,10.8,2026-09-05T16:30:00Z,74,False,11,0,0,0,4,0,3,0,110782,1,1,0,0,21.0,3,21970,36405,14435,45,False,0
Erling Haaland,FWD,Man City,6.6,0,3,40,1,5,13.6,7,411,0.48,1.54,1.06,1.37,26,0,1,12.5,48.8,2026-09-05T14:00:00Z,90,False,7,0,0,0,2,0,3,0,7594638,1,0,0,1,63.0,9,360063,400573,40510,155,True,0
Riccardo Calafiori,DEF,Arsenal,5.8,0,0,0,0,0,3.2,1,8,0.03,0.42,0.39,0.26,29,1,0,3.4,4.4,2026-09-06T15:30:00Z,66,False,6,0,0,0,1,0,3,0,4639050,1,1,1,2,26.0,2,396923,515479,118556,57,True,0
Juanlu Sánchez,DEF,Bournemouth,0.0,0,0,0,0,0,0.0,0,573,0.00,0.00,0.00,0.00,27,0,0,0.0,0.0,2026-09-05T11:30:00Z,0,False,17,0,0,0,0,0,3,0,19900,0,0,2,2,0.0,0,-1920,369,2289,45,False,0
Tom King,GK,Everton,0.0,0,0,0,0,0,0.0,0,228,0.00,0.00,0.00,0.00,30,0,0,0.0,0.0,2026-09-06T13:00:00Z,0,False,16,0,0,0,0,0,3,0,4408,0,0,2,2,0.0,0,-211,303,514,45,True,0
Dean Henderson,GK,Crystal Palace,0.0,0,0,19,0,1,0.0,0,198,0.00,0.00,0.00,3.14,24,2,0,3.8,38.4,2026-09-05T14:00:00Z,90,False,10,0,0,0,7,0,3,5,188350,1,0,3,2,0.0,2,-3328,15007,18335,50,False,0
Oli McBurnie,FWD,Hull City,2.8,0,0,2,1,1,11.3,3,295,0.05,0.43,0.38,1.93,25,0,0,2.9,2.6,2026-09-05T16:30:00Z,90,False,2,0,0,0,0,0,3,0,211366,1,2,0,0,15.0,2,-9368,40632,50000,55,True,0
Amad Diallo,MID,Man Utd,0.0,0,0,0,0,0,0.0,0,431,0.00,0.00,0.00,0.00,30,0,0,0.0,0.0,2026-09-06T13:00:00Z,0,False,9,0,0,0,0,0,3,0,50069,0,0,2,2,0.0,0,-42560,243,42803,58,False,0
Oscar Mingueza,DEF,Crystal Palace,0.4,0,0,4,0,0,0.3,1,207,0.00,0.00,0.00,0.13,24,0,0,0.1,1.0,2026-09-05T14:00:00Z,1,False,10,0,0,0,1,0,3,0,7148,0,1,3,2,0.0,1,-541,770,1311,44,False,0
Charalampos Kostoulas,FWD,Brighton,5.6,0,0,9,0,3,5.3,8,138,0.02,0.45,0.43,2.49,23,1,0,3.9,9.6,2026-09-05T14:00:00Z,90,False,13,0,0,0,4,0,3,0,52785,1,1,1,1,24.0,2,23615,29733,6118,55,True,0
Filip Jörgensen,GK,Chelsea,0.0,0,0,0,0,0,0.0,0,141,0.00,0.00,0.00,0.00,29,0,0,0.0,0.0,2026-09-06T15:30:00Z,0,False,1,0,0,0,0,0,3,0,1022,0,0,1,2,0.0,0,-270,0,270,50,False,0
Kaye Furo,FWD,Brentford,0.0,0,0,0,0,0,0.0,0,107,0.00,0.00,0.00,0.00,22,0,0,0.0,0.0,2026-09-05T14:00:00Z,0,False,20,0,0,0,0,0,3,0,116698,0,0,1,1,0.0,0,13495,27280,13785,45,True,0
Matheus Santos Carneiro da Cunha,MID,Man Utd,3.2,0,0,10,1,0,6.2,3,428,0.05,0.17,0.12,0.65,30,0,0,1.9,2.8,2026-09-06T13:00:00Z,69,False,9,0,0,0,1,0,3,0,802045,1,2,2,2,10.0,3,-134183,23584,157767,80,False,0
Carl Rushworth,GK,Coventry City,1.0,0,0,13,0,1,0.0,0,110,0.00,0.00,0.00,2.12,26,1,0,1.9,18.8,2026-09-05T14:00:00Z,90,False,15,0,0,0,9,0,3,2,95482,1,0,0,1,0.0,2,-16015,2938,18953,45,False,0
Gabriel dos Santos Magalhães,DEF,Arsenal,5.0,0,0,10,0,7,2.4,7,4,0.02,0.33,0.31,0.39,29,1,0,10.2,23.6,2026-09-06T15:30:00Z,90,False,6,0,0,0,4,0,3,0,2590027,1,0,1,2,76.0,2,-298759,46883,345642,80,True,0
Hugo Ekitiké,FWD,Liverpool,0.0,0,0,0,0,0,0.0,0,380,0.00,0.00,0.00,0.00,21,0,0,0.0,0.0,2026-09-04T19:00:00Z,0,False,12,0,0,0,0,0,3,0,12739,0,0,2,0,0.0,0,-2736,696,3432,75,False,0
Chris Richards,DEF,Crystal Palace,1.2,0,0,8,0,8,0.5,9,202,0.00,0.04,0.04,3.14,24,2,0,3.6,28.8,2026-09-05T14:00:00Z,90,False,10,0,0,0,4,0,3,0,68124,1,1,3,2,7.0,1,-5426,5745,11171,50,False,0
Brian Madjo,FWD,Aston Villa,0.0,0,0,0,0,0,0.0,0,582,0.00,0.00,0.00,0.00,25,0,0,0.0,0.0,2026-09-05T16:30:00Z,0,False,11,0,0,0,0,0,3,0,31743,0,0,0,0,0.0,0,-8463,894,9357,55,False,0
Curtis Jones,MID,Liverpool,0.0,0,0,0,0,0,0.0,0,373,0.00,0.00,0.00,0.00,21,0,0,0.0,0.0,2026-09-04T19:00:00Z,0,False,12,0,0,0,0,0,3,0,2874,0,0,2,0,0.0,0,-929,1,930,55,False,0
Aladji Bamba,MID,Newcastle,0.6,0,0,0,0,0,0.0,0,559,0.00,0.00,0.00,0.00,27,0,0,0.0,0.0,2026-09-05T11:30:00Z,0,False,3,0,0,0,0,0,3,0,11930,0,0,2,2,0.0,0,-1788,834,2622,50,True,0
Abdul Fatawu,MID,Ipswich Town,1.6,0,0,14,0,2,32.9,6,315,0.15,0.18,0.03,0.69,21,2,0,4.7,10.2,2026-09-04T19:00:00Z,78,False,14,0,0,0,2,0,3,0,21660,1,2,2,0,4.0,2,-849,2126,2975,55,True,0
Leny Yoro,DEF,Man Utd,0.4,0,0,1,0,1,0.6,3,420,0.01,0.01,0.00,0.09,30,1,0,0.9,6.0,2026-09-06T13:00:00Z,6,False,9,0,0,0,0,0,3,0,56599,0,2,2,2,2.0,1,-9461,1735,11196,49,False,0
Jorrel Hato,DEF,Chelsea,1.6,1,0,5,0,4,11.2,6,148,0.02,0.02,0.00,1.91,29,2,0,4.8,34.8,2026-09-06T15:30:00Z,59,False,1,0,0,0,2,0,3,0,65104,1,2,1,2,2.0,3,12089,22516,10427,45,False,0
Sander Berge,MID,Fulham,1.6,0,0,9,0,0,2.9,2,265,0.10,0.10,0.00,0.84,24,1,0,0.6,3.2,2026-09-05T14:00:00Z,29,False,8,0,0,0,2,0,3,0,36133,0,0,3,2,0.0,1,-3309,1875,5184,50,True,0
Timothy Castagne,DEF,Fulham,3.8,0,0,-1,0,5,24.1,7,258,0.19,0.77,0.58,1.97,24,3,0,7.5,20.6,2026-09-05T14:00:00Z,90,False,8,0,0,0,5,0,3,0,105919,1,2,3,2,30.0,1,33375,44214,10839,45,True,0
Cody Gakpo,MID,Liverpool,5.8,2,2,43,1,2,42.7,10,367,0.40,0.46,0.06,0.75,21,0,0,10.5,49.6,2026-09-04T19:00:00Z,90,False,12,0,0,0,5,0,3,0,933667,1,3,2,0,13.0,11,103812,234993,131181,71,False,0
Jaidon Anthony,MID,Brentford,3.0,0,0,3,0,0,2.2,4,105,0.01,0.06,0.05,1.36,22,1,0,0.4,0.0,2026-09-05T14:00:00Z,45,False,20,0,0,0,4,0,3,0,16152,0,0,1,1,3.0,1,-1707,1644,3351,60,True,0
Julián Araujo Zúñiga,DEF,Bournemouth,0.0,0,0,0,0,0,0.0,0,65,0.00,0.00,0.00,0.00,27,0,0,0.0,0.0,2026-09-05T11:30:00Z,0,False,17,0,0,0,0,0,3,0,1391,0,0,2,2,0.0,0,-270,96,366,45,False,0
Dara O'Shea,DEF,Ipswich Town,2.0,0,0,5,0,8,4.4,11,304,0.01,0.01,0.00,0.69,21,2,0,3.2,23.8,2026-09-04T19:00:00Z,90,False,14,0,0,0,3,0,3,0,330000,1,3,2,0,4.0,3,-15021,22172,37193,40,True,0
Norberto Bercique Gomes Betuncal,FWD,Everton,0.0,0,0,0,0,0,0.0,0,248,0.00,0.00,0.00,0.00,30,0,0,0.0,0.0,2026-09-06T13:00:00Z,0,False,16,0,0,0,0,0,3,0,153951,0,0,2,2,0.0,0,-73618,8513,82131,54,True,0
Alex Palmer,GK,Ipswich Town,0.0,0,0,0,0,0,0.0,0,301,0.00,0.00,0.00,0.00,21,0,0,0.0,0.0,2026-09-04T19:00:00Z,0,False,14,0,0,0,0,0,3,0,452044,0,0,2,0,0.0,0,-1187,29680,30867,40,True,0
Jacob Ramsey,MID,Newcastle,0.0,0,0,22,0,0,0.8,4,456,0.02,0.13,0.11,0.04,27,0,1,5.0,32.4,2026-09-05T11:30:00Z,27,False,3,0,0,0,4,0,3,0,30127,0,0,2,2,17.0,6,-4753,1799,6552,50,True,0
Alex Tóth,MID,Bournemouth,0.2,0,0,0,0,0,0.0,0,76,0.00,0.00,0.00,0.00,27,0,0,0.0,0.0,2026-09-05T11:30:00Z,0,False,17,0,0,0,0,0,3,0,1563,0,0,2,2,0.0,0,-108,123,231,50,False,0
Arnaud Kalimuendo,FWD,Nott'm Forest,0.2,0,0,0,0,0,0.0,0,493,0.00,0.00,0.00,0.00,28,0,0,0.0,0.0,2026-09-05T14:00:00Z,0,False,19,0,0,0,0,0,3,0,5117,0,0,0,0,0.0,0,-411,838,1249,54,True,0
Anthony Patterson,GK,Sunderland,0.0,0,0,0,0,0,0.0,0,530,0.00,0.00,0.00,0.00,22,0,0,0.0,0.0,2026-09-05T14:00:00Z,0,False,4,0,0,0,0,0,3,0,14484,0,0,1,1,0.0,0,-1616,0,1616,40,False,0
Gabriel Martinelli Silva,MID,Arsenal,0.0,0,0,0,0,0,0.0,0,18,0.00,0.00,0.00,0.00,29,0,0,0.0,0.0,2026-09-06T15:30:00Z,0,False,6,0,0,0,0,0,3,0,15232,0,0,1,2,0.0,0,-5441,1165,6606,63,True,0
Matty Jacob,DEF,Hull City,0.0,0,0,0,0,0,0.0,0,283,0.00,0.00,0.00,0.00,25,0,0,0.0,0.0,2026-09-05T16:30:00Z,0,False,2,0,0,0,0,0,3,0,1068,0,0,0,0,0.0,0,-153,57,210,40,True,0
Dan Burn,DEF,Newcastle,0.0,0,0,0,0,0,0.0,0,448,0.00,0.00,0.00,0.00,27,0,0,0.0,0.0,2026-09-05T11:30:00Z,0,False,3,0,0,0,0,0,3,0,114109,0,0,2,2,0.0,0,-46419,549,46968,49,True,0
Luc De Fougerolles,DEF,Fulham,0.0,0,0,0,0,0,0.0,0,610,0.00,0.00,0.00,0.00,24,0,0,0.0,0.0,2026-09-05T14:00:00Z,0,False,8,0,0,0,0,0,3,0,11771,0,0,3,2,0.0,0,382,2221,1839,40,True,0
Nobel Mendy,DEF,Hull City,0.0,0,0,22,1,7,0.6,10,586,0.00,0.03,0.03,1.81,25,0,0,3.1,16.2,2026-09-05T16:30:00Z,70,False,2,0,0,0,2,0,3,0,619201,1,3,0,0,14.0,8,98035,166798,68763,40,True,0
Geovany Quenda,MID,Chelsea,0.4,0,0,0,0,0,0.0,0,164,0.00,0.00,0.00,0.00,29,0,0,0.0,0.0,2026-09-06T15:30:00Z,0,False,1,0,0,0,0,0,3,0,3704,0,0,1,2,0.0,0,-904,292,1196,54,False,0
Wilson Odobert,MID,Spurs,0.0,0,0,0,0,0,0.0,0,517,0.00,0.00,0.00,0.00,28,0,0,0.0,0.0,2026-09-05T14:00:00Z,0,False,18,0,0,0,0,0,3,0,117,0,0,0,0,0.0,0,-11,27,38,55,False,0
Manuel Ugarte Ribeiro,MID,Man Utd,0.0,0,0,0,0,0,0.0,0,433,0.00,0.00,0.00,0.00,30,0,0,0.0,0.0,2026-09-06T13:00:00Z,0,False,9,0,0,0,0,0,3,0,371,0,0,2,2,0.0,0,-37,32,69,50,False,0
Jack Taylor,MID,Ipswich Town,0.0,0,0,0,0,0,0.0,0,312,0.00,0.00,0.00,0.00,21,0,0,0.0,0.0,2026-09-04T19:00:00Z,0,False,14,0,0,0,0,0,3,0,3500,0,0,2,0,0.0,0,-505,190,695,45,True,0
Aaron Wan-Bissaka,DEF,Aston Villa,1.5,0,0,3,0,1,0.9,1,611,0.00,0.00,0.00,0.35,25,0,0,0.4,2.8,2026-09-05T16:30:00Z,5,False,11,0,0,0,0,0,3,0,15829,0,0,0,0,0.0,1,5012,6633,1621,45,False,0
João Pedro Loureiro da Costa,DEF,Brighton,0.8,0,0,7,0,1,14.5,1,119,0.16,0.16,0.00,0.10,23,0,0,2.0,5.8,2026-09-05T14:00:00Z,12,False,13,0,0,0,0,0,3,0,3762,0,0,1,1,0.0,1,-72,400,472,45,True,0
Ryan Giles,DEF,Hull City,4.8,0,2,30,1,3,26.4,4,282,0.04,0.04,0.00,1.93,25,0,0,4.1,14.8,2026-09-05T16:30:00Z,90,False,2,0,0,0,5,0,3,0,123114,1,1,0,0,0.0,8,18469,26812,8343,40,True,0
Luca Netz,DEF,Nott'm Forest,0.4,0,0,0,0,0,0.0,0,478,0.00,0.00,0.00,0.00,28,0,0,0.0,0.0,2026-09-05T14:00:00Z,0,False,19,0,0,0,0,0,3,0,3401,0,0,0,0,0.0,0,-304,168,472,45,True,0
Leon Bailey,MID,Aston Villa,0.0,0,0,0,0,0,0.0,0,44,0.00,0.00,0.00,0.00,25,0,0,0.0,0.0,2026-09-05T16:30:00Z,0,False,11,0,0,0,0,0,3,0,12237,0,0,0,0,0.0,0,-2630,1094,3724,54,False,0
Alexander Isak,FWD,Liverpool,5.0,0,3,61,1,1,6.4,3,379,0.05,0.26,0.21,0.58,21,0,2,10.7,67.0,2026-09-04T19:00:00Z,63,False,12,0,0,0,2,0,3,0,1811350,1,0,2,0,34.0,13,-25262,181587,206849,90,False,0
Norman Bassette,FWD,Coventry City,0.0,0,0,0,0,0,0.0,0,197,0.00,0.00,0.00,0.00,26,0,0,0.0,0.0,2026-09-05T14:00:00Z,0,False,15,0,0,0,0,0,3,0,3200,0,0,0,1,0.0,0,-548,0,548,45,False,0
Harry Amass,DEF,Man Utd,0.0,0,0,0,0,0,0.0,0,424,0.00,0.00,0.00,0.00,30,0,0,0.0,0.0,2026-09-06T13:00:00Z,0,False,9,0,0,0,0,0,3,0,21308,0,0,2,2,0.0,0,-414,1942,2356,40,False,0
Ola Aina,DEF,Nott'm Forest,1.6,0,0,8,0,2,0.5,7,473,0.00,0.00,0.00,0.81,28,0,0,1.4,13.0,2026-09-05T14:00:00Z,58,False,19,0,0,0,4,0,3,0,313105,1,5,0,0,0.0,1,-30402,20608,51010,45,True,0
Brenden Aaronson,MID,Leeds,1.2,0,0,5,0,0,1.0,0,337,0.00,0.00,0.00,1.95,23,1,0,0.1,0.0,2026-09-05T14:00:00Z,28,False,5,0,0,0,0,0,3,0,70876,0,0,1,1,0.0,1,-14068,2026,16094,55,False,0
Paddy McNair,DEF,Hull City,0.2,0,0,0,0,0,0.0,0,285,0.00,0.00,0.00,0.00,25,0,0,0.0,0.0,2026-09-05T16:30:00Z,0,False,2,0,0,0,0,0,3,0,13231,0,0,0,0,0.0,0,-491,1008,1499,40,True,0
Álvaro Rodríguez,FWD,Bournemouth,0.4,0,0,0,0,0,0.0,0,81,0.00,0.00,0.00,0.00,27,0,0,0.0,0.0,2026-09-05T11:30:00Z,0,False,17,0,0,0,0,0,3,0,12281,0,0,2,2,0.0,0,-398,1521,1919,60,False,0
Liam Delap,FWD,Nott'm Forest,1.6,0,0,6,1,2,20.8,5,167,0.06,0.12,0.06,0.89,28,0,0,2.8,2.4,2026-09-05T14:00:00Z,73,False,19,0,0,0,3,0,3,0,83350,1,0,0,0,5.0,2,24969,36946,11977,55,True,0
Bruno Borges Fernandes,MID,Man Utd,5.8,0,0,11,0,0,33.6,2,426,0.06,0.21,0.15,1.01,30,2,0,5.1,3.4,2026-09-06T13:00:00Z,90,False,9,0,0,0,2,0,3,0,5025755,1,0,2,2,14.0,2,36750,371832,335082,120,False,0
Jannik Schuster,DEF,Brentford,4.2,0,0,11,0,10,0.2,10,93,0.01,0.11,0.10,1.61,22,1,0,2.1,17.2,2026-09-05T14:00:00Z,73,False,20,0,0,0,0,0,3,0,15267,0,0,1,1,4.0,4,-1306,166,1472,45,True,0
Shea Lacey,MID,Man Utd,0.2,0,0,0,0,0,0.0,0,435,0.00,0.00,0.00,0.00,30,0,0,0.0,0.0,2026-09-06T13:00:00Z,0,False,9,0,0,0,0,0,3,0,5286,0,0,2,2,0.0,0,-740,298,1038,50,False,0
Daniel Jebbison,FWD,Bournemouth,0.4,0,0,4,0,0,0.0,0,608,0.00,0.00,0.00,0.05,27,0,0,0.0,0.0,2026-09-05T11:30:00Z,1,False,17,0,0,0,0,0,3,0,9237,0,0,2,2,0.0,1,2512,4510,1998,50,False,0
Sorba Thomas,MID,Hull City,1.3,0,0,5,0,0,10.8,1,642,0.04,0.04,0.00,0.12,25,0,0,1.4,3.2,2026-09-05T16:30:00Z,27,False,2,0,0,0,1,0,3,0,569,0,0,0,0,0.0,1,388,446,58,55,True,0
Viktor Gyökeres,FWD,Arsenal,0.4,0,0,2,0,0,0.1,1,25,0.00,0.00,0.00,0.11,29,0,0,0.0,0.0,2026-09-06T15:30:00Z,12,False,6,0,0,0,1,0,3,0,466852,0,0,1,2,0.0,1,-192830,8161,200991,73,True,0
Lukás Hornícek,GK,Newcastle,2.8,0,0,12,0,0,0.0,0,567,0.00,0.00,0.00,1.37,27,2,0,3.3,33.4,2026-09-05T11:30:00Z,90,False,3,0,0,0,6,0,3,4,125893,1,0,2,2,0.0,2,39154,58261,19107,50,True,0
Elliot Anderson,MID,Man City,2.6,0,0,23,1,4,28.1,11,481,0.17,0.19,0.02,1.37,26,0,0,6.0,26.6,2026-09-05T14:00:00Z,90,False,7,0,0,0,6,0,3,0,514714,1,1,0,1,5.0,3,-91799,41120,132919,64,True,0
Lamare Bogarde,MID,Aston Villa,0.2,0,0,0,0,0,0.0,0,35,0.00,0.00,0.00,0.00,25,0,0,0.0,0.0,2026-09-05T16:30:00Z,0,False,11,0,0,0,0,0,3,0,7284,0,0,0,0,0.0,0,-311,945,1256,50,False,0
Jack Butland,GK,Hull City,0.0,0,0,0,0,0,0.0,0,274,0.00,0.00,0.00,0.00,25,0,0,0.0,0.0,2026-09-05T16:30:00Z,0,False,2,0,0,0,0,0,3,0,8463,0,0,0,0,0.0,0,-1301,166,1467,45,True,0
Omari Hutchinson,MID,Nott'm Forest,0.0,0,0,0,0,0,0.0,0,484,0.00,0.00,0.00,0.00,28,0,0,0.0,0.0,2026-09-05T14:00:00Z,0,False,19,0,0,0,0,0,3,0,11458,0,0,0,0,0.0,0,-4400,213,4613,54,True,0
Michael Kayode,DEF,Brentford,4.6,0,0,2,0,5,0.3,5,88,0.00,0.03,0.03,0.35,22,0,0,1.0,7.6,2026-09-05T14:00:00Z,45,False,20,0,0,0,2,0,3,0,1044649,1,0,1,1,2.0,1,121903,201513,79610,46,True,0
Valentín Barco,MID,Chelsea,0.6,0,0,0,0,0,0.0,0,568,0.00,0.00,0.00,0.00,29,0,0,0.0,0.0,2026-09-06T15:30:00Z,0,False,1,0,0,0,0,0,3,0,13655,0,0,1,2,0.0,0,-1018,1055,2073,55,False,0
Jack Harrison,MID,Leeds,0.0,0,0,0,0,0,0.0,0,342,0.00,0.00,0.00,0.00,23,0,0,0.0,0.0,2026-09-05T14:00:00Z,0,False,5,0,0,0,0,0,3,0,81,0,0,1,1,0.0,0,-17,0,17,50,False,0
Allan Andrade Elias,MID,Man City,0.0,0,0,0,0,0,0.0,0,628,0.00,0.00,0.00,0.00,26,0,0,0.0,0.0,2026-09-05T14:00:00Z,0,False,7,0,0,0,0,0,3,0,365,0,0,0,1,0.0,0,213,300,87,60,True,0
Jayden Danns,FWD,Liverpool,0.0,0,0,0,0,0,0.0,0,382,0.00,0.00,0.00,0.00,21,0,0,0.0,0.0,2026-09-04T19:00:00Z,0,False,12,0,0,0,0,0,3,0,7591,0,0,2,0,0.0,0,1969,2915,946,45,False,0
Cristhian Mosquera,DEF,Arsenal,2.4,0,0,0,0,0,0.0,0,11,0.00,0.00,0.00,0.00,29,0,0,0.0,0.0,2026-09-06T15:30:00Z,0,False,6,0,0,0,0,0,3,0,438589,0,0,1,2,0.0,0,-114822,13546,128368,55,True,0
Mamadou Sangaré,MID,Brentford,4.4,0,0,0,0,1,1.3,5,565,0.01,0.16,0.15,0.35,22,0,0,0.6,0.0,2026-09-05T14:00:00Z,45,False,20,0,0,0,3,0,3,0,1631469,1,1,1,1,8.0,0,509396,639468,130072,57,True,1
Ashley Phillips,DEF,Spurs,0.0,0,0,0,0,0,0.0,0,507,0.00,0.00,0.00,0.00,28,0,0,0.0,0.0,2026-09-05T14:00:00Z,0,False,18,0,0,0,0,0,3,0,1605,0,0,0,0,0.0,0,-312,0,312,45,False,0
Yasin Ayari,MID,Brighton,3.0,0,0,18,0,1,14.8,3,129,0.04,0.21,0.17,2.49,23,1,0,4.4,11.4,2026-09-05T14:00:00Z,90,False,13,0,0,0,2,0,3,0,42114,1,0,1,1,18.0,2,-19892,1443,21335,54,True,0
Daniel Ballard,DEF,Sunderland,2.4,0,0,12,0,8,10.3,10,532,0.14,0.20,0.06,1.21,22,1,0,4.3,25.0,2026-09-05T14:00:00Z,90,False,4,0,0,0,5,0,3,0,398900,1,2,1,1,8.0,4,-79167,15628,94795,50,False,0
Emmanuel Emegha,FWD,Chelsea,0.0,0,0,0,0,0,0.0,0,170,0.00,0.00,0.00,0.00,29,0,0,0.0,0.0,2026-09-06T15:30:00Z,0,False,1,0,0,0,0,0,3,0,15735,0,0,1,2,0.0,0,-539,2709,3248,50,False,0
Ibrahim Mbaye,MID,Aston Villa,0.7,0,0,0,0,0,0.0,0,631,0.00,0.00,0.00,0.00,25,0,0,0.0,0.0,2026-09-05T16:30:00Z,0,False,11,0,0,0,0,0,3,0,4421,0,0,0,0,0.0,0,3426,4056,630,60,False,0
Mykhailo Mudryk,MID,Spurs,0.0,0,0,3,0,0,0.1,0,578,0.00,0.00,0.00,0.16,28,0,0,0.1,0.0,2026-09-05T14:00:00Z,16,False,18,0,0,0,0,0,3,0,7171,0,0,0,0,2.0,1,1892,3534,1642,54,False,0
Ayyoub Bouaddi,MID,Man City,0.5,0,0,5,0,2,0.5,5,616,0.00,0.00,0.00,0.37,26,0,0,1.2,11.2,2026-09-05T14:00:00Z,14,False,7,0,0,0,3,0,3,0,15546,0,0,0,1,0.0,1,6041,9299,3258,55,True,0
Joe Gomez,DEF,Liverpool,0.0,0,0,0,0,0,0.0,0,359,0.00,0.00,0.00,0.00,21,0,0,0.0,0.0,2026-09-04T19:00:00Z,0,False,12,0,0,0,0,0,3,0,1465,0,0,2,0,0.0,0,-255,70,325,50,False,0
David Brooks,MID,Bournemouth,0.4,0,0,2,0,0,0.0,0,74,0.00,0.00,0.00,0.23,27,1,0,0.0,0.0,2026-09-05T11:30:00Z,14,False,17,0,0,0,0,0,3,0,5938,0,0,2,2,0.0,1,292,1296,1004,50,False,0
Will Dennis,GK,Bournemouth,0.0,0,0,0,0,0,0.0,0,59,0.00,0.00,0.00,0.00,27,0,0,0.0,0.0,2026-09-05T11:30:00Z,0,False,17,0,0,0,0,0,3,0,15695,0,0,2,2,0.0,0,-2784,0,2784,40,False,0
Jack Rudoni,MID,Coventry City,1.6,0,0,9,0,2,28.5,5,183,0.09,0.38,0.29,1.17,26,1,0,7.6,14.4,2026-09-05T14:00:00Z,62,False,15,0,0,0,2,0,3,0,12234,1,1,0,1,33.0,2,-1863,706,2569,50,False,0
James Rowswell,DEF,Spurs,0.0,0,0,0,0,0,0.0,0,510,0.00,0.00,0.00,0.00,28,0,0,0.0,0.0,2026-09-05T14:00:00Z,0,False,18,0,0,0,0,0,3,0,9320,0,0,0,0,0.0,0,-25,898,923,40,False,0
Mark Travers,GK,Everton,0.0,0,0,0,0,0,0.0,0,227,0.00,0.00,0.00,0.00,30,0,0,0.0,0.0,2026-09-06T13:00:00Z,0,False,16,0,0,0,0,0,3,0,3563,0,0,2,2,0.0,0,-276,282,558,50,True,0
Mitoma Kaoru,MID,Brighton,0.0,0,0,0,0,0,0.0,0,121,0.00,0.00,0.00,0.00,23,0,0,0.0,0.0,2026-09-05T14:00:00Z,0,False,13,0,0,0,0,0,3,0,3542,0,0,1,1,0.0,0,-821,130,951,60,True,0
Matty Cash,DEF,Aston Villa,1.2,0,0,23,1,1,16.3,1,32,0.03,0.03,0.00,0.22,25,0,0,2.9,6.4,2026-09-05T16:30:00Z,84,False,11,0,0,0,1,0,3,0,731987,1,0,0,0,6.0,6,-35679,41628,77307,45,False,0
George Shepherd,MID,Coventry City,0.0,0,0,0,0,0,0.0,0,189,0.00,0.00,0.00,0.00,26,0,0,0.0,0.0,2026-09-05T14:00:00Z,0,False,15,0,0,0,0,0,3,0,27151,0,0,0,1,0.0,0,-2042,1697,3739,45,False,0
Rio Ngumoha,MID,Liverpool,0.8,0,0,0,0,0,0.0,0,369,0.00,0.00,0.00,0.00,21,0,0,0.0,0.0,2026-09-04T19:00:00Z,0,False,12,0,0,0,0,0,3,0,77015,0,0,2,0,0.0,0,-31936,3473,35409,59,False,0
Rio Cardines,DEF,Crystal Palace,0.0,0,0,0,0,0,0.0,0,220,0.00,0.00,0.00,0.00,24,0,0,0.0,0.0,2026-09-05T14:00:00Z,0,False,10,0,0,0,0,0,3,0,151,0,0,3,2,0.0,0,-39,0,39,45,False,0
Bryan Mbeumo,MID,Man Utd,4.6,0,1,29,0,4,13.7,8,427,0.03,0.08,0.05,1.01,30,2,1,7.2,39.8,2026-09-06T13:00:00Z,90,False,9,0,0,0,4,0,3,0,2705759,1,0,2,2,18.0,8,-752284,92628,844912,80,False,0
Diogo Dalot Teixeira,DEF,Man Utd,1.2,0,0,8,0,2,22.7,4,417,0.01,0.02,0.01,0.92,30,1,0,3.4,4.8,2026-09-06T13:00:00Z,83,False,9,0,0,0,3,0,3,0,219064,1,2,2,2,6.0,1,-29674,9011,38685,50,False,1
Rico Henry,DEF,Brentford,0.2,0,0,0,0,0,0.0,0,89,0.00,0.00,0.00,0.00,22,0,0,0.0,0.0,2026-09-05T14:00:00Z,0,False,20,0,0,0,0,0,3,0,22909,0,0,1,1,0.0,0,-1641,561,2202,45,True,0
Granit Xhaka,MID,Sunderland,3.8,0,0,12,0,4,20.5,15,544,0.12,0.18,0.06,1.21,22,1,0,3.9,15.2,2026-09-05T14:00:00Z,90,False,4,0,0,0,9,0,3,0,475519,1,2,1,1,3.0,3,-1951,45125,47076,55,False,1
Dilane Bakwa,MID,Nott'm Forest,0.0,0,0,0,0,0,0.0,0,485,0.00,0.00,0.00,0.00,28,0,0,0.0,0.0,2026-09-05T14:00:00Z,0,False,19,0,0,0,0,0,3,0,761,0,0,0,0,0.0,0,-532,0,532,55,True,0
Michael Keane,DEF,Everton,0.0,0,0,0,0,0,0.0,0,231,0.00,0.00,0.00,0.00,30,0,0,0.0,0.0,2026-09-06T13:00:00Z,0,False,16,0,0,0,0,0,3,0,105416,0,0,2,2,0.0,0,-30710,2294,33004,49,True,0
Brooke Norton-Cuffy,DEF,Hull City,0.3,0,0,3,0,1,0.3,1,638,0.00,0.00,0.00,0.12,25,0,0,0.5,2.2,2026-09-05T16:30:00Z,26,False,2,0,0,0,2,0,3,0,17629,0,0,0,0,2.0,1,5681,6454,773,40,True,0
Dário Luís Essugo,MID,Chelsea,0.0,0,0,0,0,0,0.0,0,163,0.00,0.00,0.00,0.00,29,0,0,0.0,0.0,2026-09-06T15:30:00Z,0,False,1,0,0,0,0,0,3,0,16417,0,0,1,2,0.0,0,-3147,1446,4593,45,False,0
Marcelino Núñez,MID,Ipswich Town,1.2,0,0,0,0,0,0.0,0,309,0.00,0.00,0.00,0.00,21,0,0,0.0,0.0,2026-09-04T19:00:00Z,0,False,14,0,0,0,0,0,3,0,13914,0,0,2,0,0.0,0,-879,1106,1985,50,True,0
Floyd Samba,MID,Man City,0.0,0,0,0,0,0,0.0,0,653,0.00,0.00,0.00,0.00,26,0,0,0.0,0.0,2026-09-05T14:00:00Z,0,False,7,0,0,0,0,0,3,0,0,0,0,0,1,0.0,0,0,0,0,45,True,0
Johan Manzambi,MID,Aston Villa,2.8,0,0,0,0,0,0.0,0,53,0.00,0.00,0.00,0.00,25,0,0,0.0,0.0,2026-09-05T16:30:00Z,0,False,11,0,0,0,0,0,3,0,14230,0,0,0,0,0.0,0,-4708,341,5049,59,False,0
John McGinn,MID,Aston Villa,3.4,0,0,6,1,1,5.6,5,45,0.03,0.71,0.68,0.57,25,0,0,1.1,1.4,2026-09-05T16:30:00Z,90,False,11,0,0,0,2,0,3,0,252885,1,2,0,0,4.0,3,-27591,16891,44482,54,False,0
Harvey Barnes,MID,Newcastle,5.6,1,2,37,0,2,2.8,6,453,0.03,0.14,0.11,1.37,27,2,1,5.9,33.0,2026-09-05T11:30:00Z,90,False,3,0,0,0,4,0,3,0,122479,1,0,2,2,23.0,12,2446,25187,22741,60,True,0
Kayne van Oevelen,GK,Ipswich Town,0.0,0,0,0,0,0,0.0,0,554,0.00,0.00,0.00,0.00,21,0,0,0.0,0.0,2026-09-04T19:00:00Z,0,False,14,0,0,0,0,0,3,0,2365,0,0,2,0,0.0,0,-698,0,698,45,True,0
Cole Palmer,MID,Chelsea,5.6,0,0,11,0,0,15.8,3,154,0.04,0.15,0.11,2.05,29,2,0,5.5,7.0,2026-09-06T15:30:00Z,90,False,1,0,0,0,3,0,3,0,1912956,1,0,1,2,32.0,1,195102,387902,192800,96,False,1
Braiden Graham,MID,Everton,0.0,0,0,0,0,0,0.0,0,654,0.00,0.00,0.00,0.00,30,0,0,0.0,0.0,2026-09-06T13:00:00Z,0,False,16,0,0,0,0,0,3,0,0,0,0,2,2,0.0,0,0,0,0,45,True,0
Nico O'Reilly,DEF,Man City,1.0,0,0,0,0,0,0.0,0,387,0.00,0.00,0.00,0.00,26,0,0,0.0,0.0,2026-09-05T14:00:00Z,0,False,7,0,0,0,0,0,3,0,1933486,0,0,0,1,0.0,0,-193787,97243,291030,65,True,0
Aurèle Amenda,DEF,Coventry City,0.2,0,0,4,0,2,1.3,3,182,0.34,0.34,0.00,2.12,26,1,0,1.2,4.4,2026-09-05T14:00:00Z,90,False,15,0,0,0,6,0,3,0,81029,1,1,0,1,6.0,2,-4953,3124,8077,40,False,0
Ben Wilson,GK,Coventry City,0.0,0,0,0,0,0,0.0,0,172,0.00,0.00,0.00,0.00,26,0,0,0.0,0.0,2026-09-05T14:00:00Z,0,False,15,0,0,0,0,0,3,0,41782,0,0,0,1,0.0,0,-3942,265,4207,45,False,0
Anis Mehmeti,MID,Ipswich Town,0.0,0,0,0,0,0,0.0,0,324,0.00,0.00,0.00,0.00,21,0,0,0.0,0.0,2026-09-04T19:00:00Z,0,False,14,0,0,0,0,0,3,0,4120,0,0,2,0,0.0,0,-648,109,757,49,True,0
Sebastiaan Bornauw,DEF,Leeds,0.0,0,0,0,0,0,0.0,0,333,0.00,0.00,0.00,0.00,23,0,0,0.0,0.0,2026-09-05T14:00:00Z,0,False,5,0,0,0,0,0,3,0,276,0,0,1,1,0.0,0,-63,0,63,45,False,0
Josh Eccles,MID,Coventry City,0.0,0,0,0,0,0,0.0,0,187,0.00,0.00,0.00,0.00,26,0,0,0.0,0.0,2026-09-05T14:00:00Z,0,False,15,0,0,0,0,0,3,0,1547,0,0,0,1,0.0,0,30,434,404,49,False,0
Marcos Senesi Barón,DEF,Spurs,0.6,0,0,0,0,0,0.0,0,498,0.00,0.00,0.00,0.00,28,0,0,0.0,0.0,2026-09-05T14:00:00Z,0,False,18,0,0,0,0,0,3,0,558130,0,0,0,0,0.0,0,-185202,5382,190584,59,False,0
Estêvão Almeida de Oliveira Gonçalves,MID,Chelsea,0.8,0,0,5,0,0,0.4,0,157,0.00,0.04,0.04,0.00,29,0,0,2.1,3.2,2026-09-06T15:30:00Z,9,False,1,0,0,0,0,0,3,0,84845,0,0,1,2,17.0,1,-31266,3486,34752,64,False,0
Cody Drameh,DEF,Hull City,0.0,0,0,0,0,0,0.0,0,281,0.00,0.00,0.00,0.00,25,0,0,0.0,0.0,2026-09-05T16:30:00Z,0,False,2,0,0,0,0,0,3,0,6824,0,0,0,0,0.0,0,-663,1010,1673,40,True,0
Antoni Milambo,MID,Brentford,0.0,0,0,0,0,0,0.0,0,99,0.00,0.00,0.00,0.00,22,0,0,0.0,0.0,2026-09-05T14:00:00Z,0,False,20,0,0,0,0,0,3,0,190,0,0,1,1,0.0,0,-8,34,42,50,True,0
Hayden Hackney,MID,Everton,2.0,1,0,14,0,0,25.5,1,247,0.09,0.13,0.04,0.29,30,1,0,5.6,20.6,2026-09-06T13:00:00Z,15,False,16,0,0,0,0,0,3,0,21598,0,1,2,2,10.0,4,-3215,499,3714,55,True,0
Zadok Yohanna,MID,Brighton,0.0,0,0,0,0,0,0.0,0,135,0.00,0.00,0.00,0.00,23,0,0,0.0,0.0,2026-09-05T14:00:00Z,0,False,13,0,0,0,0,0,3,0,6108,0,0,1,1,0.0,0,-1062,517,1579,50,True,0
Jonah Kusi-Asare,FWD,Fulham,0.0,0,0,0,0,0,0.0,0,272,0.00,0.00,0.00,0.00,24,0,0,0.0,0.0,2026-09-05T14:00:00Z,0,False,8,0,0,0,0,0,3,0,689011,0,0,3,2,0.0,0,-11359,60586,71945,45,True,0
Kosta Nedeljkovic,DEF,Aston Villa,0.0,0,0,0,0,0,0.0,0,39,0.00,0.00,0.00,0.00,25,0,0,0.0,0.0,2026-09-05T16:30:00Z,0,False,11,0,0,0,0,0,3,0,17687,0,0,0,0,0.0,0,-3988,0,3988,40,False,0
Mikkel Damsgaard,MID,Brentford,3.2,1,3,30,0,1,28.5,4,96,0.21,0.21,0.00,1.63,22,1,0,4.5,10.0,2026-09-05T14:00:00Z,85,False,20,0,0,0,3,0,3,0,49863,1,0,1,1,6.0,8,-3734,3933,7667,55,True,0
Chuba Akpom,FWD,Ipswich Town,1.4,0,0,0,0,0,0.0,0,320,0.00,0.00,0.00,0.00,21,0,0,0.0,0.0,2026-09-04T19:00:00Z,0,False,14,0,0,0,0,0,3,0,114005,0,0,2,0,0.0,0,45434,62654,17220,50,True,0
Luke O'Nien,DEF,Sunderland,0.2,0,0,0,0,0,0.0,0,539,0.00,0.00,0.00,0.00,22,0,0,0.0,0.0,2026-09-05T14:00:00Z,0,False,4,0,0,0,0,0,3,0,310001,0,0,1,1,0.0,0,-27829,5301,33130,40,False,0
Pascal Struijk,DEF,Brighton,1.4,0,0,3,0,0,0.1,0,328,0.00,0.00,0.00,0.00,23,0,0,0.0,0.2,2026-09-05T14:00:00Z,1,False,13,0,0,0,0,0,3,0,21218,0,0,1,1,0.0,1,-2128,1548,3676,50,True,0
Lewis Miley,MID,Newcastle,2.4,0,0,11,0,1,1.1,4,459,0.02,0.02,0.00,1.33,27,2,0,0.6,3.2,2026-09-05T11:30:00Z,62,False,3,0,0,0,3,0,3,0,8538,1,0,2,2,2.0,2,629,2211,1582,55,True,0
Marco Bizot,GK,Aston Villa,0.0,0,0,0,0,0,0.0,0,29,0.00,0.00,0.00,0.00,25,0,0,0.0,0.0,2026-09-05T16:30:00Z,0,False,11,0,0,0,0,0,3,0,14920,0,0,0,0,0.0,0,-69,2306,2375,45,False,0
Benjamin Lecomte,GK,Fulham,0.0,0,0,0,0,0,0.0,0,251,0.00,0.00,0.00,0.00,24,0,0,0.0,0.0,2026-09-05T14:00:00Z,0,False,8,0,0,0,0,0,3,0,123475,0,0,3,2,0.0,0,1599,9450,7851,40,True,0
Mateo Kovačić,MID,Man City,0.4,0,0,0,0,0,0.0,0,406,0.00,0.00,0.00,0.00,26,0,0,0.0,0.0,2026-09-05T14:00:00Z,0,False,7,0,0,0,0,0,3,0,8577,0,0,0,1,0.0,0,-1500,647,2147,55,True,0
Christian Nørgaard,MID,Everton,0.0,0,0,0,0,0,0.0,0,21,0.00,0.00,0.00,0.00,30,0,0,0.0,0.0,2026-09-06T13:00:00Z,0,False,16,0,0,0,0,0,3,0,6444,0,0,2,2,0.0,0,-1962,209,2171,49,True,0
Harrison Reed,MID,Fulham,0.0,0,0,0,0,0,0.0,0,270,0.00,0.00,0.00,0.00,24,0,0,0.0,0.0,2026-09-05T14:00:00Z,0,False,8,0,0,0,0,0,3,0,132811,0,0,3,2,0.0,0,-11001,8075,19076,45,True,0
Xavi Simons,MID,Spurs,0.0,0,0,0,0,0,0.0,0,513,0.00,0.00,0.00,0.00,28,0,0,0.0,0.0,2026-09-05T14:00:00Z,0,False,18,0,0,0,0,0,3,0,1296,0,0,0,0,0.0,0,-291,78,369,60,False,0
Hugo Larsson,MID,Fulham,0.7,0,0,3,0,0,1.3,1,635,0.22,0.35,0.13,0.00,24,0,0,1.4,3.6,2026-09-05T14:00:00Z,11,False,8,0,0,0,0,0,3,0,322,0,1,3,2,9.0,1,261,288,27,50,True,0
Matt Grimes,MID,Coventry City,1.6,0,0,8,0,3,2.3,8,184,0.00,0.04,0.04,2.12,26,1,0,2.2,18.6,2026-09-05T14:00:00Z,90,False,15,0,0,0,0,0,3,0,16127,1,5,0,1,1.0,2,-3443,481,3924,50,False,0
Jack Fletcher,MID,Man Utd,0.0,0,0,0,0,0,0.0,0,434,0.00,0.00,0.00,0.00,30,0,0,0.0,0.0,2026-09-06T13:00:00Z,0,False,9,0,0,0,0,0,3,0,1121,0,0,2,2,0.0,0,-102,84,186,50,False,0
Malick Fofana,MID,Sunderland,0.7,0,0,3,0,0,0.5,0,646,0.00,0.00,0.00,0.39,22,0,0,0.1,0.0,2026-09-05T14:00:00Z,16,False,4,0,0,0,0,0,3,0,2246,0,0,1,1,0.0,1,1832,2071,239,55,False,0
Alejandro Garnacho Ferreyra,MID,Aston Villa,0.6,0,0,4,0,0,1.6,0,160,0.00,0.00,0.00,0.35,25,0,0,0.3,1.0,2026-09-05T16:30:00Z,15,False,11,0,0,0,0,0,3,0,46064,0,0,0,0,0.0,1,-9524,2557,12081,59,False,0
Claudio Echeverri,MID,Man City,0.0,0,0,0,0,0,0.0,0,407,0.00,0.00,0.00,0.00,26,0,0,0.0,0.0,2026-09-05T14:00:00Z,0,False,7,0,0,0,0,0,3,0,1429,0,0,0,1,0.0,0,-349,157,506,49,True,0
Habib Diarra,MID,Sunderland,0.0,0,0,0,0,0,0.0,0,543,0.00,0.00,0.00,0.00,22,0,0,0.0,0.0,2026-09-05T14:00:00Z,0,False,4,0,0,0,0,0,3,0,4664,0,0,1,1,0.0,0,-2142,164,2306,55,False,0
Trai Hume,DEF,Sunderland,1.8,0,0,8,0,0,0.1,2,534,0.00,0.00,0.00,0.45,22,0,0,0.4,3.8,2026-09-05T14:00:00Z,26,False,4,0,0,0,2,0,3,0,528010,0,2,1,1,0.0,1,-68992,17561,86553,45,False,0
Ibrahim Osman,MID,Brighton,0.6,0,0,0,0,0,0.0,0,600,0.00,0.00,0.00,0.00,23,0,0,0.0,0.0,2026-09-05T14:00:00Z,0,False,13,0,0,0,0,0,3,0,1841,0,0,1,1,0.0,0,30,312,282,50,True,0
João Victor de Souza Menezes,DEF,Spurs,0.0,0,0,0,0,0,0.0,0,511,0.00,0.00,0.00,0.00,28,0,0,0.0,0.0,2026-09-05T14:00:00Z,0,False,18,0,0,0,0,0,3,0,25220,0,0,0,0,0.0,0,-4780,1362,6142,40,False,0
Jason Steele,GK,Brighton,0.0,0,0,0,0,0,0.0,0,111,0.00,0.00,0.00,0.00,23,0,0,0.0,0.0,2026-09-05T14:00:00Z,0,False,13,0,0,0,0,0,3,0,459848,0,0,1,1,0.0,0,27834,62093,34259,40,True,0
Semi Ajayi,DEF,Hull City,5.4,0,0,17,1,5,0.7,6,279,0.00,0.00,0.00,1.93,25,0,0,1.2,11.0,2026-09-05T16:30:00Z,90,False,2,0,0,0,1,0,3,0,1055220,1,1,0,0,0.0,5,562671,631920,69249,41,True,1
Phil Foden,MID,Man City,0.0,0,0,3,0,0,14.8,1,398,0.01,0.63,0.62,0.50,26,0,0,2.6,4.4,2026-09-05T14:00:00Z,24,False,7,0,0,0,1,0,3,0,687362,0,0,0,1,7.0,1,187857,262736,74879,70,True,0
Liam Kitching,DEF,Coventry City,0.0,0,0,0,0,0,0.0,0,174,0.00,0.00,0.00,0.00,26,0,0,0.0,0.0,2026-09-05T14:00:00Z,0,False,15,0,0,0,0,0,3,0,53997,0,0,0,1,0.0,0,-9976,461,10437,40,False,0
Jake Bidwell,DEF,Coventry City,0.0,0,0,0,0,0,0.0,0,178,0.00,0.00,0.00,0.00,26,0,0,0.0,0.0,2026-09-05T14:00:00Z,0,False,15,0,0,0,0,0,3,0,8763,0,0,0,1,0.0,0,-315,663,978,40,False,0
Christantus Uche,FWD,Crystal Palace,0.0,0,0,0,0,0,0.0,0,225,0.00,0.00,0.00,0.00,24,0,0,0.0,0.0,2026-09-05T14:00:00Z,0,False,10,0,0,0,0,0,3,0,0,0,0,3,2,0.0,0,0,0,0,50,False,0
Brandon Thomas-Asante,FWD,Coventry City,1.0,0,0,6,0,1,0.3,3,194,0.00,0.00,0.00,0.95,26,0,0,0.5,2.2,2026-09-05T14:00:00Z,19,False,15,0,0,0,2,0,3,0,84492,0,0,0,1,2.0,1,-1110,16389,17499,50,False,0
Jenson Seelt,DEF,Sunderland,0.0,0,0,0,0,0,0.0,0,537,0.00,0.00,0.00,0.00,22,0,0,0.0,0.0,2026-09-05T14:00:00Z,0,False,4,0,0,0,0,0,3,0,701,0,0,1,1,0.0,0,-357,3,360,45,False,0
Ferdi Kadıoğlu,DEF,Brighton,2.6,0,0,8,0,4,12.5,5,113,0.01,0.07,0.06,2.40,23,1,0,4.4,12.6,2026-09-05T14:00:00Z,77,False,13,0,0,0,2,0,3,0,203285,1,1,1,1,19.0,2,-19909,12724,32633,44,True,0
Amine Adli,MID,Bournemouth,0.0,0,0,0,0,0,0.0,0,77,0.00,0.00,0.00,0.00,27,0,0,0.0,0.0,2026-09-05T11:30:00Z,0,False,17,0,0,0,0,0,3,0,1803,0,0,2,2,0.0,0,-491,136,627,49,False,0
Lewis Dunk,DEF,Brighton,4.4,0,1,20,0,12,1.9,12,116,0.01,0.01,0.00,2.49,23,1,0,3.7,30.8,2026-09-05T14:00:00Z,90,False,13,0,0,0,5,0,3,0,133493,1,0,1,1,4.0,5,6568,20326,13758,45,True,0
James Garner,MID,Everton,2.2,0,0,19,0,2,31.1,8,239,0.08,0.08,0.00,0.40,30,1,0,4.1,9.6,2026-09-06T13:00:00Z,76,False,16,0,0,0,5,0,3,0,14095,1,1,2,2,0.0,2,-336,2988,3324,60,True,0
Joel Latibeaudiere,DEF,Coventry City,0.0,0,0,0,0,0,0.0,0,179,0.00,0.00,0.00,0.00,26,0,0,0.0,0.0,2026-09-05T14:00:00Z,0,False,15,0,0,0,0,0,3,0,4150,0,0,0,1,0.0,0,-161,319,480,40,False,0
Joe Willock,MID,Newcastle,4.4,0,0,6,0,1,2.2,3,460,0.01,0.37,0.36,1.33,27,2,0,1.9,6.0,2026-09-05T11:30:00Z,62,False,3,0,0,0,1,0,3,0,45043,1,1,2,2,11.0,2,14485,22227,7742,50,True,0
Tyrick Mitchell,DEF,Crystal Palace,3.4,0,2,31,0,4,10.7,6,204,0.01,0.67,0.66,2.57,24,2,2,13.6,78.0,2026-09-05T14:00:00Z,73,False,10,0,0,0,2,0,3,0,476563,1,2,3,2,47.0,15,-68532,9051,77583,45,False,0
Bobby Thomas,DEF,Coventry City,3.0,0,0,19,0,11,20.8,12,173,0.17,0.39,0.22,2.12,26,1,0,6.5,20.6,2026-09-05T14:00:00Z,90,False,15,0,0,0,3,0,3,0,883716,1,1,0,1,24.0,4,44441,114108,69667,40,False,0
Justin Kluivert,MID,Bournemouth,3.0,0,0,6,0,0,2.0,4,70,0.01,0.07,0.06,0.48,27,1,0,0.2,0.0,2026-09-05T11:30:00Z,75,False,17,0,0,0,3,0,3,0,113173,1,1,2,2,3.0,1,-12692,10830,23522,60,False,1
Lucas Digne,DEF,Aston Villa,0.0,0,0,0,0,0,0.0,0,30,0.00,0.00,0.00,0.00,25,0,0,0.0,0.0,2026-09-05T16:30:00Z,0,False,11,0,0,0,0,0,3,0,6725,0,0,0,0,0.0,0,-2071,0,2071,45,False,0
Luka Lynch,MID,Aston Villa,0.0,0,0,0,0,0,0.0,0,607,0.00,0.00,0.00,0.00,25,0,0,0.0,0.0,2026-09-05T16:30:00Z,0,False,11,0,0,0,0,0,3,0,12683,0,0,0,0,0.0,0,1177,3500,2323,45,False,0
Jacob Greaves,DEF,Ipswich Town,0.6,0,0,6,0,6,12.3,7,306,0.04,0.04,0.00,0.69,21,2,0,3.1,15.0,2026-09-04T19:00:00Z,90,False,14,0,0,0,3,0,3,0,134162,1,1,2,0,4.0,1,-8595,2678,11273,40,True,0
Jack Hinshelwood,MID,Brighton,0.0,0,0,0,0,0,0.0,0,123,0.00,0.00,0.00,0.00,23,0,0,0.0,0.0,2026-09-05T14:00:00Z,0,False,13,0,0,0,0,0,3,0,129183,0,0,1,1,0.0,0,-92072,6623,98695,60,True,0
César Palacios,MID,Fulham,2.2,0,1,27,0,0,13.7,0,570,0.02,0.82,0.80,1.14,24,2,1,9.9,33.8,2026-09-05T14:00:00Z,60,False,8,0,0,0,0,0,3,0,18435,1,0,3,2,51.0,8,-2344,1012,3356,55,True,0
Chemsdine Talbi,MID,Sunderland,0.2,0,0,0,0,0,0.0,0,549,0.00,0.00,0.00,0.00,22,0,0,0.0,0.0,2026-09-05T14:00:00Z,0,False,4,0,0,0,0,0,3,0,17189,0,0,1,1,0.0,0,-3700,427,4127,54,False,0
Marco Palestra,DEF,Chelsea,0.0,0,0,0,0,0,0.0,0,152,0.00,0.00,0.00,0.00,29,0,0,0.0,0.0,2026-09-06T15:30:00Z,0,False,1,0,0,0,0,0,3,0,121873,0,0,1,2,0.0,0,-79182,821,80003,54,False,0
Conor Gallagher,MID,Spurs,1.8,0,0,23,1,1,4.4,11,519,0.06,0.06,0.00,0.88,28,0,0,1.7,10.2,2026-09-05T14:00:00Z,83,False,18,0,0,0,6,0,3,0,22380,1,4,0,0,2.0,3,-5563,1024,6587,54,False,0
Nehemiah Oriola,MID,Brighton,0.0,0,0,0,0,0,0.0,0,134,0.00,0.00,0.00,0.00,23,0,0,0.0,0.0,2026-09-05T14:00:00Z,0,False,13,0,0,0,0,0,3,0,29432,0,0,1,1,0.0,0,-147,3612,3759,45,True,0
Callum Olusesi,MID,Spurs,0.0,0,0,0,0,0,0.0,0,524,0.00,0.00,0.00,0.00,28,0,0,0.0,0.0,2026-09-05T14:00:00Z,0,False,18,0,0,0,0,0,3,0,72776,0,0,0,0,0.0,0,-7853,1613,9466,45,False,0
Sandro Tonali,MID,Spurs,2.8,0,0,22,1,4,8.0,12,455,0.01,0.01,0.00,0.92,28,0,0,3.1,22.8,2026-09-05T14:00:00Z,90,False,18,0,0,0,4,0,3,0,288825,1,4,0,0,0.0,5,-83285,14031,97316,54,False,0
Rico Lewis,DEF,Man City,0.2,0,0,0,0,0,0.0,0,395,0.00,0.00,0.00,0.00,26,0,0,0.0,0.0,2026-09-05T14:00:00Z,0,False,7,0,0,0,0,0,3,0,23634,0,0,0,1,0.0,0,-3581,2152,5733,45,True,0
Ben Chilwell,DEF,Crystal Palace,2.7,0,0,20,0,0,0.7,0,643,0.00,0.15,0.15,0.57,24,0,1,5.1,33.2,2026-09-05T14:00:00Z,16,False,10,0,0,0,0,0,3,0,984,0,0,3,2,17.0,7,679,763,84,45,False,0
Jan Paul van Hecke,DEF,Spurs,4.8,0,2,29,1,3,12.8,4,112,0.01,0.10,0.09,0.92,28,0,0,4.0,16.6,2026-09-05T14:00:00Z,90,False,18,0,0,0,4,0,3,0,733037,1,1,0,0,11.0,8,-198387,21192,219579,49,False,0
Alfie Cresswell,MID,Leeds,0.0,0,0,0,0,0,0.0,0,604,0.00,0.00,0.00,0.00,23,0,0,0.0,0.0,2026-09-05T14:00:00Z,0,False,5,0,0,0,0,0,3,0,14318,0,0,1,1,0.0,0,3728,5922,2194,45,False,0
Jeremie Frimpong,DEF,Liverpool,0.4,0,0,0,0,0,0.0,0,357,0.00,0.00,0.00,0.00,21,0,0,0.0,0.0,2026-09-04T19:00:00Z,0,False,12,0,0,0,0,0,3,0,309643,0,0,2,0,0.0,0,-45306,25094,70400,55,False,0
Josh Acheampong,DEF,Chelsea,1.0,0,0,-3,0,1,1.8,1,151,0.01,0.01,0.00,2.05,29,2,0,0.8,2.2,2026-09-06T15:30:00Z,90,False,1,0,0,0,1,0,3,0,38207,1,0,1,2,4.0,1,-1989,4792,6781,45,False,0
Evann Guessand,MID,Crystal Palace,0.4,0,0,0,0,0,0.0,0,42,0.00,0.00,0.00,0.00,24,0,0,0.0,0.0,2026-09-05T14:00:00Z,0,False,10,0,0,0,0,0,3,0,4367,0,0,3,2,0.0,0,-422,556,978,55,False,0
Jules Ahoka,MID,Sunderland,0.0,0,0,0,0,0,0.0,0,613,0.00,0.00,0.00,0.00,22,0,0,0.0,0.0,2026-09-05T14:00:00Z,0,False,4,0,0,0,0,0,3,0,27345,0,0,1,1,0.0,0,8884,13182,4298,45,False,0
Pascal Groß,MID,Brighton,9.4,0,0,-1,0,2,16.5,4,124,0.04,0.83,0.79,2.49,23,1,0,3.2,0.0,2026-09-05T14:00:00Z,90,False,13,0,0,0,2,0,3,0,1691790,1,0,1,1,19.0,1,341111,448315,107204,55,True,1
Ryan McAidoo,MID,Man City,0.5,0,0,5,0,0,0.0,4,621,0.00,0.00,0.00,0.02,26,0,0,0.7,5.2,2026-09-05T14:00:00Z,3,False,7,0,0,0,2,0,3,0,9526,0,2,0,1,2.0,1,4752,6678,1926,45,True,0
Callum Hudson-Odoi,MID,Nott'm Forest,0.2,0,0,0,0,0,0.0,0,482,0.00,0.00,0.00,0.00,28,0,0,0.0,0.0,2026-09-05T14:00:00Z,0,False,19,0,0,0,0,0,3,0,19189,0,0,0,0,0.0,0,-3315,1609,4924,59,True,0
Kasey McAteer,MID,Ipswich Town,0.6,0,0,5,0,0,0.5,1,323,0.00,0.05,0.05,0.00,21,0,0,1.1,3.2,2026-09-04T19:00:00Z,11,False,14,0,0,0,1,0,3,0,133131,0,0,2,0,7.0,1,-4340,11626,15966,45,True,0
Gustavo Hamer,MID,Coventry City,0.6,0,0,1,0,0,0.0,2,584,0.00,0.00,0.00,0.00,26,0,0,0.0,0.0,2026-09-05T14:00:00Z,5,False,15,0,0,0,1,0,3,0,11896,0,1,0,1,0.0,1,-2126,153,2279,55,False,0
Leon Goretzka,MID,Aston Villa,0.0,0,0,0,0,0,0.0,0,618,0.00,0.00,0.00,0.00,25,0,0,0.0,0.0,2026-09-05T16:30:00Z,0,False,11,0,0,0,0,0,3,0,5084,0,0,0,0,0.0,0,2608,3449,841,60,False,0
Fraser Forster,GK,Bournemouth,0.0,0,0,0,0,0,0.0,0,58,0.00,0.00,0.00,0.00,27,0,0,0.0,0.0,2026-09-05T11:30:00Z,0,False,17,0,0,0,0,0,3,0,371559,0,0,2,2,0.0,0,17023,38348,21325,40,False,0
Konstantinos Tzolakis,GK,Hull City,6.8,0,0,25,1,0,0.0,0,572,0.00,0.00,0.00,1.93,25,0,0,1.2,11.6,2026-09-05T16:30:00Z,90,False,2,0,0,0,10,0,3,1,857252,1,0,0,0,0.0,6,306909,367782,60873,46,True,0
Destiny Udogie,DEF,Spurs,1.4,0,0,16,1,3,1.3,3,506,0.02,0.02,0.00,0.49,28,0,0,0.8,4.6,2026-09-05T14:00:00Z,60,False,18,0,0,0,1,0,3,0,43060,1,0,0,0,2.0,5,-5660,1127,6787,45,False,1
Youri Tielemans,MID,Man Utd,2.0,0,0,17,0,2,18.9,7,43,0.06,0.11,0.05,1.01,30,2,0,4.7,18.6,2026-09-06T13:00:00Z,90,False,9,0,0,0,5,0,3,0,201931,1,0,2,2,9.0,2,-38742,12766,51508,59,False,0
Emile Smith Rowe,MID,Fulham,0.6,0,0,3,0,0,0.5,0,262,0.00,0.00,0.00,0.00,24,0,0,0.3,0.2,2026-09-05T14:00:00Z,11,False,8,0,0,0,0,0,3,0,32334,0,0,3,2,2.0,1,-5101,1425,6526,55,True,0
Calvin Bassey,DEF,Fulham,1.8,0,0,2,0,1,6.4,2,257,0.04,0.04,0.00,1.97,24,3,0,2.0,13.8,2026-09-05T14:00:00Z,90,False,8,0,0,0,2,0,3,0,79648,1,1,3,2,0.0,1,224,8199,7975,45,True,0
Ephron Mason-Clark,MID,Coventry City,0.8,0,0,4,0,2,0.8,5,186,0.00,0.00,0.00,1.17,26,1,0,0.1,0.0,2026-09-05T14:00:00Z,70,False,15,0,0,0,3,0,3,0,10318,1,0,0,1,2.0,2,-1860,228,2088,54,False,0
Adrien Truffert,DEF,Bournemouth,1.6,0,0,-3,0,3,15.7,6,61,0.06,0.07,0.01,0.71,27,2,0,2.8,10.2,2026-09-05T11:30:00Z,90,False,17,0,0,0,5,0,3,0,387734,1,3,2,2,2.0,0,-30205,11879,42084,55,False,1
Dwight McNeil,MID,Crystal Palace,0.6,0,0,0,0,0,0.0,0,241,0.00,0.00,0.00,0.00,24,0,0,0.0,0.0,2026-09-05T14:00:00Z,0,False,10,0,0,0,0,0,3,0,14863,0,0,3,2,0.0,0,-1942,540,2482,55,False,0
Julio Enciso,MID,Ipswich Town,3.0,0,0,16,0,2,22.5,5,591,0.02,0.26,0.24,0.69,21,2,0,5.6,10.2,2026-09-04T19:00:00Z,90,False,14,0,0,0,3,0,3,0,82553,1,0,2,0,23.0,1,25086,35897,10811,55,True,1
Mats Wieffer,DEF,Brighton,0.0,0,0,0,0,0,0.0,0,130,0.00,0.00,0.00,0.00,23,0,0,0.0,0.0,2026-09-05T14:00:00Z,0,False,13,0,0,0,0,0,3,0,46414,0,0,1,1,0.0,0,-473,12362,12835,50,True,0
Wes Burns,MID,Ipswich Town,0.0,0,0,0,0,0,0.0,0,311,0.00,0.00,0.00,0.00,21,0,0,0.0,0.0,2026-09-04T19:00:00Z,0,False,14,0,0,0,0,0,3,0,278,0,0,2,0,0.0,0,-88,0,88,50,True,0
Alex Murphy,DEF,Newcastle,0.0,0,0,0,0,0,0.0,0,451,0.00,0.00,0.00,0.00,27,0,0,0.0,0.0,2026-09-05T11:30:00Z,0,False,3,0,0,0,0,0,3,0,7660,0,0,2,2,0.0,0,-1826,0,1826,40,True,0
Lewis Koumas,MID,Liverpool,0.4,0,0,3,0,0,0.0,0,381,0.00,0.00,0.00,0.10,21,0,0,0.0,0.0,2026-09-04T19:00:00Z,1,False,12,0,0,0,0,0,3,0,2473,0,0,2,0,0.0,1,-217,161,378,50,False,0
Jean-Philippe Mateta,FWD,Crystal Palace,0.0,0,0,0,0,0,0.0,0,223,0.00,0.00,0.00,0.00,24,0,0,0.0,0.0,2026-09-05T14:00:00Z,0,False,10,0,0,0,0,0,3,0,236661,0,0,3,2,0.0,0,-269301,1227,270528,64,False,0
Roméo Lavia,MID,Chelsea,2.2,0,0,7,0,2,1.5,6,161,0.01,0.01,0.00,1.91,29,2,0,0.7,5.8,2026-09-06T15:30:00Z,59,False,1,0,0,0,3,0,3,0,20847,1,1,1,2,0.0,1,9966,13724,3758,50,False,0
Daizen Maeda,MID,Ipswich Town,1.6,0,0,9,0,2,0.1,5,562,0.00,0.04,0.04,0.62,21,2,0,2.5,8.2,2026-09-04T19:00:00Z,65,False,14,0,0,0,1,0,3,0,32352,1,2,2,0,17.0,2,-4936,903,5839,55,True,0
William Osula,FWD,Newcastle,0.0,0,0,0,0,0,0.0,0,465,0.00,0.00,0.00,0.00,27,0,0,0.0,0.0,2026-09-05T11:30:00Z,0,False,3,0,0,0,0,0,3,0,51608,0,0,2,2,0.0,0,-37692,557,38249,59,True,0
Patrick Dorgu,MID,Man Utd,1.2,0,0,3,0,1,1.3,3,415,0.01,0.01,0.00,0.36,30,2,0,0.8,4.2,2026-09-06T13:00:00Z,20,False,9,0,0,0,1,0,3,0,75573,0,1,2,2,2.0,1,-33546,3139,36685,59,False,0
Zian Flemming,FWD,Ipswich Town,2.0,0,0,4,0,0,0.5,0,640,0.01,0.03,0.02,0.06,21,0,0,1.1,3.2,2026-09-04T19:00:00Z,24,False,14,0,0,0,0,0,3,0,1904,0,0,2,0,7.0,1,1528,1761,233,55,True,0
Tanaka Ao,MID,Leeds,2.4,1,0,18,0,3,12.2,8,345,0.01,0.54,0.53,0.87,23,1,0,4.6,20.8,2026-09-05T14:00:00Z,72,False,5,0,0,0,3,0,3,0,21765,1,2,1,1,13.0,5,-1035,3466,4501,49,False,0
Joelinton Cássio Apolinário de Lira,MID,Newcastle,0.0,0,0,0,0,0,0.0,0,458,0.00,0.00,0.00,0.00,27,0,0,0.0,0.0,2026-09-05T11:30:00Z,0,False,3,0,0,0,0,0,3,0,2235,0,0,2,2,0.0,0,-546,86,632,54,True,0
Andrew Robertson,DEF,Spurs,3.4,0,0,3,0,1,0.3,1,502,0.00,0.00,0.00,0.43,28,0,0,0.6,6.0,2026-09-05T14:00:00Z,29,False,18,0,0,0,1,0,3,0,328965,0,0,0,0,0.0,1,-47646,13705,61351,45,False,0
Marcus Tavernier,MID,Bournemouth,5.8,0,3,43,0,0,13.2,9,68,0.05,1.06,1.01,0.66,27,2,1,13.7,46.6,2026-09-05T11:30:00Z,88,False,17,0,0,0,8,0,3,0,230783,1,1,2,2,77.0,10,-21585,28263,49848,60,False,0
Milos Kerkez,DEF,Liverpool,1.4,0,0,23,1,3,11.3,5,358,0.03,0.03,0.00,0.75,21,0,0,2.5,13.8,2026-09-04T19:00:00Z,90,False,12,0,0,0,1,0,3,0,302995,1,2,2,0,0.0,5,-51052,13999,65051,55,False,1
Kaine Kesler-Hayden,DEF,Coventry City,0.0,0,0,0,0,0,0.0,0,177,0.00,0.00,0.00,0.00,26,0,0,0.0,0.0,2026-09-05T14:00:00Z,0,False,15,0,0,0,0,0,3,0,4676,0,0,0,1,0.0,0,-1131,131,1262,40,False,0
Robinio Vaz,FWD,Hull City,0.7,0,0,0,0,0,0.0,0,637,0.00,0.00,0.00,0.00,25,0,0,0.0,0.0,2026-09-05T16:30:00Z,0,False,2,0,0,0,0,0,3,0,2077,0,0,0,0,0.0,0,1405,1607,202,50,True,0
Felipe Rodrigues da Silva,DEF,Nott'm Forest,0.0,0,0,0,0,0,0.0,0,470,0.00,0.00,0.00,0.00,28,0,0,0.0,0.0,2026-09-05T14:00:00Z,0,False,19,0,0,0,0,0,3,0,3599,0,0,0,0,0.0,0,-1172,194,1366,50,True,0
Sidiki Cherif,FWD,Coventry City,0.2,0,0,0,0,0,0.0,0,599,0.00,0.00,0.00,0.00,26,0,0,0.0,0.0,2026-09-05T14:00:00Z,0,False,15,0,0,0,0,0,3,0,10406,0,0,0,1,0.0,0,-134,2227,2361,50,False,0
Calvin Ramsay,DEF,Liverpool,0.0,0,0,0,0,0,0.0,0,365,0.00,0.00,0.00,0.00,21,0,0,0.0,0.0,2026-09-04T19:00:00Z,0,False,12,0,0,0,0,0,3,0,12989,0,0,2,0,0.0,0,-5215,0,5215,40,False,0
Victor Munoz,MID,Liverpool,2.8,0,0,9,1,0,4.3,4,377,0.02,0.02,0.00,0.58,21,0,0,1.1,0.8,2026-09-04T19:00:00Z,63,False,12,0,0,0,4,0,3,0,147326,1,0,2,0,6.0,3,60010,83211,23201,65,False,0
Diego Coppola,DEF,Brighton,0.0,0,0,0,0,0,0.0,0,117,0.00,0.00,0.00,0.00,23,0,0,0.0,0.0,2026-09-05T14:00:00Z,0,False,13,0,0,0,0,0,3,0,2029,0,0,1,1,0.0,0,-35,261,296,45,True,0
Harry Wilson,MID,Leeds,0.0,0,0,0,0,0,20.3,1,260,0.00,0.00,0.00,1.32,23,0,0,2.4,1.4,2026-09-05T14:00:00Z,17,False,5,0,0,0,1,0,3,0,401861,0,0,1,1,2.0,0,-148278,7327,155605,64,False,1
Remi Matthews,GK,Crystal Palace,0.0,0,0,0,0,0,0.0,0,555,0.00,0.00,0.00,0.00,24,0,0,0.0,0.0,2026-09-05T14:00:00Z,0,False,10,0,0,0,0,0,3,0,188559,0,0,3,2,0.0,0,-1097,7566,8663,40,False,0
Ronald Araujo,DEF,Liverpool,3.0,0,0,27,1,9,2.4,10,579,0.01,0.01,0.00,0.75,21,0,0,2.4,20.0,2026-09-04T19:00:00Z,90,False,12,0,0,0,1,0,3,0,212525,1,1,2,0,2.0,8,-69165,11375,80540,54,False,0
Mohamed Belloumi,MID,Hull City,6.2,0,0,15,1,8,12.4,12,286,0.01,0.04,0.03,1.93,25,0,0,4.5,22.8,2026-09-05T16:30:00Z,81,False,2,0,0,0,1,0,3,0,88726,1,3,0,0,10.0,5,16123,26562,10439,50,True,0
Noussair Mazraoui,DEF,Man Utd,0.6,0,0,-1,0,0,0.5,1,422,0.01,0.01,0.00,0.07,30,1,0,0.5,2.2,2026-09-06T13:00:00Z,1,False,9,0,0,0,0,0,3,0,64636,0,1,2,2,2.0,1,-9779,3244,13023,45,False,0
Jérémy Doku,MID,Man City,0.0,0,0,0,0,0,0.0,0,400,0.00,0.00,0.00,0.00,26,0,0,0.0,0.0,2026-09-05T14:00:00Z,0,False,7,0,0,0,0,0,3,0,90983,0,0,0,1,0.0,0,-33918,453,34371,74,True,0
Harrison Armstrong,MID,Everton,2.4,0,0,5,0,3,6.7,5,244,0.03,0.12,0.09,0.69,30,2,0,2.1,5.2,2026-09-06T13:00:00Z,90,False,16,0,0,0,1,0,3,0,41659,1,1,2,2,9.0,1,12190,21368,9178,50,True,1
Giovanni Leoni,DEF,Liverpool,0.0,0,0,0,0,0,0.0,0,363,0.00,0.00,0.00,0.00,21,0,0,0.0,0.0,2026-09-04T19:00:00Z,0,False,12,0,0,0,0,0,3,0,3887,0,0,2,0,0.0,0,-285,332,617,40,False,0
Ben Johnson,DEF,Ipswich Town,0.0,0,0,0,0,0,0.0,0,307,0.00,0.00,0.00,0.00,21,0,0,0.0,0.0,2026-09-04T19:00:00Z,0,False,14,0,0,0,0,0,3,0,10397,0,0,2,0,0.0,0,-658,710,1368,40,True,0
José María Andrés Baixauli,MID,Brighton,4.3,0,0,0,0,0,0.0,0,639,0.00,0.00,0.00,0.00,23,0,0,0.0,0.0,2026-09-05T14:00:00Z,0,False,13,0,0,0,0,0,3,0,345,0,0,1,1,0.0,0,219,261,42,55,True,0
Leif Davis,DEF,Ipswich Town,5.0,0,0,4,0,4,21.5,6,305,0.12,0.23,0.11,0.69,21,2,0,5.8,17.4,2026-09-04T19:00:00Z,90,False,14,0,0,0,3,0,3,0,540194,1,2,2,0,19.0,1,22917,62873,39956,40,True,0
Max Alleyne,DEF,Man City,0.0,0,0,0,0,0,0.0,0,394,0.00,0.00,0.00,0.00,26,0,0,0.0,0.0,2026-09-05T14:00:00Z,0,False,7,0,0,0,0,0,3,0,589,0,0,0,1,0.0,0,-142,0,142,50,True,0
Enzo Le Fée,MID,Sunderland,2.6,0,1,25,0,0,3.7,6,542,0.03,0.87,0.84,1.21,22,1,1,6.8,40.0,2026-09-05T14:00:00Z,90,False,4,0,0,0,2,0,3,0,564317,1,4,1,1,24.0,8,-256530,7320,263850,59,False,0
Cathal McCarthy,DEF,Hull City,0.0,0,0,0,0,0,0.0,0,284,0.00,0.00,0.00,0.00,25,0,0,0.0,0.0,2026-09-05T16:30:00Z,0,False,2,0,0,0,0,0,3,0,9409,0,0,0,0,0.0,0,295,1507,1212,40,True,0
Junior Kroupi,MID,Bournemouth,0.0,0,0,0,0,0,0.0,0,78,0.00,0.00,0.00,0.00,27,0,0,0.0,0.0,2026-09-05T11:30:00Z,0,False,17,0,0,0,0,0,3,0,23655,0,0,2,2,0.0,0,-7714,246,7960,74,False,0
Ross Barkley,MID,Aston Villa,2.0,0,0,15,1,2,34.1,6,46,0.09,0.31,0.22,0.57,25,0,0,6.3,13.6,2026-09-05T16:30:00Z,90,False,11,0,0,0,4,0,3,0,27497,1,0,0,0,15.0,3,1735,5744,4009,50,False,0
Bernd Leno,GK,Fulham,3.0,0,0,8,0,0,0.0,0,250,0.00,0.00,0.00,1.97,24,3,0,1.9,18.8,2026-09-05T14:00:00Z,90,False,8,0,0,0,8,0,3,2,339301,1,0,3,2,0.0,1,14483,41560,27077,45,True,0
Benjamin White,DEF,Arsenal,4.2,0,0,11,0,4,5.1,6,10,0.03,0.03,0.00,0.39,29,1,0,3.1,15.8,2026-09-06T15:30:00Z,90,False,6,0,0,0,4,0,3,0,745511,1,2,1,2,10.0,2,45919,163295,117376,55,True,0
Kenny Tete,DEF,Fulham,0.0,0,0,0,0,0,0.0,0,256,0.00,0.00,0.00,0.00,24,0,0,0.0,0.0,2026-09-05T14:00:00Z,0,False,8,0,0,0,0,0,3,0,23617,0,0,3,2,0.0,0,-2586,430,3016,45,True,0
Ilyas Ansah,FWD,Hull City,0.0,0,0,0,0,0,0.0,0,632,0.00,0.00,0.00,0.00,25,0,0,0.0,0.0,2026-09-05T16:30:00Z,0,False,2,0,0,0,0,0,3,0,2839,0,0,0,0,0.0,0,2012,2222,210,50,True,0
Wilfried Gnonto,MID,Leeds,0.0,0,0,0,0,0,0.0,0,341,0.00,0.00,0.00,0.00,23,0,0,0.0,0.0,2026-09-05T14:00:00Z,0,False,5,0,0,0,0,0,3,0,1395,0,0,1,1,0.0,0,-222,226,448,50,False,0
Lucas Gourna-Douath,MID,Hull City,0.8,0,0,7,1,4,21.6,10,589,0.01,0.01,0.00,1.93,25,0,0,3.5,13.4,2026-09-05T16:30:00Z,81,False,2,0,0,0,5,0,3,0,2738,1,1,0,0,0.0,2,-134,213,347,50,True,1
Thomas Meunier,DEF,Sunderland,2.2,0,0,0,0,2,1.5,2,541,0.00,0.11,0.11,0.76,22,1,0,1.3,5.2,2026-09-05T14:00:00Z,63,False,4,0,0,0,0,0,3,0,30963,1,0,1,1,6.0,2,301,2639,2338,45,False,0
Nicolò Savona,DEF,Nott'm Forest,0.0,0,0,0,0,0,0.0,0,475,0.00,0.00,0.00,0.00,28,0,0,0.0,0.0,2026-09-05T14:00:00Z,0,False,19,0,0,0,0,0,3,0,221,0,0,0,0,0.0,0,-97,34,131,45,True,0
Neco Williams,DEF,Nott'm Forest,3.4,0,1,28,1,3,10.9,6,469,0.07,0.07,0.00,1.06,28,0,0,2.6,11.4,2026-09-05T14:00:00Z,90,False,19,0,0,0,8,0,3,0,851007,1,3,0,0,4.0,7,-35180,53518,88698,50,True,0
Ethan Nwaneri,MID,Arsenal,0.0,0,0,0,0,0,0.0,0,22,0.00,0.00,0.00,0.00,29,0,0,0.0,0.0,2026-09-06T15:30:00Z,0,False,6,0,0,0,0,0,3,0,1107,0,0,1,2,0.0,0,-270,157,427,54,True,0
Joe Rodon,DEF,Leeds,0.0,0,0,0,0,0,0.0,0,329,0.00,0.00,0.00,0.00,23,0,0,0.0,0.0,2026-09-05T14:00:00Z,0,False,5,0,0,0,0,0,3,0,220934,0,0,1,1,0.0,0,-122557,5070,127627,45,False,0
James Hill,DEF,Bournemouth,1.6,0,0,4,0,6,31.5,6,60,0.02,0.02,0.00,0.71,27,2,0,5.0,16.8,2026-09-05T11:30:00Z,90,False,17,0,0,0,1,0,3,0,87381,1,0,2,2,2.0,1,-4574,7094,11668,55,False,0
David Akintola,MID,Hull City,0.0,0,0,0,0,0,0.0,0,296,0.00,0.00,0.00,0.00,25,0,0,0.0,0.0,2026-09-05T16:30:00Z,0,False,2,0,0,0,0,0,3,0,4439,0,0,0,0,0.0,0,-67,1268,1335,50,True,0
Ryan Sessegnon,DEF,Fulham,0.4,0,0,3,0,1,14.8,1,269,0.32,0.40,0.08,0.00,24,0,0,2.1,2.0,2026-09-05T14:00:00Z,11,False,8,0,0,0,1,0,3,0,37980,0,0,3,2,4.0,1,-3956,887,4843,45,True,0
Murillo Costa dos Santos,DEF,Nott'm Forest,3.8,0,0,25,1,6,1.2,10,472,0.00,0.17,0.17,1.06,28,0,0,2.9,17.8,2026-09-05T14:00:00Z,89,False,19,0,0,0,4,0,3,0,160118,1,4,0,0,10.0,8,-10492,9660,20152,55,True,0
Christian Walton,GK,Ipswich Town,0.4,0,0,0,0,0,0.0,0,300,0.00,0.00,0.00,0.00,21,0,0,0.0,0.0,2026-09-04T19:00:00Z,0,False,14,0,0,0,0,0,3,0,44862,0,0,2,0,0.0,0,-4114,350,4464,45,True,0
Ethan Pinnock,DEF,Coventry City,1.2,0,0,3,0,12,0.0,13,91,0.00,0.11,0.11,2.12,26,1,0,2.4,18.2,2026-09-05T14:00:00Z,90,False,15,0,0,0,2,0,3,0,7182,1,1,0,1,6.0,3,-811,505,1316,45,False,1
Callum Wilson,FWD,Brentford,0.6,0,0,2,0,1,0.0,1,108,0.00,0.00,0.00,0.08,22,0,0,0.1,1.0,2026-09-05T14:00:00Z,4,False,20,0,0,0,0,0,3,0,38790,0,0,1,1,0.0,1,-1724,5560,7284,55,True,0
Piero Hincapié,DEF,Arsenal,0.4,0,0,3,0,2,0.5,3,9,0.00,0.00,0.00,0.13,29,0,0,0.9,6.0,2026-09-06T15:30:00Z,23,False,6,0,0,0,0,0,3,0,119369,0,1,1,2,2.0,1,-31216,4425,35641,54,True,0
Taylor Harwood-Bellis,DEF,Aston Villa,0.0,0,0,0,0,0,0.0,0,630,0.00,0.00,0.00,0.00,25,0,0,0.0,0.0,2026-09-05T16:30:00Z,0,False,11,0,0,0,0,0,3,0,1010,0,0,0,0,0.0,0,755,945,190,45,False,0
Marcus Rashford,MID,Man Utd,1.6,0,0,11,1,0,12.5,4,429,0.06,0.06,0.00,0.65,30,0,0,2.4,3.8,2026-09-06T13:00:00Z,69,False,9,0,0,0,4,0,3,0,166436,1,0,2,2,8.0,3,-15044,22811,37855,70,False,0
Amadou Onana,MID,Aston Villa,0.0,0,0,0,0,0,0.0,0,48,0.00,0.00,0.00,0.00,25,0,0,0.0,0.0,2026-09-05T16:30:00Z,0,False,11,0,0,0,0,0,3,0,1852,0,0,0,0,0.0,0,-430,140,570,50,False,0
Thimothée Lo-Tutala,GK,Hull City,0.0,0,0,0,0,0,0.0,0,276,0.00,0.00,0.00,0.00,25,0,0,0.0,0.0,2026-09-05T16:30:00Z,0,False,2,0,0,0,0,0,3,0,2831,0,0,0,0,0.0,0,-272,0,272,40,True,0
Kevin Schade,MID,Brentford,7.8,0,0,11,0,0,13.3,5,94,0.17,0.17,0.00,1.71,22,1,0,2.5,4.0,2026-09-05T14:00:00Z,90,False,20,0,0,0,5,0,3,0,492340,1,0,1,1,8.0,2,92782,140288,47506,60,True,0
Florian Wirtz,MID,Liverpool,2.4,0,0,14,1,0,34.0,4,366,0.05,0.23,0.18,0.65,21,0,0,6.3,6.6,2026-09-04T19:00:00Z,90,False,12,0,0,0,4,0,3,0,1044657,1,0,2,0,22.0,3,-121349,69030,190379,75,False,0
Cédric Kipré,DEF,Ipswich Town,0.0,0,0,0,0,0,0.0,0,303,0.00,0.00,0.00,0.00,21,0,0,0.0,0.0,2026-09-04T19:00:00Z,0,False,14,0,0,0,0,0,3,0,56159,0,0,2,0,0.0,0,-4792,632,5424,40,True,0
Tarik Muharemović,DEF,Leeds,4.2,0,0,10,0,12,0.8,13,334,0.01,0.01,0.00,2.19,23,1,0,3.2,29.2,2026-09-05T14:00:00Z,90,False,5,0,0,0,2,0,3,0,326555,1,1,1,1,2.0,4,-2089,40504,42593,50,False,0
David Button,GK,Ipswich Town,0.0,0,0,0,0,0,0.0,0,302,0.00,0.00,0.00,0.00,21,0,0,0.0,0.0,2026-09-04T19:00:00Z,0,False,14,0,0,0,0,0,3,0,51311,0,0,2,0,0.0,0,3716,7597,3881,40,True,0
Joe Gelhardt,MID,Hull City,0.2,0,0,0,0,0,0.0,0,340,0.00,0.00,0.00,0.00,25,0,0,0.0,0.0,2026-09-05T16:30:00Z,0,False,2,0,0,0,0,0,3,0,1068,0,0,0,0,0.0,0,-124,99,223,50,True,0
Saša Lukić,MID,Ipswich Town,2.2,0,0,13,0,1,14.2,4,267,0.02,0.02,0.00,0.69,21,2,0,2.5,10.4,2026-09-04T19:00:00Z,90,False,14,0,0,0,2,0,3,0,11933,1,1,2,0,0.0,2,-997,809,1806,50,True,0
Abdukodir Khusanov,DEF,Man City,1.8,0,0,22,1,4,3.9,6,393,0.02,0.02,0.00,1.37,26,0,0,1.8,13.6,2026-09-05T14:00:00Z,90,False,7,0,0,0,4,0,3,0,166742,1,2,0,1,0.0,5,-14491,9792,24283,55,True,1
Ian Maatsen,DEF,Aston Villa,0.0,0,1,29,1,2,19.8,3,36,0.42,0.42,0.00,0.22,25,0,0,3.4,10.6,2026-09-05T16:30:00Z,74,False,11,0,0,0,0,0,3,0,83194,1,1,0,0,4.0,7,2667,11292,8625,45,False,0
Sindre Walle Egeli,FWD,Ipswich Town,0.2,0,0,0,0,0,0.0,0,321,0.00,0.00,0.00,0.00,21,0,0,0.0,0.0,2026-09-04T19:00:00Z,0,False,14,0,0,0,0,0,3,0,367243,0,0,2,0,0.0,0,73544,127698,54154,45,True,0
Antonee Robinson,DEF,Fulham,2.0,0,0,7,0,3,24.8,5,254,0.10,0.18,0.08,1.97,24,3,0,4.8,14.6,2026-09-05T14:00:00Z,78,False,8,0,0,0,5,0,3,0,173615,1,2,3,2,9.0,1,-2176,15006,17182,45,True,0
Antoine Semenyo,MID,Man City,3.2,1,0,26,1,0,45.9,4,397,0.34,0.39,0.05,1.37,26,0,0,8.0,22.6,2026-09-05T14:00:00Z,90,False,7,0,0,0,3,0,3,0,2009104,1,1,0,1,11.0,6,-362493,68628,431121,85,True,0
Alfie McNally,GK,Fulham,0.0,0,0,0,0,0,0.0,0,252,0.00,0.00,0.00,0.00,24,0,0,0.0,0.0,2026-09-05T14:00:00Z,0,False,8,0,0,0,0,0,3,0,15288,0,0,3,2,0.0,0,-805,1784,2589,40,True,0
Emiliano Martínez Romero,GK,Chelsea,1.8,0,0,26,0,0,0.0,0,28,0.00,0.00,0.00,2.05,29,2,0,6.3,63.2,2026-09-06T15:30:00Z,90,False,1,0,0,0,8,0,3,8,459337,1,0,1,2,0.0,3,13115,68378,55263,50,False,0
Mateo Joseph Fernández-Regatillo,FWD,Leeds,0.0,0,0,0,0,0,0.0,0,349,0.00,0.00,0.00,0.00,23,0,0,0.0,0.0,2026-09-05T14:00:00Z,0,False,5,0,0,0,0,0,3,0,5679,0,0,1,1,0.0,0,-135,947,1082,45,False,0
Mohammed Kudus,MID,Spurs,1.4,0,0,13,0,0,15.1,3,512,0.16,0.16,0.00,0.43,28,0,0,2.2,5.2,2026-09-05T14:00:00Z,29,False,18,0,0,0,3,0,3,0,12485,0,0,0,0,2.0,1,2526,4599,2073,65,False,0
Fabian Schär,DEF,Newcastle,0.4,0,0,0,0,0,0.0,0,446,0.00,0.00,0.00,0.00,27,0,0,0.0,0.0,2026-09-05T11:30:00Z,0,False,3,0,0,0,0,0,3,0,24845,0,0,2,2,0.0,0,-2838,2055,4893,50,True,0
Jaden Philogene,MID,Ipswich Town,0.4,0,0,0,0,0,0.0,0,318,0.00,0.00,0.00,0.00,21,0,0,0.0,0.0,2026-09-04T19:00:00Z,0,False,14,0,0,0,0,0,3,0,9209,0,0,2,0,0.0,0,-3409,41,3450,54,True,0
Eddie Nketiah,FWD,Crystal Palace,1.4,1,0,16,0,0,10.7,2,224,0.00,0.14,0.14,1.60,24,2,0,5.1,21.2,2026-09-05T14:00:00Z,45,False,10,0,0,0,1,0,3,0,55843,1,1,3,2,19.0,4,3590,11874,8284,55,False,0
Evan Ferguson,FWD,Brighton,0.0,0,0,0,0,0,0.0,0,139,0.00,0.00,0.00,0.00,23,0,0,0.0,0.0,2026-09-05T14:00:00Z,0,False,13,0,0,0,0,0,3,0,3252,0,0,1,1,0.0,0,-173,545,718,50,True,0
Jarrad Branthwaite,DEF,Everton,5.4,0,0,10,0,10,0.6,11,230,0.00,0.08,0.08,0.69,30,2,0,7.6,41.6,2026-09-06T13:00:00Z,90,False,16,0,0,0,4,0,3,0,182675,1,1,2,2,34.0,3,-5884,15501,21385,55,True,0
Kalvin Phillips,MID,Man City,0.0,0,0,0,0,0,0.0,0,408,0.00,0.00,0.00,0.00,26,0,0,0.0,0.0,2026-09-05T14:00:00Z,0,False,7,0,0,0,0,0,3,0,608,0,0,0,1,0.0,0,-156,0,156,50,True,0
Dan Bentley,GK,Coventry City,0.0,0,0,0,0,0,0.0,0,623,0.00,0.00,0.00,0.00,26,0,0,0.0,0.0,2026-09-05T14:00:00Z,0,False,15,0,0,0,0,0,3,0,29804,0,0,0,1,0.0,0,17253,20080,2827,40,False,0
Reinildo Mandava,DEF,Sunderland,0.0,0,0,14,0,4,1.5,7,536,0.01,0.01,0.00,1.21,22,1,0,1.6,14.4,2026-09-05T14:00:00Z,90,False,4,0,0,0,7,0,3,0,41923,1,3,1,1,0.0,2,-2351,1972,4323,45,False,0
Kaden Braithwaite,DEF,Man City,0.2,0,0,0,0,0,0.0,0,622,0.00,0.00,0.00,0.00,26,0,0,0.0,0.0,2026-09-05T14:00:00Z,0,False,7,0,0,0,0,0,3,0,14144,0,0,0,1,0.0,0,7079,9284,2205,40,True,0
Harry Howell,MID,Brighton,0.0,0,0,0,0,0,0.0,0,132,0.00,0.00,0.00,0.00,23,0,0,0.0,0.0,2026-09-05T14:00:00Z,0,False,13,0,0,0,0,0,3,0,4183,0,0,1,1,0.0,0,-976,0,976,45,True,0
Chris Wood,FWD,Nott'm Forest,0.6,0,0,3,0,0,0.1,0,490,0.00,0.00,0.00,0.18,28,0,0,0.0,0.2,2026-09-05T14:00:00Z,16,False,19,0,0,0,0,0,3,0,121647,0,0,0,0,0.0,1,-35128,7780,42908,59,True,0
Zion Suzuki,GK,Aston Villa,3.2,0,3,38,1,1,0.0,0,597,0.00,0.00,0.00,0.57,25,0,0,2.7,27.2,2026-09-05T16:30:00Z,90,False,11,0,0,0,13,0,3,4,144003,1,0,0,0,0.0,10,21820,33094,11274,50,False,0
Ousmane Diomande,DEF,Nott'm Forest,1.0,0,0,3,0,0,0.0,0,581,0.00,0.00,0.00,0.00,28,0,0,0.0,0.0,2026-09-05T14:00:00Z,1,False,19,0,0,0,0,0,3,0,61213,0,0,0,0,0.0,1,-12790,3142,15932,54,True,0
James McConnell,MID,Liverpool,0.0,0,0,0,0,0,0.0,0,378,0.00,0.00,0.00,0.00,21,0,0,0.0,0.0,2026-09-04T19:00:00Z,0,False,12,0,0,0,0,0,3,0,24779,0,0,2,0,0.0,0,-1919,1404,3323,45,False,0
Bukayo Saka,MID,Arsenal,6.4,0,0,13,0,1,27.8,4,12,0.23,0.46,0.23,0.39,29,1,0,10.8,10.6,2026-09-06T15:30:00Z,89,False,6,0,0,0,2,0,3,0,1160318,1,1,1,2,70.0,2,55091,156377,101286,95,True,0
Kiernan Dewsbury-Hall,MID,Everton,4.0,0,0,20,0,2,30.0,11,236,0.07,0.34,0.27,0.69,30,2,0,8.7,24.0,2026-09-06T13:00:00Z,90,False,16,0,0,0,5,0,3,0,440536,1,4,2,2,33.0,2,-32072,60861,92933,65,True,0
Igor Thiago Nascimento Rodrigues,FWD,Brentford,2.0,0,0,9,0,3,1.4,6,106,0.01,0.51,0.50,1.71,22,1,0,6.0,16.0,2026-09-05T14:00:00Z,90,False,20,0,0,0,2,0,3,0,1462107,1,1,1,1,43.0,2,-240730,72058,312788,80,True,0
Tom Cairney,MID,Fulham,0.0,0,0,0,0,0,0.0,0,266,0.00,0.00,0.00,0.00,24,0,0,0.0,0.0,2026-09-05T14:00:00Z,0,False,8,0,0,0,0,0,3,0,335,0,0,3,2,0.0,0,-58,24,82,50,True,0
Conor Bradley,DEF,Liverpool,0.0,0,0,0,0,0,0.0,0,360,0.00,0.00,0.00,0.00,21,0,0,0.0,0.0,2026-09-04T19:00:00Z,0,False,12,0,0,0,0,0,3,0,1036,0,0,2,0,0.0,0,-104,114,218,50,False,0
Oscar Bobb,MID,Fulham,2.0,0,0,17,0,0,58.8,4,264,0.65,0.97,0.32,1.97,24,3,0,12.3,11.2,2026-09-05T14:00:00Z,78,False,8,0,0,0,4,0,3,0,34364,1,0,3,2,53.0,2,-1360,4635,5995,55,True,0
Ollie Watkins,FWD,Aston Villa,0.0,0,0,0,0,0,0.0,0,55,0.00,0.00,0.00,0.00,25,0,0,0.0,0.0,2026-09-05T16:30:00Z,0,False,11,0,0,0,0,0,3,0,433685,0,0,0,0,0.0,0,-305129,4250,309379,78,False,0
Malick Yalcouyé,MID,Brighton,4.0,0,0,16,0,2,24.4,5,605,0.09,0.14,0.05,2.49,23,1,0,5.3,8.2,2026-09-05T14:00:00Z,90,False,13,0,0,0,3,0,3,0,252653,1,0,1,1,20.0,2,174780,208413,33633,45,True,0
Omar Alderete,DEF,Sunderland,0.2,0,0,0,0,0,0.0,0,535,0.00,0.00,0.00,0.00,22,0,0,0.0,0.0,2026-09-05T14:00:00Z,0,False,4,0,0,0,0,0,3,0,35107,0,0,1,1,0.0,0,-8564,1476,10040,50,False,0
Archie Gray,MID,Spurs,1.8,0,0,0,0,0,0.0,0,522,0.00,0.00,0.00,0.00,28,0,0,0.0,0.0,2026-09-05T14:00:00Z,0,False,18,0,0,0,0,0,3,0,21616,0,0,0,0,0.0,0,-1885,2161,4046,50,False,0
Noah Sadiki,MID,Sunderland,1.6,0,0,16,0,0,15.0,3,545,0.18,0.46,0.28,0.82,22,1,0,7.2,8.8,2026-09-05T14:00:00Z,73,False,4,0,0,0,3,0,3,0,29609,1,0,1,1,48.0,1,-3063,1887,4950,50,False,1
Chido Obi,FWD,Man Utd,0.0,0,0,0,0,0,0.0,0,441,0.00,0.00,0.00,0.00,30,0,0,0.0,0.0,2026-09-06T13:00:00Z,0,False,9,0,0,0,0,0,3,0,125871,0,0,2,2,0.0,0,3280,19118,15838,45,False,0
Matheus França de Oliveira,MID,Crystal Palace,0.0,0,0,0,0,0,0.0,0,217,0.00,0.00,0.00,0.00,24,0,0,0.0,0.0,2026-09-05T14:00:00Z,0,False,10,0,0,0,0,0,3,0,2633,0,0,3,2,0.0,0,-173,933,1106,49,False,0
Luka Vušković,DEF,Brighton,6.4,0,2,27,0,8,1.8,10,504,0.01,0.20,0.19,2.49,23,1,1,9.8,56.2,2026-09-05T14:00:00Z,90,False,13,0,0,0,4,0,3,0,244648,1,2,1,1,40.0,12,-9735,22843,32578,50,True,0
Ben Davies,DEF,Spurs,0.0,0,0,0,0,0,0.0,0,508,0.00,0.00,0.00,0.00,28,0,0,0.0,0.0,2026-09-05T14:00:00Z,0,False,18,0,0,0,0,0,3,0,98874,0,0,0,0,0.0,0,-7462,4305,11767,40,False,0
Liam Millar,MID,Hull City,0.0,0,0,0,0,0,0.0,0,287,0.00,0.00,0.00,0.00,25,0,0,0.0,0.0,2026-09-05T16:30:00Z,0,False,2,0,0,0,0,0,3,0,6931,0,0,0,0,0.0,0,140,2873,2733,50,True,0
Dominik Szoboszlai,MID,Liverpool,3.6,0,0,20,1,3,29.9,9,368,0.08,0.24,0.16,0.75,21,0,0,7.0,19.4,2026-09-04T19:00:00Z,90,False,12,0,0,0,6,0,3,0,4313411,1,0,2,0,21.0,3,-105407,281021,386428,70,False,0
George Hirst,FWD,Ipswich Town,0.0,0,0,0,0,0,0.0,0,317,0.00,0.00,0.00,0.00,21,0,0,0.0,0.0,2026-09-04T19:00:00Z,0,False,14,0,0,0,0,0,3,0,11907,0,0,2,0,0.0,0,-4365,0,4365,50,True,0
Tom Heaton,GK,Man Utd,0.0,0,0,0,0,0,0.0,0,414,0.00,0.00,0.00,0.00,30,0,0,0.0,0.0,2026-09-06T13:00:00Z,0,False,9,0,0,0,0,0,3,0,8868,0,0,2,2,0.0,0,-342,634,976,40,False,0
Rayan Aït-Nouri,DEF,Man City,0.0,0,0,0,0,0,0.0,0,392,0.00,0.00,0.00,0.00,26,0,0,0.0,0.0,2026-09-05T14:00:00Z,0,False,7,0,0,0,0,0,3,0,56252,0,0,0,1,0.0,0,-23051,2020,25071,54,True,0
Nico González Iglesias,MID,Newcastle,0.0,0,0,11,0,1,12.4,7,405,0.01,0.01,0.00,1.33,27,2,0,2.1,6.2,2026-09-05T11:30:00Z,76,False,3,0,0,0,6,0,3,0,26047,1,0,2,2,2.0,2,7163,10136,2973,55,True,0
Nathan Patterson,DEF,Everton,0.0,0,0,0,0,0,0.0,0,234,0.00,0.00,0.00,0.00,30,0,0,0.0,0.0,2026-09-06T13:00:00Z,0,False,16,0,0,0,0,0,3,0,2692,0,0,2,2,0.0,0,-715,164,879,45,True,0
Raphael Borges Rodrigues,MID,Coventry City,0.0,0,0,0,0,0,0.0,0,191,0.00,0.00,0.00,0.00,26,0,0,0.0,0.0,2026-09-05T14:00:00Z,0,False,15,0,0,0,0,0,3,0,14534,0,0,0,1,0.0,0,-2425,1263,3688,45,False,0
Josh Dasilva,MID,Brentford,0.0,0,0,0,0,0,0.0,0,103,0.00,0.00,0.00,0.00,22,0,0,0.0,0.0,2026-09-05T14:00:00Z,0,False,20,0,0,0,0,0,3,0,2280,0,0,1,1,0.0,0,-369,180,549,50,True,0
Gabriel Fernando de Jesus,FWD,Arsenal,0.0,0,0,0,0,0,0.0,0,27,0.00,0.00,0.00,0.00,29,0,0,0.0,0.0,2026-09-06T15:30:00Z,0,False,6,0,0,0,0,0,3,0,26101,0,0,1,2,0.0,0,-8859,2250,11109,59,True,0
Reece James,DEF,Chelsea,0.4,0,0,9,0,3,15.0,3,142,0.05,0.12,0.07,2.05,29,2,0,4.1,12.6,2026-09-06T15:30:00Z,90,False,1,0,0,0,6,0,3,0,810910,1,0,1,2,13.0,1,-184123,27039,211162,55,False,0
Issa Diop,DEF,Ipswich Town,2.4,0,0,10,0,9,10.8,11,259,0.01,0.01,0.00,0.69,21,2,0,3.8,27.2,2026-09-04T19:00:00Z,90,False,14,0,0,0,2,0,3,0,1603991,1,2,2,0,0.0,3,-81636,43514,125150,40,True,0
Omar Marmoush,FWD,Spurs,1.6,0,0,6,1,0,2.4,0,401,0.01,0.18,0.17,0.88,28,0,0,1.0,0.0,2026-09-05T14:00:00Z,83,False,18,0,0,0,0,0,3,0,232425,1,0,0,0,10.0,2,64907,100495,35588,70,False,0
Marcus Bettinelli,GK,Man City,0.0,0,0,0,0,0,0.0,0,386,0.00,0.00,0.00,0.00,26,0,0,0.0,0.0,2026-09-05T14:00:00Z,0,False,7,0,0,0,0,0,3,0,2867,0,0,0,1,0.0,0,-201,172,373,45,True,0
Tijjani Reijnders,MID,Man City,0.0,0,0,0,0,0,0.0,0,404,0.00,0.00,0.00,0.00,26,0,0,0.0,0.0,2026-09-05T14:00:00Z,0,False,7,0,0,0,0,0,3,0,4425,0,0,0,1,0.0,0,-1696,0,1696,60,True,0
Jørgen Strand Larsen,FWD,Crystal Palace,2.4,0,0,4,0,1,0.8,4,222,0.00,0.00,0.00,1.54,24,0,0,0.3,2.4,2026-09-05T14:00:00Z,45,False,10,0,0,0,3,0,3,0,51335,0,0,3,2,0.0,1,-981,7524,8505,60,False,0
Merlin Röhl,MID,Everton,0.0,0,0,10,0,2,16.8,6,246,0.13,0.13,0.00,0.40,30,1,0,2.1,4.4,2026-09-06T13:00:00Z,74,False,16,0,0,0,4,0,3,0,5345,1,0,2,2,0.0,1,-587,580,1167,50,True,1
Noah Okafor,MID,Leeds,3.0,0,0,9,1,0,0.6,0,336,0.01,0.01,0.00,0.24,23,0,0,0.4,1.4,2026-09-05T14:00:00Z,61,False,5,0,0,0,0,0,3,0,32691,1,0,1,1,2.0,3,-8372,2519,10891,59,False,0
Anton Stach,MID,Leeds,4.4,0,0,7,0,2,16.5,6,335,0.10,0.42,0.32,2.19,23,1,0,5.1,15.4,2026-09-05T14:00:00Z,90,False,5,0,0,0,2,0,3,0,303711,1,2,1,1,19.0,2,12619,62176,49557,60,False,0
Tyler Bindon,DEF,Nott'm Forest,0.0,0,0,0,0,0,0.0,0,479,0.00,0.00,0.00,0.00,28,0,0,0.0,0.0,2026-09-05T14:00:00Z,0,False,19,0,0,0,0,0,3,0,15742,0,0,0,0,0.0,0,-2507,434,2941,40,True,0
Divine Mukasa,MID,Man City,0.0,0,0,0,0,0,0.0,0,409,0.00,0.00,0.00,0.00,26,0,0,0.0,0.0,2026-09-05T14:00:00Z,0,False,7,0,0,0,0,0,3,0,14465,0,0,0,1,0.0,0,-3281,694,3975,45,True,0
Sven Botman,DEF,Newcastle,3.0,0,0,3,0,8,0.9,9,447,0.16,0.16,0.00,1.37,27,2,0,3.1,26.0,2026-09-05T11:30:00Z,90,False,3,0,0,0,3,0,3,0,69972,1,1,2,2,4.0,1,8611,15452,6841,50,True,0
Jack Grealish,MID,Everton,1.2,0,0,8,0,0,12.3,1,238,0.13,0.15,0.02,0.31,30,1,0,2.8,6.0,2026-09-06T13:00:00Z,24,False,16,0,0,0,0,0,3,0,28839,0,1,2,2,10.0,1,3989,9521,5532,65,True,0
Mateus Fernandes,MID,Spurs,1.4,0,0,-1,0,0,0.4,0,525,0.00,0.00,0.00,0.04,28,0,0,0.0,0.0,2026-09-05T14:00:00Z,7,False,18,0,0,0,0,0,3,0,123903,0,0,0,0,0.0,0,-38063,4942,43005,59,False,1
Tom Watson,MID,Brighton,0.0,0,0,0,0,0,0.0,0,133,0.00,0.00,0.00,0.00,23,0,0,0.0,0.0,2026-09-05T14:00:00Z,0,False,13,0,0,0,0,0,3,0,139,0,0,1,1,0.0,0,-46,0,46,50,True,0
Luke Woolfenden,DEF,Coventry City,0.0,0,0,0,0,0,0.0,0,180,0.00,0.00,0.00,0.00,26,0,0,0.0,0.0,2026-09-05T14:00:00Z,0,False,15,0,0,0,0,0,3,0,15091,0,0,0,1,0.0,0,-2522,659,3181,40,False,0
Jaouen Hadjam,DEF,Brighton,0.0,0,0,0,0,0,0.0,0,614,0.00,0.00,0.00,0.00,23,0,0,0.0,0.0,2026-09-05T14:00:00Z,0,False,13,0,0,0,0,0,3,0,4150,0,0,1,1,0.0,0,1310,1795,485,45,True,0
Mike Penders,GK,Chelsea,0.0,0,0,0,0,0,0.0,0,560,0.00,0.00,0.00,0.00,29,0,0,0.0,0.0,2026-09-06T15:30:00Z,0,False,1,0,0,0,0,0,3,0,6809,0,0,1,2,0.0,0,-769,363,1132,45,False,0
Stefanos Tzimas,FWD,Brighton,0.0,0,0,0,0,0,0.0,0,137,0.00,0.00,0.00,0.00,23,0,0,0.0,0.0,2026-09-05T14:00:00Z,0,False,13,0,0,0,0,0,3,0,754,0,0,1,1,0.0,0,-130,80,210,55,True,0
Facundo Buonanotte,MID,Brighton,0.0,0,0,0,0,0,0.0,0,128,0.00,0.00,0.00,0.00,23,0,0,0.0,0.0,2026-09-05T14:00:00Z,0,False,13,0,0,0,0,0,3,0,257,0,0,1,1,0.0,0,-94,0,94,50,True,0
Alexis Mac Allister,MID,Liverpool,1.2,0,0,14,1,3,12.8,11,372,0.02,0.10,0.08,0.60,21,0,0,4.7,16.6,2026-09-04T19:00:00Z,83,False,12,0,0,0,5,0,3,0,147584,1,3,2,0,18.0,2,-17436,10622,28058,55,False,1
Darnell Furlong,DEF,Ipswich Town,0.2,0,0,0,0,0,0.0,0,308,0.00,0.00,0.00,0.00,21,0,0,0.0,0.0,2026-09-04T19:00:00Z,0,False,14,0,0,0,0,0,3,0,55806,0,0,2,0,0.0,0,-3936,612,4548,40,True,0
Sávio Moreira de Oliveira,MID,Spurs,1.6,0,0,15,1,0,17.3,0,403,0.27,0.29,0.02,0.49,28,0,0,3.9,6.2,2026-09-05T14:00:00Z,60,False,18,0,0,0,0,0,3,0,68277,1,0,0,0,15.0,3,-23670,15136,38806,65,False,0
Djed Spence,DEF,Spurs,0.0,0,0,0,0,0,0.0,0,505,0.00,0.00,0.00,0.00,28,0,0,0.0,0.0,2026-09-05T14:00:00Z,0,False,18,0,0,0,0,0,3,0,33138,0,0,0,0,0.0,0,-14294,0,14294,45,False,0
Lucas Herrington,DEF,Hull City,1.0,0,0,2,0,1,0.1,2,585,0.00,0.00,0.00,0.12,25,0,0,0.7,6.6,2026-09-05T16:30:00Z,19,False,2,0,0,0,1,0,3,0,64658,0,1,0,0,0.0,1,-1665,3434,5099,40,True,0
Alex Cairns,GK,Leeds,0.0,0,0,0,0,0,0.0,0,625,0.00,0.00,0.00,0.00,23,0,0,0.0,0.0,2026-09-05T14:00:00Z,0,False,5,0,0,0,0,0,3,0,19774,0,0,1,1,0.0,0,8041,9425,1384,40,False,0
Tammy Abraham,FWD,Aston Villa,0.8,0,0,3,0,0,1.0,1,56,0.00,0.00,0.00,0.35,25,0,0,0.3,2.0,2026-09-05T16:30:00Z,5,False,11,0,0,0,0,0,3,0,14917,0,1,0,0,0.0,1,2174,4925,2751,55,False,0
Danny Welbeck,FWD,Chelsea,0.8,0,0,3,0,0,0.3,0,136,0.00,0.00,0.00,0.00,29,0,0,0.2,0.0,2026-09-06T15:30:00Z,3,False,1,0,0,0,0,0,3,0,84671,0,0,1,2,2.0,1,-16503,7873,24376,59,False,0
Nick Woltemade,FWD,Newcastle,0.0,0,0,0,0,0,0.0,0,463,0.00,0.00,0.00,0.00,27,0,0,0.0,0.0,2026-09-05T11:30:00Z,0,False,3,0,0,0,0,0,3,0,103336,0,0,2,2,0.0,0,-49449,7327,56776,59,True,0
Reiss Nelson,MID,Arsenal,0.0,0,0,0,0,0,0.0,0,24,0.00,0.00,0.00,0.00,29,0,0,0.0,0.0,2026-09-06T15:30:00Z,0,False,6,0,0,0,0,0,3,0,662,0,0,1,2,0.0,0,-299,4,303,55,True,0
Adam Smith,DEF,Bournemouth,0.4,0,0,3,0,3,25.3,4,64,0.04,0.05,0.01,0.71,27,2,0,3.9,9.6,2026-09-05T11:30:00Z,90,False,17,0,0,0,6,0,3,0,13869,1,1,2,2,4.0,0,-461,1630,2091,45,False,1
Steven Benda,GK,Nott'm Forest,0.0,0,0,0,0,0,0.0,0,590,0.00,0.00,0.00,0.00,28,0,0,0.0,0.0,2026-09-05T14:00:00Z,0,False,19,0,0,0,0,0,3,0,7389,0,0,0,0,0.0,0,79,950,871,45,True,0
Brian Brobbey,FWD,Sunderland,1.4,0,0,11,0,0,37.1,3,552,0.06,0.32,0.26,1.21,22,1,0,7.1,4.4,2026-09-05T14:00:00Z,90,False,4,0,0,0,3,0,3,0,912046,1,0,1,1,29.0,2,-321733,27284,349017,59,False,0
Lucas Estella Perri,GK,Leeds,0.0,0,0,0,0,0,0.0,0,326,0.00,0.00,0.00,0.00,23,0,0,0.0,0.0,2026-09-05T14:00:00Z,0,False,5,0,0,0,0,0,3,0,45033,0,0,1,1,0.0,0,-9253,204,9457,45,False,0
Will Hughes,MID,Crystal Palace,0.4,0,0,3,0,2,0.3,3,212,0.00,0.00,0.00,0.57,24,0,0,0.3,2.4,2026-09-05T14:00:00Z,16,False,10,0,0,0,1,0,3,0,969611,0,0,3,2,0.0,1,-96023,37588,133611,45,False,0
Victor Torp,MID,Coventry City,0.6,0,0,0,0,0,0.0,0,188,0.00,0.00,0.00,0.00,26,0,0,0.0,0.0,2026-09-05T14:00:00Z,0,False,15,0,0,0,0,0,3,0,13303,0,0,0,1,0.0,0,-2872,100,2972,54,False,0
Rodrigo Muniz Carvalho,FWD,Fulham,0.6,0,0,5,0,0,10.1,0,271,0.00,0.38,0.38,0.00,24,0,0,4.0,3.2,2026-09-05T14:00:00Z,7,False,8,0,0,0,0,0,3,0,49384,0,0,3,2,27.0,1,-6919,4409,11328,55,True,0
Trey Nyoni,MID,Liverpool,0.4,0,0,3,0,0,0.1,0,375,0.00,0.00,0.00,0.15,21,0,0,0.0,0.2,2026-09-04T19:00:00Z,6,False,12,0,0,0,0,0,3,0,3899,0,0,2,0,0.0,1,-319,503,822,50,False,0
