name,position,team,xP,assists,bonus,bps,clean_sheets,clearances_blocks_interceptions,creativity,defensive_contribution,element,expected_assists,expected_goal_involvements,expected_goals,expected_goals_conceded,fixture,goals_conceded,goals_scored,ict_index,influence,kickoff_time,minutes,modified,opponent_team,own_goals,penalties_missed,penalties_saved,recoveries,red_cards,round,saves,selected,starts,tackles,team_a_score,team_h_score,threat,total_points,transfers_balance,transfers_in,transfers_out,value,was_home,yellow_cards
Sean Neave,FWD,Newcastle,0.0,0,0,0,0,0,0.0,0,466,0.00,0.00,0.00,0.00,40,0,0,0.0,0.0,2026-09-14T19:00:00Z,0,False,13,0,0,0,0,0,4,0,66182,0,0,1,4,0.0,0,-17854,0,17854,45,False,0
Ismaïla Sarr,MID,Crystal Palace,0.0,0,0,0,0,0,0.0,0,208,0.00,0.00,0.00,0.00,34,0,0,0.0,0.0,2026-09-12T14:00:00Z,0,False,12,0,0,0,0,0,4,0,77747,0,0,3,2,0.0,0,-36877,179,37056,63,True,0
Martín Zubimendi Ibáñez,MID,Arsenal,1.0,0,0,5,0,0,0.2,2,19,0.00,0.00,0.00,0.40,36,0,0,0.4,3.4,2026-09-12T19:00:00Z,9,False,20,0,0,0,1,0,4,0,71283,0,1,2,0,0.0,1,-11465,1507,12972,54,False,0
Tyrique George,MID,Everton,3.8,0,0,13,1,1,15.4,3,242,0.15,0.20,0.05,0.39,37,0,0,2.7,6.4,2026-09-12T16:30:00Z,64,False,19,0,0,0,2,0,4,0,67366,1,0,0,0,5.0,3,36647,50072,13425,55,False,0
Xaver Schlager,MID,Nott'm Forest,2.2,0,0,18,0,3,15.2,16,558,0.02,0.08,0.06,0.82,31,1,0,5.4,21.8,2026-09-12T14:00:00Z,90,False,2,0,0,0,7,0,4,0,10277,1,6,2,1,17.0,3,-224,1040,1264,50,False,1
Matt O'Riley,MID,Brighton,0.4,0,0,4,0,0,10.5,1,126,0.01,0.01,0.00,0.04,38,0,0,1.3,2.2,2026-09-13T13:00:00Z,6,False,7,0,0,0,1,0,4,0,10605,0,0,5,0,0.0,1,-515,901,1416,55,False,0
Jamie Bynoe-Gittens,MID,Chelsea,0.0,0,0,0,0,0,0.0,0,158,0.00,0.00,0.00,0.00,33,0,0,0.0,0.0,2026-09-12T14:00:00Z,0,False,11,0,0,0,0,0,4,0,2962,0,0,2,2,0.0,0,-225,250,475,59,True,0
António João Pereira de Albuquerque Tavares da Silva,DEF,Bournemouth,2.0,0,0,-2,0,10,5.3,10,566,0.23,0.81,0.58,0.50,32,2,0,3.4,18.0,2026-09-12T14:00:00Z,90,False,4,0,0,0,5,0,4,0,44292,1,0,2,2,11.0,3,-299,5703,6002,50,True,0
Kai Andrews,MID,Coventry City,0.0,0,0,0,0,0,0.0,0,192,0.00,0.00,0.00,0.00,38,0,0,0.0,0.0,2026-09-13T13:00:00Z,0,False,5,0,0,0,0,0,4,0,36602,0,0,5,0,0.0,0,-8343,0,8343,45,True,0
Matheus Nunes,DEF,Man City,2.0,0,1,34,1,9,1.5,11,389,0.01,0.01,0.00,1.00,39,0,0,3.3,31.2,2026-09-13T15:30:00Z,90,False,16,0,0,0,8,0,4,0,99893,1,2,1,0,0.0,9,-8606,2401,11007,59,False,0
Jair Paula da Cunha Filho,DEF,Nott'm Forest,1.5,0,0,0,0,0,0.0,0,474,0.00,0.00,0.00,0.00,31,0,0,0.0,0.0,2026-09-12T14:00:00Z,0,False,2,0,0,0,0,0,4,0,24942,0,0,2,1,0.0,0,3885,8098,4213,45,False,0
Rúben dos Santos Gato Alves Dias,DEF,Man City,3.2,0,0,24,1,7,0.2,7,390,0.00,0.00,0.00,1.00,39,0,0,2.0,17.4,2026-09-13T15:30:00Z,90,False,16,0,0,0,2,0,4,0,188216,1,0,1,0,2.0,6,-6512,11031,17543,55,False,0
Tyler Fredricson,DEF,Man Utd,0.0,0,0,0,0,0,0.0,0,425,0.00,0.00,0.00,0.00,39,0,0,0.0,0.0,2026-09-13T15:30:00Z,0,False,15,0,0,0,0,0,4,0,1428,0,0,1,0,0.0,0,-152,0,152,40,True,0
Luke Shaw,DEF,Man Utd,0.7,0,0,0,0,0,0.0,0,423,0.00,0.00,0.00,0.00,39,0,0,0.0,0.0,2026-09-13T15:30:00Z,0,False,15,0,0,0,0,0,4,0,1210238,0,0,1,0,0.0,0,-396169,21871,418040,44,True,0
Romaine Mundle,MID,Sunderland,0.0,0,0,0,0,0,0.0,0,547,0.00,0.00,0.00,0.00,36,0,0,0.0,0.0,2026-09-12T19:00:00Z,0,False,1,0,0,0,0,0,4,0,691,0,0,2,0,0.0,0,-146,53,199,49,True,0
Senne Lammens,GK,Man Utd,1.4,0,0,5,0,1,0.0,0,412,0.00,0.00,0.00,1.10,39,1,0,0.7,6.6,2026-09-13T15:30:00Z,90,False,15,0,0,0,5,0,4,1,1178768,1,0,1,0,0.0,2,-227696,11379,239075,50,True,0
Ilia Gruev,MID,Leeds,0.0,0,0,0,0,0,0.0,0,344,0.00,0.00,0.00,0.00,40,0,0,0.0,0.0,2026-09-14T19:00:00Z,0,False,17,0,0,0,0,0,4,0,317,0,0,1,4,0.0,0,-45,13,58,50,True,0
Giorgi Mamardashvili,GK,Liverpool,0.0,0,0,0,0,0,0.0,0,351,0.00,0.00,0.00,0.00,35,0,0,0.0,0.0,2026-09-12T14:00:00Z,0,False,10,0,0,0,0,0,4,0,13938,0,0,0,0,0.0,0,-1342,513,1855,49,True,0
Antonín Kinský,GK,Spurs,3.6,0,0,29,1,4,0.0,0,496,0.00,0.00,0.00,1.11,37,0,0,2.0,19.8,2026-09-12T16:30:00Z,90,False,9,0,0,0,3,0,4,3,1930350,1,0,0,0,0.0,7,-84513,146399,230912,45,True,0
Vitaly Janelt,MID,Brentford,5.6,0,0,20,0,11,14.4,20,98,0.08,0.08,0.00,1.75,32,2,0,4.3,28.4,2026-09-12T14:00:00Z,90,False,3,0,0,0,6,0,4,0,266936,1,3,2,2,0.0,4,139007,176461,37454,50,False,0
Cristian Romero,DEF,Spurs,0.0,0,0,0,0,0,0.0,0,500,0.00,0.00,0.00,0.00,37,0,0,0.0,0.0,2026-09-12T16:30:00Z,0,False,9,0,0,0,0,0,4,0,10093,0,0,0,0,0.0,0,-1362,0,1362,50,True,0
Caoimhín Kelleher,GK,Brentford,4.0,0,0,19,0,1,0.0,0,82,0.00,0.00,0.00,1.75,32,2,0,4.4,44.0,2026-09-12T14:00:00Z,90,False,3,0,0,0,11,0,4,8,702931,1,0,2,2,0.0,3,-23973,34374,58347,50,False,0
Guglielmo Vicario,GK,Spurs,0.0,0,0,0,0,0,0.0,0,494,0.00,0.00,0.00,0.00,37,0,0,0.0,0.0,2026-09-12T16:30:00Z,0,False,9,0,0,0,0,0,4,0,16026,0,0,0,0,0.0,0,-2498,0,2498,45,True,0
Gerónimo Rulli,GK,Man City,0.0,0,0,0,0,0,0.0,0,587,0.00,0.00,0.00,0.00,39,0,0,0.0,0.0,2026-09-13T15:30:00Z,0,False,16,0,0,0,0,0,4,0,2136,0,0,1,0,0.0,0,-127,129,256,50,False,0
Vitezslav Jaros,GK,Liverpool,0.0,0,0,0,0,0,0.0,0,354,0.00,0.00,0.00,0.00,35,0,0,0.0,0.0,2026-09-12T14:00:00Z,0,False,10,0,0,0,0,0,4,0,1961,0,0,0,0,0.0,0,157,567,410,40,True,0
Ellis Simms,FWD,Coventry City,0.6,0,0,0,0,0,0.0,0,195,0.00,0.00,0.00,0.00,38,0,0,0.0,0.0,2026-09-13T13:00:00Z,0,False,5,0,0,0,0,0,4,0,81354,0,0,5,0,0.0,0,-8583,5606,14189,50,True,0
Borna Sosa,DEF,Crystal Palace,0.0,0,0,0,0,0,0.0,0,205,0.00,0.00,0.00,0.00,34,0,0,0.0,0.0,2026-09-12T14:00:00Z,0,False,12,0,0,0,0,0,4,0,1928,0,0,3,2,0.0,0,-639,0,639,45,True,0
Ryan Gravenberch,MID,Liverpool,1.6,0,0,13,0,7,11.4,10,371,0.01,0.05,0.04,0.54,35,0,0,3.3,19.6,2026-09-12T14:00:00Z,59,False,10,0,0,0,1,0,4,0,140580,1,2,0,0,2.0,1,-33117,5155,38272,59,True,0
Wilson Isidor,FWD,Sunderland,2.8,0,0,1,0,0,0.1,1,553,0.00,0.00,0.00,1.07,36,1,0,0.1,1.2,2026-09-12T19:00:00Z,20,False,1,0,0,0,0,0,4,0,163059,0,1,2,0,0.0,1,25312,47557,22245,55,True,0
Yéremy Pino Santos,MID,Crystal Palace,2.4,0,0,4,0,0,2.7,1,211,0.01,0.01,0.00,0.38,34,1,0,0.5,0.0,2026-09-12T14:00:00Z,36,False,12,0,0,0,1,0,4,0,63756,1,0,3,2,2.0,1,27655,36851,9196,55,True,0
Harvey Elliott,MID,Liverpool,0.0,0,0,0,0,0,0.0,0,383,0.00,0.00,0.00,0.00,35,0,0,0.0,0.0,2026-09-12T14:00:00Z,0,False,10,0,0,0,0,0,4,0,4155,0,0,0,0,0.0,0,-1672,0,1672,54,True,0
Gabriel Gudmundsson,DEF,Leeds,1.6,0,0,26,1,1,8.6,4,331,0.18,0.18,0.00,0.58,40,0,0,2.3,10.0,2026-09-14T19:00:00Z,72,False,17,0,0,0,2,0,4,0,5954,1,3,1,4,4.0,6,621,1148,527,45,True,0
Andrey Nascimento dos Santos,MID,Man Utd,0.8,0,0,0,0,0,0.0,0,162,0.00,0.00,0.00,0.00,39,0,0,0.0,0.0,2026-09-13T15:30:00Z,0,False,15,0,0,0,0,0,4,0,72284,0,0,1,0,0.0,0,-13179,3527,16706,49,True,0
Altay Bayındır,GK,Man Utd,0.0,0,0,0,0,0,0.0,0,413,0.00,0.00,0.00,0.00,39,0,0,0.0,0.0,2026-09-13T15:30:00Z,0,False,15,0,0,0,0,0,4,0,1335,0,0,1,0,0.0,0,-137,0,137,45,True,0
Jamie Bynoe-Gittens,MID,Chelsea,0.0,0,0,0,0,0,0.0,0,158,0.00,0.00,0.00,0.00,33,0,0,0.0,0.0,2026-09-12T14:00:00Z,0,False,11,0,0,0,0,0,4,0,2962,0,0,2,2,0.0,0,-225,250,475,59,True,0
Tino Livramento,DEF,Newcastle,0.8,1,0,9,0,1,3.8,3,450,0.01,0.01,0.00,0.16,40,1,0,1.3,4.8,2026-09-14T19:00:00Z,32,False,13,0,0,0,4,0,4,0,6615,0,2,1,4,4.0,3,2452,3493,1041,49,False,1
Ali Al-Hamadi,FWD,Ipswich Town,0.0,0,0,0,0,0,0.0,0,322,0.00,0.00,0.00,0.00,34,0,0,0.0,0.0,2026-09-12T14:00:00Z,0,False,8,0,0,0,0,0,4,0,6747,0,0,3,2,0.0,0,-1678,0,1678,50,False,0
Jorge Cuenca Barreno,DEF,Fulham,0.6,0,0,0,0,0,0.0,0,255,0.00,0.00,0.00,0.00,35,0,0,0.0,0.0,2026-09-12T14:00:00Z,0,False,14,0,0,0,0,0,4,0,3009,0,0,0,0,0.0,0,-509,104,613,45,False,0
Igor Julio dos Santos de Paulo,DEF,Brighton,0.0,0,0,0,0,0,0.0,0,118,0.00,0.00,0.00,0.00,38,0,0,0.0,0.0,2026-09-13T13:00:00Z,0,False,7,0,0,0,0,0,4,0,5099,0,0,5,0,0.0,0,-1990,0,1990,45,False,0
Ryan Christie,MID,Bournemouth,0.6,0,0,7,0,3,14.4,7,75,0.12,0.12,0.00,0.11,32,0,0,2.5,6.6,2026-09-12T14:00:00Z,24,False,4,0,0,0,4,0,4,0,3640,0,0,2,2,4.0,1,542,1116,574,50,True,0
Harry Maguire,DEF,Man Utd,1.6,0,0,4,0,4,1.6,5,418,0.01,0.13,0.12,1.10,39,1,0,2.2,9.4,2026-09-13T15:30:00Z,90,False,15,0,0,0,6,0,4,0,1091541,1,1,1,0,11.0,1,-358924,17287,376211,49,True,1
Óscar Zambrano,MID,Hull City,0.0,0,0,0,0,0,0.0,0,294,0.00,0.00,0.00,0.00,33,0,0,0.0,0.0,2026-09-12T14:00:00Z,0,False,6,0,0,0,0,0,4,0,10293,0,0,2,2,0.0,0,258,1379,1121,45,False,0
Toby Collyer,MID,Man Utd,0.0,0,0,0,0,0,0.0,0,436,0.00,0.00,0.00,0.00,39,0,0,0.0,0.0,2026-09-13T15:30:00Z,0,False,15,0,0,0,0,0,4,0,1225,0,0,1,0,0.0,0,-257,0,257,50,True,0
Regan Slater,MID,Hull City,3.0,0,0,22,0,3,26.9,11,290,0.10,0.14,0.04,0.91,33,2,0,5.3,19.2,2026-09-12T14:00:00Z,90,False,6,0,0,0,5,0,4,0,601956,1,3,2,2,7.0,2,81497,170308,88811,45,False,0
Jaka Bijol,DEF,Leeds,2.4,0,0,0,0,0,0.0,0,327,0.00,0.00,0.00,0.00,40,0,0,0.0,0.0,2026-09-14T19:00:00Z,0,False,17,0,0,0,0,0,4,0,87595,0,0,1,4,0.0,0,-10468,4371,14839,50,True,0
Eliot Matazo,MID,Hull City,0.0,0,0,0,0,0,0.0,0,291,0.00,0.00,0.00,0.00,33,0,0,0.0,0.0,2026-09-12T14:00:00Z,0,False,6,0,0,0,0,0,4,0,664,0,0,2,2,0.0,0,1,117,116,45,False,0
Dango Ouattara,MID,Brentford,1.4,0,0,4,0,1,1.7,4,95,0.01,0.03,0.02,0.50,32,0,0,1.0,2.0,2026-09-12T14:00:00Z,30,False,3,0,0,0,3,0,4,0,64766,0,0,2,2,6.0,1,-22021,1377,23398,64,False,0
Veljko Milosavljevic,DEF,Bournemouth,0.0,0,0,0,0,0,0.0,0,63,0.00,0.00,0.00,0.00,32,0,0,0.0,0.0,2026-09-12T14:00:00Z,0,False,4,0,0,0,0,0,4,0,852,0,0,2,2,0.0,0,-94,70,164,50,True,0
Kjell Scherpen,GK,Ipswich Town,1.4,0,0,6,0,3,0.0,0,564,0.00,0.00,0.00,0.62,34,2,0,1.5,15.0,2026-09-12T14:00:00Z,90,False,8,0,0,0,9,0,4,2,63943,1,0,3,2,0.0,1,330,5936,5606,45,False,0
Jurriën Timber,DEF,Arsenal,0.2,0,0,3,0,2,1.9,3,5,0.01,0.01,0.00,1.57,36,0,0,0.8,6.0,2026-09-12T19:00:00Z,45,False,20,0,0,0,5,0,4,0,8281,0,1,2,0,0.0,1,-772,618,1390,65,False,0
Loum Tchaouna,MID,Coventry City,0.8,0,0,0,0,0,0.0,0,190,0.00,0.00,0.00,0.00,38,0,0,0.0,0.0,2026-09-13T13:00:00Z,0,False,5,0,0,0,0,0,4,0,11417,0,0,5,0,0.0,0,-1390,187,1577,54,True,0
Richarlison de Andrade,FWD,Spurs,0.0,0,0,0,0,0,0.0,0,527,0.00,0.00,0.00,0.00,37,0,0,0.0,0.0,2026-09-12T16:30:00Z,0,False,9,0,0,0,0,0,4,0,94527,0,0,0,0,0.0,0,-69368,0,69368,59,True,0
Dominic Solanke-Mitchell,FWD,Spurs,1.4,0,0,4,1,0,4.3,2,526,0.01,0.01,0.00,0.67,37,0,0,0.8,0.0,2026-09-12T16:30:00Z,62,False,9,0,0,0,2,0,4,0,96682,1,0,0,0,6.0,2,-14059,5756,19815,59,True,0
John Egan,DEF,Hull City,5.2,0,0,-1,0,12,0.5,14,277,0.00,0.04,0.04,0.91,33,2,0,2.1,14.2,2026-09-12T14:00:00Z,90,False,6,0,0,0,6,0,4,0,688208,1,2,2,2,6.0,2,150184,223735,73551,41,False,1
Nikola Milenković,DEF,Nott'm Forest,0.0,0,0,0,0,0,0.0,0,471,0.00,0.00,0.00,0.00,31,0,0,0.0,0.0,2026-09-12T14:00:00Z,0,False,2,0,0,0,0,0,4,0,171183,0,0,2,1,0.0,0,-346,9458,9804,55,False,0
Joao Gomes,MID,Aston Villa,0.4,0,0,0,0,0,0.0,0,54,0.00,0.00,0.00,0.00,31,0,0,0.0,0.0,2026-09-12T14:00:00Z,0,False,18,0,0,0,0,0,4,0,3819,0,0,2,1,0.0,0,-383,131,514,55,True,0
Quinten Timber,MID,Crystal Palace,2.0,0,0,24,0,2,4.9,16,644,0.03,0.13,0.10,1.68,34,3,0,5.7,25.2,2026-09-12T14:00:00Z,90,False,12,0,0,0,6,0,4,0,2570,1,8,3,2,27.0,4,1293,1757,464,50,True,0
Matt Crooks,MID,Hull City,0.6,0,0,2,0,5,0.4,10,289,0.00,0.00,0.00,0.55,33,2,0,1.1,11.0,2026-09-12T14:00:00Z,68,False,6,0,0,0,3,0,4,0,52575,1,2,2,2,0.0,1,-6726,2257,8983,45,False,1
Fábio Freitas Gouveia Carvalho,MID,Brentford,1.2,0,0,0,0,0,0.0,0,100,0.00,0.00,0.00,0.00,32,0,0,0.0,0.0,2026-09-12T14:00:00Z,0,False,3,0,0,0,0,0,4,0,2209,0,0,2,2,0.0,0,3,335,332,50,False,0
Nathan Collins,DEF,Brentford,0.0,0,0,0,0,0,0.0,0,84,0.00,0.00,0.00,0.00,32,0,0,0.0,0.0,2026-09-12T14:00:00Z,0,False,3,0,0,0,0,0,4,0,146784,0,0,2,2,0.0,0,-76756,1251,78007,55,False,0
Francisco Evanilson de Lima Barbosa,FWD,Bournemouth,3.2,1,0,22,0,1,40.0,4,79,0.25,0.25,0.00,0.48,32,2,0,6.7,22.8,2026-09-12T14:00:00Z,90,False,4,0,0,0,3,0,4,0,349369,1,0,2,2,4.0,5,3494,48861,45367,60,True,0
Martin Dubravka,GK,Spurs,0.0,0,0,0,0,0,0.0,0,497,0.00,0.00,0.00,0.00,37,0,0,0.0,0.0,2026-09-12T16:30:00Z,0,False,9,0,0,0,0,0,4,0,1929614,0,0,0,0,0.0,0,19545,144708,125163,40,True,0
Matz Sels,GK,Nott'm Forest,2.4,0,0,19,0,2,0.0,0,467,0.00,0.00,0.00,0.82,31,1,0,3.5,35.0,2026-09-12T14:00:00Z,90,False,2,0,0,0,11,0,4,5,147158,1,0,2,1,0.0,3,2211,15113,12902,50,False,0
Daichi Kamada,MID,Crystal Palace,3.6,2,0,30,0,0,21.9,1,214,0.05,0.05,0.00,1.20,34,2,0,6.0,36.2,2026-09-12T14:00:00Z,83,False,12,0,0,0,0,0,4,0,44888,1,1,3,2,2.0,8,11985,18109,6124,50,True,0
Sepp van den Berg,DEF,Brentford,0.0,0,0,0,0,0,0.0,0,85,0.00,0.00,0.00,0.00,32,0,0,0.0,0.0,2026-09-12T14:00:00Z,0,False,3,0,0,0,0,0,4,0,7443,0,0,2,2,0.0,0,-1184,70,1254,49,False,0
Michael Svoboda,DEF,Brighton,0.2,0,0,0,0,0,0.0,0,120,0.00,0.00,0.00,0.00,38,0,0,0.0,0.0,2026-09-13T13:00:00Z,0,False,7,0,0,0,0,0,4,0,5997,0,0,5,0,0.0,0,4,898,894,50,False,0
Nicolás Domínguez,MID,Nott'm Forest,0.2,0,0,0,0,0,0.0,0,487,0.00,0.00,0.00,0.00,31,0,0,0.0,0.0,2026-09-12T14:00:00Z,0,False,2,0,0,0,0,0,4,0,6666,0,0,2,1,0.0,0,-569,312,881,49,False,0
Micky van de Ven,DEF,Spurs,3.2,0,0,27,1,6,3.1,6,503,0.02,0.02,0.00,1.11,37,0,0,1.8,15.0,2026-09-12T16:30:00Z,90,False,9,0,0,0,4,0,4,0,414668,1,0,0,0,0.0,6,10120,33873,23753,50,True,0
Keane Lewis-Potter,MID,Brentford,4.4,0,0,0,0,1,1.6,2,86,0.13,0.16,0.03,1.25,32,2,0,0.8,0.8,2026-09-12T14:00:00Z,59,False,3,0,0,0,0,0,4,0,223550,1,1,2,2,6.0,1,-6193,26643,32836,55,False,0
Alex Scott,MID,Bournemouth,5.6,0,0,19,0,6,46.1,15,69,0.05,0.24,0.19,0.50,32,2,0,7.8,22.2,2026-09-12T14:00:00Z,90,False,4,0,0,0,7,0,4,0,657646,1,2,2,2,10.0,4,324036,386435,62399,61,True,0
Morgan Gibbs-White,MID,Nott'm Forest,5.2,1,3,42,0,0,98.5,4,480,0.91,1.07,0.16,0.82,31,1,0,16.4,39.0,2026-09-12T14:00:00Z,90,False,2,0,0,0,3,0,4,0,1011180,1,1,2,1,26.0,8,26861,175102,148241,79,False,0
Matt Targett,DEF,Hull City,0.2,0,0,0,0,0,0.0,0,556,0.00,0.00,0.00,0.00,33,0,0,0.0,0.0,2026-09-12T14:00:00Z,0,False,6,0,0,0,0,0,4,0,203969,0,0,2,2,0.0,0,-14007,5238,19245,40,False,0
Anthony Elanga,MID,Newcastle,0.0,0,0,0,0,0,0.0,0,454,0.00,0.00,0.00,0.00,40,0,0,0.0,0.0,2026-09-14T19:00:00Z,0,False,13,0,0,0,0,0,4,0,1209834,0,0,1,4,0.0,0,130728,326071,195343,62,False,0
Josh King,MID,Fulham,4.4,0,0,19,1,0,14.3,4,268,0.09,0.30,0.21,0.81,35,0,0,6.3,11.4,2026-09-12T14:00:00Z,76,False,14,0,0,0,2,0,4,0,130602,1,2,0,0,37.0,3,47115,81597,34482,55,False,0
Rúben dos Santos Gato Alves Dias,DEF,Man City,3.2,0,0,24,1,7,0.2,7,390,0.00,0.00,0.00,1.00,39,0,0,2.0,17.4,2026-09-13T15:30:00Z,90,False,16,0,0,0,2,0,4,0,188216,1,0,1,0,2.0,6,-6512,11031,17543,55,False,0
Ben Gannon-Doak,MID,Bournemouth,0.6,0,0,6,0,0,1.5,4,72,0.03,0.13,0.10,0.11,32,0,0,1.0,1.6,2026-09-12T14:00:00Z,8,False,4,0,0,0,3,0,4,0,6799,0,1,2,2,7.0,1,-612,413,1025,49,True,0
Daniel Muñoz Mejía,DEF,Nott'm Forest,0.6,0,0,23,0,3,55.9,7,201,0.18,0.40,0.22,0.82,31,1,0,12.7,31.6,2026-09-12T14:00:00Z,90,False,2,0,0,0,4,0,4,0,588016,1,4,2,1,39.0,2,-83474,11222,94696,54,False,0
Jacob Murphy,MID,Newcastle,0.6,0,0,2,0,0,3.7,4,457,0.14,0.14,0.00,1.91,40,3,0,0.7,1.2,2026-09-14T19:00:00Z,56,False,13,0,0,0,3,0,4,0,13575,1,1,1,4,2.0,0,-1103,1062,2165,59,False,1
Enes Ünal,FWD,Bournemouth,0.0,0,0,0,0,0,0.0,0,80,0.00,0.00,0.00,0.00,32,0,0,0.0,0.0,2026-09-12T14:00:00Z,0,False,4,0,0,0,0,0,4,0,1781,0,0,2,2,0.0,0,-219,0,219,55,True,0
Alysson Edward Franco da Rocha dos Santos,MID,Aston Villa,1.6,0,0,24,0,1,2.3,2,52,0.00,0.06,0.06,1.89,31,2,1,6.0,34.4,2026-09-12T14:00:00Z,45,False,18,0,0,0,1,0,4,0,4724,0,0,2,1,23.0,6,-205,508,713,50,True,0
Zavier Gozo,MID,Crystal Palace,0.4,0,0,3,0,0,0.3,0,595,0.00,0.00,0.00,0.48,34,1,0,0.0,0.0,2026-09-12T14:00:00Z,6,False,12,0,0,0,0,0,4,0,1406,0,0,3,2,0.0,1,-88,110,198,50,True,0
Freddie Woodman,GK,Liverpool,0.0,0,0,0,0,0,0.0,0,352,0.00,0.00,0.00,0.00,35,0,0,0.0,0.0,2026-09-12T14:00:00Z,0,False,10,0,0,0,0,0,4,0,111999,0,0,0,0,0.0,0,-3423,3509,6932,40,True,0
Tyler Adams,MID,Bournemouth,1.6,0,0,16,0,3,5.9,10,73,0.02,0.05,0.03,0.39,32,2,0,2.6,13.0,2026-09-12T14:00:00Z,81,False,4,0,0,0,5,0,4,0,29708,1,2,2,2,7.0,2,2015,5594,3579,50,True,0
Kristoffer Ajer,DEF,Brentford,4.2,0,0,0,0,7,0.5,9,87,0.00,0.02,0.02,1.75,32,2,0,2.4,15.2,2026-09-12T14:00:00Z,90,False,3,0,0,0,1,0,4,0,479881,1,2,2,2,8.0,1,-51781,52109,103890,45,False,0
Ewen Jaouen,GK,Newcastle,0.0,0,0,0,0,0,0.0,0,444,0.00,0.00,0.00,0.00,40,0,0,0.0,0.0,2026-09-14T19:00:00Z,0,False,13,0,0,0,0,0,4,0,2484,0,0,1,4,0.0,0,-244,97,341,45,False,0
Charlie Hughes,DEF,Hull City,0.0,0,0,0,0,0,0.0,0,278,0.00,0.00,0.00,0.00,33,0,0,0.0,0.0,2026-09-12T14:00:00Z,0,False,6,0,0,0,0,0,4,0,8103,0,0,2,2,0.0,0,-1016,174,1190,40,False,0
Nilson Angulo,MID,Sunderland,2.4,0,0,7,0,0,0.9,3,551,0.00,0.00,0.00,0.81,36,1,0,0.5,2.2,2026-09-12T19:00:00Z,69,False,1,0,0,0,1,0,4,0,14020,1,2,2,0,2.0,2,-1700,1450,3150,50,True,0
Matteo Ruggeri,DEF,Aston Villa,1.0,0,0,0,0,0,0.0,0,596,0.00,0.00,0.00,0.00,31,0,0,0.0,0.0,2026-09-12T14:00:00Z,0,False,18,0,0,0,0,0,4,0,9485,0,0,2,1,0.0,0,-993,272,1265,45,True,0
Trevoh Chalobah,DEF,Chelsea,0.0,0,0,0,0,0,0.0,0,143,0.00,0.00,0.00,0.00,33,0,0,0.0,0.0,2026-09-12T14:00:00Z,0,False,11,0,0,0,0,0,4,0,8308,0,0,2,2,0.0,0,-1338,0,1338,55,True,0
Malick Thiaw,DEF,Newcastle,2.8,0,0,-6,0,11,0.9,11,445,0.00,0.00,0.00,2.08,40,4,0,2.4,22.6,2026-09-14T19:00:00Z,90,False,13,0,0,0,1,0,4,0,227385,1,0,1,4,0.0,2,2995,48297,45302,50,False,0
Amar Dedic,DEF,Newcastle,0.0,0,0,-3,0,3,2.7,6,593,0.00,0.00,0.00,1.91,40,3,0,1.3,10.4,2026-09-14T19:00:00Z,57,False,13,0,0,0,4,0,4,0,313784,1,3,1,4,0.0,0,-7549,107522,115071,45,False,0
Lewie Coyle,DEF,Hull City,2.8,0,0,2,0,2,10.9,3,280,0.01,0.14,0.13,0.72,33,2,0,2.2,5.6,2026-09-12T14:00:00Z,81,False,6,0,0,0,4,0,4,0,65983,1,1,2,2,5.0,1,5360,9488,4128,40,False,0
Illan Meslier,GK,Arsenal,0.0,0,0,0,0,0,0.0,0,3,0.00,0.00,0.00,0.00,36,0,0,0.0,0.0,2026-09-12T19:00:00Z,0,False,20,0,0,0,0,0,4,0,3081,0,0,2,0,0.0,0,-200,108,308,49,False,0
James Maddison,MID,Spurs,0.6,0,0,3,0,2,3.8,3,515,0.01,0.01,0.00,0.03,37,0,0,1.1,6.8,2026-09-12T16:30:00Z,13,False,9,0,0,0,1,0,4,0,45874,0,0,0,0,0.0,1,-13096,447,13543,63,True,0
Joško Gvardiol,DEF,Man City,6.6,1,3,36,1,3,1.1,7,391,0.00,0.02,0.02,1.00,39,0,0,2.2,16.4,2026-09-13T15:30:00Z,90,False,16,0,0,0,3,0,4,0,2126959,1,4,1,0,4.0,11,152896,315722,162826,56,False,1
Dango Ouattara,MID,Brentford,1.4,0,0,4,0,1,1.7,4,95,0.01,0.03,0.02,0.50,32,0,0,1.0,2.0,2026-09-12T14:00:00Z,30,False,3,0,0,0,3,0,4,0,64766,0,0,2,2,6.0,1,-22021,1377,23398,64,False,0
Rayan Cherki,MID,Man City,5.2,0,0,4,0,1,6.6,1,399,0.06,0.09,0.03,0.20,39,0,0,1.2,1.6,2026-09-13T15:30:00Z,45,False,16,0,0,0,0,0,4,0,3069702,1,0,1,0,4.0,1,-139414,314949,454363,78,False,0
Jake O'Brien,DEF,Everton,0.4,0,0,2,0,1,0.0,1,232,0.00,0.00,0.00,0.26,37,0,0,0.1,1.0,2026-09-12T16:30:00Z,15,False,19,0,0,0,1,0,4,0,31964,0,0,0,0,0.0,1,-3863,666,4529,49,False,0
Jordan Pickford,GK,Everton,5.0,0,0,25,1,2,0.0,0,226,0.00,0.00,0.00,0.69,37,0,0,1.2,11.6,2026-09-12T16:30:00Z,90,False,19,0,0,0,11,0,4,2,922558,1,0,0,0,0.0,6,792,69771,68979,55,False,0
Bradley Burrowes,MID,Aston Villa,0.0,0,0,0,0,0,0.0,0,50,0.00,0.00,0.00,0.00,31,0,0,0.0,0.0,2026-09-12T14:00:00Z,0,False,18,0,0,0,0,0,4,0,71444,0,0,2,1,0.0,0,-1967,6646,8613,45,True,0
Pedro Porro Sauceda,DEF,Spurs,1.8,0,0,0,0,0,0.0,0,499,0.00,0.00,0.00,0.00,37,0,0,0.0,0.0,2026-09-12T16:30:00Z,0,False,9,0,0,0,0,0,4,0,1130296,0,0,0,0,0.0,0,-80703,48477,129180,55,True,0
Walter Benítez,GK,Crystal Palace,0.4,0,0,3,0,1,0.0,0,199,0.00,0.00,0.00,1.68,34,3,0,1.9,18.8,2026-09-12T14:00:00Z,90,False,12,0,0,0,7,0,4,3,11338,1,0,3,2,0.0,2,-389,563,952,45,True,0
Jeremy Monga,MID,Man City,0.0,0,0,0,0,0,0.0,0,410,0.00,0.00,0.00,0.00,39,0,0,0.0,0.0,2026-09-13T15:30:00Z,0,False,16,0,0,0,0,0,4,0,989,0,0,1,0,0.0,0,-363,0,363,49,False,0
Moisés Caicedo Corozo,MID,Chelsea,0.1,0,0,0,0,0,0.0,0,159,0.00,0.00,0.00,0.00,33,0,0,0.0,0.0,2026-09-12T14:00:00Z,0,False,11,0,0,0,0,0,4,0,149377,0,0,2,2,0.0,0,-48857,1342,50199,54,True,0
Mason Mount,MID,Man Utd,0.0,0,0,0,0,0,0.0,0,430,0.00,0.00,0.00,0.00,39,0,0,0.0,0.0,2026-09-13T15:30:00Z,0,False,15,0,0,0,0,0,4,0,2733,0,0,1,0,0.0,0,54,272,218,54,True,0
Lewis Cook,MID,Bournemouth,1.4,0,0,-1,0,2,0.3,2,71,0.00,0.00,0.00,0.11,32,0,0,0.1,0.6,2026-09-12T14:00:00Z,8,False,4,0,0,0,0,0,4,0,21878,0,0,2,2,0.0,0,-1358,2134,3492,50,True,1
Kobbie Mainoo,MID,Man Utd,3.6,0,0,20,0,4,37.2,13,432,0.07,0.10,0.03,1.10,39,1,0,5.8,19.8,2026-09-13T15:30:00Z,90,False,15,0,0,0,9,0,4,0,147734,1,0,1,0,1.0,4,17969,30157,12188,55,True,0
Nordi Mukiele,DEF,Sunderland,2.6,0,0,-5,0,3,4.9,6,533,0.02,0.72,0.70,1.88,36,2,0,6.1,10.4,2026-09-12T19:00:00Z,90,False,1,0,0,0,3,0,4,0,227847,1,3,2,0,46.0,0,-21852,6912,28764,55,True,1
Sean Steur,MID,Newcastle,1.6,0,0,14,0,3,20.2,7,462,0.03,0.03,0.00,1.81,40,4,0,3.2,12.0,2026-09-14T19:00:00Z,71,False,13,0,0,0,2,0,4,0,8079,0,2,1,4,0.0,2,-1064,390,1454,49,False,0
El Hadji Malick Diouf,DEF,Brentford,0.5,0,0,4,0,1,1.0,1,620,0.01,0.01,0.00,0.50,32,0,0,0.4,3.4,2026-09-12T14:00:00Z,30,False,3,0,0,0,1,0,4,0,10030,0,0,2,2,0.0,1,-31,1940,1971,45,False,0
Shumaira Mheuka,FWD,Chelsea,0.0,0,0,0,0,0,0.0,0,169,0.00,0.00,0.00,0.00,33,0,0,0.0,0.0,2026-09-12T14:00:00Z,0,False,11,0,0,0,0,0,4,0,44291,0,0,2,2,0.0,0,1152,6884,5732,45,True,0
David Raya Martín,GK,Arsenal,6.0,0,3,38,1,2,0.2,0,1,0.00,0.00,0.00,1.80,36,0,0,3.8,37.8,2026-09-12T19:00:00Z,90,False,20,0,0,1,14,0,4,2,4195206,1,0,2,0,0.0,14,34449,249119,214670,60,False,0
Samuel Iling-Junior,MID,Aston Villa,0.0,0,0,0,0,0,0.0,0,49,0.00,0.00,0.00,0.00,31,0,0,0.0,0.0,2026-09-12T14:00:00Z,0,False,18,0,0,0,0,0,4,0,188,0,0,2,1,0.0,0,-22,0,22,50,True,0
Ibrahim Sangaré,MID,Nott'm Forest,0.6,0,0,2,0,1,0.4,2,488,0.01,0.07,0.06,0.09,31,0,0,0.5,2.4,2026-09-12T14:00:00Z,8,False,2,0,0,0,0,0,4,0,52561,0,1,2,1,2.0,1,-9453,2665,12118,49,False,0
John Victor Maciel Furtado,GK,Nott'm Forest,0.0,0,0,0,0,0,0.0,0,468,0.00,0.00,0.00,0.00,31,0,0,0.0,0.0,2026-09-12T14:00:00Z,0,False,2,0,0,0,0,0,4,0,6251,0,0,2,1,0.0,0,-238,173,411,45,False,0
Caleb Yirenkyi,MID,Coventry City,1.2,0,0,3,0,0,10.5,0,575,0.01,0.01,0.00,0.64,38,2,0,1.0,0.0,2026-09-13T13:00:00Z,17,False,5,0,0,0,0,0,4,0,18325,0,0,5,0,0.0,1,-2489,641,3130,49,True,0
Darío Osorio,MID,Crystal Palace,0.3,0,0,0,0,0,0.0,0,647,0.00,0.00,0.00,0.00,34,0,0,0.0,0.0,2026-09-12T14:00:00Z,0,False,12,0,0,0,0,0,4,0,903,0,0,3,2,0.0,0,263,378,115,55,True,0
Noni Madueke,MID,Arsenal,0.4,0,0,0,0,0,0.0,0,16,0.00,0.00,0.00,0.00,36,0,0,0.0,0.0,2026-09-12T19:00:00Z,0,False,20,0,0,0,0,0,4,0,23695,0,0,2,0,0.0,0,-3081,1399,4480,63,False,0
Andrey Nascimento dos Santos,MID,Man Utd,0.8,0,0,0,0,0,0.0,0,162,0.00,0.00,0.00,0.00,39,0,0,0.0,0.0,2026-09-13T15:30:00Z,0,False,15,0,0,0,0,0,4,0,72284,0,0,1,0,0.0,0,-13179,3527,16706,49,True,0
Luca Williams-Barnett,MID,Spurs,0.0,0,0,0,0,0,0.0,0,601,0.00,0.00,0.00,0.00,37,0,0,0.0,0.0,2026-09-12T16:30:00Z,0,False,9,0,0,0,0,0,4,0,14941,0,0,0,0,0.0,0,403,2324,1921,45,True,0
Miguel Brau,DEF,Coventry City,0.0,0,0,0,0,0,0.0,0,181,0.00,0.00,0.00,0.00,38,0,0,0.0,0.0,2026-09-13T13:00:00Z,0,False,5,0,0,0,0,0,4,0,2631,0,0,5,0,0.0,0,-477,0,477,40,True,0
Nico Elvedi,DEF,Leeds,1.4,0,0,8,0,8,0.9,9,598,0.00,0.05,0.05,0.88,40,1,0,3.0,18.6,2026-09-14T19:00:00Z,90,False,17,0,0,0,3,0,4,0,4919,1,1,1,4,10.0,2,1498,2774,1276,45,True,0
Federico Chiesa,MID,Liverpool,0.0,0,0,0,0,0,0.0,0,370,0.00,0.00,0.00,0.00,35,0,0,0.0,0.0,2026-09-12T14:00:00Z,0,False,10,0,0,0,0,0,4,0,5591,0,0,0,0,0.0,0,-1366,14,1380,54,True,0
Aaron Anselmino,DEF,Chelsea,0.0,0,0,0,0,0,0.0,0,561,0.00,0.00,0.00,0.00,33,0,0,0.0,0.0,2026-09-12T14:00:00Z,0,False,11,0,0,0,0,0,4,0,2091,0,0,2,2,0.0,0,10,222,212,45,True,0
Carlos Alcaraz Durán,MID,Everton,0.2,0,0,0,0,0,0.0,0,243,0.00,0.00,0.00,0.00,37,0,0,0.0,0.0,2026-09-12T16:30:00Z,0,False,19,0,0,0,0,0,4,0,8215,0,0,0,0,0.0,0,-731,594,1325,49,False,0
Lewis Cook,MID,Bournemouth,1.4,0,0,-1,0,2,0.3,2,71,0.00,0.00,0.00,0.11,32,0,0,0.1,0.6,2026-09-12T14:00:00Z,8,False,4,0,0,0,0,0,4,0,21878,0,0,2,2,0.0,0,-1358,2134,3492,50,True,1
Emiliano Buendía Stati,MID,Aston Villa,4.2,0,0,8,0,0,3.9,5,41,0.01,0.01,0.00,1.42,31,1,0,0.1,0.0,2026-09-12T14:00:00Z,62,False,18,0,0,0,5,0,4,0,111856,1,0,2,1,0.0,2,-5900,15961,21861,59,True,0
Lewis Hall,DEF,Newcastle,6.0,0,0,9,0,2,3.9,6,449,0.01,0.03,0.02,2.08,40,4,0,3.2,21.0,2026-09-14T19:00:00Z,90,False,13,0,0,0,4,0,4,0,1512788,1,4,1,4,7.0,0,448146,563772,115626,52,False,0
Lisandro Martínez,DEF,Man Utd,1.2,0,0,14,0,3,3.4,6,419,0.08,0.11,0.03,1.10,39,1,0,3.1,20.2,2026-09-13T15:30:00Z,90,False,15,0,0,0,5,0,4,0,130813,1,3,1,0,7.0,2,-6006,7461,13467,50,True,0
Chris Rigg,MID,Sunderland,0.4,0,0,0,0,0,0.0,0,548,0.00,0.00,0.00,0.00,36,0,0,0.0,0.0,2026-09-12T19:00:00Z,0,False,1,0,0,0,0,0,4,0,5378,0,0,2,0,0.0,0,-504,130,634,49,True,0
Wellity Lucky,DEF,Liverpool,0.0,0,0,0,0,0,0.0,0,361,0.00,0.00,0.00,0.00,35,0,0,0.0,0.0,2026-09-12T14:00:00Z,0,False,10,0,0,0,0,0,4,0,13224,0,0,0,0,0.0,0,-645,832,1477,40,True,0
Thierno Barry,FWD,Everton,4.0,0,0,5,1,1,14.0,2,249,0.03,0.70,0.67,0.69,37,0,0,7.4,3.2,2026-09-12T16:30:00Z,90,False,19,0,0,0,1,0,4,0,666569,1,0,0,0,57.0,2,153695,273770,120075,56,False,0
Declan Rice,MID,Arsenal,4.0,1,0,27,1,6,36.4,10,13,0.37,0.37,0.00,1.41,36,0,0,8.1,45.0,2026-09-12T19:00:00Z,80,False,20,0,0,0,2,0,4,0,1379844,1,2,2,0,0.0,6,-126667,25889,152556,74,False,0
Jurriën Timber,DEF,Arsenal,0.2,0,0,3,0,2,1.9,3,5,0.01,0.01,0.00,1.57,36,0,0,0.8,6.0,2026-09-12T19:00:00Z,45,False,20,0,0,0,5,0,4,0,8281,0,1,2,0,0.0,1,-772,618,1390,65,False,0
Jean-Mattéo Bahoya,MID,Leeds,0.0,0,0,0,0,0,0.0,0,648,0.00,0.00,0.00,0.00,40,0,0,0.0,0.0,2026-09-14T19:00:00Z,0,False,17,0,0,0,0,0,4,0,1465,0,0,1,4,0.0,0,392,754,362,50,True,0
Bendito Mantato,MID,Man Utd,0.0,0,0,0,0,0,0.0,0,437,0.00,0.00,0.00,0.00,39,0,0,0.0,0.0,2026-09-13T15:30:00Z,0,False,15,0,0,0,0,0,4,0,19130,0,0,1,0,0.0,0,-694,1317,2011,45,True,0
Adam Wharton,MID,Crystal Palace,2.0,0,0,13,0,1,11.8,5,210,0.04,0.12,0.08,1.13,34,2,0,2.0,5.2,2026-09-12T14:00:00Z,76,False,12,0,0,0,3,0,4,0,91297,1,1,3,2,3.0,2,-1801,8794,10595,55,True,0
Matthijs de Ligt,DEF,Man Utd,0.0,0,0,0,0,0,0.0,0,416,0.00,0.00,0.00,0.00,39,0,0,0.0,0.0,2026-09-13T15:30:00Z,0,False,15,0,0,0,0,0,4,0,2411,0,0,1,0,0.0,0,-177,87,264,50,True,0
Diego Gómez Amarilla,MID,Brighton,4.8,0,0,6,1,1,9.0,3,127,0.06,0.20,0.14,1.30,38,0,0,2.0,2.4,2026-09-13T13:00:00Z,83,False,7,0,0,0,2,0,4,0,522783,1,0,5,0,9.0,3,5076,107677,102601,50,False,0
Joël Piroe,FWD,Leeds,0.0,0,0,0,0,0,0.0,0,348,0.00,0.00,0.00,0.00,40,0,0,0.0,0.0,2026-09-14T19:00:00Z,0,False,17,0,0,0,0,0,4,0,7440,0,0,1,4,0.0,0,-1516,0,1516,50,True,0
Yann Gboho,MID,Coventry City,0.0,0,0,0,0,0,0.0,0,655,0.00,0.00,0.00,0.00,38,0,0,0.0,0.0,2026-09-13T13:00:00Z,0,False,5,0,0,0,0,0,4,0,72,0,0,5,0,0.0,0,58,65,7,55,True,0
Jesurun Rak-Sakyi,MID,Crystal Palace,0.0,0,0,0,0,0,0.0,0,219,0.00,0.00,0.00,0.00,34,0,0,0.0,0.0,2026-09-12T14:00:00Z,0,False,12,0,0,0,0,0,4,0,492,0,0,3,2,0.0,0,-85,55,140,49,True,0
Tyler Dibling,MID,Everton,0.2,0,0,0,0,0,0.0,0,245,0.00,0.00,0.00,0.00,37,0,0,0.0,0.0,2026-09-12T16:30:00Z,0,False,19,0,0,0,0,0,4,0,3002,0,0,0,0,0.0,0,-295,210,505,54,False,0
Nico Elvedi,DEF,Leeds,1.4,0,0,8,0,8,0.9,9,598,0.00,0.05,0.05,0.88,40,1,0,3.0,18.6,2026-09-14T19:00:00Z,90,False,17,0,0,0,3,0,4,0,4919,1,1,1,4,10.0,2,1498,2774,1276,45,True,0
Tyler Fletcher,MID,Man Utd,0.0,0,0,0,0,0,0.0,0,438,0.00,0.00,0.00,0.00,39,0,0,0.0,0.0,2026-09-13T15:30:00Z,0,False,15,0,0,0,0,0,4,0,31369,0,0,1,0,0.0,0,-1858,1320,3178,45,True,0
Benoît Badiashile Mukinayi,DEF,Chelsea,0.0,0,0,0,0,0,0.0,0,146,0.00,0.00,0.00,0.00,33,0,0,0.0,0.0,2026-09-12T14:00:00Z,0,False,11,0,0,0,0,0,4,0,1183,0,0,2,2,0.0,0,-250,0,250,45,True,0
Michael Zetterer,GK,Leeds,0.0,0,0,0,0,0,0.0,0,629,0.00,0.00,0.00,0.00,40,0,0,0.0,0.0,2026-09-14T19:00:00Z,0,False,17,0,0,0,0,0,4,0,65838,0,0,1,4,0.0,0,18112,23210,5098,40,True,0
Jahnoah Markelo,FWD,Coventry City,0.0,0,0,0,0,0,0.0,0,196,0.00,0.00,0.00,0.00,38,0,0,0.0,0.0,2026-09-13T13:00:00Z,0,False,5,0,0,0,0,0,4,0,803,0,0,5,0,0.0,0,-136,0,136,50,True,0
Ryan Christie,MID,Bournemouth,0.6,0,0,7,0,3,14.4,7,75,0.12,0.12,0.00,0.11,32,0,0,2.5,6.6,2026-09-12T14:00:00Z,24,False,4,0,0,0,4,0,4,0,3640,0,0,2,2,4.0,1,542,1116,574,50,True,0
Justin Devenny,MID,Crystal Palace,0.0,0,0,0,0,0,0.0,0,215,0.00,0.00,0.00,0.00,34,0,0,0.0,0.0,2026-09-12T14:00:00Z,0,False,12,0,0,0,0,0,4,0,646,0,0,3,2,0.0,0,-276,0,276,50,True,0
Bafodé Diakité,DEF,Bournemouth,0.0,0,0,0,0,0,0.0,0,62,0.00,0.00,0.00,0.00,32,0,0,0.0,0.0,2026-09-12T14:00:00Z,0,False,4,0,0,0,0,0,4,0,18147,0,0,2,2,0.0,0,-1343,1310,2653,50,True,0
Younes Ibrahim,MID,Brighton,0.0,0,0,0,0,0,0.0,0,658,0.00,0.00,0.00,0.00,38,0,0,0.0,0.0,2026-09-13T13:00:00Z,0,False,7,0,0,0,0,0,4,0,0,0,0,5,0,0.0,0,0,0,0,45,False,0
Yehor Yarmoliuk,MID,Brentford,1.8,1,0,19,0,2,22.8,5,102,0.21,0.21,0.00,1.25,32,2,0,4.9,22.0,2026-09-12T14:00:00Z,59,False,3,0,0,0,3,0,4,0,78222,1,0,2,2,4.0,4,-15709,706,16415,49,False,0
Igor Jesus Maciel da Cruz,FWD,Nott'm Forest,2.2,0,2,34,0,0,11.0,3,491,0.01,0.14,0.13,0.09,31,0,1,6.4,36.4,2026-09-12T14:00:00Z,15,False,2,0,0,0,3,0,4,0,253573,0,0,2,1,17.0,7,-61409,12811,74220,59,False,0
Cheick Doucouré,MID,Crystal Palace,0.0,0,0,0,0,0,0.0,0,218,0.00,0.00,0.00,0.00,34,0,0,0.0,0.0,2026-09-12T14:00:00Z,0,False,12,0,0,0,0,0,4,0,5759,0,0,3,2,0.0,0,-468,470,938,49,True,0
Robert Lynch Sánchez,GK,Chelsea,0.0,0,0,0,0,0,0.0,0,140,0.00,0.00,0.00,0.00,33,0,0,0.0,0.0,2026-09-12T14:00:00Z,0,False,11,0,0,0,0,0,4,0,93763,0,0,2,2,0.0,0,-44507,0,44507,49,True,0
António João Pereira de Albuquerque Tavares da Silva,DEF,Bournemouth,2.0,0,0,-2,0,10,5.3,10,566,0.23,0.81,0.58,0.50,32,2,0,3.4,18.0,2026-09-12T14:00:00Z,90,False,4,0,0,0,5,0,4,0,44292,1,0,2,2,11.0,3,-299,5703,6002,50,True,0
Tyrone Mings,DEF,Aston Villa,2.0,0,0,0,0,4,0.6,5,33,0.00,0.09,0.09,2.08,31,2,0,2.0,15.6,2026-09-12T14:00:00Z,65,False,18,0,0,0,2,0,4,0,43024,0,1,2,1,4.0,0,2788,5312,2524,45,True,1
Ellis Simms,FWD,Coventry City,0.6,0,0,0,0,0,0.0,0,195,0.00,0.00,0.00,0.00,38,0,0,0.0,0.0,2026-09-13T13:00:00Z,0,False,5,0,0,0,0,0,4,0,81354,0,0,5,0,0.0,0,-8583,5606,14189,50,True,0
Triston Rowe,DEF,Aston Villa,0.0,0,0,0,0,0,0.0,0,606,0.00,0.00,0.00,0.00,31,0,0,0.0,0.0,2026-09-12T14:00:00Z,0,False,18,0,0,0,0,0,4,0,18103,0,0,2,1,0.0,0,1187,2914,1727,40,True,0
Florentino Ibrain Morris Luís,MID,Ipswich Town,0.4,0,0,8,0,1,21.3,2,571,0.01,0.01,0.00,0.27,34,0,0,3.2,9.0,2026-09-12T14:00:00Z,13,False,8,0,0,0,0,0,4,0,9156,0,1,3,2,2.0,1,-906,327,1233,49,False,0
Cristian Romero,DEF,Spurs,0.0,0,0,0,0,0,0.0,0,500,0.00,0.00,0.00,0.00,37,0,0,0.0,0.0,2026-09-12T16:30:00Z,0,False,9,0,0,0,0,0,4,0,10093,0,0,0,0,0.0,0,-1362,0,1362,50,True,0
Sam Szmodics,MID,Ipswich Town,0.0,0,0,0,0,0,0.0,0,319,0.00,0.00,0.00,0.00,34,0,0,0.0,0.0,2026-09-12T14:00:00Z,0,False,8,0,0,0,0,0,4,0,350,0,0,3,2,0.0,0,-87,0,87,50,False,0
Amario Cozier-Duberry,MID,Brighton,0.0,0,0,0,0,0,0.0,0,624,0.00,0.00,0.00,0.00,38,0,0,0.0,0.0,2026-09-13T13:00:00Z,0,False,7,0,0,0,0,0,4,0,61,0,0,5,0,0.0,0,-40,0,40,50,False,0
Stefan Bajčetić Maquieira,MID,Liverpool,0.0,0,0,0,0,0,0.0,0,376,0.00,0.00,0.00,0.00,35,0,0,0.0,0.0,2026-09-12T14:00:00Z,0,False,10,0,0,0,0,0,4,0,128,0,0,0,0,0.0,0,-23,0,23,50,True,0
Toby Collyer,MID,Man Utd,0.0,0,0,0,0,0,0.0,0,436,0.00,0.00,0.00,0.00,39,0,0,0.0,0.0,2026-09-13T15:30:00Z,0,False,15,0,0,0,0,0,4,0,1225,0,0,1,0,0.0,0,-257,0,257,50,True,0
Harvey Cartwright,GK,Hull City,0.0,0,0,0,0,0,0.0,0,275,0.00,0.00,0.00,0.00,33,0,0,0.0,0.0,2026-09-12T14:00:00Z,0,False,6,0,0,0,0,0,4,0,751,0,0,2,2,0.0,0,-67,0,67,40,False,0
Ilia Gruev,MID,Leeds,0.0,0,0,0,0,0,0.0,0,344,0.00,0.00,0.00,0.00,40,0,0,0.0,0.0,2026-09-14T19:00:00Z,0,False,17,0,0,0,0,0,4,0,317,0,0,1,4,0.0,0,-45,13,58,50,True,0
Mason Burstow,FWD,Hull City,0.0,0,0,0,0,0,0.0,0,299,0.00,0.00,0.00,0.00,33,0,0,0.0,0.0,2026-09-12T14:00:00Z,0,False,6,0,0,0,0,0,4,0,3872,0,0,2,2,0.0,0,-497,0,497,45,False,0
Veljko Milosavljevic,DEF,Bournemouth,0.0,0,0,0,0,0,0.0,0,63,0.00,0.00,0.00,0.00,32,0,0,0.0,0.0,2026-09-12T14:00:00Z,0,False,4,0,0,0,0,0,4,0,852,0,0,2,2,0.0,0,-94,70,164,50,True,0
Christos Mouzakitis,MID,Hull City,0.0,0,0,0,0,0,0.0,0,645,0.00,0.00,0.00,0.00,33,0,0,0.0,0.0,2026-09-12T14:00:00Z,0,False,6,0,0,0,0,0,4,0,598,0,0,2,2,0.0,0,180,270,90,50,False,0
Simon Adingra,MID,Sunderland,0.0,0,0,0,0,0,0.0,0,546,0.00,0.00,0.00,0.00,36,0,0,0.0,0.0,2026-09-12T19:00:00Z,0,False,1,0,0,0,0,0,4,0,3324,0,0,2,0,0.0,0,-1088,0,1088,49,True,0
Daniel James,MID,Leeds,0.4,0,0,4,0,0,0.0,2,343,0.00,0.11,0.11,0.28,40,1,0,0.3,0.0,2026-09-14T19:00:00Z,7,False,17,0,0,0,2,0,4,0,10690,0,0,1,4,3.0,1,-1207,786,1993,50,True,0
Kieran Dowell,MID,Hull City,0.0,0,0,0,0,0,0.0,0,288,0.00,0.00,0.00,0.00,33,0,0,0.0,0.0,2026-09-12T14:00:00Z,0,False,6,0,0,0,0,0,4,0,35795,0,0,2,2,0.0,0,-2198,2721,4919,45,False,0
James Trafford,GK,Leeds,3.6,0,0,17,0,4,0.0,0,385,0.00,0.00,0.00,0.88,40,1,0,2.9,29.0,2026-09-14T19:00:00Z,90,False,17,0,0,0,8,0,4,4,583002,1,0,1,4,0.0,3,15245,64368,49123,50,True,0
Jaydee Canvot,DEF,Crystal Palace,0.4,0,0,0,0,0,0.0,0,203,0.00,0.00,0.00,0.00,34,0,0,0.0,0.0,2026-09-12T14:00:00Z,0,False,12,0,0,0,0,0,4,0,25690,0,0,3,2,0.0,0,-1594,2554,4148,49,True,0
Melker Ellborg,GK,Sunderland,0.0,0,0,0,0,0,0.0,0,531,0.00,0.00,0.00,0.00,36,0,0,0.0,0.0,2026-09-12T19:00:00Z,0,False,1,0,0,0,0,0,4,0,8559,0,0,2,0,0.0,0,-491,235,726,45,True,0
James Justin,DEF,Leeds,3.6,0,0,11,0,3,25.6,5,332,0.28,0.28,0.00,0.88,40,1,0,4.8,18.4,2026-09-14T19:00:00Z,90,False,17,0,0,0,1,0,4,0,160487,1,2,1,4,4.0,2,5626,27752,22126,45,True,0
Arthur Masuaku,DEF,Sunderland,0.0,0,0,0,0,0,0.0,0,540,0.00,0.00,0.00,0.00,36,0,0,0.0,0.0,2026-09-12T19:00:00Z,0,False,1,0,0,0,0,0,4,0,15823,0,0,2,0,0.0,0,-1719,0,1719,40,True,0
Iliman Ndiaye,MID,Man City,3.4,0,0,15,0,3,1.8,10,237,0.01,0.01,0.00,0.80,39,0,0,1.4,9.8,2026-09-13T15:30:00Z,45,False,16,0,0,0,6,0,4,0,900785,0,1,1,0,2.0,1,-300679,43012,343691,59,False,0
Macaulay Zepa,MID,Fulham,0.0,0,0,0,0,0,0.0,0,626,0.00,0.00,0.00,0.00,35,0,0,0.0,0.0,2026-09-12T14:00:00Z,0,False,14,0,0,0,0,0,4,0,39436,0,0,0,0,0.0,0,4635,11161,6526,45,False,0
Rayan Vitor Simplício Rocha,MID,Bournemouth,1.6,0,0,7,0,2,17.8,3,67,0.02,0.41,0.39,0.39,32,2,0,4.3,5.6,2026-09-12T14:00:00Z,81,False,4,0,0,0,0,0,4,0,202880,1,1,2,2,20.0,2,-33384,8549,41933,64,True,0
Joachim Andersen,DEF,Fulham,0.4,0,0,0,0,0,0.0,0,253,0.00,0.00,0.00,0.00,35,0,0,0.0,0.0,2026-09-12T14:00:00Z,0,False,14,0,0,0,0,0,4,0,13284,0,0,0,0,0.0,0,-1378,1887,3265,50,False,0
Jayden Bogle,DEF,Leeds,7.4,0,3,45,1,1,18.5,3,330,0.05,0.46,0.41,0.59,40,0,1,13.7,47.8,2026-09-14T19:00:00Z,82,False,17,0,0,0,1,0,4,0,232034,1,2,1,4,71.0,15,98023,121956,23933,45,True,0
Jayden Bogle,DEF,Leeds,7.4,0,3,45,1,1,18.5,3,330,0.05,0.46,0.41,0.59,40,0,1,13.7,47.8,2026-09-14T19:00:00Z,82,False,17,0,0,0,1,0,4,0,232034,1,2,1,4,71.0,15,98023,121956,23933,45,True,0
Joshua Zirkzee,FWD,Man Utd,0.2,0,0,4,0,1,4.8,3,440,0.01,0.01,0.00,0.02,39,0,0,0.9,4.4,2026-09-13T15:30:00Z,7,False,15,0,0,0,2,0,4,0,45127,0,0,1,0,0.0,1,-4849,3614,8463,54,True,0
Cameron Humphreys,MID,Ipswich Town,0.0,0,0,0,0,0,0.0,0,602,0.00,0.00,0.00,0.00,34,0,0,0.0,0.0,2026-09-12T14:00:00Z,0,False,8,0,0,0,0,0,4,0,2961,0,0,3,2,0.0,0,-968,0,968,45,False,0
Macaulay Zepa,MID,Fulham,0.0,0,0,0,0,0,0.0,0,626,0.00,0.00,0.00,0.00,35,0,0,0.0,0.0,2026-09-12T14:00:00Z,0,False,14,0,0,0,0,0,4,0,39436,0,0,0,0,0.0,0,4635,11161,6526,45,False,0
Guglielmo Vicario,GK,Spurs,0.0,0,0,0,0,0,0.0,0,494,0.00,0.00,0.00,0.00,37,0,0,0.0,0.0,2026-09-12T16:30:00Z,0,False,9,0,0,0,0,0,4,0,16026,0,0,0,0,0.0,0,-2498,0,2498,45,True,0
Promise David,FWD,Brighton,0.2,0,0,0,0,0,0.0,0,594,0.00,0.00,0.00,0.00,38,0,0,0.0,0.0,2026-09-13T13:00:00Z,0,False,7,0,0,0,0,0,4,0,24399,0,0,5,0,0.0,0,-2415,2799,5214,60,False,0
Dan Ndoye,MID,Nott'm Forest,2.8,0,0,1,0,0,12.5,2,483,0.25,0.95,0.70,0.73,31,1,0,4.7,0.0,2026-09-12T14:00:00Z,74,False,2,0,0,0,2,0,4,0,67800,1,0,2,1,38.0,1,-3202,9828,13030,55,False,1
Dane Scarlett,FWD,Spurs,0.0,0,0,0,0,0,0.0,0,528,0.00,0.00,0.00,0.00,37,0,0,0.0,0.0,2026-09-12T16:30:00Z,0,False,9,0,0,0,0,0,4,0,142066,0,0,0,0,0.0,0,-31099,0,31099,45,True,0
Alex Iwobi,MID,Fulham,1.8,0,0,15,1,0,33.7,4,261,0.11,0.26,0.15,0.81,35,0,0,5.1,7.6,2026-09-12T14:00:00Z,76,False,14,0,0,0,3,0,4,0,75540,1,1,0,0,10.0,3,-14119,2396,16515,54,False,0
Dejan Kulusevski,MID,Spurs,0.0,0,0,0,0,0,0.0,0,521,0.00,0.00,0.00,0.00,37,0,0,0.0,0.0,2026-09-12T16:30:00Z,0,False,9,0,0,0,0,0,4,0,894,0,0,0,0,0.0,0,-73,81,154,65,True,0
Taiwo Awoniyi,FWD,Coventry City,0.0,0,0,-5,0,0,10.9,2,492,0.01,0.07,0.06,1.37,38,5,0,1.9,0.0,2026-09-13T13:00:00Z,52,False,5,0,0,0,1,1,4,0,69089,1,1,5,0,10.0,-2,-3108,7191,10299,55,True,0
Yankuba Minteh,MID,Brighton,0.0,0,0,0,0,0,0.0,0,122,0.00,0.00,0.00,0.00,38,0,0,0.0,0.0,2026-09-13T13:00:00Z,0,False,7,0,0,0,0,0,4,0,3821,0,0,5,0,0.0,0,-716,35,751,59,False,0
Julio Soler Barreto,DEF,Bournemouth,0.0,0,0,0,0,0,0.0,0,66,0.00,0.00,0.00,0.00,32,0,0,0.0,0.0,2026-09-12T14:00:00Z,0,False,4,0,0,0,0,0,4,0,31214,0,0,2,2,0.0,0,1583,4282,2699,40,True,0
Morgan Rogers,MID,Chelsea,5.8,0,1,31,0,0,5.9,6,40,0.02,0.23,0.21,1.38,33,2,1,9.1,43.2,2026-09-12T14:00:00Z,90,False,11,0,0,0,4,0,4,0,3834585,1,2,2,2,42.0,8,1039938,1168508,128570,76,True,0
Exequiel Palacios,MID,Ipswich Town,2.8,0,0,14,0,5,5.9,13,619,0.04,0.04,0.00,0.62,34,2,0,2.6,18.0,2026-09-12T14:00:00Z,90,False,8,0,0,0,5,0,4,0,3376,1,3,3,2,2.0,4,1408,2317,909,50,False,0
Tosin Adarabioyo,DEF,Spurs,0.2,0,0,5,0,2,0.2,4,147,0.00,0.00,0.00,0.03,37,0,0,0.9,9.0,2026-09-12T16:30:00Z,5,False,9,0,0,0,1,0,4,0,17024,0,2,0,0,0.0,1,-999,639,1638,44,True,0
Malo Gusto,DEF,Chelsea,0.8,0,0,7,0,5,23.3,5,144,0.07,0.11,0.04,0.84,33,2,0,4.3,14.0,2026-09-12T14:00:00Z,77,False,11,0,0,0,4,0,4,0,114930,1,0,2,2,6.0,1,-6655,7469,14124,50,True,0
Martin Dubravka,GK,Spurs,0.0,0,0,0,0,0,0.0,0,497,0.00,0.00,0.00,0.00,37,0,0,0.0,0.0,2026-09-12T16:30:00Z,0,False,9,0,0,0,0,0,4,0,1929614,0,0,0,0,0.0,0,19545,144708,125163,40,True,0
Haji Wright,FWD,Coventry City,0.0,0,0,0,0,0,0.0,0,193,0.00,0.00,0.00,0.00,38,0,0,0.0,0.0,2026-09-13T13:00:00Z,0,False,5,0,0,0,0,0,4,0,8935,0,0,5,0,0.0,0,-1789,117,1906,54,True,0
Melvin Bard,DEF,Leeds,0.3,0,0,1,0,1,10.3,2,641,0.00,0.00,0.00,0.30,40,1,0,1.5,4.4,2026-09-14T19:00:00Z,18,False,17,0,0,0,2,0,4,0,576,0,1,1,4,0.0,1,217,322,105,45,True,0
Đorđe Petrović,GK,Bournemouth,1.4,0,0,0,0,0,0.0,0,57,0.00,0.00,0.00,0.50,32,2,0,0.0,0.0,2026-09-12T14:00:00Z,90,False,4,0,0,0,10,0,4,0,346097,1,0,2,2,0.0,1,-9622,27504,37126,45,True,0
Gonzalo García,FWD,Fulham,2.4,0,0,5,1,1,10.9,3,569,0.03,0.23,0.20,0.81,35,0,0,2.5,4.4,2026-09-12T14:00:00Z,76,False,14,0,0,0,2,0,4,0,405535,1,0,0,0,10.0,2,-70216,38609,108825,60,False,0
Takehiro Tomiyasu,DEF,Crystal Palace,0.4,0,0,6,0,4,1.3,5,577,0.01,0.01,0.00,1.29,34,2,0,1.6,10.2,2026-09-12T14:00:00Z,53,False,12,0,0,0,3,0,4,0,31339,0,1,3,2,4.0,0,-2574,625,3199,45,True,0
Mohamed-Ali Cho,MID,Hull City,2.2,0,0,3,0,1,18.5,2,617,0.16,0.63,0.47,0.64,33,1,0,4.7,7.2,2026-09-12T14:00:00Z,30,False,6,0,0,0,1,0,4,0,1116,0,0,2,2,21.0,1,147,339,192,50,False,0
Marc Guiu Paz,FWD,Chelsea,0.0,0,0,0,0,0,0.0,0,168,0.00,0.00,0.00,0.00,33,0,0,0.0,0.0,2026-09-12T14:00:00Z,0,False,11,0,0,0,0,0,4,0,25300,0,0,2,2,0.0,0,-8710,0,8710,50,True,0
Mamadou Sarr,DEF,Chelsea,0.0,0,0,0,0,0,0.0,0,150,0.00,0.00,0.00,0.00,33,0,0,0.0,0.0,2026-09-12T14:00:00Z,0,False,11,0,0,0,0,0,4,0,3449,0,0,2,2,0.0,0,-1063,0,1063,45,True,0
Omar Richards,DEF,Nott'm Forest,0.0,0,0,0,0,0,0.0,0,476,0.00,0.00,0.00,0.00,31,0,0,0.0,0.0,2026-09-12T14:00:00Z,0,False,2,0,0,0,0,0,4,0,23161,0,0,2,1,0.0,0,-831,925,1756,40,False,0
Lukas Nmecha,FWD,Leeds,1.2,0,0,4,0,0,0.3,1,347,0.01,0.01,0.00,0.28,40,1,0,0.1,0.2,2026-09-14T19:00:00Z,12,False,17,0,0,0,1,0,4,0,51359,0,0,1,4,0.0,1,-1054,6623,7677,54,True,0
Sean Longstaff,MID,Leeds,0.4,0,0,4,0,0,0.0,0,339,0.00,0.00,0.00,0.28,40,1,0,0.0,0.0,2026-09-14T19:00:00Z,2,False,17,0,0,0,0,0,4,0,10180,0,0,1,4,0.0,1,-1113,693,1806,49,True,0
Pedro Lomba Neto,MID,Chelsea,2.8,0,0,17,0,3,31.3,7,156,0.10,0.15,0.05,0.89,33,2,0,7.4,15.8,2026-09-12T14:00:00Z,85,False,11,0,0,0,3,0,4,0,156595,1,1,2,2,27.0,2,17123,33627,16504,65,True,0
Benjamin Sesko,FWD,Man Utd,1.6,0,0,4,0,0,0.7,2,439,0.00,0.06,0.06,0.57,39,0,0,0.6,1.2,2026-09-13T15:30:00Z,23,False,15,0,0,0,2,0,4,0,182217,0,0,1,0,4.0,1,3627,26345,22718,70,True,0
Jahnoah Markelo,FWD,Coventry City,0.0,0,0,0,0,0,0.0,0,196,0.00,0.00,0.00,0.00,38,0,0,0.0,0.0,2026-09-13T13:00:00Z,0,False,5,0,0,0,0,0,4,0,803,0,0,5,0,0.0,0,-136,0,136,50,True,0
Yann Gboho,MID,Coventry City,0.0,0,0,0,0,0,0.0,0,655,0.00,0.00,0.00,0.00,38,0,0,0.0,0.0,2026-09-13T13:00:00Z,0,False,5,0,0,0,0,0,4,0,72,0,0,5,0,0.0,0,58,65,7,55,True,0
Ethan Ampadu,MID,Leeds,3.2,1,0,25,0,2,1.7,12,338,0.02,0.09,0.07,0.88,40,1,0,1.4,8.0,2026-09-14T19:00:00Z,90,False,17,0,0,0,9,0,4,0,103938,1,1,1,4,4.0,7,-14489,2529,17018,54,True,0
Armin Pecsi,GK,Liverpool,0.0,0,0,0,0,0,0.0,0,353,0.00,0.00,0.00,0.00,35,0,0,0.0,0.0,2026-09-12T14:00:00Z,0,False,10,0,0,0,0,0,4,0,2007,0,0,0,0,0.0,0,-186,0,186,40,True,0
Regan Slater,MID,Hull City,3.0,0,0,22,0,3,26.9,11,290,0.10,0.14,0.04,0.91,33,2,0,5.3,19.2,2026-09-12T14:00:00Z,90,False,6,0,0,0,5,0,4,0,601956,1,3,2,2,7.0,2,81497,170308,88811,45,False,0
Rodrigo 'Rodri' Hernandez Cascante,MID,Man City,0.0,0,0,0,0,0,0.0,0,402,0.00,0.00,0.00,0.00,39,0,0,0.0,0.0,2026-09-13T15:30:00Z,0,False,16,0,0,0,0,0,4,0,1206,0,0,1,0,0.0,0,-87,0,87,65,False,0
Karl Darlow,GK,Man Utd,0.0,0,0,0,0,0,0.0,0,325,0.00,0.00,0.00,0.00,39,0,0,0.0,0.0,2026-09-13T15:30:00Z,0,False,15,0,0,0,0,0,4,0,4302,0,0,1,0,0.0,0,-89,256,345,45,True,0
Aaron Hickey,DEF,Brentford,1.0,0,0,4,0,5,2.1,7,90,0.03,0.06,0.03,1.33,32,2,0,1.8,10.0,2026-09-12T14:00:00Z,70,False,3,0,0,0,4,0,4,0,7602,1,2,2,2,6.0,1,-402,309,711,45,False,0
Harvey Cartwright,GK,Hull City,0.0,0,0,0,0,0,0.0,0,275,0.00,0.00,0.00,0.00,33,0,0,0.0,0.0,2026-09-12T14:00:00Z,0,False,6,0,0,0,0,0,4,0,751,0,0,2,2,0.0,0,-67,0,67,40,False,0
Amario Cozier-Duberry,MID,Brighton,0.0,0,0,0,0,0,0.0,0,624,0.00,0.00,0.00,0.00,38,0,0,0.0,0.0,2026-09-13T13:00:00Z,0,False,7,0,0,0,0,0,4,0,61,0,0,5,0,0.0,0,-40,0,40,50,False,0
Wellity Lucky,DEF,Liverpool,0.0,0,0,0,0,0,0.0,0,361,0.00,0.00,0.00,0.00,35,0,0,0.0,0.0,2026-09-12T14:00:00Z,0,False,10,0,0,0,0,0,4,0,13224,0,0,0,0,0.0,0,-645,832,1477,40,True,0
Lucas Bergvall,MID,Spurs,0.6,0,0,8,0,1,7.9,4,520,0.25,0.31,0.06,0.44,37,0,0,2.3,8.0,2026-09-12T16:30:00Z,27,False,9,0,0,0,2,0,4,0,16379,0,1,0,0,7.0,1,-1664,319,1983,54,True,0
Nicolas Jackson,FWD,Aston Villa,2.0,0,0,0,0,0,2.0,0,166,0.04,0.04,0.00,0.39,31,0,0,0.2,0.0,2026-09-12T14:00:00Z,45,False,18,0,0,0,0,0,4,0,143354,1,0,2,1,2.0,0,28857,47223,18366,65,True,1
Romain Esse,MID,Crystal Palace,0.0,0,0,0,0,0,0.0,0,216,0.00,0.00,0.00,0.00,34,0,0,0.0,0.0,2026-09-12T14:00:00Z,0,False,12,0,0,0,0,0,4,0,2168,0,0,3,2,0.0,0,-963,0,963,50,True,0
Harvey Davies,GK,Liverpool,0.0,0,0,0,0,0,0.0,0,355,0.00,0.00,0.00,0.00,35,0,0,0.0,0.0,2026-09-12T14:00:00Z,0,False,10,0,0,0,0,0,4,0,16844,0,0,0,0,0.0,0,67,1195,1128,40,True,0
Olivier Boscagli,DEF,Brighton,3.8,0,0,25,1,8,14.3,9,114,0.03,0.04,0.01,1.11,38,0,0,2.8,11.6,2026-09-13T13:00:00Z,77,False,7,0,0,0,5,0,4,0,30469,1,1,5,0,2.0,6,-585,2439,3024,45,False,0
Rayan Cherki,MID,Man City,5.2,0,0,4,0,1,6.6,1,399,0.06,0.09,0.03,0.20,39,0,0,1.2,1.6,2026-09-13T15:30:00Z,45,False,16,0,0,0,0,0,4,0,3069702,1,0,1,0,4.0,1,-139414,314949,454363,78,False,0
Pape Matar Sarr,MID,Spurs,0.0,0,0,0,0,0,0.0,0,518,0.00,0.00,0.00,0.00,37,0,0,0.0,0.0,2026-09-12T16:30:00Z,0,False,9,0,0,0,0,0,4,0,10250,0,0,0,0,0.0,0,-4648,0,4648,49,True,0
Ezri Konsa Ngoyo,DEF,Arsenal,2.4,0,0,16,1,6,0.2,8,31,0.00,0.00,0.00,1.80,36,0,0,1.2,11.8,2026-09-12T19:00:00Z,90,False,20,0,0,0,1,0,4,0,1867300,1,2,2,0,0.0,6,612675,709520,96845,45,False,0
Endo Wataru,MID,Liverpool,0.0,0,0,0,0,0,0.0,0,374,0.00,0.00,0.00,0.00,35,0,0,0.0,0.0,2026-09-12T14:00:00Z,0,False,10,0,0,0,0,0,4,0,6867,0,0,0,0,0.0,0,-568,531,1099,49,True,0
Juan Angulo,FWD,Sunderland,0.0,0,0,0,0,0,0.0,0,651,0.00,0.00,0.00,0.00,36,0,0,0.0,0.0,2026-09-12T19:00:00Z,0,False,1,0,0,0,0,0,4,0,53783,0,0,2,0,0.0,0,22849,32385,9536,45,True,0
Femi Azeez,MID,Brighton,0.0,0,0,0,0,0,0.0,0,652,0.00,0.00,0.00,0.00,38,0,0,0.0,0.0,2026-09-13T13:00:00Z,0,False,7,0,0,0,0,0,4,0,315,0,0,5,0,0.0,0,62,121,59,55,False,0
Joél Drakes-Thomas,MID,Crystal Palace,0.0,0,0,0,0,0,0.0,0,221,0.00,0.00,0.00,0.00,34,0,0,0.0,0.0,2026-09-12T14:00:00Z,0,False,12,0,0,0,0,0,4,0,8428,0,0,3,2,0.0,0,-226,850,1076,45,True,0
Bazoumana Touré,MID,Newcastle,1.6,0,0,24,0,0,5.3,2,461,0.01,0.29,0.28,0.16,40,1,1,6.3,36.6,2026-09-14T19:00:00Z,33,False,13,0,0,0,2,0,4,0,13401,0,0,1,4,21.0,6,-3031,376,3407,58,False,0
Maxim De Cuyper,DEF,Brighton,7.4,1,2,41,1,1,46.9,1,115,0.04,0.07,0.03,1.33,38,0,0,7.5,24.8,2026-09-13T13:00:00Z,90,False,7,0,0,0,4,0,4,0,2489501,1,0,5,0,3.0,11,509874,640942,131068,48,False,0
Bradley Barcola,MID,Liverpool,1.3,0,0,9,1,0,13.6,5,627,0.03,0.24,0.21,0.60,35,0,0,2.7,5.6,2026-09-12T14:00:00Z,71,False,10,0,0,0,2,0,4,0,238639,1,3,0,0,8.0,3,70941,116804,45863,80,True,0
Azor Matusiwa,MID,Ipswich Town,0.0,0,0,0,0,0,0.0,0,310,0.00,0.00,0.00,0.00,34,0,0,0.0,0.0,2026-09-12T14:00:00Z,0,False,8,0,0,0,0,0,4,0,288,0,0,3,2,0.0,0,-6,40,46,49,False,0
Axel Disasi,DEF,Crystal Palace,0.0,0,0,-18,0,6,0.1,6,153,0.00,0.00,0.00,0.38,34,3,0,0.2,2.2,2026-09-12T14:00:00Z,33,False,12,0,0,0,2,1,4,0,14882,1,0,3,2,0.0,-3,4721,7208,2487,45,True,0
Milan van Ewijk,DEF,Coventry City,1.2,0,0,-5,0,6,11.6,7,175,0.04,0.04,0.00,2.81,38,5,0,3.4,18.8,2026-09-13T13:00:00Z,90,False,5,0,0,0,3,0,4,0,1124770,1,1,5,0,4.0,0,-106326,32583,138909,40,True,0
Jayden Lienou,DEF,Leeds,0.0,0,0,0,0,0,0.0,0,603,0.00,0.00,0.00,0.00,40,0,0,0.0,0.0,2026-09-14T19:00:00Z,0,False,17,0,0,0,0,0,4,0,11191,0,0,1,4,0.0,0,388,1426,1038,40,True,0
Altay Bayındır,GK,Man Utd,0.0,0,0,0,0,0,0.0,0,413,0.00,0.00,0.00,0.00,39,0,0,0.0,0.0,2026-09-13T15:30:00Z,0,False,15,0,0,0,0,0,4,0,1335,0,0,1,0,0.0,0,-137,0,137,45,True,0
Maxence Lacroix,DEF,Chelsea,2.6,0,0,4,0,2,0.0,3,200,0.00,0.00,0.00,0.49,33,0,0,0.4,3.6,2026-09-12T14:00:00Z,4,False,11,0,0,0,0,0,4,0,865615,0,1,2,2,0.0,1,-19123,60756,79879,60,True,0
Anan Khalaili,DEF,Crystal Palace,2.6,0,0,4,0,3,16.0,5,588,0.14,0.36,0.22,1.68,34,3,1,8.7,40.4,2026-09-12T14:00:00Z,90,False,12,0,0,0,4,0,4,0,41054,1,2,3,2,31.0,7,17022,22369,5347,50,True,0
Hidemasa Morita,MID,Hull City,0.0,0,0,0,0,0,0.0,0,563,0.00,0.00,0.00,0.00,33,0,0,0.0,0.0,2026-09-12T14:00:00Z,0,False,6,0,0,0,0,0,4,0,2165,0,0,2,2,0.0,0,-369,141,510,50,False,0
João Pedro Junqueira de Jesus,FWD,Chelsea,4.9,1,3,44,0,2,15.7,2,165,0.04,0.33,0.29,1.38,33,2,1,10.1,54.4,2026-09-12T14:00:00Z,90,False,11,0,0,0,0,0,4,0,7935710,1,0,2,2,31.0,12,296877,401634,104757,77,True,0
Dayann Méthalie,DEF,Sunderland,0.0,0,0,0,0,0,0.0,0,612,0.00,0.00,0.00,0.00,36,0,0,0.0,0.0,2026-09-12T19:00:00Z,0,False,1,0,0,0,0,0,4,0,710,0,0,2,0,0.0,0,-16,187,203,45,True,0
Vitalii Mykolenko,DEF,Everton,5.4,0,3,38,1,4,11.3,11,233,0.07,0.07,0.00,0.69,37,0,0,4.0,24.4,2026-09-12T16:30:00Z,90,False,19,0,0,0,4,0,4,0,216365,1,7,0,0,4.0,11,33677,70682,37005,45,False,0
Myles Lewis-Skelly,MID,Arsenal,1.8,0,0,2,0,0,1.4,0,7,0.00,0.00,0.00,0.23,36,0,0,0.0,0.0,2026-09-12T19:00:00Z,45,False,20,0,0,0,0,0,4,0,70499,1,0,2,0,0.0,1,-4212,6908,11120,55,False,0
Matias Fernandez-Pardo,FWD,Newcastle,1.3,0,0,5,0,0,10.9,2,634,0.01,0.01,0.00,1.91,40,3,0,1.7,2.2,2026-09-14T19:00:00Z,57,False,13,0,0,0,1,0,4,0,10646,1,1,1,4,4.0,1,4168,6117,1949,60,False,0
Adam Aznou,DEF,Everton,0.0,0,0,0,0,0,0.0,0,235,0.00,0.00,0.00,0.00,37,0,0,0.0,0.0,2026-09-12T16:30:00Z,0,False,19,0,0,0,0,0,4,0,11804,0,0,0,0,0.0,0,-3078,0,3078,40,False,0
Matt Targett,DEF,Hull City,0.2,0,0,0,0,0,0.0,0,556,0.00,0.00,0.00,0.00,33,0,0,0.0,0.0,2026-09-12T14:00:00Z,0,False,6,0,0,0,0,0,4,0,203969,0,0,2,2,0.0,0,-14007,5238,19245,40,False,0
Wesley Fofana,DEF,Chelsea,1.6,0,0,10,0,4,4.7,6,145,0.03,0.03,0.00,0.89,33,2,0,2.7,18.4,2026-09-12T14:00:00Z,85,False,11,0,0,0,4,0,4,0,18473,1,2,2,2,4.0,1,7374,9377,2003,50,True,0
Kim Ji-soo,DEF,Brentford,0.0,0,0,0,0,0,0.0,0,92,0.00,0.00,0.00,0.00,32,0,0,0.0,0.0,2026-09-12T14:00:00Z,0,False,3,0,0,0,0,0,4,0,1896,0,0,2,2,0.0,0,-125,102,227,45,False,0
Manuel Ángel Morán Ibáñez,MID,Fulham,0.0,0,0,0,0,0,0.0,0,636,0.00,0.00,0.00,0.00,35,0,0,0.0,0.0,2026-09-12T14:00:00Z,0,False,14,0,0,0,0,0,4,0,306,0,0,0,0,0.0,0,79,133,54,50,False,0
Kevin Santos Lopes de Macedo,MID,Fulham,0.6,0,0,4,0,0,3.3,3,263,0.07,0.10,0.03,0.54,35,0,0,0.5,0.2,2026-09-12T14:00:00Z,18,False,14,0,0,0,2,0,4,0,4241,0,1,0,0,1.0,1,-826,236,1062,54,False,0
Martin Ødegaard,MID,Arsenal,5.8,0,0,26,1,1,58.2,5,15,0.25,0.25,0.00,1.80,36,0,0,8.0,19.4,2026-09-12T19:00:00Z,84,False,20,0,0,0,3,0,4,0,2036643,1,1,2,0,2.0,3,702273,820232,117959,67,False,0
Gianluigi Donnarumma,GK,Man City,3.4,0,0,29,1,0,0.0,0,384,0.00,0.00,0.00,1.00,39,0,0,2.1,20.6,2026-09-13T15:30:00Z,90,False,16,0,0,0,10,0,4,3,797609,1,0,1,0,0.0,7,-46242,32234,78476,55,False,0
Benoît Badiashile Mukinayi,DEF,Chelsea,0.0,0,0,0,0,0,0.0,0,146,0.00,0.00,0.00,0.00,33,0,0,0.0,0.0,2026-09-12T14:00:00Z,0,False,11,0,0,0,0,0,4,0,1183,0,0,2,2,0.0,0,-250,0,250,45,True,0
Brandon Austin,GK,Spurs,0.0,0,0,0,0,0,0.0,0,495,0.00,0.00,0.00,0.00,37,0,0,0.0,0.0,2026-09-12T16:30:00Z,0,False,9,0,0,0,0,0,4,0,108986,0,0,0,0,0.0,0,2998,8583,5585,40,True,0
Ryan Yates,MID,Nott'm Forest,0.0,0,0,0,0,0,0.0,0,489,0.00,0.00,0.00,0.00,31,0,0,0.0,0.0,2026-09-12T14:00:00Z,0,False,2,0,0,0,0,0,4,0,144588,0,0,2,1,0.0,0,-8348,7645,15993,45,False,0
David Affengruber,DEF,Fulham,2.7,0,0,23,1,11,3.3,12,650,0.00,0.00,0.00,1.28,35,0,0,2.2,18.6,2026-09-12T14:00:00Z,90,False,14,0,0,0,3,0,4,0,573,1,1,0,0,0.0,8,172,274,102,45,False,0
James Tarkowski,DEF,Everton,8.6,0,2,32,1,3,1.8,8,229,0.01,0.01,0.00,0.69,37,0,0,2.1,19.2,2026-09-12T16:30:00Z,90,False,19,0,0,0,3,0,4,0,1237976,1,5,0,0,0.0,8,71807,163569,91762,60,False,0
Jens Hjertø-Dahl,MID,Hull City,0.2,0,0,0,0,0,0.0,0,574,0.00,0.00,0.00,0.00,33,0,0,0.0,0.0,2026-09-12T14:00:00Z,0,False,6,0,0,0,0,0,4,0,6454,0,0,2,2,0.0,0,-421,444,865,49,False,0
Jun'ai Byfield,DEF,Spurs,0.0,0,0,0,0,0,0.0,0,509,0.00,0.00,0.00,0.00,37,0,0,0.0,0.0,2026-09-12T16:30:00Z,0,False,9,0,0,0,0,0,4,0,6533,0,0,0,0,0.0,0,56,621,565,40,True,0
Myles Lewis-Skelly,MID,Arsenal,1.8,0,0,2,0,0,1.4,0,7,0.00,0.00,0.00,0.23,36,0,0,0.0,0.0,2026-09-12T19:00:00Z,45,False,20,0,0,0,0,0,4,0,70499,1,0,2,0,0.0,1,-4212,6908,11120,55,False,0
Max Dowman,MID,Arsenal,0.2,0,0,0,0,0,0.0,0,20,0.00,0.00,0.00,0.00,36,0,0,0.0,0.0,2026-09-12T19:00:00Z,0,False,20,0,0,0,0,0,4,0,7072,0,0,2,0,0.0,0,-713,629,1342,53,False,0
Joachim Andersen,DEF,Fulham,0.4,0,0,0,0,0,0.0,0,253,0.00,0.00,0.00,0.00,35,0,0,0.0,0.0,2026-09-12T14:00:00Z,0,False,14,0,0,0,0,0,4,0,13284,0,0,0,0,0.0,0,-1378,1887,3265,50,False,0
Vitor de Oliveira Nunes dos Reis,DEF,Man City,0.2,0,0,0,0,0,0.0,0,396,0.00,0.00,0.00,0.00,39,0,0,0.0,0.0,2026-09-13T15:30:00Z,0,False,16,0,0,0,0,0,4,0,3187,0,0,1,0,0.0,0,-193,90,283,45,False,0
Ainsley Maitland-Niles,DEF,Everton,7.0,0,0,23,1,3,12.0,5,649,0.14,0.17,0.03,0.43,37,0,0,2.3,10.0,2026-09-12T16:30:00Z,74,False,19,0,0,0,4,0,4,0,30581,1,2,0,0,1.0,6,14703,18405,3702,45,False,0
Shea Charles,MID,Fulham,1.8,0,0,19,1,8,3.4,17,580,0.02,0.02,0.00,1.28,35,0,0,3.2,29.0,2026-09-12T14:00:00Z,90,False,14,0,0,0,8,0,4,0,7397,1,1,0,0,0.0,5,-636,295,931,50,False,0
Kostas Tsimikas,DEF,Liverpool,0.4,0,0,2,0,2,1.6,3,364,0.01,0.01,0.00,0.40,35,0,0,0.4,2.8,2026-09-12T14:00:00Z,45,False,10,0,0,0,3,0,4,0,7588,1,1,0,0,0.0,1,-934,362,1296,49,True,0
Ali Al-Hamadi,FWD,Ipswich Town,0.0,0,0,0,0,0,0.0,0,322,0.00,0.00,0.00,0.00,34,0,0,0.0,0.0,2026-09-12T14:00:00Z,0,False,8,0,0,0,0,0,4,0,6747,0,0,3,2,0.0,0,-1678,0,1678,50,False,0
Karl Darlow,GK,Man Utd,0.0,0,0,0,0,0,0.0,0,325,0.00,0.00,0.00,0.00,39,0,0,0.0,0.0,2026-09-13T15:30:00Z,0,False,15,0,0,0,0,0,4,0,4302,0,0,1,0,0.0,0,-89,256,345,45,True,0
Zach Abbott,DEF,Nott'm Forest,0.0,0,0,0,0,0,0.0,0,477,0.00,0.00,0.00,0.00,31,0,0,0.0,0.0,2026-09-12T14:00:00Z,0,False,2,0,0,0,0,0,4,0,18185,0,0,2,1,0.0,0,-4322,0,4322,40,False,0
Kevin Danso,DEF,Sunderland,0.6,0,0,6,0,4,11.0,4,501,0.08,0.08,0.00,1.88,36,2,0,3.0,16.8,2026-09-12T19:00:00Z,90,False,1,0,0,0,3,0,4,0,16781,1,0,2,0,2.0,1,-179,1568,1747,50,True,0
Honest Ahanor,DEF,Crystal Palace,1.0,0,0,10,0,9,11.9,11,633,0.01,0.01,0.00,1.68,34,3,0,4.1,24.6,2026-09-12T14:00:00Z,90,False,12,0,0,0,4,0,4,0,1153,1,2,3,2,4.0,3,668,848,180,45,True,0
Joshua Zirkzee,FWD,Man Utd,0.2,0,0,4,0,1,4.8,3,440,0.01,0.01,0.00,0.02,39,0,0,0.9,4.4,2026-09-13T15:30:00Z,7,False,15,0,0,0,2,0,4,0,45127,0,0,1,0,0.0,1,-4849,3614,8463,54,True,0
Mamadou Sarr,DEF,Chelsea,0.0,0,0,0,0,0,0.0,0,150,0.00,0.00,0.00,0.00,33,0,0,0.0,0.0,2026-09-12T14:00:00Z,0,False,11,0,0,0,0,0,4,0,3449,0,0,2,2,0.0,0,-1063,0,1063,45,True,0
Fábio Ferreira Vieira,MID,Arsenal,0.0,0,0,0,0,0,0.0,0,23,0.00,0.00,0.00,0.00,36,0,0,0.0,0.0,2026-09-12T19:00:00Z,0,False,20,0,0,0,0,0,4,0,708,0,0,2,0,0.0,0,-265,0,265,55,False,0
Amar Dedic,DEF,Newcastle,0.0,0,0,-3,0,3,2.7,6,593,0.00,0.00,0.00,1.91,40,3,0,1.3,10.4,2026-09-14T19:00:00Z,57,False,13,0,0,0,4,0,4,0,313784,1,3,1,4,0.0,0,-7549,107522,115071,45,False,0
Victor Lindelöf,DEF,Aston Villa,1.6,0,0,2,0,2,1.1,2,37,0.01,0.45,0.44,2.28,31,2,0,5.3,16.4,2026-09-12T14:00:00Z,90,False,18,0,0,0,0,0,4,0,33974,1,0,2,1,35.0,1,3012,5112,2100,45,True,0
Bart Verbruggen,GK,Brighton,4.6,0,0,39,1,3,0.0,0,109,0.00,0.00,0.00,1.33,38,0,0,4.8,47.8,2026-09-13T13:00:00Z,90,False,7,0,0,0,7,0,4,6,2390519,1,0,5,0,0.0,8,51727,248699,196972,45,False,0
Enzo Fernández,MID,Man City,1.2,0,0,17,1,4,20.7,10,155,0.13,0.31,0.18,0.50,39,0,0,4.6,10.4,2026-09-13T15:30:00Z,81,False,16,0,0,0,4,0,4,0,344271,1,2,1,0,15.0,2,-12688,39194,51882,69,False,1
Eberechi Eze,MID,Arsenal,0.8,0,0,3,0,0,0.0,0,14,0.00,0.00,0.00,0.40,36,0,0,0.2,0.2,2026-09-12T19:00:00Z,9,False,20,0,0,0,0,0,4,0,125433,0,0,2,0,2.0,1,-25833,3906,29739,63,False,0
Armin Pecsi,GK,Liverpool,0.0,0,0,0,0,0,0.0,0,353,0.00,0.00,0.00,0.00,35,0,0,0.0,0.0,2026-09-12T14:00:00Z,0,False,10,0,0,0,0,0,4,0,2007,0,0,0,0,0.0,0,-186,0,186,40,True,0
Elliot Stroud,MID,Hull City,1.4,0,0,3,0,0,1.8,5,576,0.00,0.01,0.01,0.26,33,1,0,0.2,0.0,2026-09-12T14:00:00Z,59,False,6,0,0,0,3,0,4,0,8779,1,2,2,2,1.0,1,-410,621,1031,50,False,0
Pep Chavarría,DEF,Chelsea,1.0,0,0,4,0,1,1.7,1,583,0.01,0.01,0.00,0.94,33,0,0,0.6,2.0,2026-09-12T14:00:00Z,45,False,11,0,0,0,1,0,4,0,16748,0,0,2,2,2.0,1,-1611,686,2297,49,True,0
Kai Havertz,FWD,Arsenal,3.8,0,0,0,1,1,12.4,2,26,0.02,0.36,0.34,1.80,36,0,0,4.6,1.6,2026-09-12T19:00:00Z,90,False,20,0,0,0,1,0,4,0,871717,1,0,2,0,32.0,1,118477,195764,77287,75,False,1
Chadi Riad Dnanou,DEF,Crystal Palace,0.0,0,0,0,0,0,0.0,0,206,0.00,0.00,0.00,0.00,34,0,0,0.0,0.0,2026-09-12T14:00:00Z,0,False,12,0,0,0,0,0,4,0,2510,0,0,3,2,0.0,0,-651,58,709,44,True,0
Robin Roefs,GK,Sunderland,2.2,0,0,9,0,1,0.0,0,529,0.00,0.00,0.00,1.88,36,2,0,2.7,27.2,2026-09-12T19:00:00Z,90,False,1,0,0,0,3,0,4,3,301456,1,0,2,0,0.0,2,-47961,2287,50248,50,True,0
Tatsuhiro Sakamoto,MID,Coventry City,0.2,0,0,0,0,0,0.0,0,185,0.00,0.00,0.00,0.00,38,0,0,0.0,0.0,2026-09-13T13:00:00Z,0,False,5,0,0,0,0,0,4,0,7657,0,0,5,0,0.0,0,-975,207,1182,49,True,0
Hákon Rafn Valdimarsson,GK,Brentford,0.0,0,0,0,0,0,0.0,0,83,0.00,0.00,0.00,0.00,32,0,0,0.0,0.0,2026-09-12T14:00:00Z,0,False,3,0,0,0,0,0,4,0,10856,0,0,2,2,0.0,0,-438,631,1069,45,False,0
Ryan Gravenberch,MID,Liverpool,1.6,0,0,13,0,7,11.4,10,371,0.01,0.05,0.04,0.54,35,0,0,3.3,19.6,2026-09-12T14:00:00Z,59,False,10,0,0,0,1,0,4,0,140580,1,2,0,0,2.0,1,-33117,5155,38272,59,True,0
Jefferson Lerma Solís,MID,Crystal Palace,0.2,0,0,3,0,1,0.3,1,213,0.00,0.00,0.00,0.48,34,1,0,0.3,2.2,2026-09-12T14:00:00Z,6,False,12,0,0,0,0,0,4,0,8598,0,0,3,2,0.0,1,-806,327,1133,49,True,0
Jack Clarke,MID,Ipswich Town,2.2,0,0,8,0,0,13.0,2,313,0.02,0.17,0.15,0.20,34,1,0,3.9,5.0,2026-09-12T14:00:00Z,62,False,8,0,0,0,1,0,4,0,22006,1,1,3,2,21.0,1,-3254,468,3722,54,False,1
Luca Williams-Barnett,MID,Spurs,0.0,0,0,0,0,0,0.0,0,601,0.00,0.00,0.00,0.00,37,0,0,0.0,0.0,2026-09-12T16:30:00Z,0,False,9,0,0,0,0,0,4,0,14941,0,0,0,0,0.0,0,403,2324,1921,45,True,0
Kjell Scherpen,GK,Ipswich Town,1.4,0,0,6,0,3,0.0,0,564,0.00,0.00,0.00,0.62,34,2,0,1.5,15.0,2026-09-12T14:00:00Z,90,False,8,0,0,0,9,0,4,2,63943,1,0,3,2,0.0,1,330,5936,5606,45,False,0
Djiamgone Jocelin Ta Bi,MID,Sunderland,0.0,0,0,0,0,0,0.0,0,550,0.00,0.00,0.00,0.00,36,0,0,0.0,0.0,2026-09-12T19:00:00Z,0,False,1,0,0,0,0,0,4,0,630,0,0,2,0,0.0,0,-12,79,91,50,True,0
Mikel Merino Zazón,MID,Arsenal,0.8,0,0,3,0,0,0.1,0,17,0.00,0.00,0.00,0.00,36,0,0,0.0,0.2,2026-09-12T19:00:00Z,5,False,20,0,0,0,0,0,4,0,46215,0,0,2,0,0.0,1,-7941,1909,9850,58,False,0
Mikey Moore,MID,Spurs,0.0,0,0,0,0,0,0.0,0,523,0.00,0.00,0.00,0.00,37,0,0,0.0,0.0,2026-09-12T16:30:00Z,0,False,9,0,0,0,0,0,4,0,8137,0,0,0,0,0.0,0,-5490,0,5490,50,True,0
Levi Samuels Colwill,DEF,Chelsea,0.6,0,0,8,0,6,12.2,6,149,0.01,0.01,0.00,1.38,33,2,0,4.3,26.8,2026-09-12T14:00:00Z,90,False,11,0,0,0,6,0,4,0,112667,1,0,2,2,4.0,1,-17331,5362,22693,49,True,0
Matheus Nunes,DEF,Man City,2.0,0,1,34,1,9,1.5,11,389,0.01,0.01,0.00,1.00,39,0,0,3.3,31.2,2026-09-13T15:30:00Z,90,False,16,0,0,0,8,0,4,0,99893,1,2,1,0,0.0,9,-8606,2401,11007,59,False,0
William Saliba,DEF,Arsenal,0.0,0,0,0,0,0,0.0,0,6,0.00,0.00,0.00,0.00,36,0,0,0.0,0.0,2026-09-12T19:00:00Z,0,False,20,0,0,0,0,0,4,0,22768,0,0,2,0,0.0,0,-2516,735,3251,59,False,0
Ayden Heaven,DEF,Man Utd,0.2,0,0,0,0,0,0.0,0,421,0.00,0.00,0.00,0.00,39,0,0,0.0,0.0,2026-09-13T15:30:00Z,0,False,15,0,0,0,0,0,4,0,31486,0,0,1,0,0.0,0,-5029,769,5798,44,True,0
Tyrone Mings,DEF,Aston Villa,2.0,0,0,0,0,4,0.6,5,33,0.00,0.09,0.09,2.08,31,2,0,2.0,15.6,2026-09-12T14:00:00Z,65,False,18,0,0,0,2,0,4,0,43024,0,1,2,1,4.0,0,2788,5312,2524,45,True,1
Brennan Johnson,MID,Everton,1.8,0,0,13,1,2,29.0,6,209,0.18,0.34,0.16,0.43,37,0,0,4.6,11.2,2026-09-12T16:30:00Z,74,False,19,0,0,0,2,0,4,0,12460,1,2,0,0,6.0,3,-1128,1069,2197,59,False,0
Michele Di Gregorio,GK,Bournemouth,0.0,0,0,0,0,0,0.0,0,615,0.00,0.00,0.00,0.00,32,0,0,0.0,0.0,2026-09-12T14:00:00Z,0,False,4,0,0,0,0,0,4,0,3698,0,0,2,2,0.0,0,229,755,526,45,True,0
Oliver Dovin,GK,Coventry City,0.0,0,0,0,0,0,0.0,0,171,0.00,0.00,0.00,0.00,38,0,0,0.0,0.0,2026-09-13T13:00:00Z,0,False,5,0,0,0,0,0,4,0,122705,0,0,5,0,0.0,0,-18083,0,18083,40,True,0
Tim Iroegbunam,MID,Hull City,0.4,0,0,2,0,1,0.2,2,240,0.00,0.00,0.00,0.35,33,0,0,0.3,3.0,2026-09-12T14:00:00Z,21,False,6,0,0,0,0,0,4,0,1598,0,1,2,2,0.0,0,128,334,206,50,False,1
Jordan Henderson,MID,Chelsea,0.2,0,0,0,0,0,0.0,0,101,0.00,0.00,0.00,0.00,33,0,0,0.0,0.0,2026-09-12T14:00:00Z,0,False,11,0,0,0,0,0,4,0,3001,0,0,2,2,0.0,0,-444,145,589,49,True,0
Abdoul Ouattara,DEF,Ipswich Town,1.2,0,0,5,0,0,0.2,1,592,0.00,0.00,0.00,0.00,34,0,0,0.2,2.2,2026-09-12T14:00:00Z,2,False,8,0,0,0,1,0,4,0,97893,0,1,3,2,0.0,1,-2585,3046,5631,40,False,0
Darío Osorio,MID,Crystal Palace,0.3,0,0,0,0,0,0.0,0,647,0.00,0.00,0.00,0.00,34,0,0,0.0,0.0,2026-09-12T14:00:00Z,0,False,12,0,0,0,0,0,4,0,903,0,0,3,2,0.0,0,263,378,115,55,True,0
Pau Torres,DEF,Aston Villa,0.0,0,0,4,0,0,0.4,0,34,0.00,0.00,0.00,0.20,31,0,0,0.3,0.2,2026-09-12T14:00:00Z,24,False,18,0,0,0,0,0,4,0,43964,1,0,2,1,2.0,1,-1717,3870,5587,45,True,0
Rodrigo Bentancur,MID,Spurs,3.0,0,0,15,1,5,7.9,10,516,0.04,0.04,0.00,0.67,37,0,0,3.1,22.6,2026-09-12T16:30:00Z,62,False,9,0,0,0,2,0,4,0,18318,1,3,0,0,0.0,3,-172,1225,1397,55,True,0
Bruno Guimarães Rodriguez Moura,MID,Arsenal,1.8,0,1,29,0,1,3.9,3,452,0.14,0.23,0.09,1.57,36,0,1,5.0,35.4,2026-09-12T19:00:00Z,45,False,20,0,0,0,1,0,4,0,181073,0,1,2,0,11.0,7,-35502,2351,37853,68,False,0
Georginio Rutter,FWD,Brighton,1.2,0,0,0,0,0,0.0,0,125,0.00,0.00,0.00,0.00,38,0,0,0.0,0.0,2026-09-13T13:00:00Z,0,False,7,0,0,0,0,0,4,0,58474,0,0,5,0,0.0,0,-17412,1249,18661,54,False,0
Zach Abbott,DEF,Nott'm Forest,0.0,0,0,0,0,0,0.0,0,477,0.00,0.00,0.00,0.00,31,0,0,0.0,0.0,2026-09-12T14:00:00Z,0,False,2,0,0,0,0,0,4,0,18185,0,0,2,1,0.0,0,-4322,0,4322,40,False,0
Promise David,FWD,Brighton,0.2,0,0,0,0,0,0.0,0,594,0.00,0.00,0.00,0.00,38,0,0,0.0,0.0,2026-09-13T13:00:00Z,0,False,7,0,0,0,0,0,4,0,24399,0,0,5,0,0.0,0,-2415,2799,5214,60,False,0
Florentino Ibrain Morris Luís,MID,Ipswich Town,0.4,0,0,8,0,1,21.3,2,571,0.01,0.01,0.00,0.27,34,0,0,3.2,9.0,2026-09-12T14:00:00Z,13,False,8,0,0,0,0,0,4,0,9156,0,1,3,2,2.0,1,-906,327,1233,49,False,0
Virgil van Dijk,DEF,Liverpool,3.4,0,0,25,1,10,12.8,10,356,0.01,0.01,0.00,0.70,35,0,0,3.9,25.8,2026-09-12T14:00:00Z,90,False,10,0,0,0,1,0,4,0,1832589,1,0,0,0,0.0,8,-48305,79775,128080,65,True,0
Carlos Baleba,MID,Man Utd,0.0,0,0,0,0,0,0.0,0,131,0.00,0.00,0.00,0.00,39,0,0,0.0,0.0,2026-09-13T15:30:00Z,0,False,15,0,0,0,0,0,4,0,13457,0,0,1,0,0.0,0,-1747,783,2530,50,True,0
Abdülkadir Ömür,MID,Hull City,0.0,0,0,0,0,0,0.0,0,292,0.00,0.00,0.00,0.00,33,0,0,0.0,0.0,2026-09-12T14:00:00Z,0,False,6,0,0,0,0,0,4,0,1763,0,0,2,2,0.0,0,-30,298,328,49,False,0
Mark Gillespie,GK,Newcastle,0.0,0,0,0,0,0,0.0,0,443,0.00,0.00,0.00,0.00,40,0,0,0.0,0.0,2026-09-14T19:00:00Z,0,False,13,0,0,0,0,0,4,0,3541,0,0,1,4,0.0,0,-150,141,291,45,False,0
Andrés García,DEF,Aston Villa,0.0,0,0,0,0,0,0.0,0,38,0.00,0.00,0.00,0.00,31,0,0,0.0,0.0,2026-09-12T14:00:00Z,0,False,18,0,0,0,0,0,4,0,183834,0,0,2,1,0.0,0,-4343,12784,17127,40,True,0
Yoane Wissa,FWD,Newcastle,3.0,0,0,3,0,2,21.5,5,464,0.00,0.16,0.16,2.08,40,4,0,3.6,2.2,2026-09-14T19:00:00Z,90,False,13,0,0,0,2,0,4,0,1925334,1,1,1,4,12.0,2,319416,578506,259090,62,False,0
Jay Dasilva,DEF,Coventry City,1.0,0,0,-7,0,3,26.0,3,176,0.33,0.33,0.00,2.81,38,5,0,3.9,12.8,2026-09-13T13:00:00Z,90,False,5,0,0,0,3,0,4,0,77723,1,0,5,0,0.0,0,-2321,2492,4813,40,True,0
James McAtee,MID,Nott'm Forest,2.0,0,0,18,0,4,27.3,12,486,0.38,0.41,0.03,0.73,31,1,0,5.2,14.8,2026-09-12T14:00:00Z,81,False,2,0,0,0,5,0,4,0,9321,1,3,2,1,10.0,3,546,1956,1410,55,False,1
Emersonn Correia da Silva,FWD,Ipswich Town,5.2,1,3,45,0,0,12.4,2,316,0.05,0.49,0.44,0.20,34,1,1,9.2,46.6,2026-09-12T14:00:00Z,62,False,8,0,0,0,2,0,4,0,178755,1,0,3,2,33.0,12,1738,26091,24353,55,False,0
Enis Destan,FWD,Hull City,0.0,0,0,0,0,0,0.0,0,298,0.00,0.00,0.00,0.00,33,0,0,0.0,0.0,2026-09-12T14:00:00Z,0,False,6,0,0,0,0,0,4,0,22427,0,0,2,2,0.0,0,-3752,0,3752,45,False,0
Gonzalo García,FWD,Fulham,2.4,0,0,5,1,1,10.9,3,569,0.03,0.23,0.20,0.81,35,0,0,2.5,4.4,2026-09-12T14:00:00Z,76,False,14,0,0,0,2,0,4,0,405535,1,0,0,0,10.0,2,-70216,38609,108825,60,False,0
Dillon Phillips,GK,Hull City,0.0,0,0,0,0,0,0.0,0,273,0.00,0.00,0.00,0.00,33,0,0,0.0,0.0,2026-09-12T14:00:00Z,0,False,6,0,0,0,0,0,4,0,154407,0,0,2,2,0.0,0,-1217,8596,9813,40,False,0
Stephen Mfuni,DEF,Coventry City,0.0,0,0,0,0,0,0.0,0,656,0.00,0.00,0.00,0.00,38,0,0,0.0,0.0,2026-09-13T13:00:00Z,0,False,5,0,0,0,0,0,4,0,7468,0,0,5,0,0.0,0,2544,2811,267,40,True,0
Yehor Yarmoliuk,MID,Brentford,1.8,1,0,19,0,2,22.8,5,102,0.21,0.21,0.00,1.25,32,2,0,4.9,22.0,2026-09-12T14:00:00Z,59,False,3,0,0,0,3,0,4,0,78222,1,0,2,2,4.0,4,-15709,706,16415,49,False,0
Abu Kamara,MID,Hull City,0.0,0,0,0,0,0,0.0,0,293,0.00,0.00,0.00,0.00,33,0,0,0.0,0.0,2026-09-12T14:00:00Z,0,False,6,0,0,0,0,0,4,0,215,0,0,2,2,0.0,0,-47,0,47,50,False,0
Boubacar Kamara,MID,Aston Villa,3.0,0,0,17,0,1,12.4,5,47,0.05,0.05,0.00,2.28,31,2,0,2.6,11.6,2026-09-12T14:00:00Z,90,False,18,0,0,0,1,0,4,0,34935,1,3,2,1,2.0,2,-1023,3671,4694,50,True,0
Wesley Fofana,DEF,Chelsea,1.6,0,0,10,0,4,4.7,6,145,0.03,0.03,0.00,0.89,33,2,0,2.7,18.4,2026-09-12T14:00:00Z,85,False,11,0,0,0,4,0,4,0,18473,1,2,2,2,4.0,1,7374,9377,2003,50,True,0
Darko Gyabi,MID,Hull City,0.0,0,0,0,0,0,0.0,0,297,0.00,0.00,0.00,0.00,33,0,0,0.0,0.0,2026-09-12T14:00:00Z,0,False,6,0,0,0,0,0,4,0,2036,0,0,2,2,0.0,0,-159,123,282,45,False,0
Leo Shahar,DEF,Newcastle,0.0,0,0,0,0,0,0.0,0,609,0.00,0.00,0.00,0.00,40,0,0,0.0,0.0,2026-09-14T19:00:00Z,0,False,13,0,0,0,0,0,4,0,26576,0,0,1,4,0.0,0,-1044,3372,4416,40,False,0
Brennan Johnson,MID,Everton,1.8,0,0,13,1,2,29.0,6,209,0.18,0.34,0.16,0.43,37,0,0,4.6,11.2,2026-09-12T16:30:00Z,74,False,19,0,0,0,2,0,4,0,12460,1,2,0,0,6.0,3,-1128,1069,2197,59,False,0
Kepa Arrizabalaga Revuelta,GK,Arsenal,0.0,0,0,0,0,0,0.0,0,2,0.00,0.00,0.00,0.00,36,0,0,0.0,0.0,2026-09-12T19:00:00Z,0,False,20,0,0,0,0,0,4,0,7757,0,0,2,0,0.0,0,-576,275,851,49,False,0
Alisson Becker,GK,Liverpool,3.8,0,2,29,1,0,0.0,0,350,0.00,0.00,0.00,0.70,35,0,0,2.1,21.0,2026-09-12T14:00:00Z,90,False,10,0,0,0,14,0,4,3,438381,1,0,0,0,0.0,9,15592,45421,29829,55,True,0
Mathys Tel,MID,Spurs,1.6,0,0,3,0,0,3.2,0,514,0.09,0.10,0.01,0.44,37,0,0,1.3,0.6,2026-09-12T16:30:00Z,27,False,9,0,0,0,0,0,4,0,26160,0,0,0,0,9.0,1,-6570,1812,8382,58,True,0
Leo Fuhr Hjelde,DEF,Sunderland,0.0,0,0,0,0,0,0.0,0,538,0.00,0.00,0.00,0.00,36,0,0,0.0,0.0,2026-09-12T19:00:00Z,0,False,1,0,0,0,0,0,4,0,4107,0,0,2,0,0.0,0,-403,0,403,40,True,0
Chiedozie Ogbene,MID,Ipswich Town,0.0,0,0,0,0,0,0.0,0,314,0.00,0.00,0.00,0.00,34,0,0,0.0,0.0,2026-09-12T14:00:00Z,0,False,8,0,0,0,0,0,4,0,837,0,0,3,2,0.0,0,-326,0,326,49,False,0
Hákon Rafn Valdimarsson,GK,Brentford,0.0,0,0,0,0,0,0.0,0,83,0.00,0.00,0.00,0.00,32,0,0,0.0,0.0,2026-09-12T14:00:00Z,0,False,3,0,0,0,0,0,4,0,10856,0,0,2,2,0.0,0,-438,631,1069,45,False,0
Mathias Jensen,MID,Brentford,0.0,0,0,0,0,0,0.0,0,97,0.00,0.00,0.00,0.00,32,0,0,0.0,0.0,2026-09-12T14:00:00Z,0,False,3,0,0,0,0,0,4,0,12497,0,0,2,2,0.0,0,-4249,42,4291,54,False,0
Jeremy Jacquet,DEF,Liverpool,3.6,0,3,36,1,4,3.3,5,362,0.02,0.02,0.00,0.70,35,0,0,2.4,20.2,2026-09-12T14:00:00Z,90,False,10,0,0,0,5,0,4,0,298463,1,1,0,0,0.0,9,16244,48593,32349,50,True,0
Dominic Calvert-Lewin,FWD,Leeds,4.0,1,2,37,1,1,12.2,5,346,0.00,0.87,0.87,0.59,40,0,1,13.0,51.0,2026-09-14T19:00:00Z,77,False,17,0,0,0,4,0,4,0,2292933,1,0,1,4,67.0,10,-377508,100296,477804,60,True,1
Nick Pope,GK,Newcastle,0.0,0,0,0,0,0,0.0,0,442,0.00,0.00,0.00,0.00,40,0,0,0.0,0.0,2026-09-14T19:00:00Z,0,False,13,0,0,0,0,0,4,0,108982,0,0,1,4,0.0,0,-8971,3004,11975,49,False,0
Frank Onyeka,MID,Coventry City,1.2,0,0,11,0,2,0.9,7,104,0.01,0.04,0.03,2.16,38,3,0,2.8,6.2,2026-09-13T13:00:00Z,72,False,5,0,0,0,4,0,4,0,11832,1,1,5,0,21.0,2,-1084,629,1713,49,True,0
Marc Guéhi,DEF,Man City,5.2,0,0,27,1,7,0.6,7,388,0.00,0.00,0.00,1.00,39,0,0,1.9,16.6,2026-09-13T15:30:00Z,90,False,16,0,0,0,3,0,4,0,1956435,1,0,1,0,2.0,6,-25207,90239,115446,60,False,0
Christos Tzolis,MID,Arsenal,3.2,0,0,10,1,1,7.3,3,557,0.13,0.13,0.00,1.41,36,0,0,1.3,3.8,2026-09-12T19:00:00Z,80,False,20,0,0,0,1,0,4,0,1659753,1,1,2,0,2.0,3,-328555,82691,411246,64,False,0
George Hemmings,MID,Aston Villa,1.8,0,0,3,0,1,11.5,1,51,0.01,0.01,0.00,0.39,31,0,0,1.6,2.0,2026-09-12T14:00:00Z,45,False,18,0,0,0,0,0,4,0,147009,1,0,2,1,2.0,1,30719,53459,22740,45,True,0
Erling Haaland,FWD,Man City,6.6,0,3,36,1,0,1.6,3,411,0.01,0.88,0.87,1.00,39,0,1,7.3,34.0,2026-09-13T15:30:00Z,90,False,16,0,0,0,3,0,4,0,7610939,1,0,1,0,37.0,9,45312,178187,132875,155,False,0
Riccardo Calafiori,DEF,Arsenal,5.8,0,0,18,1,4,1.7,4,8,0.01,0.07,0.06,1.80,36,0,0,1.8,8.8,2026-09-12T19:00:00Z,90,False,20,0,0,0,2,0,4,0,5296821,1,0,2,0,7.0,6,392809,487524,94715,58,False,0
Sean Longstaff,MID,Leeds,0.4,0,0,4,0,0,0.0,0,339,0.00,0.00,0.00,0.28,40,1,0,0.0,0.0,2026-09-14T19:00:00Z,2,False,17,0,0,0,0,0,4,0,10180,0,0,1,4,0.0,1,-1113,693,1806,49,True,0
Juanlu Sánchez,DEF,Bournemouth,0.0,0,0,0,0,0,0.0,0,573,0.00,0.00,0.00,0.00,32,0,0,0.0,0.0,2026-09-12T14:00:00Z,0,False,4,0,0,0,0,0,4,0,18893,0,0,2,2,0.0,0,-1322,285,1607,45,True,0
Tom King,GK,Everton,0.0,0,0,0,0,0,0.0,0,228,0.00,0.00,0.00,0.00,37,0,0,0.0,0.0,2026-09-12T16:30:00Z,0,False,19,0,0,0,0,0,4,0,4562,0,0,0,0,0.0,0,-100,278,378,45,False,0
Dean Henderson,GK,Crystal Palace,0.0,0,0,0,0,0,0.0,0,198,0.00,0.00,0.00,0.00,34,0,0,0.0,0.0,2026-09-12T14:00:00Z,0,False,12,0,0,0,0,0,4,0,234983,0,0,3,2,0.0,0,17128,34005,16877,50,True,0
Oli McBurnie,FWD,Hull City,2.8,1,0,17,0,2,10.8,3,295,0.04,0.37,0.33,0.72,33,2,0,5.3,23.6,2026-09-12T14:00:00Z,81,False,6,0,0,0,0,0,4,0,198314,1,1,2,2,19.0,4,-18516,22215,40731,55,False,1
Amad Diallo,MID,Man Utd,0.0,0,0,0,0,0,0.0,0,431,0.00,0.00,0.00,0.00,39,0,0,0.0,0.0,2026-09-13T15:30:00Z,0,False,15,0,0,0,0,0,4,0,38595,0,0,1,0,0.0,0,-13432,148,13580,58,True,0
Oscar Mingueza,DEF,Crystal Palace,0.4,0,0,0,0,0,0.0,0,207,0.00,0.00,0.00,0.00,34,0,0,0.0,0.0,2026-09-12T14:00:00Z,0,False,12,0,0,0,0,0,4,0,7027,0,0,3,2,0.0,0,-316,691,1007,44,True,0
Charalampos Kostoulas,FWD,Brighton,5.6,1,1,40,1,2,7.0,7,138,0.01,0.40,0.39,1.30,38,0,1,7.8,33.0,2026-09-13T13:00:00Z,83,False,7,0,0,0,4,0,4,0,59839,1,1,5,0,38.0,10,7254,16416,9162,55,False,0
Filip Jörgensen,GK,Chelsea,0.0,0,0,0,0,0,0.0,0,141,0.00,0.00,0.00,0.00,33,0,0,0.0,0.0,2026-09-12T14:00:00Z,0,False,11,0,0,0,0,0,4,0,933,0,0,2,2,0.0,0,-95,0,95,50,True,0
Kaye Furo,FWD,Brentford,0.0,0,0,0,0,0,0.0,0,107,0.00,0.00,0.00,0.00,32,0,0,0.0,0.0,2026-09-12T14:00:00Z,0,False,3,0,0,0,0,0,4,0,119195,0,0,2,2,0.0,0,4526,19067,14541,45,False,0
Matheus Santos Carneiro da Cunha,MID,Man Utd,3.2,0,0,8,0,0,14.3,2,428,0.03,0.14,0.11,1.10,39,1,0,3.2,2.4,2026-09-13T15:30:00Z,90,False,15,0,0,0,1,0,4,0,680785,1,1,1,0,15.0,2,-138505,11751,150256,79,True,0
Carl Rushworth,GK,Coventry City,1.0,0,0,-5,0,1,0.0,0,110,0.01,0.01,0.00,2.81,38,5,0,1.8,18.0,2026-09-13T13:00:00Z,90,False,5,0,0,0,11,0,4,2,95177,1,0,5,0,0.0,0,-11337,5350,16687,45,True,0
Gabriel dos Santos Magalhães,DEF,Arsenal,5.0,0,2,30,1,10,1.5,11,4,0.01,0.03,0.02,1.80,36,0,0,2.3,20.6,2026-09-12T19:00:00Z,90,False,20,0,0,0,2,0,4,0,2549738,1,1,2,0,1.0,9,-197767,56562,254329,80,False,1
Hugo Ekitiké,FWD,Liverpool,0.0,0,0,0,0,0,0.0,0,380,0.00,0.00,0.00,0.00,35,0,0,0.0,0.0,2026-09-12T14:00:00Z,0,False,10,0,0,0,0,0,4,0,11892,0,0,0,0,0.0,0,-1567,474,2041,74,True,0
Chris Richards,DEF,Crystal Palace,1.2,0,0,2,0,12,5.9,13,202,0.06,0.06,0.00,1.68,34,3,0,2.8,22.4,2026-09-12T14:00:00Z,90,False,12,0,0,0,6,0,4,0,74063,1,1,3,2,0.0,2,497,9105,8608,50,True,1
Brian Madjo,FWD,Aston Villa,0.0,0,0,0,0,0,0.0,0,582,0.00,0.00,0.00,0.00,31,0,0,0.0,0.0,2026-09-12T14:00:00Z,0,False,18,0,0,0,0,0,4,0,26815,0,0,2,1,0.0,0,-5489,357,5846,55,True,0
Curtis Jones,MID,Liverpool,0.0,0,0,0,0,0,0.0,0,373,0.00,0.00,0.00,0.00,35,0,0,0.0,0.0,2026-09-12T14:00:00Z,0,False,10,0,0,0,0,0,4,0,2535,0,0,0,0,0.0,0,-372,0,372,55,True,0
Alisson Becker,GK,Liverpool,3.8,0,2,29,1,0,0.0,0,350,0.00,0.00,0.00,0.70,35,0,0,2.1,21.0,2026-09-12T14:00:00Z,90,False,10,0,0,0,14,0,4,3,438381,1,0,0,0,0.0,9,15592,45421,29829,55,True,0
Aladji Bamba,MID,Newcastle,0.6,0,0,4,0,0,0.3,2,559,0.00,0.00,0.00,0.11,40,0,0,0.2,1.4,2026-09-14T19:00:00Z,10,False,13,0,0,0,1,0,4,0,11166,0,1,1,4,0.0,1,-1098,539,1637,49,False,0
Abdul Fatawu,MID,Ipswich Town,1.6,0,0,6,0,2,11.3,7,315,0.05,0.05,0.00,0.20,34,1,0,2.4,6.2,2026-09-12T14:00:00Z,61,False,8,0,0,0,3,0,4,0,21628,1,2,3,2,6.0,1,-464,1970,2434,55,False,1
Leny Yoro,DEF,Man Utd,0.4,0,0,0,0,0,0.0,0,420,0.00,0.00,0.00,0.00,39,0,0,0.0,0.0,2026-09-13T15:30:00Z,0,False,15,0,0,0,0,0,4,0,52988,0,0,1,0,0.0,0,-6069,894,6963,49,True,0
Jorrel Hato,DEF,Chelsea,1.6,0,0,-8,0,2,2.9,3,148,0.10,0.10,0.00,0.44,33,2,0,0.9,3.8,2026-09-12T14:00:00Z,45,False,11,0,0,0,2,0,4,0,115190,1,1,2,2,2.0,0,42963,58654,15691,45,True,0
Abdul Fatawu,MID,Ipswich Town,1.6,0,0,6,0,2,11.3,7,315,0.05,0.05,0.00,0.20,34,1,0,2.4,6.2,2026-09-12T14:00:00Z,61,False,8,0,0,0,3,0,4,0,21628,1,2,3,2,6.0,1,-464,1970,2434,55,False,1
Sander Berge,MID,Fulham,1.6,0,0,14,1,4,11.7,9,265,0.01,0.01,0.00,1.28,35,0,0,3.6,18.6,2026-09-12T14:00:00Z,90,False,14,0,0,0,2,0,4,0,32007,1,3,0,0,6.0,3,-4295,748,5043,49,False,0
Timothy Castagne,DEF,Fulham,3.8,0,0,23,1,3,0.8,5,258,0.01,0.01,0.00,0.74,35,0,0,1.4,11.2,2026-09-12T14:00:00Z,71,False,14,0,0,0,3,0,4,0,83333,1,2,0,0,2.0,6,-11458,6203,17661,45,False,0
Juan Angulo,FWD,Sunderland,0.0,0,0,0,0,0,0.0,0,651,0.00,0.00,0.00,0.00,36,0,0,0.0,0.0,2026-09-12T19:00:00Z,0,False,1,0,0,0,0,0,4,0,53783,0,0,2,0,0.0,0,22849,32385,9536,45,True,0
Cody Gakpo,MID,Liverpool,5.8,0,0,3,0,0,1.3,2,367,0.02,0.10,0.08,0.16,35,0,0,0.9,0.8,2026-09-12T14:00:00Z,30,False,10,0,0,0,2,0,4,0,1328735,0,0,0,0,7.0,1,357507,670039,312532,72,True,0
Jaidon Anthony,MID,Brentford,3.0,0,0,12,0,5,15.3,11,105,0.10,0.10,0.00,1.25,32,2,0,3.2,14.6,2026-09-12T14:00:00Z,59,False,3,0,0,0,4,0,4,0,14724,1,2,2,2,2.0,1,-1801,761,2562,60,False,0
Enes Ünal,FWD,Bournemouth,0.0,0,0,0,0,0,0.0,0,80,0.00,0.00,0.00,0.00,32,0,0,0.0,0.0,2026-09-12T14:00:00Z,0,False,4,0,0,0,0,0,4,0,1781,0,0,2,2,0.0,0,-219,0,219,55,True,0
Kai Andrews,MID,Coventry City,0.0,0,0,0,0,0,0.0,0,192,0.00,0.00,0.00,0.00,38,0,0,0.0,0.0,2026-09-13T13:00:00Z,0,False,5,0,0,0,0,0,4,0,36602,0,0,5,0,0.0,0,-8343,0,8343,45,True,0
Julián Araujo Zúñiga,DEF,Bournemouth,0.0,0,0,0,0,0,0.0,0,65,0.00,0.00,0.00,0.00,32,0,0,0.0,0.0,2026-09-12T14:00:00Z,0,False,4,0,0,0,0,0,4,0,1303,0,0,2,2,0.0,0,-117,99,216,44,True,0
Dara O'Shea,DEF,Ipswich Town,2.0,0,0,5,0,7,30.8,9,304,0.08,0.08,0.00,0.62,34,2,0,6.4,29.6,2026-09-12T14:00:00Z,90,False,8,0,0,0,2,0,4,0,317758,1,2,3,2,4.0,1,-22365,18186,40551,40,False,0
Norberto Bercique Gomes Betuncal,FWD,Everton,0.0,0,0,0,0,0,0.0,0,248,0.00,0.00,0.00,0.00,37,0,0,0.0,0.0,2026-09-12T16:30:00Z,0,False,19,0,0,0,0,0,4,0,94922,0,0,0,0,0.0,0,-62064,0,62064,54,False,0
Alex Palmer,GK,Ipswich Town,0.0,0,0,0,0,0,0.0,0,301,0.00,0.00,0.00,0.00,34,0,0,0.0,0.0,2026-09-12T14:00:00Z,0,False,8,0,0,0,0,0,4,0,443746,0,0,3,2,0.0,0,-8837,24047,32884,40,False,0
William Saliba,DEF,Arsenal,0.0,0,0,0,0,0,0.0,0,6,0.00,0.00,0.00,0.00,36,0,0,0.0,0.0,2026-09-12T19:00:00Z,0,False,20,0,0,0,0,0,4,0,22768,0,0,2,0,0.0,0,-2516,735,3251,59,False,0
Jacob Ramsey,MID,Newcastle,0.0,0,0,0,0,0,0.0,0,456,0.00,0.00,0.00,0.00,40,0,0,0.0,0.0,2026-09-14T19:00:00Z,0,False,13,0,0,0,0,0,4,0,39795,0,0,1,4,0.0,0,6540,11516,4976,49,False,0
Brandon Austin,GK,Spurs,0.0,0,0,0,0,0,0.0,0,495,0.00,0.00,0.00,0.00,37,0,0,0.0,0.0,2026-09-12T16:30:00Z,0,False,9,0,0,0,0,0,4,0,108986,0,0,0,0,0.0,0,2998,8583,5585,40,True,0
Alex Tóth,MID,Bournemouth,0.2,0,0,0,0,0,0.0,0,76,0.00,0.00,0.00,0.00,32,0,0,0.0,0.0,2026-09-12T14:00:00Z,0,False,4,0,0,0,0,0,4,0,1498,0,0,2,2,0.0,0,-138,72,210,50,True,0
Jean-Mattéo Bahoya,MID,Leeds,0.0,0,0,0,0,0,0.0,0,648,0.00,0.00,0.00,0.00,40,0,0,0.0,0.0,2026-09-14T19:00:00Z,0,False,17,0,0,0,0,0,4,0,1465,0,0,1,4,0.0,0,392,754,362,50,True,0
Arnaud Kalimuendo,FWD,Nott'm Forest,0.2,0,0,0,0,0,0.0,0,493,0.00,0.00,0.00,0.00,31,0,0,0.0,0.0,2026-09-12T14:00:00Z,0,False,2,0,0,0,0,0,4,0,5715,0,0,2,1,0.0,0,281,1150,869,54,False,0
Justin Devenny,MID,Crystal Palace,0.0,0,0,0,0,0,0.0,0,215,0.00,0.00,0.00,0.00,34,0,0,0.0,0.0,2026-09-12T14:00:00Z,0,False,12,0,0,0,0,0,4,0,646,0,0,3,2,0.0,0,-276,0,276,50,True,0
Anthony Patterson,GK,Sunderland,0.0,0,0,0,0,0,0.0,0,530,0.00,0.00,0.00,0.00,36,0,0,0.0,0.0,2026-09-12T19:00:00Z,0,False,1,0,0,0,0,0,4,0,13568,0,0,2,0,0.0,0,-986,0,986,40,True,0
Gabriel Martinelli Silva,MID,Arsenal,0.0,0,0,0,0,0,0.0,0,18,0.00,0.00,0.00,0.00,36,0,0,0.0,0.0,2026-09-12T19:00:00Z,0,False,20,0,0,0,0,0,4,0,9183,0,0,2,0,0.0,0,-6160,0,6160,63,False,0
Matty Jacob,DEF,Hull City,0.0,0,0,0,0,0,0.0,0,283,0.00,0.00,0.00,0.00,33,0,0,0.0,0.0,2026-09-12T14:00:00Z,0,False,6,0,0,0,0,0,4,0,927,0,0,2,2,0.0,0,-125,0,125,40,False,0
Dan Burn,DEF,Newcastle,0.0,0,0,0,0,0,0.0,0,448,0.00,0.00,0.00,0.00,40,0,0,0.0,0.0,2026-09-14T19:00:00Z,0,False,13,0,0,0,0,0,4,0,96018,0,0,1,4,0.0,0,-20317,239,20556,49,False,0
Timothy Castagne,DEF,Fulham,3.8,0,0,23,1,3,0.8,5,258,0.01,0.01,0.00,0.74,35,0,0,1.4,11.2,2026-09-12T14:00:00Z,71,False,14,0,0,0,3,0,4,0,83333,1,2,0,0,2.0,6,-11458,6203,17661,45,False,0
Luc De Fougerolles,DEF,Fulham,0.0,0,0,0,0,0,0.0,0,610,0.00,0.00,0.00,0.00,35,0,0,0.0,0.0,2026-09-12T14:00:00Z,0,False,14,0,0,0,0,0,4,0,9207,0,0,0,0,0.0,0,-750,515,1265,40,False,0
Marc Guéhi,DEF,Man City,5.2,0,0,27,1,7,0.6,7,388,0.00,0.00,0.00,1.00,39,0,0,1.9,16.6,2026-09-13T15:30:00Z,90,False,16,0,0,0,3,0,4,0,1956435,1,0,1,0,2.0,6,-25207,90239,115446,60,False,0
Nobel Mendy,DEF,Hull City,0.0,0,0,3,0,5,0.2,7,586,0.00,0.00,0.00,0.26,33,1,0,1.3,12.6,2026-09-12T14:00:00Z,58,False,6,0,0,0,0,0,4,0,895270,1,2,2,2,0.0,1,246029,316492,70463,41,False,0
Matthijs de Ligt,DEF,Man Utd,0.0,0,0,0,0,0,0.0,0,416,0.00,0.00,0.00,0.00,39,0,0,0.0,0.0,2026-09-13T15:30:00Z,0,False,15,0,0,0,0,0,4,0,2411,0,0,1,0,0.0,0,-177,87,264,50,True,0
Geovany Quenda,MID,Chelsea,0.4,0,0,0,0,0,0.0,0,164,0.00,0.00,0.00,0.00,33,0,0,0.0,0.0,2026-09-12T14:00:00Z,0,False,11,0,0,0,0,0,4,0,3551,0,0,2,2,0.0,0,-517,154,671,54,True,0
Nobel Mendy,DEF,Hull City,0.0,0,0,3,0,5,0.2,7,586,0.00,0.00,0.00,0.26,33,1,0,1.3,12.6,2026-09-12T14:00:00Z,58,False,6,0,0,0,0,0,4,0,895270,1,2,2,2,0.0,1,246029,316492,70463,41,False,0
Wilson Odobert,MID,Spurs,0.0,0,0,0,0,0,0.0,0,517,0.00,0.00,0.00,0.00,37,0,0,0.0,0.0,2026-09-12T16:30:00Z,0,False,9,0,0,0,0,0,4,0,143,0,0,0,0,0.0,0,18,36,18,55,True,0
Manuel Ugarte Ribeiro,MID,Man Utd,0.0,0,0,0,0,0,0.0,0,433,0.00,0.00,0.00,0.00,39,0,0,0.0,0.0,2026-09-13T15:30:00Z,0,False,15,0,0,0,0,0,4,0,388,0,0,1,0,0.0,0,-22,25,47,50,True,0
Jack Taylor,MID,Ipswich Town,0.0,0,0,0,0,0,0.0,0,312,0.00,0.00,0.00,0.00,34,0,0,0.0,0.0,2026-09-12T14:00:00Z,0,False,8,0,0,0,0,0,4,0,3274,0,0,3,2,0.0,0,-278,176,454,45,False,0
Aaron Wan-Bissaka,DEF,Aston Villa,1.5,0,0,11,0,7,13.3,12,611,0.06,0.06,0.00,2.28,31,2,0,3.9,26.0,2026-09-12T14:00:00Z,90,False,18,0,0,0,1,0,4,0,19667,1,5,2,1,0.0,3,1842,4076,2234,45,True,0
João Pedro Loureiro da Costa,DEF,Brighton,0.8,0,0,3,0,1,0.3,1,119,0.00,0.00,0.00,0.04,38,0,0,0.2,1.2,2026-09-13T13:00:00Z,6,False,7,0,0,0,1,0,4,0,3722,0,0,5,0,0.0,1,-117,204,321,45,False,0
Ryan Giles,DEF,Hull City,4.8,1,0,20,0,6,33.5,7,282,0.17,0.17,0.00,0.91,33,2,0,6.6,32.4,2026-09-12T14:00:00Z,90,False,6,0,0,0,2,0,4,0,195043,1,1,2,2,0.0,4,58990,75912,16922,40,False,0
Luca Netz,DEF,Nott'm Forest,0.4,0,0,0,0,0,0.0,0,478,0.00,0.00,0.00,0.00,31,0,0,0.0,0.0,2026-09-12T14:00:00Z,0,False,2,0,0,0,0,0,4,0,3279,0,0,2,1,0.0,0,-264,104,368,45,False,0
Leon Bailey,MID,Aston Villa,0.0,0,0,0,0,0,0.0,0,44,0.00,0.00,0.00,0.00,31,0,0,0.0,0.0,2026-09-12T14:00:00Z,0,False,18,0,0,0,0,0,4,0,7592,0,0,2,1,0.0,0,-4702,0,4702,54,True,0
Yoane Wissa,FWD,Newcastle,3.0,0,0,3,0,2,21.5,5,464,0.00,0.16,0.16,2.08,40,4,0,3.6,2.2,2026-09-14T19:00:00Z,90,False,13,0,0,0,2,0,4,0,1925334,1,1,1,4,12.0,2,319416,578506,259090,62,False,0
Leny Yoro,DEF,Man Utd,0.4,0,0,0,0,0,0.0,0,420,0.00,0.00,0.00,0.00,39,0,0,0.0,0.0,2026-09-13T15:30:00Z,0,False,15,0,0,0,0,0,4,0,52988,0,0,1,0,0.0,0,-6069,894,6963,49,True,0
Aaron Hickey,DEF,Brentford,1.0,0,0,4,0,5,2.1,7,90,0.03,0.06,0.03,1.33,32,2,0,1.8,10.0,2026-09-12T14:00:00Z,70,False,3,0,0,0,4,0,4,0,7602,1,2,2,2,6.0,1,-402,309,711,45,False,0
Alexander Isak,FWD,Liverpool,5.0,0,0,5,1,0,2.8,1,379,0.00,0.50,0.50,0.70,35,0,0,3.2,1.2,2026-09-12T14:00:00Z,90,False,10,0,0,0,1,0,4,0,2626358,1,0,0,0,28.0,2,623585,732640,109055,91,True,0
Norman Bassette,FWD,Coventry City,0.0,0,0,0,0,0,0.0,0,197,0.00,0.00,0.00,0.00,38,0,0,0.0,0.0,2026-09-13T13:00:00Z,0,False,5,0,0,0,0,0,4,0,2877,0,0,5,0,0.0,0,-350,0,350,45,True,0
Harry Amass,DEF,Man Utd,0.0,0,0,0,0,0,0.0,0,424,0.00,0.00,0.00,0.00,39,0,0,0.0,0.0,2026-09-13T15:30:00Z,0,False,15,0,0,0,0,0,4,0,21846,0,0,1,0,0.0,0,-300,1680,1980,40,True,0
Ola Aina,DEF,Nott'm Forest,1.6,0,0,11,0,5,1.7,8,473,0.01,0.01,0.00,0.82,31,1,0,1.9,17.4,2026-09-12T14:00:00Z,90,False,2,0,0,0,2,0,4,0,273323,1,3,2,1,0.0,2,-43006,8317,51323,45,False,0
Brenden Aaronson,MID,Leeds,1.2,0,0,4,0,0,0.3,1,337,0.00,0.00,0.00,0.30,40,1,0,0.3,0.2,2026-09-14T19:00:00Z,18,False,17,0,0,0,1,0,4,0,61613,0,0,1,4,2.0,1,-10317,1095,11412,54,True,0
Mark Gillespie,GK,Newcastle,0.0,0,0,0,0,0,0.0,0,443,0.00,0.00,0.00,0.00,40,0,0,0.0,0.0,2026-09-14T19:00:00Z,0,False,13,0,0,0,0,0,4,0,3541,0,0,1,4,0.0,0,-150,141,291,45,False,0
Dean Henderson,GK,Crystal Palace,0.0,0,0,0,0,0,0.0,0,198,0.00,0.00,0.00,0.00,34,0,0,0.0,0.0,2026-09-12T14:00:00Z,0,False,12,0,0,0,0,0,4,0,234983,0,0,3,2,0.0,0,17128,34005,16877,50,True,0
Paddy McNair,DEF,Hull City,0.2,0,0,0,0,0,0.0,0,285,0.00,0.00,0.00,0.00,33,0,0,0.0,0.0,2026-09-12T14:00:00Z,0,False,6,0,0,0,0,0,4,0,12640,0,0,2,2,0.0,0,-629,574,1203,40,False,0
Michael Svoboda,DEF,Brighton,0.2,0,0,0,0,0,0.0,0,120,0.00,0.00,0.00,0.00,38,0,0,0.0,0.0,2026-09-13T13:00:00Z,0,False,7,0,0,0,0,0,4,0,5997,0,0,5,0,0.0,0,4,898,894,50,False,0
Aaron Wan-Bissaka,DEF,Aston Villa,1.5,0,0,11,0,7,13.3,12,611,0.06,0.06,0.00,2.28,31,2,0,3.9,26.0,2026-09-12T14:00:00Z,90,False,18,0,0,0,1,0,4,0,19667,1,5,2,1,0.0,3,1842,4076,2234,45,True,0
Álvaro Rodríguez,FWD,Bournemouth,0.4,0,0,3,0,0,0.5,0,81,0.00,0.00,0.00,0.02,32,0,0,0.1,0.0,2026-09-12T14:00:00Z,1,False,4,0,0,0,0,0,4,0,12593,0,0,2,2,0.0,1,-409,1247,1656,60,True,0
Liam Delap,FWD,Nott'm Forest,1.6,0,0,25,0,1,12.6,4,167,0.08,0.71,0.63,0.73,31,1,1,7.9,28.6,2026-09-12T14:00:00Z,90,False,2,0,0,0,2,0,4,0,93051,1,1,2,1,38.0,5,7672,20097,12425,55,False,1
Bruno Borges Fernandes,MID,Man Utd,5.8,0,0,17,0,1,31.4,7,426,0.33,0.36,0.03,1.10,39,1,0,5.5,17.0,2026-09-13T15:30:00Z,90,False,15,0,0,0,4,0,4,0,4455713,1,2,1,0,7.0,2,-615807,123022,738829,120,True,0
Jannik Schuster,DEF,Brentford,4.2,0,0,5,0,10,0.5,12,93,0.01,0.01,0.00,1.75,32,2,0,3.1,22.2,2026-09-12T14:00:00Z,90,False,3,0,0,0,3,0,4,0,15722,1,2,2,2,8.0,3,170,905,735,45,False,0
Shea Lacey,MID,Man Utd,0.2,0,0,0,0,0,0.0,0,435,0.00,0.00,0.00,0.00,39,0,0,0.0,0.0,2026-09-13T15:30:00Z,0,False,15,0,0,0,0,0,4,0,5384,0,0,1,0,0.0,0,-577,197,774,49,True,0
Joël Piroe,FWD,Leeds,0.0,0,0,0,0,0,0.0,0,348,0.00,0.00,0.00,0.00,40,0,0,0.0,0.0,2026-09-14T19:00:00Z,0,False,17,0,0,0,0,0,4,0,7440,0,0,1,4,0.0,0,-1516,0,1516,50,True,0
Daniel Jebbison,FWD,Bournemouth,0.4,0,0,0,0,0,0.0,0,608,0.00,0.00,0.00,0.00,32,0,0,0.0,0.0,2026-09-12T14:00:00Z,0,False,4,0,0,0,0,0,4,0,11375,0,0,2,2,0.0,0,1502,3390,1888,50,True,0
Sorba Thomas,MID,Hull City,1.3,0,0,6,0,0,14.8,4,642,0.03,0.05,0.02,0.64,33,1,0,2.4,5.6,2026-09-12T14:00:00Z,30,False,6,0,0,0,4,0,4,0,1526,0,0,2,2,4.0,1,606,883,277,55,False,0
Viktor Gyökeres,FWD,Arsenal,0.4,0,0,0,0,0,0.0,0,25,0.00,0.00,0.00,0.00,36,0,0,0.0,0.0,2026-09-12T19:00:00Z,0,False,20,0,0,0,0,0,4,0,388876,0,0,2,0,0.0,0,-92048,6130,98178,72,False,0
Lukás Hornícek,GK,Newcastle,2.8,0,0,2,0,3,0.0,0,567,0.00,0.00,0.00,2.08,40,4,0,2.9,29.4,2026-09-14T19:00:00Z,90,False,13,0,0,0,4,0,4,3,150531,1,0,1,4,0.0,1,29466,58083,28617,50,False,0
Sam Szmodics,MID,Ipswich Town,0.0,0,0,0,0,0,0.0,0,319,0.00,0.00,0.00,0.00,34,0,0,0.0,0.0,2026-09-12T14:00:00Z,0,False,8,0,0,0,0,0,4,0,350,0,0,3,2,0.0,0,-87,0,87,50,False,0
Elliot Anderson,MID,Man City,2.6,0,0,18,1,5,3.3,14,481,0.01,0.01,0.00,1.00,39,0,0,1.9,15.2,2026-09-13T15:30:00Z,90,False,16,0,0,0,6,0,4,0,447292,1,3,1,0,0.0,5,-76716,16389,93105,63,False,0
Lamare Bogarde,MID,Aston Villa,0.2,0,0,0,0,0,0.0,0,35,0.00,0.00,0.00,0.00,31,0,0,0.0,0.0,2026-09-12T14:00:00Z,0,False,18,0,0,0,0,0,4,0,7155,0,0,2,1,0.0,0,-440,686,1126,50,True,0
Jack Butland,GK,Hull City,0.0,0,0,0,0,0,0.0,0,274,0.00,0.00,0.00,0.00,33,0,0,0.0,0.0,2026-09-12T14:00:00Z,0,False,6,0,0,0,0,0,4,0,7924,0,0,2,2,0.0,0,-669,170,839,45,False,0
Omari Hutchinson,MID,Nott'm Forest,0.0,0,0,0,0,0,0.0,0,484,0.00,0.00,0.00,0.00,31,0,0,0.0,0.0,2026-09-12T14:00:00Z,0,False,2,0,0,0,0,0,4,0,8921,0,0,2,1,0.0,0,-2676,0,2676,54,False,0
Michael Kayode,DEF,Brentford,4.6,0,0,5,0,1,14.1,1,88,0.15,0.15,0.00,0.41,32,0,0,2.0,5.4,2026-09-12T14:00:00Z,19,False,3,0,0,0,1,0,4,0,934432,0,0,2,2,0.0,1,-58707,52146,110853,46,False,0
Valentín Barco,MID,Chelsea,0.6,0,0,7,0,1,2.9,2,568,0.09,0.09,0.00,0.54,33,0,0,0.7,1.6,2026-09-12T14:00:00Z,21,False,11,0,0,0,1,0,4,0,13757,0,0,2,2,2.0,0,-591,863,1454,55,True,1
Jack Harrison,MID,Leeds,0.0,0,0,0,0,0,0.0,0,342,0.00,0.00,0.00,0.00,40,0,0,0.0,0.0,2026-09-14T19:00:00Z,0,False,17,0,0,0,0,0,4,0,71,0,0,1,4,0.0,0,-11,0,11,50,True,0
Allan Andrade Elias,MID,Man City,0.0,0,0,0,0,0,0.0,0,628,0.00,0.00,0.00,0.00,39,0,0,0.0,0.0,2026-09-13T15:30:00Z,0,False,16,0,0,0,0,0,4,0,671,0,0,1,0,0.0,0,117,309,192,60,False,0
Ibrahim Sangaré,MID,Nott'm Forest,0.6,0,0,2,0,1,0.4,2,488,0.01,0.07,0.06,0.09,31,0,0,0.5,2.4,2026-09-12T14:00:00Z,8,False,2,0,0,0,0,0,4,0,52561,0,1,2,1,2.0,1,-9453,2665,12118,49,False,0
Chiedozie Ogbene,MID,Ipswich Town,0.0,0,0,0,0,0,0.0,0,314,0.00,0.00,0.00,0.00,34,0,0,0.0,0.0,2026-09-12T14:00:00Z,0,False,8,0,0,0,0,0,4,0,837,0,0,3,2,0.0,0,-326,0,326,49,False,0
Tyler Fletcher,MID,Man Utd,0.0,0,0,0,0,0,0.0,0,438,0.00,0.00,0.00,0.00,39,0,0,0.0,0.0,2026-09-13T15:30:00Z,0,False,15,0,0,0,0,0,4,0,31369,0,0,1,0,0.0,0,-1858,1320,3178,45,True,0
Oscar Mingueza,DEF,Crystal Palace,0.4,0,0,0,0,0,0.0,0,207,0.00,0.00,0.00,0.00,34,0,0,0.0,0.0,2026-09-12T14:00:00Z,0,False,12,0,0,0,0,0,4,0,7027,0,0,3,2,0.0,0,-316,691,1007,44,True,0
Jayden Danns,FWD,Liverpool,0.0,0,0,0,0,0,0.0,0,382,0.00,0.00,0.00,0.00,35,0,0,0.0,0.0,2026-09-12T14:00:00Z,0,False,10,0,0,0,0,0,4,0,14211,0,0,0,0,0.0,0,4586,7016,2430,45,True,0
Joško Gvardiol,DEF,Man City,6.6,1,3,36,1,3,1.1,7,391,0.00,0.02,0.02,1.00,39,0,0,2.2,16.4,2026-09-13T15:30:00Z,90,False,16,0,0,0,3,0,4,0,2126959,1,4,1,0,4.0,11,152896,315722,162826,56,False,1
Cristhian Mosquera,DEF,Arsenal,2.4,0,0,0,0,0,0.0,0,11,0.00,0.00,0.00,0.00,36,0,0,0.0,0.0,2026-09-12T19:00:00Z,0,False,20,0,0,0,0,0,4,0,248830,0,0,2,0,0.0,0,-201802,733,202535,54,False,0
Ismaïla Sarr,MID,Crystal Palace,0.0,0,0,0,0,0,0.0,0,208,0.00,0.00,0.00,0.00,34,0,0,0.0,0.0,2026-09-12T14:00:00Z,0,False,12,0,0,0,0,0,4,0,77747,0,0,3,2,0.0,0,-36877,179,37056,63,True,0
Jun'ai Byfield,DEF,Spurs,0.0,0,0,0,0,0,0.0,0,509,0.00,0.00,0.00,0.00,37,0,0,0.0,0.0,2026-09-12T16:30:00Z,0,False,9,0,0,0,0,0,4,0,6533,0,0,0,0,0.0,0,56,621,565,40,True,0
Charlie Hughes,DEF,Hull City,0.0,0,0,0,0,0,0.0,0,278,0.00,0.00,0.00,0.00,33,0,0,0.0,0.0,2026-09-12T14:00:00Z,0,False,6,0,0,0,0,0,4,0,8103,0,0,2,2,0.0,0,-1016,174,1190,40,False,0
Mamadou Sangaré,MID,Brentford,4.4,0,0,19,0,1,9.4,13,565,0.28,0.28,0.00,1.75,32,2,0,2.8,18.2,2026-09-12T14:00:00Z,90,False,3,0,0,0,6,0,4,0,1351673,1,6,2,2,0.0,4,-207682,106889,314571,57,False,0
Ashley Phillips,DEF,Spurs,0.0,0,0,0,0,0,0.0,0,507,0.00,0.00,0.00,0.00,37,0,0,0.0,0.0,2026-09-12T16:30:00Z,0,False,9,0,0,0,0,0,4,0,1474,0,0,0,0,0.0,0,-139,0,139,45,True,0
Jacob Ramsey,MID,Newcastle,0.0,0,0,0,0,0,0.0,0,456,0.00,0.00,0.00,0.00,40,0,0,0.0,0.0,2026-09-14T19:00:00Z,0,False,13,0,0,0,0,0,4,0,39795,0,0,1,4,0.0,0,6540,11516,4976,49,False,0
Yasin Ayari,MID,Brighton,3.0,0,0,38,1,0,6.8,7,129,0.03,0.34,0.31,1.33,38,0,1,7.3,39.0,2026-09-13T13:00:00Z,90,False,7,0,0,0,6,0,4,0,39911,1,1,5,0,27.0,8,-4206,2011,6217,54,False,0
Daniel Ballard,DEF,Sunderland,2.4,0,0,0,0,5,10.8,6,532,0.01,0.09,0.08,1.88,36,2,0,2.9,9.0,2026-09-12T19:00:00Z,90,False,1,0,0,0,3,0,4,0,317274,1,1,2,0,9.0,0,-96106,7170,103276,49,True,1
Rodrigo Bentancur,MID,Spurs,3.0,0,0,15,1,5,7.9,10,516,0.04,0.04,0.00,0.67,37,0,0,3.1,22.6,2026-09-12T16:30:00Z,62,False,9,0,0,0,2,0,4,0,18318,1,3,0,0,0.0,3,-172,1225,1397,55,True,0
Gerónimo Rulli,GK,Man City,0.0,0,0,0,0,0,0.0,0,587,0.00,0.00,0.00,0.00,39,0,0,0.0,0.0,2026-09-13T15:30:00Z,0,False,16,0,0,0,0,0,4,0,2136,0,0,1,0,0.0,0,-127,129,256,50,False,0
Emmanuel Emegha,FWD,Chelsea,0.0,0,0,0,0,0,0.0,0,170,0.00,0.00,0.00,0.00,33,0,0,0.0,0.0,2026-09-12T14:00:00Z,0,False,11,0,0,0,0,0,4,0,14885,0,0,2,2,0.0,0,-1425,1719,3144,50,True,0
Ibrahim Mbaye,MID,Aston Villa,0.7,0,0,6,0,0,15.2,2,631,0.13,0.15,0.02,0.86,31,1,0,4.3,9.0,2026-09-12T14:00:00Z,27,False,18,0,0,0,1,0,4,0,5917,0,1,2,1,19.0,1,1207,2787,1580,60,True,0
Boubacar Kamara,MID,Aston Villa,3.0,0,0,17,0,1,12.4,5,47,0.05,0.05,0.00,2.28,31,2,0,2.6,11.6,2026-09-12T14:00:00Z,90,False,18,0,0,0,1,0,4,0,34935,1,3,2,1,2.0,2,-1023,3671,4694,50,True,0
Ayden Heaven,DEF,Man Utd,0.2,0,0,0,0,0,0.0,0,421,0.00,0.00,0.00,0.00,39,0,0,0.0,0.0,2026-09-13T15:30:00Z,0,False,15,0,0,0,0,0,4,0,31486,0,0,1,0,0.0,0,-5029,769,5798,44,True,0
Mikel Merino Zazón,MID,Arsenal,0.8,0,0,3,0,0,0.1,0,17,0.00,0.00,0.00,0.00,36,0,0,0.0,0.2,2026-09-12T19:00:00Z,5,False,20,0,0,0,0,0,4,0,46215,0,0,2,0,0.0,1,-7941,1909,9850,58,False,0
Norberto Bercique Gomes Betuncal,FWD,Everton,0.0,0,0,0,0,0,0.0,0,248,0.00,0.00,0.00,0.00,37,0,0,0.0,0.0,2026-09-12T16:30:00Z,0,False,19,0,0,0,0,0,4,0,94922,0,0,0,0,0.0,0,-62064,0,62064,54,False,0
Sander Berge,MID,Fulham,1.6,0,0,14,1,4,11.7,9,265,0.01,0.01,0.00,1.28,35,0,0,3.6,18.6,2026-09-12T14:00:00Z,90,False,14,0,0,0,2,0,4,0,32007,1,3,0,0,6.0,3,-4295,748,5043,49,False,0
Mykhailo Mudryk,MID,Spurs,0.0,0,0,0,0,0,0.0,0,578,0.00,0.00,0.00,0.00,37,0,0,0.0,0.0,2026-09-12T16:30:00Z,0,False,9,0,0,0,0,0,4,0,6691,0,0,0,0,0.0,0,-670,1620,2290,54,True,0
Ryan Giles,DEF,Hull City,4.8,1,0,20,0,6,33.5,7,282,0.17,0.17,0.00,0.91,33,2,0,6.6,32.4,2026-09-12T14:00:00Z,90,False,6,0,0,0,2,0,4,0,195043,1,1,2,2,0.0,4,58990,75912,16922,40,False,0
Ayyoub Bouaddi,MID,Man City,0.5,0,0,0,0,0,0.0,0,616,0.00,0.00,0.00,0.00,39,0,0,0.0,0.0,2026-09-13T15:30:00Z,0,False,16,0,0,0,0,0,4,0,18618,0,0,1,0,0.0,0,937,4899,3962,55,False,0
Joe Gomez,DEF,Liverpool,0.0,0,0,0,0,0,0.0,0,359,0.00,0.00,0.00,0.00,35,0,0,0.0,0.0,2026-09-12T14:00:00Z,0,False,10,0,0,0,0,0,4,0,1392,0,0,0,0,0.0,0,-137,74,211,50,True,0
Kim Ji-soo,DEF,Brentford,0.0,0,0,0,0,0,0.0,0,92,0.00,0.00,0.00,0.00,32,0,0,0.0,0.0,2026-09-12T14:00:00Z,0,False,3,0,0,0,0,0,4,0,1896,0,0,2,2,0.0,0,-125,102,227,45,False,0
Pau Torres,DEF,Aston Villa,0.0,0,0,4,0,0,0.4,0,34,0.00,0.00,0.00,0.20,31,0,0,0.3,0.2,2026-09-12T14:00:00Z,24,False,18,0,0,0,0,0,4,0,43964,1,0,2,1,2.0,1,-1717,3870,5587,45,True,0
Kepa Arrizabalaga Revuelta,GK,Arsenal,0.0,0,0,0,0,0,0.0,0,2,0.00,0.00,0.00,0.00,36,0,0,0.0,0.0,2026-09-12T19:00:00Z,0,False,20,0,0,0,0,0,4,0,7757,0,0,2,0,0.0,0,-576,275,851,49,False,0
David Brooks,MID,Bournemouth,0.4,0,0,-1,0,2,0.3,3,74,0.00,0.00,0.00,0.11,32,0,0,0.7,4.2,2026-09-12T14:00:00Z,7,False,4,0,0,0,1,0,4,0,6000,0,0,2,2,2.0,0,-81,781,862,50,True,1
Nicolás Domínguez,MID,Nott'm Forest,0.2,0,0,0,0,0,0.0,0,487,0.00,0.00,0.00,0.00,31,0,0,0.0,0.0,2026-09-12T14:00:00Z,0,False,2,0,0,0,0,0,4,0,6666,0,0,2,1,0.0,0,-569,312,881,49,False,0
Erling Haaland,FWD,Man City,6.6,0,3,36,1,0,1.6,3,411,0.01,0.88,0.87,1.00,39,0,1,7.3,34.0,2026-09-13T15:30:00Z,90,False,16,0,0,0,3,0,4,0,7610939,1,0,1,0,37.0,9,45312,178187,132875,155,False,0
Will Dennis,GK,Bournemouth,0.0,0,0,0,0,0,0.0,0,59,0.00,0.00,0.00,0.00,32,0,0,0.0,0.0,2026-09-12T14:00:00Z,0,False,4,0,0,0,0,0,4,0,14269,0,0,2,2,0.0,0,-1608,0,1608,40,True,0
Anan Khalaili,DEF,Crystal Palace,2.6,0,0,4,0,3,16.0,5,588,0.14,0.36,0.22,1.68,34,3,1,8.7,40.4,2026-09-12T14:00:00Z,90,False,12,0,0,0,4,0,4,0,41054,1,2,3,2,31.0,7,17022,22369,5347,50,True,0
Jack Harrison,MID,Leeds,0.0,0,0,0,0,0,0.0,0,342,0.00,0.00,0.00,0.00,40,0,0,0.0,0.0,2026-09-14T19:00:00Z,0,False,17,0,0,0,0,0,4,0,71,0,0,1,4,0.0,0,-11,0,11,50,True,0
Morgan Gibbs-White,MID,Nott'm Forest,5.2,1,3,42,0,0,98.5,4,480,0.91,1.07,0.16,0.82,31,1,0,16.4,39.0,2026-09-12T14:00:00Z,90,False,2,0,0,0,3,0,4,0,1011180,1,1,2,1,26.0,8,26861,175102,148241,79,False,0
Jack Rudoni,MID,Coventry City,1.6,0,0,11,0,2,55.5,5,183,0.73,1.06,0.33,2.16,38,3,0,9.1,10.8,2026-09-13T13:00:00Z,72,False,5,0,0,0,3,0,4,0,11698,1,0,5,0,25.0,2,-812,965,1777,50,True,0
Milan van Ewijk,DEF,Coventry City,1.2,0,0,-5,0,6,11.6,7,175,0.04,0.04,0.00,2.81,38,5,0,3.4,18.8,2026-09-13T13:00:00Z,90,False,5,0,0,0,3,0,4,0,1124770,1,1,5,0,4.0,0,-106326,32583,138909,40,True,0
James Rowswell,DEF,Spurs,0.0,0,0,0,0,0,0.0,0,510,0.00,0.00,0.00,0.00,37,0,0,0.0,0.0,2026-09-12T16:30:00Z,0,False,9,0,0,0,0,0,4,0,9696,0,0,0,0,0.0,0,64,824,760,40,True,0
Mark Travers,GK,Everton,0.0,0,0,0,0,0,0.0,0,227,0.00,0.00,0.00,0.00,37,0,0,0.0,0.0,2026-09-12T16:30:00Z,0,False,19,0,0,0,0,0,4,0,3798,0,0,0,0,0.0,0,-29,410,439,50,False,0
Mitoma Kaoru,MID,Brighton,0.0,0,0,0,0,0,0.0,0,121,0.00,0.00,0.00,0.00,38,0,0,0.0,0.0,2026-09-13T13:00:00Z,0,False,7,0,0,0,0,0,4,0,3299,0,0,5,0,0.0,0,-383,74,457,59,False,0
Matty Cash,DEF,Aston Villa,1.2,0,0,0,0,0,0.0,0,32,0.00,0.00,0.00,0.00,31,0,0,0.0,0.0,2026-09-12T14:00:00Z,0,False,18,0,0,0,0,0,4,0,641566,0,0,2,1,0.0,0,-80882,18781,99663,45,True,0
George Shepherd,MID,Coventry City,0.0,0,0,0,0,0,0.0,0,189,0.00,0.00,0.00,0.00,38,0,0,0.0,0.0,2026-09-13T13:00:00Z,0,False,5,0,0,0,0,0,4,0,25735,0,0,5,0,0.0,0,-1700,1302,3002,45,True,0
Taiwo Awoniyi,FWD,Coventry City,0.0,0,0,-5,0,0,10.9,2,492,0.01,0.07,0.06,1.37,38,5,0,1.9,0.0,2026-09-13T13:00:00Z,52,False,5,0,0,0,1,1,4,0,69089,1,1,5,0,10.0,-2,-3108,7191,10299,55,True,0
Rio Ngumoha,MID,Liverpool,0.8,0,0,-1,0,1,0.8,1,369,0.00,0.11,0.11,0.10,35,0,0,0.3,0.0,2026-09-12T14:00:00Z,18,False,10,0,0,0,0,0,4,0,60213,0,0,0,0,4.0,1,-20391,3022,23413,58,True,0
Melvin Bard,DEF,Leeds,0.3,0,0,1,0,1,10.3,2,641,0.00,0.00,0.00,0.30,40,1,0,1.5,4.4,2026-09-14T19:00:00Z,18,False,17,0,0,0,2,0,4,0,576,0,1,1,4,0.0,1,217,322,105,45,True,0
Rio Cardines,DEF,Crystal Palace,0.0,0,0,0,0,0,0.0,0,220,0.00,0.00,0.00,0.00,34,0,0,0.0,0.0,2026-09-12T14:00:00Z,0,False,12,0,0,0,0,0,4,0,138,0,0,3,2,0.0,0,-13,0,13,45,True,0
Bryan Mbeumo,MID,Man Utd,4.6,0,0,9,0,1,32.8,5,427,0.08,0.57,0.49,1.10,39,1,0,6.8,11.2,2026-09-13T15:30:00Z,90,False,15,0,0,0,3,0,4,0,2456322,1,1,1,0,24.0,2,-362745,156650,519395,79,True,0
Diogo Dalot Teixeira,DEF,Man Utd,1.2,0,0,9,0,2,16.5,3,417,0.05,0.07,0.02,1.10,39,1,0,2.6,6.2,2026-09-13T15:30:00Z,90,False,15,0,0,0,9,0,4,0,192489,1,1,1,0,3.0,2,-32120,3882,36002,49,True,0
Rico Henry,DEF,Brentford,0.2,0,0,0,0,0,0.0,0,89,0.00,0.00,0.00,0.00,32,0,0,0.0,0.0,2026-09-12T14:00:00Z,0,False,3,0,0,0,0,0,4,0,21461,0,0,2,2,0.0,0,-1693,309,2002,45,False,0
Alex Scott,MID,Bournemouth,5.6,0,0,19,0,6,46.1,15,69,0.05,0.24,0.19,0.50,32,2,0,7.8,22.2,2026-09-12T14:00:00Z,90,False,4,0,0,0,7,0,4,0,657646,1,2,2,2,10.0,4,324036,386435,62399,61,True,0
Granit Xhaka,MID,Sunderland,3.8,0,0,19,0,2,44.0,11,544,0.37,0.37,0.00,1.88,36,2,0,5.9,14.6,2026-09-12T19:00:00Z,90,False,1,0,0,0,8,0,4,0,442948,1,1,2,0,0.0,1,-37779,23504,61283,55,True,1
Dilane Bakwa,MID,Nott'm Forest,0.0,0,0,0,0,0,0.0,0,485,0.00,0.00,0.00,0.00,31,0,0,0.0,0.0,2026-09-12T14:00:00Z,0,False,2,0,0,0,0,0,4,0,638,0,0,2,1,0.0,0,-145,0,145,55,False,0
Michael Keane,DEF,Everton,0.0,0,0,0,0,0,0.0,0,231,0.00,0.00,0.00,0.00,37,0,0,0.0,0.0,2026-09-12T16:30:00Z,0,False,19,0,0,0,0,0,4,0,92288,0,0,0,0,0.0,0,-15433,1268,16701,49,False,0
Brooke Norton-Cuffy,DEF,Hull City,0.3,0,0,0,0,0,0.3,0,638,0.00,0.05,0.05,0.18,33,0,0,0.7,0.0,2026-09-12T14:00:00Z,8,False,6,0,0,0,2,0,4,0,34986,0,0,2,2,7.0,0,10672,14148,3476,40,False,1
Jordan Henderson,MID,Chelsea,0.2,0,0,0,0,0,0.0,0,101,0.00,0.00,0.00,0.00,33,0,0,0.0,0.0,2026-09-12T14:00:00Z,0,False,11,0,0,0,0,0,4,0,3001,0,0,2,2,0.0,0,-444,145,589,49,True,0
Dário Luís Essugo,MID,Chelsea,0.0,0,0,0,0,0,0.0,0,163,0.00,0.00,0.00,0.00,33,0,0,0.0,0.0,2026-09-12T14:00:00Z,0,False,11,0,0,0,0,0,4,0,12126,0,0,2,2,0.0,0,-4174,0,4174,45,True,0
Marcelino Núñez,MID,Ipswich Town,1.2,0,0,0,0,0,0.0,0,309,0.00,0.00,0.00,0.00,34,0,0,0.0,0.0,2026-09-12T14:00:00Z,0,False,8,0,0,0,0,0,4,0,12735,0,0,3,2,0.0,0,-1485,377,1862,50,False,0
Carlos Alcaraz Durán,MID,Everton,0.2,0,0,0,0,0,0.0,0,243,0.00,0.00,0.00,0.00,37,0,0,0.0,0.0,2026-09-12T16:30:00Z,0,False,19,0,0,0,0,0,4,0,8215,0,0,0,0,0.0,0,-731,594,1325,49,False,0
Vitaly Janelt,MID,Brentford,5.6,0,0,20,0,11,14.4,20,98,0.08,0.08,0.00,1.75,32,2,0,4.3,28.4,2026-09-12T14:00:00Z,90,False,3,0,0,0,6,0,4,0,266936,1,3,2,2,0.0,4,139007,176461,37454,50,False,0
Robin Roefs,GK,Sunderland,2.2,0,0,9,0,1,0.0,0,529,0.00,0.00,0.00,1.88,36,2,0,2.7,27.2,2026-09-12T19:00:00Z,90,False,1,0,0,0,3,0,4,3,301456,1,0,2,0,0.0,2,-47961,2287,50248,50,True,0
Harry Maguire,DEF,Man Utd,1.6,0,0,4,0,4,1.6,5,418,0.01,0.13,0.12,1.10,39,1,0,2.2,9.4,2026-09-13T15:30:00Z,90,False,15,0,0,0,6,0,4,0,1091541,1,1,1,0,11.0,1,-358924,17287,376211,49,True,1
Floyd Samba,MID,Man City,0.0,0,0,0,0,0,0.0,0,653,0.00,0.00,0.00,0.00,39,0,0,0.0,0.0,2026-09-13T15:30:00Z,0,False,16,0,0,0,0,0,4,0,5002,0,0,1,0,0.0,0,2090,2898,808,45,False,0
Gianluigi Donnarumma,GK,Man City,3.4,0,0,29,1,0,0.0,0,384,0.00,0.00,0.00,1.00,39,0,0,2.1,20.6,2026-09-13T15:30:00Z,90,False,16,0,0,0,10,0,4,3,797609,1,0,1,0,0.0,7,-46242,32234,78476,55,False,0
Johan Manzambi,MID,Aston Villa,2.8,0,0,3,0,0,4.0,2,53,0.08,0.08,0.00,0.86,31,1,0,0.7,2.6,2026-09-12T14:00:00Z,27,False,18,0,0,0,1,0,4,0,13307,0,1,2,1,0.0,1,-1220,570,1790,59,True,0
John McGinn,MID,Aston Villa,3.4,1,1,30,0,2,31.4,9,45,0.11,0.11,0.00,2.28,31,2,0,5.8,26.4,2026-09-12T14:00:00Z,90,False,18,0,0,0,6,0,4,0,243800,1,1,2,1,0.0,6,-12721,20520,33241,54,True,0
Harvey Barnes,MID,Newcastle,5.6,0,0,13,0,3,16.8,6,453,0.31,0.60,0.29,2.08,40,4,0,5.9,12.2,2026-09-14T19:00:00Z,90,False,13,0,0,0,3,0,4,0,290007,1,0,1,4,30.0,2,152668,210527,57859,60,False,0
Matias Fernandez-Pardo,FWD,Newcastle,1.3,0,0,5,0,0,10.9,2,634,0.01,0.01,0.00,1.91,40,3,0,1.7,2.2,2026-09-14T19:00:00Z,57,False,13,0,0,0,1,0,4,0,10646,1,1,1,4,4.0,1,4168,6117,1949,60,False,0
Kayne van Oevelen,GK,Ipswich Town,0.0,0,0,0,0,0,0.0,0,554,0.00,0.00,0.00,0.00,34,0,0,0.0,0.0,2026-09-12T14:00:00Z,0,False,8,0,0,0,0,0,4,0,2101,0,0,3,2,0.0,0,-302,0,302,45,False,0
Mason Miley,MID,Newcastle,0.0,0,0,0,0,0,0.0,0,659,0.00,0.00,0.00,0.00,40,0,0,0.0,0.0,2026-09-14T19:00:00Z,0,False,13,0,0,0,0,0,4,0,0,0,0,1,4,0.0,0,0,0,0,45,False,0
Cole Palmer,MID,Chelsea,5.6,1,0,28,0,0,37.6,3,154,0.25,0.38,0.13,1.38,33,2,0,6.8,18.6,2026-09-12T14:00:00Z,90,False,11,0,0,0,3,0,4,0,3081598,1,0,2,2,12.0,5,842103,946062,103959,97,True,0
Braiden Graham,MID,Everton,0.0,0,0,0,0,0,0.0,0,654,0.00,0.00,0.00,0.00,37,0,0,0.0,0.0,2026-09-12T16:30:00Z,0,False,19,0,0,0,0,0,4,0,17369,0,0,0,0,0.0,0,7400,9461,2061,45,False,0
Bruno Guimarães Rodriguez Moura,MID,Arsenal,1.8,0,1,29,0,1,3.9,3,452,0.14,0.23,0.09,1.57,36,0,1,5.0,35.4,2026-09-12T19:00:00Z,45,False,20,0,0,0,1,0,4,0,181073,0,1,2,0,11.0,7,-35502,2351,37853,68,False,0
Nico O'Reilly,DEF,Man City,1.0,0,0,3,0,0,0.5,0,387,0.00,0.00,0.00,0.50,39,0,0,0.1,0.0,2026-09-13T15:30:00Z,8,False,16,0,0,0,1,0,4,0,1381174,0,0,1,0,0.0,1,-538591,8499,547090,64,False,0
Aurèle Amenda,DEF,Coventry City,0.2,0,0,-12,0,8,10.3,8,182,0.00,0.00,0.00,2.81,38,5,0,3.3,18.2,2026-09-13T13:00:00Z,90,False,5,0,0,0,0,0,4,0,81299,1,0,5,0,4.0,0,-2035,3596,5631,40,True,0
Ben Wilson,GK,Coventry City,0.0,0,0,0,0,0,0.0,0,172,0.00,0.00,0.00,0.00,38,0,0,0.0,0.0,2026-09-13T13:00:00Z,0,False,5,0,0,0,0,0,4,0,40175,0,0,5,0,0.0,0,-2072,242,2314,45,True,0
Iliman Ndiaye,MID,Man City,3.4,0,0,15,0,3,1.8,10,237,0.01,0.01,0.00,0.80,39,0,0,1.4,9.8,2026-09-13T15:30:00Z,45,False,16,0,0,0,6,0,4,0,900785,0,1,1,0,2.0,1,-300679,43012,343691,59,False,0
Adam Aznou,DEF,Everton,0.0,0,0,0,0,0,0.0,0,235,0.00,0.00,0.00,0.00,37,0,0,0.0,0.0,2026-09-12T16:30:00Z,0,False,19,0,0,0,0,0,4,0,11804,0,0,0,0,0.0,0,-3078,0,3078,40,False,0
Anis Mehmeti,MID,Ipswich Town,0.0,0,0,0,0,0,0.0,0,324,0.00,0.00,0.00,0.00,34,0,0,0.0,0.0,2026-09-12T14:00:00Z,0,False,8,0,0,0,0,0,4,0,3735,0,0,3,2,0.0,0,-456,90,546,49,False,0
Sebastiaan Bornauw,DEF,Leeds,0.0,0,0,0,0,0,0.0,0,333,0.00,0.00,0.00,0.00,40,0,0,0.0,0.0,2026-09-14T19:00:00Z,0,False,17,0,0,0,0,0,4,0,239,0,0,1,4,0.0,0,-39,0,39,45,True,0
Geovany Quenda,MID,Chelsea,0.4,0,0,0,0,0,0.0,0,164,0.00,0.00,0.00,0.00,33,0,0,0.0,0.0,2026-09-12T14:00:00Z,0,False,11,0,0,0,0,0,4,0,3551,0,0,2,2,0.0,0,-517,154,671,54,True,0
Josh Eccles,MID,Coventry City,0.0,0,0,0,0,0,0.0,0,187,0.00,0.00,0.00,0.00,38,0,0,0.0,0.0,2026-09-13T13:00:00Z,0,False,5,0,0,0,0,0,4,0,1294,0,0,5,0,0.0,0,-249,93,342,49,True,0
Marcos Senesi Barón,DEF,Spurs,0.6,0,0,0,0,0,0.0,0,498,0.00,0.00,0.00,0.00,37,0,0,0.0,0.0,2026-09-12T16:30:00Z,0,False,9,0,0,0,0,0,4,0,468891,0,0,0,0,0.0,0,-104635,4311,108946,59,True,0
Estêvão Almeida de Oliveira Gonçalves,MID,Chelsea,0.8,0,0,6,0,0,0.5,1,157,0.07,0.10,0.03,0.49,33,0,0,2.7,5.0,2026-09-12T14:00:00Z,4,False,11,0,0,0,0,0,4,0,79584,0,1,2,2,21.0,1,-10183,3867,14050,64,True,0
Cody Drameh,DEF,Hull City,0.0,0,0,0,0,0,0.0,0,281,0.00,0.00,0.00,0.00,33,0,0,0.0,0.0,2026-09-12T14:00:00Z,0,False,6,0,0,0,0,0,4,0,5246,0,0,2,2,0.0,0,-1503,0,1503,40,False,0
Dan Burn,DEF,Newcastle,0.0,0,0,0,0,0,0.0,0,448,0.00,0.00,0.00,0.00,40,0,0,0.0,0.0,2026-09-14T19:00:00Z,0,False,13,0,0,0,0,0,4,0,96018,0,0,1,4,0.0,0,-20317,239,20556,49,False,0
Emiliano Buendía Stati,MID,Aston Villa,4.2,0,0,8,0,0,3.9,5,41,0.01,0.01,0.00,1.42,31,1,0,0.1,0.0,2026-09-12T14:00:00Z,62,False,18,0,0,0,5,0,4,0,111856,1,0,2,1,0.0,2,-5900,15961,21861,59,True,0
Antoni Milambo,MID,Brentford,0.0,0,0,0,0,0,0.0,0,99,0.00,0.00,0.00,0.00,32,0,0,0.0,0.0,2026-09-12T14:00:00Z,0,False,3,0,0,0,0,0,4,0,201,0,0,2,2,0.0,0,-5,27,32,50,False,0
Djiamgone Jocelin Ta Bi,MID,Sunderland,0.0,0,0,0,0,0,0.0,0,550,0.00,0.00,0.00,0.00,36,0,0,0.0,0.0,2026-09-12T19:00:00Z,0,False,1,0,0,0,0,0,4,0,630,0,0,2,0,0.0,0,-12,79,91,50,True,0
Hayden Hackney,MID,Everton,2.0,0,0,3,0,1,10.8,1,247,0.02,0.02,0.00,0.26,37,0,0,1.8,3.2,2026-09-12T16:30:00Z,15,False,19,0,0,0,0,0,4,0,21723,0,0,0,0,4.0,1,-480,1482,1962,55,False,0
Oliver Dovin,GK,Coventry City,0.0,0,0,0,0,0,0.0,0,171,0.00,0.00,0.00,0.00,38,0,0,0.0,0.0,2026-09-13T13:00:00Z,0,False,5,0,0,0,0,0,4,0,122705,0,0,5,0,0.0,0,-18083,0,18083,40,True,0
Zadok Yohanna,MID,Brighton,0.0,0,0,0,0,0,0.0,0,135,0.00,0.00,0.00,0.00,38,0,0,0.0,0.0,2026-09-13T13:00:00Z,0,False,7,0,0,0,0,0,4,0,5076,0,0,5,0,0.0,0,-1135,318,1453,49,False,0
Jonah Kusi-Asare,FWD,Fulham,0.0,0,0,0,0,0,0.0,0,272,0.00,0.00,0.00,0.00,35,0,0,0.0,0.0,2026-09-12T14:00:00Z,0,False,14,0,0,0,0,0,4,0,635399,0,0,0,0,0.0,0,-45728,35011,80739,45,False,0
Kosta Nedeljkovic,DEF,Aston Villa,0.0,0,0,0,0,0,0.0,0,39,0.00,0.00,0.00,0.00,31,0,0,0.0,0.0,2026-09-12T14:00:00Z,0,False,18,0,0,0,0,0,4,0,15637,0,0,2,1,0.0,0,-2186,0,2186,40,True,0
Mikkel Damsgaard,MID,Brentford,3.2,0,0,3,0,1,7.8,4,96,0.00,0.10,0.10,0.50,32,0,0,1.3,0.0,2026-09-12T14:00:00Z,30,False,3,0,0,0,3,0,4,0,51791,0,0,2,2,6.0,1,807,5734,4927,55,False,0
Matt O'Riley,MID,Brighton,0.4,0,0,4,0,0,10.5,1,126,0.01,0.01,0.00,0.04,38,0,0,1.3,2.2,2026-09-13T13:00:00Z,6,False,7,0,0,0,1,0,4,0,10605,0,0,5,0,0.0,1,-515,901,1416,55,False,0
Chuba Akpom,FWD,Ipswich Town,1.4,0,0,0,0,0,0.0,0,320,0.00,0.00,0.00,0.00,34,0,0,0.0,0.0,2026-09-12T14:00:00Z,0,False,8,0,0,0,0,0,4,0,129479,0,0,3,2,0.0,0,17117,36471,19354,50,False,0
Luke O'Nien,DEF,Sunderland,0.2,0,0,0,0,0,0.0,0,539,0.00,0.00,0.00,0.00,36,0,0,0.0,0.0,2026-09-12T19:00:00Z,0,False,1,0,0,0,0,0,4,0,279659,0,0,2,0,0.0,0,-31354,2683,34037,40,True,0
Pascal Struijk,DEF,Brighton,1.4,0,0,4,0,4,0.8,4,328,0.01,0.01,0.00,0.22,38,0,0,1.2,11.2,2026-09-13T13:00:00Z,12,False,7,0,0,0,0,0,4,0,20832,0,0,5,0,0.0,1,-1007,1494,2501,50,False,0
Lewis Miley,MID,Newcastle,2.4,0,0,9,0,3,4.5,10,459,0.03,0.03,0.00,1.97,40,4,0,1.1,6.6,2026-09-14T19:00:00Z,79,False,13,1,0,0,6,0,4,0,8285,1,1,1,4,0.0,0,-528,1045,1573,55,False,0
Marco Bizot,GK,Aston Villa,0.0,0,0,0,0,0,0.0,0,29,0.00,0.00,0.00,0.00,31,0,0,0.0,0.0,2026-09-12T14:00:00Z,0,False,18,0,0,0,0,0,4,0,14214,0,0,2,1,0.0,0,-601,1027,1628,45,True,0
Kayne van Oevelen,GK,Ipswich Town,0.0,0,0,0,0,0,0.0,0,554,0.00,0.00,0.00,0.00,34,0,0,0.0,0.0,2026-09-12T14:00:00Z,0,False,8,0,0,0,0,0,4,0,2101,0,0,3,2,0.0,0,-302,0,302,45,False,0
Johan Manzambi,MID,Aston Villa,2.8,0,0,3,0,0,4.0,2,53,0.08,0.08,0.00,0.86,31,1,0,0.7,2.6,2026-09-12T14:00:00Z,27,False,18,0,0,0,1,0,4,0,13307,0,1,2,1,0.0,1,-1220,570,1790,59,True,0
Benjamin Lecomte,GK,Fulham,0.0,0,0,0,0,0,0.0,0,251,0.00,0.00,0.00,0.00,35,0,0,0.0,0.0,2026-09-12T14:00:00Z,0,False,14,0,0,0,0,0,4,0,123844,0,0,0,0,0.0,0,981,8151,7170,40,False,0
Mateo Kovačić,MID,Man City,0.4,0,0,0,0,0,0.0,0,406,0.00,0.00,0.00,0.00,39,0,0,0.0,0.0,2026-09-13T15:30:00Z,0,False,16,0,0,0,0,0,4,0,8409,0,0,1,0,0.0,0,-996,425,1421,54,False,0
Harvey Davies,GK,Liverpool,0.0,0,0,0,0,0,0.0,0,355,0.00,0.00,0.00,0.00,35,0,0,0.0,0.0,2026-09-12T14:00:00Z,0,False,10,0,0,0,0,0,4,0,16844,0,0,0,0,0.0,0,67,1195,1128,40,True,0
Stephen Mfuni,DEF,Coventry City,0.0,0,0,0,0,0,0.0,0,656,0.00,0.00,0.00,0.00,38,0,0,0.0,0.0,2026-09-13T13:00:00Z,0,False,5,0,0,0,0,0,4,0,7468,0,0,5,0,0.0,0,2544,2811,267,40,True,0
Christian Nørgaard,MID,Everton,0.0,0,0,0,0,0,0.0,0,21,0.00,0.00,0.00,0.00,37,0,0,0.0,0.0,2026-09-12T16:30:00Z,0,False,19,0,0,0,0,0,4,0,5295,0,0,0,0,0.0,0,-1199,83,1282,49,False,0
Harrison Reed,MID,Fulham,0.0,0,0,0,0,0,0.0,0,270,0.00,0.00,0.00,0.00,35,0,0,0.0,0.0,2026-09-12T14:00:00Z,0,False,14,0,0,0,0,0,4,0,121271,0,0,0,0,0.0,0,-12381,3620,16001,45,False,0
Xavi Simons,MID,Spurs,0.0,0,0,0,0,0,0.0,0,513,0.00,0.00,0.00,0.00,37,0,0,0.0,0.0,2026-09-12T16:30:00Z,0,False,9,0,0,0,0,0,4,0,1311,0,0,0,0,0.0,0,-108,86,194,59,True,0
Hugo Larsson,MID,Fulham,0.7,0,0,3,0,0,0.5,1,635,0.01,0.01,0.00,0.46,35,0,0,0.1,0.0,2026-09-12T14:00:00Z,13,False,14,0,0,0,1,0,4,0,614,0,0,0,0,0.0,1,185,266,81,50,False,0
Matt Grimes,MID,Coventry City,1.6,0,0,9,0,1,5.8,3,184,0.02,0.07,0.05,2.60,38,4,0,1.3,5.6,2026-09-13T13:00:00Z,83,False,5,0,0,0,1,0,4,0,14585,1,1,5,0,2.0,2,-2101,532,2633,50,True,0
Jack Fletcher,MID,Man Utd,0.0,0,0,0,0,0,0.0,0,434,0.00,0.00,0.00,0.00,39,0,0,0.0,0.0,2026-09-13T15:30:00Z,0,False,15,0,0,0,0,0,4,0,1170,0,0,1,0,0.0,0,-67,101,168,49,True,0
Malick Fofana,MID,Sunderland,0.7,0,0,2,0,0,0.8,0,646,0.00,0.00,0.00,0.79,36,1,0,0.6,0.0,2026-09-12T19:00:00Z,14,False,1,0,0,0,0,0,4,0,3125,0,0,2,0,6.0,1,636,1193,557,55,True,0
Alejandro Garnacho Ferreyra,MID,Aston Villa,0.6,0,0,0,0,0,0.0,0,160,0.00,0.00,0.00,0.00,31,0,0,0.0,0.0,2026-09-12T14:00:00Z,0,False,18,0,0,0,0,0,4,0,40475,0,0,2,1,0.0,0,-7225,1531,8756,59,True,0
Claudio Echeverri,MID,Man City,0.0,0,0,0,0,0,0.0,0,407,0.00,0.00,0.00,0.00,39,0,0,0.0,0.0,2026-09-13T15:30:00Z,0,False,16,0,0,0,0,0,4,0,1077,0,0,1,0,0.0,0,-350,0,350,49,False,0
Habib Diarra,MID,Sunderland,0.0,0,0,0,0,0,0.0,0,543,0.00,0.00,0.00,0.00,36,0,0,0.0,0.0,2026-09-12T19:00:00Z,0,False,1,0,0,0,0,0,4,0,3263,0,0,2,0,0.0,0,-1501,27,1528,54,True,0
Trai Hume,DEF,Sunderland,1.8,0,0,0,0,0,0.0,0,534,0.00,0.00,0.00,0.00,36,0,0,0.0,0.0,2026-09-12T19:00:00Z,0,False,1,0,0,0,0,0,4,0,392084,0,0,2,0,0.0,0,-149674,3636,153310,44,True,0
Ibrahim Osman,MID,Brighton,0.6,0,0,2,0,0,1.1,1,600,0.01,0.06,0.05,0.22,38,0,0,1.2,0.0,2026-09-13T13:00:00Z,12,False,7,0,0,0,1,0,4,0,1793,0,0,5,0,13.0,1,-148,153,301,50,False,0
João Victor de Souza Menezes,DEF,Spurs,0.0,0,0,0,0,0,0.0,0,511,0.00,0.00,0.00,0.00,37,0,0,0.0,0.0,2026-09-12T16:30:00Z,0,False,9,0,0,0,0,0,4,0,20460,0,0,0,0,0.0,0,-4759,0,4759,40,True,0
Tim Iroegbunam,MID,Hull City,0.4,0,0,2,0,1,0.2,2,240,0.00,0.00,0.00,0.35,33,0,0,0.3,3.0,2026-09-12T14:00:00Z,21,False,6,0,0,0,0,0,4,0,1598,0,1,2,2,0.0,0,128,334,206,50,False,1
Jason Steele,GK,Brighton,0.0,0,0,0,0,0,0.0,0,111,0.00,0.00,0.00,0.00,38,0,0,0.0,0.0,2026-09-13T13:00:00Z,0,False,7,0,0,0,0,0,4,0,460442,0,0,5,0,0.0,0,10916,46956,36040,40,False,0
Semi Ajayi,DEF,Hull City,5.4,0,0,-6,0,2,1.3,3,279,0.00,0.13,0.13,0.91,33,2,0,1.3,5.4,2026-09-12T14:00:00Z,90,False,6,0,0,0,2,0,4,0,1350778,1,1,2,2,6.0,1,271450,349993,78543,42,False,0
Phil Foden,MID,Man City,0.0,0,0,-4,0,0,12.1,0,398,0.02,0.02,0.00,0.10,39,0,0,1.6,0.0,2026-09-13T15:30:00Z,22,False,16,0,0,0,0,1,4,0,396620,1,0,1,0,6.0,-2,-191380,18307,209687,70,False,0
Liam Kitching,DEF,Coventry City,0.0,0,0,0,0,0,0.0,0,174,0.00,0.00,0.00,0.00,38,0,0,0.0,0.0,2026-09-13T13:00:00Z,0,False,5,0,0,0,0,0,4,0,43580,0,0,5,0,0.0,0,-10533,0,10533,40,True,0
Jake Bidwell,DEF,Coventry City,0.0,0,0,0,0,0,0.0,0,178,0.00,0.00,0.00,0.00,38,0,0,0.0,0.0,2026-09-13T13:00:00Z,0,False,5,0,0,0,0,0,4,0,8754,0,0,5,0,0.0,0,-160,645,805,40,True,0
Christantus Uche,FWD,Crystal Palace,0.0,0,0,0,0,0,0.0,0,225,0.00,0.00,0.00,0.00,34,0,0,0.0,0.0,2026-09-12T14:00:00Z,0,False,12,0,0,0,0,0,4,0,0,0,0,3,2,0.0,0,0,0,0,50,True,0
Brandon Thomas-Asante,FWD,Coventry City,1.0,0,0,7,0,0,0.5,0,194,0.03,0.24,0.21,0.64,38,2,0,3.3,6.0,2026-09-13T13:00:00Z,17,False,5,0,0,0,0,0,4,0,84195,0,0,5,0,26.0,1,-1520,11154,12674,50,True,0
Jenson Seelt,DEF,Sunderland,0.0,0,0,0,0,0,0.0,0,537,0.00,0.00,0.00,0.00,36,0,0,0.0,0.0,2026-09-12T19:00:00Z,0,False,1,0,0,0,0,0,4,0,612,0,0,2,0,0.0,0,-100,0,100,45,True,0
Granit Xhaka,MID,Sunderland,3.8,0,0,19,0,2,44.0,11,544,0.37,0.37,0.00,1.88,36,2,0,5.9,14.6,2026-09-12T19:00:00Z,90,False,1,0,0,0,8,0,4,0,442948,1,1,2,0,0.0,1,-37779,23504,61283,55,True,1
Nick Pope,GK,Newcastle,0.0,0,0,0,0,0,0.0,0,442,0.00,0.00,0.00,0.00,40,0,0,0.0,0.0,2026-09-14T19:00:00Z,0,False,13,0,0,0,0,0,4,0,108982,0,0,1,4,0.0,0,-8971,3004,11975,49,False,0
Ferdi Kadıoğlu,DEF,Brighton,2.6,0,0,24,1,2,15.4,2,113,0.09,0.09,0.00,1.33,38,0,0,2.2,6.4,2026-09-13T13:00:00Z,90,False,7,0,0,0,1,0,4,0,186000,1,0,5,0,0.0,6,-18414,6832,25246,44,False,0
Sean Neave,FWD,Newcastle,0.0,0,0,0,0,0,0.0,0,466,0.00,0.00,0.00,0.00,40,0,0,0.0,0.0,2026-09-14T19:00:00Z,0,False,13,0,0,0,0,0,4,0,66182,0,0,1,4,0.0,0,-17854,0,17854,45,False,0
Carl Rushworth,GK,Coventry City,1.0,0,0,-5,0,1,0.0,0,110,0.01,0.01,0.00,2.81,38,5,0,1.8,18.0,2026-09-13T13:00:00Z,90,False,5,0,0,0,11,0,4,2,95177,1,0,5,0,0.0,0,-11337,5350,16687,45,True,0
Luc De Fougerolles,DEF,Fulham,0.0,0,0,0,0,0,0.0,0,610,0.00,0.00,0.00,0.00,35,0,0,0.0,0.0,2026-09-12T14:00:00Z,0,False,14,0,0,0,0,0,4,0,9207,0,0,0,0,0.0,0,-750,515,1265,40,False,0
Igor Julio dos Santos de Paulo,DEF,Brighton,0.0,0,0,0,0,0,0.0,0,118,0.00,0.00,0.00,0.00,38,0,0,0.0,0.0,2026-09-13T13:00:00Z,0,False,7,0,0,0,0,0,4,0,5099,0,0,5,0,0.0,0,-1990,0,1990,45,False,0
Amine Adli,MID,Bournemouth,0.0,0,0,0,0,0,0.0,0,77,0.00,0.00,0.00,0.00,32,0,0,0.0,0.0,2026-09-12T14:00:00Z,0,False,4,0,0,0,0,0,4,0,1557,0,0,2,2,0.0,0,-275,54,329,49,True,0
Lewis Dunk,DEF,Brighton,4.4,0,0,39,1,5,4.3,6,116,0.03,0.06,0.03,1.33,38,0,1,6.9,57.2,2026-09-13T13:00:00Z,90,False,7,0,0,0,2,0,4,0,148520,1,1,5,0,7.0,12,9404,19779,10375,45,False,0
James Garner,MID,Everton,2.2,0,0,23,1,3,5.1,17,239,0.02,0.06,0.04,0.69,37,0,0,3.6,23.6,2026-09-12T16:30:00Z,90,False,19,0,0,0,8,0,4,0,13037,1,6,0,0,7.0,4,-1024,2679,3703,60,False,1
Miguel Brau,DEF,Coventry City,0.0,0,0,0,0,0,0.0,0,181,0.00,0.00,0.00,0.00,38,0,0,0.0,0.0,2026-09-13T13:00:00Z,0,False,5,0,0,0,0,0,4,0,2631,0,0,5,0,0.0,0,-477,0,477,40,True,0
Joel Latibeaudiere,DEF,Coventry City,0.0,0,0,0,0,0,0.0,0,179,0.00,0.00,0.00,0.00,38,0,0,0.0,0.0,2026-09-13T13:00:00Z,0,False,5,0,0,0,0,0,4,0,4073,0,0,5,0,0.0,0,-101,277,378,40,True,0
Joe Willock,MID,Newcastle,4.4,0,0,8,0,1,13.3,4,460,0.06,0.18,0.12,0.16,40,1,0,3.9,7.6,2026-09-14T19:00:00Z,32,False,13,0,0,0,2,0,4,0,52306,0,1,1,4,18.0,1,6640,16531,9891,50,False,0
Tyrick Mitchell,DEF,Crystal Palace,3.4,0,0,6,0,1,18.1,1,204,0.06,0.06,0.00,1.13,34,2,0,2.6,7.8,2026-09-12T14:00:00Z,76,False,12,0,0,0,8,0,4,0,768978,1,0,3,2,0.0,1,212978,259738,46760,45,True,0
Bobby Thomas,DEF,Coventry City,3.0,0,0,-17,0,8,0.4,8,173,0.07,0.26,0.19,2.81,38,5,0,3.0,6.8,2026-09-13T13:00:00Z,90,False,5,0,0,0,2,0,4,0,1003377,1,0,5,0,23.0,0,70975,154241,83266,40,True,0
Justin Kluivert,MID,Bournemouth,3.0,0,1,31,0,1,3.3,4,70,0.02,0.23,0.21,0.39,32,2,1,8.6,40.0,2026-09-12T14:00:00Z,65,False,4,0,0,0,3,0,4,0,104989,1,0,2,2,43.0,8,-12026,8665,20691,60,True,0
Lucas Digne,DEF,Aston Villa,0.0,0,0,0,0,0,0.0,0,30,0.00,0.00,0.00,0.00,31,0,0,0.0,0.0,2026-09-12T14:00:00Z,0,False,18,0,0,0,0,0,4,0,5846,0,0,2,1,0.0,0,-932,0,932,45,True,0
Luka Lynch,MID,Aston Villa,0.0,0,0,0,0,0,0.0,0,607,0.00,0.00,0.00,0.00,31,0,0,0.0,0.0,2026-09-12T14:00:00Z,0,False,18,0,0,0,0,0,4,0,8828,0,0,2,1,0.0,0,-2922,0,2922,45,True,0
Jacob Greaves,DEF,Ipswich Town,0.6,0,0,7,0,6,2.0,6,306,0.01,0.01,0.00,0.62,34,2,0,2.1,18.8,2026-09-12T14:00:00Z,87,False,8,0,0,0,4,0,4,0,127747,1,0,3,2,0.0,1,-7666,1996,9662,40,False,0
Jack Hinshelwood,MID,Brighton,0.0,0,0,0,0,0,0.0,0,123,0.00,0.00,0.00,0.00,38,0,0,0.0,0.0,2026-09-13T13:00:00Z,0,False,7,0,0,0,0,0,4,0,91458,0,0,5,0,0.0,0,-44735,1042,45777,60,False,0
James Maddison,MID,Spurs,0.6,0,0,3,0,2,3.8,3,515,0.01,0.01,0.00,0.03,37,0,0,1.1,6.8,2026-09-12T16:30:00Z,13,False,9,0,0,0,1,0,4,0,45874,0,0,0,0,0.0,1,-13096,447,13543,63,True,0
Zavier Gozo,MID,Crystal Palace,0.4,0,0,3,0,0,0.3,0,595,0.00,0.00,0.00,0.48,34,1,0,0.0,0.0,2026-09-12T14:00:00Z,6,False,12,0,0,0,0,0,4,0,1406,0,0,3,2,0.0,1,-88,110,198,50,True,0
César Palacios,MID,Fulham,2.2,0,0,0,0,0,0.0,0,570,0.00,0.00,0.00,0.00,35,0,0,0.0,0.0,2026-09-12T14:00:00Z,0,False,14,0,0,0,0,0,4,0,18348,0,0,0,0,0.0,0,-683,1449,2132,55,False,0
Ibrahim Osman,MID,Brighton,0.6,0,0,2,0,0,1.1,1,600,0.01,0.06,0.05,0.22,38,0,0,1.2,0.0,2026-09-13T13:00:00Z,12,False,7,0,0,0,1,0,4,0,1793,0,0,5,0,13.0,1,-148,153,301,50,False,0
Chemsdine Talbi,MID,Sunderland,0.2,0,0,0,0,0,0.0,0,549,0.00,0.00,0.00,0.00,36,0,0,0.0,0.0,2026-09-12T19:00:00Z,0,False,1,0,0,0,0,0,4,0,15167,0,0,2,0,0.0,0,-2338,214,2552,54,True,0
Marco Palestra,DEF,Chelsea,0.0,0,0,0,0,0,0.0,0,152,0.00,0.00,0.00,0.00,33,0,0,0.0,0.0,2026-09-12T14:00:00Z,0,False,11,0,0,0,0,0,4,0,87915,0,0,2,2,0.0,0,-45257,419,45676,54,True,0
Semi Ajayi,DEF,Hull City,5.4,0,0,-6,0,2,1.3,3,279,0.00,0.13,0.13,0.91,33,2,0,1.3,5.4,2026-09-12T14:00:00Z,90,False,6,0,0,0,2,0,4,0,1350778,1,1,2,2,6.0,1,271450,349993,78543,42,False,0
Ryan Yates,MID,Nott'm Forest,0.0,0,0,0,0,0,0.0,0,489,0.00,0.00,0.00,0.00,31,0,0,0.0,0.0,2026-09-12T14:00:00Z,0,False,2,0,0,0,0,0,4,0,144588,0,0,2,1,0.0,0,-8348,7645,15993,45,False,0
Conor Gallagher,MID,Spurs,1.8,0,0,0,0,0,0.0,0,519,0.00,0.00,0.00,0.00,37,0,0,0.0,0.0,2026-09-12T16:30:00Z,0,False,9,0,0,0,0,0,4,0,21226,0,0,0,0,0.0,0,-1744,812,2556,54,True,0
Nehemiah Oriola,MID,Brighton,0.0,0,0,0,0,0,0.0,0,134,0.00,0.00,0.00,0.00,38,0,0,0.0,0.0,2026-09-13T13:00:00Z,0,False,7,0,0,0,0,0,4,0,28553,0,0,5,0,0.0,0,-1093,2194,3287,45,False,0
Aurèle Amenda,DEF,Coventry City,0.2,0,0,-12,0,8,10.3,8,182,0.00,0.00,0.00,2.81,38,5,0,3.3,18.2,2026-09-13T13:00:00Z,90,False,5,0,0,0,0,0,4,0,81299,1,0,5,0,4.0,0,-2035,3596,5631,40,True,0
Callum Olusesi,MID,Spurs,0.0,0,0,0,0,0,0.0,0,524,0.00,0.00,0.00,0.00,37,0,0,0.0,0.0,2026-09-12T16:30:00Z,0,False,9,0,0,0,0,0,4,0,93913,0,0,0,0,0.0,0,5676,13763,8087,44,True,0
Kevin Santos Lopes de Macedo,MID,Fulham,0.6,0,0,4,0,0,3.3,3,263,0.07,0.10,0.03,0.54,35,0,0,0.5,0.2,2026-09-12T14:00:00Z,18,False,14,0,0,0,2,0,4,0,4241,0,1,0,0,1.0,1,-826,236,1062,54,False,0
Allan Andrade Elias,MID,Man City,0.0,0,0,0,0,0,0.0,0,628,0.00,0.00,0.00,0.00,39,0,0,0.0,0.0,2026-09-13T15:30:00Z,0,False,16,0,0,0,0,0,4,0,671,0,0,1,0,0.0,0,117,309,192,60,False,0
Max Dowman,MID,Arsenal,0.2,0,0,0,0,0,0.0,0,20,0.00,0.00,0.00,0.00,36,0,0,0.0,0.0,2026-09-12T19:00:00Z,0,False,20,0,0,0,0,0,4,0,7072,0,0,2,0,0.0,0,-713,629,1342,53,False,0
Sandro Tonali,MID,Spurs,2.8,0,0,16,1,5,30.7,11,455,0.31,0.40,0.09,1.11,37,0,0,4.9,12.2,2026-09-12T16:30:00Z,90,False,9,0,0,0,6,0,4,0,265893,1,0,0,0,6.0,3,-31266,12899,44165,54,True,0
Rico Lewis,DEF,Man City,0.2,0,0,0,0,0,0.0,0,395,0.00,0.00,0.00,0.00,39,0,0,0.0,0.0,2026-09-13T15:30:00Z,0,False,16,0,0,0,0,0,4,0,22298,0,0,1,0,0.0,0,-3042,1037,4079,44,False,0
Ben Chilwell,DEF,Crystal Palace,2.7,0,0,1,0,1,3.5,1,643,0.01,0.13,0.12,0.55,34,1,0,0.8,0.2,2026-09-12T14:00:00Z,13,False,12,0,0,0,0,0,4,0,62478,0,0,3,2,4.0,1,32853,38522,5669,45,True,0
Jan Paul van Hecke,DEF,Spurs,4.8,0,0,27,1,11,15.2,13,112,0.05,0.19,0.14,1.11,37,0,0,6.1,38.4,2026-09-12T16:30:00Z,90,False,9,0,0,0,2,0,4,0,718579,1,2,0,0,7.0,8,-45526,37570,83096,49,True,0
Alfie Cresswell,MID,Leeds,0.0,0,0,0,0,0,0.0,0,604,0.00,0.00,0.00,0.00,40,0,0,0.0,0.0,2026-09-14T19:00:00Z,0,False,17,0,0,0,0,0,4,0,15793,0,0,1,4,0.0,0,1252,3443,2191,45,True,0
Jeremie Frimpong,DEF,Liverpool,0.4,0,0,12,0,3,24.9,4,357,0.12,0.12,0.00,0.10,35,0,0,4.0,13.0,2026-09-12T14:00:00Z,18,False,10,0,0,0,1,0,4,0,231759,0,1,0,0,2.0,1,-81882,4729,86611,54,True,0
Josh Acheampong,DEF,Chelsea,1.0,0,0,0,0,0,0.0,0,151,0.00,0.00,0.00,0.00,33,0,0,0.0,0.0,2026-09-12T14:00:00Z,0,False,11,0,0,0,0,0,4,0,42181,0,0,2,2,0.0,0,1716,6326,4610,45,True,0
Marcelino Núñez,MID,Ipswich Town,1.2,0,0,0,0,0,0.0,0,309,0.00,0.00,0.00,0.00,34,0,0,0.0,0.0,2026-09-12T14:00:00Z,0,False,8,0,0,0,0,0,4,0,12735,0,0,3,2,0.0,0,-1485,377,1862,50,False,0
Evann Guessand,MID,Crystal Palace,0.4,0,0,0,0,0,0.0,0,42,0.00,0.00,0.00,0.00,34,0,0,0.0,0.0,2026-09-12T14:00:00Z,0,False,12,0,0,0,0,0,4,0,4659,0,0,3,2,0.0,0,-33,935,968,55,True,0
Jules Ahoka,MID,Sunderland,0.0,0,0,0,0,0,0.0,0,613,0.00,0.00,0.00,0.00,36,0,0,0.0,0.0,2026-09-12T19:00:00Z,0,False,1,0,0,0,0,0,4,0,29307,0,0,2,0,0.0,0,2550,6933,4383,45,True,0
Jay Dasilva,DEF,Coventry City,1.0,0,0,-7,0,3,26.0,3,176,0.33,0.33,0.00,2.81,38,5,0,3.9,12.8,2026-09-13T13:00:00Z,90,False,5,0,0,0,3,0,4,0,77723,1,0,5,0,0.0,0,-2321,2492,4813,40,True,0
Kieran Dowell,MID,Hull City,0.0,0,0,0,0,0,0.0,0,288,0.00,0.00,0.00,0.00,33,0,0,0.0,0.0,2026-09-12T14:00:00Z,0,False,6,0,0,0,0,0,4,0,35795,0,0,2,2,0.0,0,-2198,2721,4919,45,False,0
Pascal Groß,MID,Brighton,9.4,2,3,56,1,2,79.1,6,124,0.19,1.01,0.82,1.33,38,0,1,18.1,83.8,2026-09-13T13:00:00Z,90,False,7,0,0,0,2,0,4,0,1745184,1,2,5,0,18.0,17,72242,283590,211348,56,False,0
Antoni Milambo,MID,Brentford,0.0,0,0,0,0,0,0.0,0,99,0.00,0.00,0.00,0.00,32,0,0,0.0,0.0,2026-09-12T14:00:00Z,0,False,3,0,0,0,0,0,4,0,201,0,0,2,2,0.0,0,-5,27,32,50,False,0
Jeremy Monga,MID,Man City,0.0,0,0,0,0,0,0.0,0,410,0.00,0.00,0.00,0.00,39,0,0,0.0,0.0,2026-09-13T15:30:00Z,0,False,16,0,0,0,0,0,4,0,989,0,0,1,0,0.0,0,-363,0,363,49,False,0
Tyler Adams,MID,Bournemouth,1.6,0,0,16,0,3,5.9,10,73,0.02,0.05,0.03,0.39,32,2,0,2.6,13.0,2026-09-12T14:00:00Z,81,False,4,0,0,0,5,0,4,0,29708,1,2,2,2,7.0,2,2015,5594,3579,50,True,0
Ryan McAidoo,MID,Man City,0.5,0,0,0,0,0,0.0,0,621,0.00,0.00,0.00,0.00,39,0,0,0.0,0.0,2026-09-13T15:30:00Z,0,False,16,0,0,0,0,0,4,0,13105,0,0,1,0,0.0,0,1361,3586,2225,45,False,0
Jake O'Brien,DEF,Everton,0.4,0,0,2,0,1,0.0,1,232,0.00,0.00,0.00,0.26,37,0,0,0.1,1.0,2026-09-12T16:30:00Z,15,False,19,0,0,0,1,0,4,0,31964,0,0,0,0,0.0,1,-3863,666,4529,49,False,0
David Affengruber,DEF,Fulham,2.7,0,0,23,1,11,3.3,12,650,0.00,0.00,0.00,1.28,35,0,0,2.2,18.6,2026-09-12T14:00:00Z,90,False,14,0,0,0,3,0,4,0,573,1,1,0,0,0.0,8,172,274,102,45,False,0
Chris Richards,DEF,Crystal Palace,1.2,0,0,2,0,12,5.9,13,202,0.06,0.06,0.00,1.68,34,3,0,2.8,22.4,2026-09-12T14:00:00Z,90,False,12,0,0,0,6,0,4,0,74063,1,1,3,2,0.0,2,497,9105,8608,50,True,1
Callum Hudson-Odoi,MID,Nott'm Forest,0.2,0,0,0,0,0,0.0,0,482,0.00,0.00,0.00,0.00,31,0,0,0.0,0.0,2026-09-12T14:00:00Z,0,False,2,0,0,0,0,0,4,0,17097,0,0,2,1,0.0,0,-2586,774,3360,59,False,0
Kasey McAteer,MID,Ipswich Town,0.6,0,0,0,0,0,0.0,0,323,0.00,0.00,0.00,0.00,34,0,0,0.0,0.0,2026-09-12T14:00:00Z,0,False,8,0,0,0,0,0,4,0,126703,0,0,3,2,0.0,0,-7171,7120,14291,45,False,0
Gustavo Hamer,MID,Coventry City,0.6,0,0,0,0,0,0.0,0,584,0.00,0.00,0.00,0.00,38,0,0,0.0,0.0,2026-09-13T13:00:00Z,0,False,5,0,0,0,0,0,4,0,10937,0,0,5,0,0.0,0,-1142,147,1289,54,True,0
Leon Goretzka,MID,Aston Villa,0.0,0,0,0,0,0,0.0,0,618,0.00,0.00,0.00,0.00,31,0,0,0.0,0.0,2026-09-12T14:00:00Z,0,False,18,0,0,0,0,0,4,0,4178,0,0,2,1,0.0,0,-1201,901,2102,60,True,0
Fraser Forster,GK,Bournemouth,0.0,0,0,0,0,0,0.0,0,58,0.00,0.00,0.00,0.00,32,0,0,0.0,0.0,2026-09-12T14:00:00Z,0,False,4,0,0,0,0,0,4,0,383559,0,0,2,2,0.0,0,14555,38779,24224,40,True,0
Konstantinos Tzolakis,GK,Hull City,6.8,0,0,15,0,2,0.0,0,572,0.00,0.00,0.00,0.91,33,2,0,2.9,29.4,2026-09-12T14:00:00Z,90,False,6,0,0,0,15,0,4,5,1074132,1,0,2,2,0.0,2,171110,238858,67748,46,False,0
Destiny Udogie,DEF,Spurs,1.4,0,0,0,0,0,0.0,0,506,0.00,0.00,0.00,0.00,37,0,0,0.0,0.0,2026-09-12T16:30:00Z,0,False,9,0,0,0,0,0,4,0,41192,0,0,0,0,0.0,0,-2914,1478,4392,45,True,0
Youri Tielemans,MID,Man Utd,2.0,0,0,15,0,3,13.8,5,43,0.04,0.04,0.00,0.53,39,1,0,3.0,12.2,2026-09-13T15:30:00Z,66,False,15,0,0,0,0,0,4,0,177688,1,2,1,0,4.0,2,-30355,7880,38235,59,True,0
Leo Shahar,DEF,Newcastle,0.0,0,0,0,0,0,0.0,0,609,0.00,0.00,0.00,0.00,40,0,0,0.0,0.0,2026-09-14T19:00:00Z,0,False,13,0,0,0,0,0,4,0,26576,0,0,1,4,0.0,0,-1044,3372,4416,40,False,0
Emile Smith Rowe,MID,Fulham,0.6,0,0,3,0,1,0.5,2,262,0.00,0.00,0.00,0.46,35,0,0,0.2,1.2,2026-09-12T14:00:00Z,13,False,14,0,0,0,1,0,4,0,28676,0,0,0,0,0.0,1,-4117,777,4894,54,False,0
Malick Thiaw,DEF,Newcastle,2.8,0,0,-6,0,11,0.9,11,445,0.00,0.00,0.00,2.08,40,4,0,2.4,22.6,2026-09-14T19:00:00Z,90,False,13,0,0,0,1,0,4,0,227385,1,0,1,4,0.0,2,2995,48297,45302,50,False,0
Daniel Jebbison,FWD,Bournemouth,0.4,0,0,0,0,0,0.0,0,608,0.00,0.00,0.00,0.00,32,0,0,0.0,0.0,2026-09-12T14:00:00Z,0,False,4,0,0,0,0,0,4,0,11375,0,0,2,2,0.0,0,1502,3390,1888,50,True,0
Juanlu Sánchez,DEF,Bournemouth,0.0,0,0,0,0,0,0.0,0,573,0.00,0.00,0.00,0.00,32,0,0,0.0,0.0,2026-09-12T14:00:00Z,0,False,4,0,0,0,0,0,4,0,18893,0,0,2,2,0.0,0,-1322,285,1607,45,True,0
Lewis Miley,MID,Newcastle,2.4,0,0,9,0,3,4.5,10,459,0.03,0.03,0.00,1.97,40,4,0,1.1,6.6,2026-09-14T19:00:00Z,79,False,13,1,0,0,6,0,4,0,8285,1,1,1,4,0.0,0,-528,1045,1573,55,False,0
Calvin Bassey,DEF,Fulham,1.8,0,0,27,1,7,0.7,8,257,0.00,0.05,0.05,1.28,35,0,0,4.5,23.4,2026-09-12T14:00:00Z,90,False,14,0,0,0,3,0,4,0,71722,1,1,0,0,21.0,6,-7922,2294,10216,45,False,0
Ephron Mason-Clark,MID,Coventry City,0.8,0,0,5,0,2,1.0,4,186,0.01,0.50,0.49,1.37,38,2,0,5.1,6.0,2026-09-13T13:00:00Z,59,False,5,0,0,0,2,0,4,0,9746,1,0,5,0,44.0,1,-780,222,1002,54,True,0
Melker Ellborg,GK,Sunderland,0.0,0,0,0,0,0,0.0,0,531,0.00,0.00,0.00,0.00,36,0,0,0.0,0.0,2026-09-12T19:00:00Z,0,False,1,0,0,0,0,0,4,0,8559,0,0,2,0,0.0,0,-491,235,726,45,True,0
Adrien Truffert,DEF,Bournemouth,1.6,0,0,23,0,8,18.0,16,61,0.10,0.18,0.08,0.50,32,2,0,8.5,38.6,2026-09-12T14:00:00Z,90,False,4,0,0,0,3,0,4,0,362027,1,8,2,2,28.0,3,-33011,12869,45880,55,True,0
Dwight McNeil,MID,Crystal Palace,0.6,0,0,0,0,0,0.0,0,241,0.00,0.00,0.00,0.00,34,0,0,0.0,0.0,2026-09-12T14:00:00Z,0,False,12,0,0,0,0,0,4,0,13782,0,0,3,2,0.0,0,-1350,510,1860,54,True,0
Julio Enciso,MID,Ipswich Town,3.0,0,0,7,0,1,13.8,5,591,0.20,0.25,0.05,0.62,34,2,0,2.9,2.2,2026-09-12T14:00:00Z,90,False,8,0,0,0,4,0,4,0,96833,1,0,3,2,13.0,2,12977,28533,15556,55,False,0
Ferdi Kadıoğlu,DEF,Brighton,2.6,0,0,24,1,2,15.4,2,113,0.09,0.09,0.00,1.33,38,0,0,2.2,6.4,2026-09-13T13:00:00Z,90,False,7,0,0,0,1,0,4,0,186000,1,0,5,0,0.0,6,-18414,6832,25246,44,False,0
Giorgi Mamardashvili,GK,Liverpool,0.0,0,0,0,0,0,0.0,0,351,0.00,0.00,0.00,0.00,35,0,0,0.0,0.0,2026-09-12T14:00:00Z,0,False,10,0,0,0,0,0,4,0,13938,0,0,0,0,0.0,0,-1342,513,1855,49,True,0
Michael Zetterer,GK,Leeds,0.0,0,0,0,0,0,0.0,0,629,0.00,0.00,0.00,0.00,40,0,0,0.0,0.0,2026-09-14T19:00:00Z,0,False,17,0,0,0,0,0,4,0,65838,0,0,1,4,0.0,0,18112,23210,5098,40,True,0
Mats Wieffer,DEF,Brighton,0.0,0,0,0,0,0,0.0,0,130,0.00,0.00,0.00,0.00,38,0,0,0.0,0.0,2026-09-13T13:00:00Z,0,False,7,0,0,0,0,0,4,0,26541,0,0,5,0,0.0,0,-18513,68,18581,50,False,0
Wes Burns,MID,Ipswich Town,0.0,0,0,0,0,0,0.0,0,311,0.00,0.00,0.00,0.00,34,0,0,0.0,0.0,2026-09-12T14:00:00Z,0,False,8,0,0,0,0,0,4,0,242,0,0,3,2,0.0,0,-39,0,39,50,False,0
Alex Murphy,DEF,Newcastle,0.0,0,0,0,0,0,0.0,0,451,0.00,0.00,0.00,0.00,40,0,0,0.0,0.0,2026-09-14T19:00:00Z,0,False,13,0,0,0,0,0,4,0,6793,0,0,1,4,0.0,0,-957,0,957,40,False,0
Lewis Koumas,MID,Liverpool,0.4,0,0,0,0,0,0.0,0,381,0.00,0.00,0.00,0.00,35,0,0,0.0,0.0,2026-09-12T14:00:00Z,0,False,10,0,0,0,0,0,4,0,2699,0,0,0,0,0.0,0,-163,155,318,50,True,0
Brenden Aaronson,MID,Leeds,1.2,0,0,4,0,0,0.3,1,337,0.00,0.00,0.00,0.30,40,1,0,0.3,0.2,2026-09-14T19:00:00Z,18,False,17,0,0,0,1,0,4,0,61613,0,0,1,4,2.0,1,-10317,1095,11412,54,True,0
Jean-Philippe Mateta,FWD,Crystal Palace,0.0,0,0,0,0,0,0.0,0,223,0.00,0.00,0.00,0.00,34,0,0,0.0,0.0,2026-09-12T14:00:00Z,0,False,12,0,0,0,0,0,4,0,175573,0,0,3,2,0.0,0,-72649,343,72992,64,True,0
Roméo Lavia,MID,Chelsea,2.2,0,0,14,0,3,4.9,9,161,0.07,0.07,0.00,0.84,33,2,0,1.2,7.4,2026-09-12T14:00:00Z,68,False,11,0,0,0,5,0,4,0,25157,1,1,2,2,0.0,2,3527,7547,4020,50,True,0
Rayan Vitor Simplício Rocha,MID,Bournemouth,1.6,0,0,7,0,2,17.8,3,67,0.02,0.41,0.39,0.39,32,2,0,4.3,5.6,2026-09-12T14:00:00Z,81,False,4,0,0,0,0,0,4,0,202880,1,1,2,2,20.0,2,-33384,8549,41933,64,True,0
Daizen Maeda,MID,Ipswich Town,1.6,0,0,1,0,0,2.3,0,562,0.00,0.00,0.00,0.41,34,1,0,0.0,0.0,2026-09-12T14:00:00Z,27,False,8,0,0,0,0,0,4,0,29173,0,0,3,2,0.0,1,-3657,861,4518,54,False,0
William Osula,FWD,Newcastle,0.0,0,0,0,0,0,0.0,0,465,0.00,0.00,0.00,0.00,40,0,0,0.0,0.0,2026-09-14T19:00:00Z,0,False,13,0,0,0,0,0,4,0,41129,0,0,1,4,0.0,0,-12652,234,12886,59,False,0
Dejan Kulusevski,MID,Spurs,0.0,0,0,0,0,0,0.0,0,521,0.00,0.00,0.00,0.00,37,0,0,0.0,0.0,2026-09-12T16:30:00Z,0,False,9,0,0,0,0,0,4,0,894,0,0,0,0,0.0,0,-73,81,154,65,True,0
Diogo Dalot Teixeira,DEF,Man Utd,1.2,0,0,9,0,2,16.5,3,417,0.05,0.07,0.02,1.10,39,1,0,2.6,6.2,2026-09-13T15:30:00Z,90,False,15,0,0,0,9,0,4,0,192489,1,1,1,0,3.0,2,-32120,3882,36002,49,True,0
Patrick Dorgu,MID,Man Utd,1.2,0,0,19,0,3,18.7,12,415,0.03,0.03,0.00,1.10,39,1,0,4.2,19.6,2026-09-13T15:30:00Z,90,False,15,0,0,0,3,0,4,0,62553,1,6,1,0,4.0,4,-16892,2154,19046,58,True,0
Zian Flemming,FWD,Ipswich Town,2.0,0,0,32,0,1,1.3,2,640,0.00,0.52,0.52,0.41,34,1,1,8.0,35.0,2026-09-12T14:00:00Z,27,False,8,0,0,0,1,0,4,0,4207,0,0,3,2,44.0,5,1835,2524,689,55,False,0
Michael Keane,DEF,Everton,0.0,0,0,0,0,0,0.0,0,231,0.00,0.00,0.00,0.00,37,0,0,0.0,0.0,2026-09-12T16:30:00Z,0,False,19,0,0,0,0,0,4,0,92288,0,0,0,0,0.0,0,-15433,1268,16701,49,False,0
Yankuba Minteh,MID,Brighton,0.0,0,0,0,0,0,0.0,0,122,0.00,0.00,0.00,0.00,38,0,0,0.0,0.0,2026-09-13T13:00:00Z,0,False,7,0,0,0,0,0,4,0,3821,0,0,5,0,0.0,0,-716,35,751,59,False,0
Estêvão Almeida de Oliveira Gonçalves,MID,Chelsea,0.8,0,0,6,0,0,0.5,1,157,0.07,0.10,0.03,0.49,33,0,0,2.7,5.0,2026-09-12T14:00:00Z,4,False,11,0,0,0,0,0,4,0,79584,0,1,2,2,21.0,1,-10183,3867,14050,64,True,0
Senne Lammens,GK,Man Utd,1.4,0,0,5,0,1,0.0,0,412,0.00,0.00,0.00,1.10,39,1,0,0.7,6.6,2026-09-13T15:30:00Z,90,False,15,0,0,0,5,0,4,1,1178768,1,0,1,0,0.0,2,-227696,11379,239075,50,True,0
Kobbie Mainoo,MID,Man Utd,3.6,0,0,20,0,4,37.2,13,432,0.07,0.10,0.03,1.10,39,1,0,5.8,19.8,2026-09-13T15:30:00Z,90,False,15,0,0,0,9,0,4,0,147734,1,0,1,0,1.0,4,17969,30157,12188,55,True,0
Tanaka Ao,MID,Leeds,2.4,1,0,24,1,1,3.1,5,345,0.03,0.09,0.06,0.58,40,0,0,1.4,9.2,2026-09-14T19:00:00Z,71,False,17,0,0,0,2,0,4,0,25771,1,2,1,4,2.0,6,2579,5747,3168,49,True,0
Joelinton Cássio Apolinário de Lira,MID,Newcastle,0.0,0,0,0,0,0,0.0,0,458,0.00,0.00,0.00,0.00,40,0,0,0.0,0.0,2026-09-14T19:00:00Z,0,False,13,0,0,0,0,0,4,0,2032,0,0,1,4,0.0,0,-249,33,282,54,False,0
Declan Rice,MID,Arsenal,4.0,1,0,27,1,6,36.4,10,13,0.37,0.37,0.00,1.41,36,0,0,8.1,45.0,2026-09-12T19:00:00Z,80,False,20,0,0,0,2,0,4,0,1379844,1,2,2,0,0.0,6,-126667,25889,152556,74,False,0
Andrew Robertson,DEF,Spurs,3.4,0,1,30,1,2,31.5,2,502,0.09,0.16,0.07,1.11,37,0,0,5.0,10.8,2026-09-12T16:30:00Z,90,False,9,0,0,0,3,0,4,0,278552,1,0,0,0,8.0,7,-57673,5647,63320,44,True,0
Gabriel dos Santos Magalhães,DEF,Arsenal,5.0,0,2,30,1,10,1.5,11,4,0.01,0.03,0.02,1.80,36,0,0,2.3,20.6,2026-09-12T19:00:00Z,90,False,20,0,0,0,2,0,4,0,2549738,1,1,2,0,1.0,9,-197767,56562,254329,80,False,1
Marcus Tavernier,MID,Bournemouth,5.8,0,2,44,0,2,58.3,8,68,0.47,0.67,0.20,0.39,32,2,1,14.5,49.4,2026-09-12T14:00:00Z,82,False,4,0,0,0,5,0,4,0,417515,1,1,2,2,37.0,8,125960,177420,51460,60,True,1
Milos Kerkez,DEF,Liverpool,1.4,0,0,6,0,2,7.1,3,358,0.01,0.01,0.00,0.30,35,0,0,1.7,9.8,2026-09-12T14:00:00Z,45,False,10,0,0,0,0,0,4,0,288013,0,1,0,0,0.0,1,-22124,12338,34462,54,True,0
Kaine Kesler-Hayden,DEF,Coventry City,0.0,0,0,0,0,0,0.0,0,177,0.00,0.00,0.00,0.00,38,0,0,0.0,0.0,2026-09-13T13:00:00Z,0,False,5,0,0,0,0,0,4,0,4121,0,0,5,0,0.0,0,-596,114,710,40,True,0
Daniel Muñoz Mejía,DEF,Nott'm Forest,0.6,0,0,23,0,3,55.9,7,201,0.18,0.40,0.22,0.82,31,1,0,12.7,31.6,2026-09-12T14:00:00Z,90,False,2,0,0,0,4,0,4,0,588016,1,4,2,1,39.0,2,-83474,11222,94696,54,False,0
Robinio Vaz,FWD,Hull City,0.7,0,0,3,0,0,0.5,1,637,0.00,0.00,0.00,0.18,33,0,0,0.0,0.0,2026-09-12T14:00:00Z,8,False,6,0,0,0,1,0,4,0,5168,0,0,2,2,0.0,1,2411,3312,901,50,False,0
Shea Charles,MID,Fulham,1.8,0,0,19,1,8,3.4,17,580,0.02,0.02,0.00,1.28,35,0,0,3.2,29.0,2026-09-12T14:00:00Z,90,False,14,0,0,0,8,0,4,0,7397,1,1,0,0,0.0,5,-636,295,931,50,False,0
Felipe Rodrigues da Silva,DEF,Nott'm Forest,0.0,0,0,0,0,0,0.0,0,470,0.00,0.00,0.00,0.00,31,0,0,0.0,0.0,2026-09-12T14:00:00Z,0,False,2,0,0,0,0,0,4,0,2529,0,0,2,1,0.0,0,-1122,0,1122,50,False,0
Sidiki Cherif,FWD,Coventry City,0.2,0,0,3,0,1,0.2,1,599,0.00,0.00,0.00,1.43,38,3,0,0.1,1.0,2026-09-13T13:00:00Z,30,False,5,0,0,0,0,0,4,0,10369,0,0,5,0,0.0,1,-281,1323,1604,50,True,0
Calvin Ramsay,DEF,Liverpool,0.0,0,0,0,0,0,0.0,0,365,0.00,0.00,0.00,0.00,35,0,0,0.0,0.0,2026-09-12T14:00:00Z,0,False,10,0,0,0,0,0,4,0,11136,0,0,0,0,0.0,0,-2067,0,2067,40,True,0
Julio Soler Barreto,DEF,Bournemouth,0.0,0,0,0,0,0,0.0,0,66,0.00,0.00,0.00,0.00,32,0,0,0.0,0.0,2026-09-12T14:00:00Z,0,False,4,0,0,0,0,0,4,0,31214,0,0,2,2,0.0,0,1583,4282,2699,40,True,0
Victor Munoz,MID,Liverpool,2.8,0,0,5,0,0,1.4,2,377,0.00,0.10,0.10,0.54,35,0,0,4.2,3.4,2026-09-12T14:00:00Z,59,False,10,0,0,0,2,0,4,0,130437,1,0,0,0,37.0,1,-9953,20664,30617,65,True,0
Diego Coppola,DEF,Brighton,0.0,0,0,0,0,0,0.0,0,117,0.00,0.00,0.00,0.00,38,0,0,0.0,0.0,2026-09-13T13:00:00Z,0,False,7,0,0,0,0,0,4,0,2061,0,0,5,0,0.0,0,-50,180,230,45,False,0
Anthony Patterson,GK,Sunderland,0.0,0,0,0,0,0,0.0,0,530,0.00,0.00,0.00,0.00,36,0,0,0.0,0.0,2026-09-12T19:00:00Z,0,False,1,0,0,0,0,0,4,0,13568,0,0,2,0,0.0,0,-986,0,986,40,True,0
Harry Wilson,MID,Leeds,0.0,0,0,4,0,1,4.7,2,260,0.03,0.03,0.00,0.30,40,1,0,0.8,3.2,2026-09-14T19:00:00Z,18,False,17,0,0,0,0,0,4,0,291023,0,1,1,4,0.0,1,-121524,3258,124782,63,True,0
Remi Matthews,GK,Crystal Palace,0.0,0,0,0,0,0,0.0,0,555,0.00,0.00,0.00,0.00,34,0,0,0.0,0.0,2026-09-12T14:00:00Z,0,False,12,0,0,0,0,0,4,0,187175,0,0,3,2,0.0,0,-2537,5212,7749,40,True,0
Ronald Araujo,DEF,Liverpool,3.0,0,0,24,1,3,1.8,4,579,0.00,0.00,0.00,0.60,35,0,0,1.4,9.8,2026-09-12T14:00:00Z,71,False,10,0,0,0,5,0,4,0,292366,1,1,0,0,2.0,6,41974,59861,17887,54,True,0
Mohamed Belloumi,MID,Hull City,6.2,0,2,43,0,0,11.7,1,286,0.06,0.23,0.17,0.26,33,1,2,11.1,68.2,2026-09-12T14:00:00Z,59,False,6,0,0,0,0,0,4,0,107667,1,1,2,2,31.0,13,14908,26566,11658,50,False,0
Kristoffer Ajer,DEF,Brentford,4.2,0,0,0,0,7,0.5,9,87,0.00,0.02,0.02,1.75,32,2,0,2.4,15.2,2026-09-12T14:00:00Z,90,False,3,0,0,0,1,0,4,0,479881,1,2,2,2,8.0,1,-51781,52109,103890,45,False,0
Noussair Mazraoui,DEF,Man Utd,0.6,0,0,0,0,0,0.0,0,422,0.00,0.00,0.00,0.00,39,0,0,0.0,0.0,2026-09-13T15:30:00Z,0,False,15,0,0,0,0,0,4,0,59306,0,0,1,0,0.0,0,-8954,2102,11056,44,True,0
Hugo Larsson,MID,Fulham,0.7,0,0,3,0,0,0.5,1,635,0.01,0.01,0.00,0.46,35,0,0,0.1,0.0,2026-09-12T14:00:00Z,13,False,14,0,0,0,1,0,4,0,614,0,0,0,0,0.0,1,185,266,81,50,False,0
Jérémy Doku,MID,Man City,0.0,0,0,0,0,0,0.0,0,400,0.00,0.00,0.00,0.00,39,0,0,0.0,0.0,2026-09-13T15:30:00Z,0,False,16,0,0,0,0,0,4,0,77943,0,0,1,0,0.0,0,-14480,249,14729,74,False,0
Harrison Armstrong,MID,Everton,2.4,0,0,6,1,3,4.5,5,244,0.02,0.02,0.00,0.69,37,0,0,1.9,12.4,2026-09-12T16:30:00Z,90,False,19,0,0,0,2,0,4,0,46365,1,0,0,0,2.0,3,4105,12956,8851,50,False,0
Xavi Simons,MID,Spurs,0.0,0,0,0,0,0,0.0,0,513,0.00,0.00,0.00,0.00,37,0,0,0.0,0.0,2026-09-12T16:30:00Z,0,False,9,0,0,0,0,0,4,0,1311,0,0,0,0,0.0,0,-108,86,194,59,True,0
Giovanni Leoni,DEF,Liverpool,0.0,0,0,0,0,0,0.0,0,363,0.00,0.00,0.00,0.00,35,0,0,0.0,0.0,2026-09-12T14:00:00Z,0,False,10,0,0,0,0,0,4,0,3654,0,0,0,0,0.0,0,-297,161,458,40,True,0
Brooke Norton-Cuffy,DEF,Hull City,0.3,0,0,0,0,0,0.3,0,638,0.00,0.05,0.05,0.18,33,0,0,0.7,0.0,2026-09-12T14:00:00Z,8,False,6,0,0,0,2,0,4,0,34986,0,0,2,2,7.0,0,10672,14148,3476,40,False,1
John Victor Maciel Furtado,GK,Nott'm Forest,0.0,0,0,0,0,0,0.0,0,468,0.00,0.00,0.00,0.00,31,0,0,0.0,0.0,2026-09-12T14:00:00Z,0,False,2,0,0,0,0,0,4,0,6251,0,0,2,1,0.0,0,-238,173,411,45,False,0
Riccardo Calafiori,DEF,Arsenal,5.8,0,0,18,1,4,1.7,4,8,0.01,0.07,0.06,1.80,36,0,0,1.8,8.8,2026-09-12T19:00:00Z,90,False,20,0,0,0,2,0,4,0,5296821,1,0,2,0,7.0,6,392809,487524,94715,58,False,0
Jayden Lienou,DEF,Leeds,0.0,0,0,0,0,0,0.0,0,603,0.00,0.00,0.00,0.00,40,0,0,0.0,0.0,2026-09-14T19:00:00Z,0,False,17,0,0,0,0,0,4,0,11191,0,0,1,4,0.0,0,388,1426,1038,40,True,0
Vitor de Oliveira Nunes dos Reis,DEF,Man City,0.2,0,0,0,0,0,0.0,0,396,0.00,0.00,0.00,0.00,39,0,0,0.0,0.0,2026-09-13T15:30:00Z,0,False,16,0,0,0,0,0,4,0,3187,0,0,1,0,0.0,0,-193,90,283,45,False,0
Fraser Forster,GK,Bournemouth,0.0,0,0,0,0,0,0.0,0,58,0.00,0.00,0.00,0.00,32,0,0,0.0,0.0,2026-09-12T14:00:00Z,0,False,4,0,0,0,0,0,4,0,383559,0,0,2,2,0.0,0,14555,38779,24224,40,True,0
Paddy McNair,DEF,Hull City,0.2,0,0,0,0,0,0.0,0,285,0.00,0.00,0.00,0.00,33,0,0,0.0,0.0,2026-09-12T14:00:00Z,0,False,6,0,0,0,0,0,4,0,12640,0,0,2,2,0.0,0,-629,574,1203,40,False,0
Ben Johnson,DEF,Ipswich Town,0.0,0,0,0,0,0,0.0,0,307,0.00,0.00,0.00,0.00,34,0,0,0.0,0.0,2026-09-12T14:00:00Z,0,False,8,0,0,0,0,0,4,0,7782,0,0,3,2,0.0,0,-2380,0,2380,40,False,0
José María Andrés Baixauli,MID,Brighton,4.3,1,0,10,0,2,13.1,4,639,0.01,0.25,0.24,0.22,38,0,0,3.4,18.8,2026-09-13T13:00:00Z,25,False,7,0,0,0,1,0,4,0,812,0,1,5,0,2.0,4,318,513,195,55,False,0
Leif Davis,DEF,Ipswich Town,5.0,2,1,35,0,2,17.1,2,305,0.19,0.71,0.52,0.62,34,2,1,11.1,54.8,2026-09-12T14:00:00Z,90,False,8,0,0,0,0,0,4,0,543743,1,0,3,2,39.0,14,-14896,45631,60527,40,False,0
Tom King,GK,Everton,0.0,0,0,0,0,0,0.0,0,228,0.00,0.00,0.00,0.00,37,0,0,0.0,0.0,2026-09-12T16:30:00Z,0,False,19,0,0,0,0,0,4,0,4562,0,0,0,0,0.0,0,-100,278,378,45,False,0
Max Alleyne,DEF,Man City,0.0,0,0,0,0,0,0.0,0,394,0.00,0.00,0.00,0.00,39,0,0,0.0,0.0,2026-09-13T15:30:00Z,0,False,16,0,0,0,0,0,4,0,537,0,0,1,0,0.0,0,-60,0,60,50,False,0
Enzo Le Fée,MID,Sunderland,2.6,0,0,6,0,0,29.7,4,542,0.59,1.44,0.85,1.88,36,2,0,6.3,6.8,2026-09-12T19:00:00Z,90,False,1,0,1,0,4,0,4,0,448859,1,0,2,0,26.0,0,-137433,9125,146558,58,True,0
Cathal McCarthy,DEF,Hull City,0.0,0,0,0,0,0,0.0,0,284,0.00,0.00,0.00,0.00,33,0,0,0.0,0.0,2026-09-12T14:00:00Z,0,False,6,0,0,0,0,0,4,0,9522,0,0,2,2,0.0,0,-54,986,1040,40,False,0
Junior Kroupi,MID,Bournemouth,0.0,0,0,0,0,0,0.0,0,78,0.00,0.00,0.00,0.00,32,0,0,0.0,0.0,2026-09-12T14:00:00Z,0,False,4,0,0,0,0,0,4,0,21026,0,0,2,2,0.0,0,-3124,197,3321,74,True,0
Manuel Ugarte Ribeiro,MID,Man Utd,0.0,0,0,0,0,0,0.0,0,433,0.00,0.00,0.00,0.00,39,0,0,0.0,0.0,2026-09-13T15:30:00Z,0,False,15,0,0,0,0,0,4,0,388,0,0,1,0,0.0,0,-22,25,47,50,True,0
Ross Barkley,MID,Aston Villa,2.0,0,0,14,0,0,2.7,7,46,0.01,0.04,0.03,1.42,31,1,0,1.6,6.0,2026-09-12T14:00:00Z,62,False,18,0,0,0,3,0,4,0,29642,1,4,2,1,7.0,2,1496,5244,3748,50,True,0
Robert Lynch Sánchez,GK,Chelsea,0.0,0,0,0,0,0,0.0,0,140,0.00,0.00,0.00,0.00,33,0,0,0.0,0.0,2026-09-12T14:00:00Z,0,False,11,0,0,0,0,0,4,0,93763,0,0,2,2,0.0,0,-44507,0,44507,49,True,0
Brandon Thomas-Asante,FWD,Coventry City,1.0,0,0,7,0,0,0.5,0,194,0.03,0.24,0.21,0.64,38,2,0,3.3,6.0,2026-09-13T13:00:00Z,17,False,5,0,0,0,0,0,4,0,84195,0,0,5,0,26.0,1,-1520,11154,12674,50,True,0
Lisandro Martínez,DEF,Man Utd,1.2,0,0,14,0,3,3.4,6,419,0.08,0.11,0.03,1.10,39,1,0,3.1,20.2,2026-09-13T15:30:00Z,90,False,15,0,0,0,5,0,4,0,130813,1,3,1,0,7.0,2,-6006,7461,13467,50,True,0
Patrick Dorgu,MID,Man Utd,1.2,0,0,19,0,3,18.7,12,415,0.03,0.03,0.00,1.10,39,1,0,4.2,19.6,2026-09-13T15:30:00Z,90,False,15,0,0,0,3,0,4,0,62553,1,6,1,0,4.0,4,-16892,2154,19046,58,True,0
James Justin,DEF,Leeds,3.6,0,0,11,0,3,25.6,5,332,0.28,0.28,0.00,0.88,40,1,0,4.8,18.4,2026-09-14T19:00:00Z,90,False,17,0,0,0,1,0,4,0,160487,1,2,1,4,4.0,2,5626,27752,22126,45,True,0
Pascal Struijk,DEF,Brighton,1.4,0,0,4,0,4,0.8,4,328,0.01,0.01,0.00,0.22,38,0,0,1.2,11.2,2026-09-13T13:00:00Z,12,False,7,0,0,0,0,0,4,0,20832,0,0,5,0,0.0,1,-1007,1494,2501,50,False,0
Bernd Leno,GK,Fulham,3.0,0,2,29,1,1,0.0,0,250,0.00,0.00,0.00,1.28,35,0,0,2.5,25.4,2026-09-12T14:00:00Z,90,False,14,0,0,0,8,0,4,3,308412,1,0,0,0,0.0,9,-15234,19790,35024,45,False,0
Đorđe Petrović,GK,Bournemouth,1.4,0,0,0,0,0,0.0,0,57,0.00,0.00,0.00,0.50,32,2,0,0.0,0.0,2026-09-12T14:00:00Z,90,False,4,0,0,0,10,0,4,0,346097,1,0,2,2,0.0,1,-9622,27504,37126,45,True,0
Benjamin White,DEF,Arsenal,4.2,0,0,4,0,1,0.8,3,10,0.00,0.00,0.00,0.23,36,0,0,1.1,4.2,2026-09-12T19:00:00Z,45,False,20,0,0,0,0,0,4,0,815166,1,2,2,0,6.0,1,6399,123355,116956,55,False,0
Lamare Bogarde,MID,Aston Villa,0.2,0,0,0,0,0,0.0,0,35,0.00,0.00,0.00,0.00,31,0,0,0.0,0.0,2026-09-12T14:00:00Z,0,False,18,0,0,0,0,0,4,0,7155,0,0,2,1,0.0,0,-440,686,1126,50,True,0
Kenny Tete,DEF,Fulham,0.0,0,0,-1,0,3,0.3,3,256,0.00,0.00,0.00,0.65,35,0,0,0.4,1.6,2026-09-12T14:00:00Z,27,False,14,0,0,0,0,0,4,0,21818,0,0,0,0,2.0,0,-2058,237,2295,44,False,1
Ilyas Ansah,FWD,Hull City,0.0,0,0,0,0,0,0.0,0,632,0.00,0.00,0.00,0.00,33,0,0,0.0,0.0,2026-09-12T14:00:00Z,0,False,6,0,0,0,0,0,4,0,4222,0,0,2,2,0.0,0,1122,2674,1552,50,False,0
Daizen Maeda,MID,Ipswich Town,1.6,0,0,1,0,0,2.3,0,562,0.00,0.00,0.00,0.41,34,1,0,0.0,0.0,2026-09-12T14:00:00Z,27,False,8,0,0,0,0,0,4,0,29173,0,0,3,2,0.0,1,-3657,861,4518,54,False,0
Bart Verbruggen,GK,Brighton,4.6,0,0,39,1,3,0.0,0,109,0.00,0.00,0.00,1.33,38,0,0,4.8,47.8,2026-09-13T13:00:00Z,90,False,7,0,0,0,7,0,4,6,2390519,1,0,5,0,0.0,8,51727,248699,196972,45,False,0
Wilfried Gnonto,MID,Leeds,0.0,0,0,0,0,0,0.0,0,341,0.00,0.00,0.00,0.00,40,0,0,0.0,0.0,2026-09-14T19:00:00Z,0,False,17,0,0,0,0,0,4,0,947,0,0,1,4,0.0,0,-435,0,435,50,True,0
Dominic Solanke-Mitchell,FWD,Spurs,1.4,0,0,4,1,0,4.3,2,526,0.01,0.01,0.00,0.67,37,0,0,0.8,0.0,2026-09-12T16:30:00Z,62,False,9,0,0,0,2,0,4,0,96682,1,0,0,0,6.0,2,-14059,5756,19815,59,True,0
Lucas Gourna-Douath,MID,Hull City,0.8,0,0,0,0,0,0.0,0,589,0.00,0.00,0.00,0.00,33,0,0,0.0,0.0,2026-09-12T14:00:00Z,0,False,6,0,0,0,0,0,4,0,2686,0,0,2,2,0.0,0,-111,172,283,50,False,0
Honest Ahanor,DEF,Crystal Palace,1.0,0,0,10,0,9,11.9,11,633,0.01,0.01,0.00,1.68,34,3,0,4.1,24.6,2026-09-12T14:00:00Z,90,False,12,0,0,0,4,0,4,0,1153,1,2,3,2,4.0,3,668,848,180,45,True,0
Sorba Thomas,MID,Hull City,1.3,0,0,6,0,0,14.8,4,642,0.03,0.05,0.02,0.64,33,1,0,2.4,5.6,2026-09-12T14:00:00Z,30,False,6,0,0,0,4,0,4,0,1526,0,0,2,2,4.0,1,606,883,277,55,False,0
Thomas Meunier,DEF,Sunderland,2.2,0,0,5,0,2,1.8,2,541,0.00,0.13,0.13,1.09,36,1,0,2.3,5.8,2026-09-12T19:00:00Z,75,False,1,0,0,0,4,0,4,0,29243,1,0,2,0,15.0,2,-1785,781,2566,45,True,0
Mason Mount,MID,Man Utd,0.0,0,0,0,0,0,0.0,0,430,0.00,0.00,0.00,0.00,39,0,0,0.0,0.0,2026-09-13T15:30:00Z,0,False,15,0,0,0,0,0,4,0,2733,0,0,1,0,0.0,0,54,272,218,54,True,0
Wilson Odobert,MID,Spurs,0.0,0,0,0,0,0,0.0,0,517,0.00,0.00,0.00,0.00,37,0,0,0.0,0.0,2026-09-12T16:30:00Z,0,False,9,0,0,0,0,0,4,0,143,0,0,0,0,0.0,0,18,36,18,55,True,0
Marco Bizot,GK,Aston Villa,0.0,0,0,0,0,0,0.0,0,29,0.00,0.00,0.00,0.00,31,0,0,0.0,0.0,2026-09-12T14:00:00Z,0,False,18,0,0,0,0,0,4,0,14214,0,0,2,1,0.0,0,-601,1027,1628,45,True,0
Daniel James,MID,Leeds,0.4,0,0,4,0,0,0.0,2,343,0.00,0.11,0.11,0.28,40,1,0,0.3,0.0,2026-09-14T19:00:00Z,7,False,17,0,0,0,2,0,4,0,10690,0,0,1,4,3.0,1,-1207,786,1993,50,True,0
Vitezslav Jaros,GK,Liverpool,0.0,0,0,0,0,0,0.0,0,354,0.00,0.00,0.00,0.00,35,0,0,0.0,0.0,2026-09-12T14:00:00Z,0,False,10,0,0,0,0,0,4,0,1961,0,0,0,0,0.0,0,157,567,410,40,True,0
Kasey McAteer,MID,Ipswich Town,0.6,0,0,0,0,0,0.0,0,323,0.00,0.00,0.00,0.00,34,0,0,0.0,0.0,2026-09-12T14:00:00Z,0,False,8,0,0,0,0,0,4,0,126703,0,0,3,2,0.0,0,-7171,7120,14291,45,False,0
Bradley Barcola,MID,Liverpool,1.3,0,0,9,1,0,13.6,5,627,0.03,0.24,0.21,0.60,35,0,0,2.7,5.6,2026-09-12T14:00:00Z,71,False,10,0,0,0,2,0,4,0,238639,1,3,0,0,8.0,3,70941,116804,45863,80,True,0
Manuel Ángel Morán Ibáñez,MID,Fulham,0.0,0,0,0,0,0,0.0,0,636,0.00,0.00,0.00,0.00,35,0,0,0.0,0.0,2026-09-12T14:00:00Z,0,False,14,0,0,0,0,0,4,0,306,0,0,0,0,0.0,0,79,133,54,50,False,0
Nicolò Savona,DEF,Nott'm Forest,0.0,0,0,0,0,0,0.0,0,475,0.00,0.00,0.00,0.00,31,0,0,0.0,0.0,2026-09-12T14:00:00Z,0,False,2,0,0,0,0,0,4,0,263,0,0,2,1,0.0,0,16,56,40,45,False,0
Neco Williams,DEF,Nott'm Forest,3.4,0,0,9,0,2,19.9,3,469,0.16,0.36,0.20,0.82,31,1,0,3.9,8.8,2026-09-12T14:00:00Z,90,False,2,0,0,0,1,0,4,0,864022,1,1,2,1,10.0,2,7392,91886,84494,50,False,0
Ethan Nwaneri,MID,Arsenal,0.0,0,0,0,0,0,0.0,0,22,0.00,0.00,0.00,0.00,36,0,0,0.0,0.0,2026-09-12T19:00:00Z,0,False,20,0,0,0,0,0,4,0,783,0,0,2,0,0.0,0,-333,0,333,54,False,0
Joe Rodon,DEF,Leeds,0.0,0,0,0,0,0,0.0,0,329,0.00,0.00,0.00,0.00,40,0,0,0.0,0.0,2026-09-14T19:00:00Z,0,False,17,0,0,0,0,0,4,0,118013,0,0,1,4,0.0,0,-112676,168,112844,44,True,0
Giovanni Leoni,DEF,Liverpool,0.0,0,0,0,0,0,0.0,0,363,0.00,0.00,0.00,0.00,35,0,0,0.0,0.0,2026-09-12T14:00:00Z,0,False,10,0,0,0,0,0,4,0,3654,0,0,0,0,0.0,0,-297,161,458,40,True,0
James Hill,DEF,Bournemouth,1.6,0,0,5,0,10,11.4,11,60,0.01,0.01,0.00,0.50,32,2,0,3.3,22.0,2026-09-12T14:00:00Z,90,False,4,0,0,0,3,0,4,0,89044,1,1,2,2,0.0,2,-2382,8173,10555,55,True,1
Dayann Méthalie,DEF,Sunderland,0.0,0,0,0,0,0,0.0,0,612,0.00,0.00,0.00,0.00,36,0,0,0.0,0.0,2026-09-12T19:00:00Z,0,False,1,0,0,0,0,0,4,0,710,0,0,2,0,0.0,0,-16,187,203,45,True,0
David Akintola,MID,Hull City,0.0,0,0,0,0,0,0.0,0,296,0.00,0.00,0.00,0.00,33,0,0,0.0,0.0,2026-09-12T14:00:00Z,0,False,6,0,0,0,0,0,4,0,3894,0,0,2,2,0.0,0,-603,522,1125,50,False,0
Bazoumana Touré,MID,Newcastle,1.6,0,0,24,0,0,5.3,2,461,0.01,0.29,0.28,0.16,40,1,1,6.3,36.6,2026-09-14T19:00:00Z,33,False,13,0,0,0,2,0,4,0,13401,0,0,1,4,21.0,6,-3031,376,3407,58,False,0
Leo Fuhr Hjelde,DEF,Sunderland,0.0,0,0,0,0,0,0.0,0,538,0.00,0.00,0.00,0.00,36,0,0,0.0,0.0,2026-09-12T19:00:00Z,0,False,1,0,0,0,0,0,4,0,4107,0,0,2,0,0.0,0,-403,0,403,40,True,0
Callum Olusesi,MID,Spurs,0.0,0,0,0,0,0,0.0,0,524,0.00,0.00,0.00,0.00,37,0,0,0.0,0.0,2026-09-12T16:30:00Z,0,False,9,0,0,0,0,0,4,0,93913,0,0,0,0,0.0,0,5676,13763,8087,44,True,0
Ryan Sessegnon,DEF,Fulham,0.4,0,0,0,0,0,0.0,0,269,0.00,0.00,0.00,0.00,35,0,0,0.0,0.0,2026-09-12T14:00:00Z,0,False,14,0,0,0,0,0,4,0,34199,0,0,0,0,0.0,0,-4182,369,4551,44,False,0
Wilson Isidor,FWD,Sunderland,2.8,0,0,1,0,0,0.1,1,553,0.00,0.00,0.00,1.07,36,1,0,0.1,1.2,2026-09-12T19:00:00Z,20,False,1,0,0,0,0,0,4,0,163059,0,1,2,0,0.0,1,25312,47557,22245,55,True,0
Murillo Costa dos Santos,DEF,Nott'm Forest,3.8,1,0,18,0,10,10.9,12,472,0.01,0.01,0.00,0.82,31,1,0,4.4,33.0,2026-09-12T14:00:00Z,90,False,2,0,0,0,6,0,4,0,172739,1,2,2,1,0.0,6,5868,15727,9859,55,False,1
Christian Walton,GK,Ipswich Town,0.4,0,0,0,0,0,0.0,0,300,0.00,0.00,0.00,0.00,34,0,0,0.0,0.0,2026-09-12T14:00:00Z,0,False,8,0,0,0,0,0,4,0,42889,0,0,3,2,0.0,0,-2408,363,2771,44,False,0
Cristhian Mosquera,DEF,Arsenal,2.4,0,0,0,0,0,0.0,0,11,0.00,0.00,0.00,0.00,36,0,0,0.0,0.0,2026-09-12T19:00:00Z,0,False,20,0,0,0,0,0,4,0,248830,0,0,2,0,0.0,0,-201802,733,202535,54,False,0
Filip Jörgensen,GK,Chelsea,0.0,0,0,0,0,0,0.0,0,141,0.00,0.00,0.00,0.00,33,0,0,0.0,0.0,2026-09-12T14:00:00Z,0,False,11,0,0,0,0,0,4,0,933,0,0,2,2,0.0,0,-95,0,95,50,True,0
David Raya Martín,GK,Arsenal,6.0,0,3,38,1,2,0.2,0,1,0.00,0.00,0.00,1.80,36,0,0,3.8,37.8,2026-09-12T19:00:00Z,90,False,20,0,0,1,14,0,4,2,4195206,1,0,2,0,0.0,14,34449,249119,214670,60,False,0
James Garner,MID,Everton,2.2,0,0,23,1,3,5.1,17,239,0.02,0.06,0.04,0.69,37,0,0,3.6,23.6,2026-09-12T16:30:00Z,90,False,19,0,0,0,8,0,4,0,13037,1,6,0,0,7.0,4,-1024,2679,3703,60,False,1
Ethan Pinnock,DEF,Coventry City,1.2,0,0,-11,0,8,0.7,10,91,0.00,0.01,0.01,2.81,38,5,0,2.3,18.0,2026-09-13T13:00:00Z,90,False,5,0,0,0,1,0,4,0,7467,1,2,5,0,4.0,2,-82,688,770,45,True,0
Lewis Dunk,DEF,Brighton,4.4,0,0,39,1,5,4.3,6,116,0.03,0.06,0.03,1.33,38,0,1,6.9,57.2,2026-09-13T13:00:00Z,90,False,7,0,0,0,2,0,4,0,148520,1,1,5,0,7.0,12,9404,19779,10375,45,False,0
Jorrel Hato,DEF,Chelsea,1.6,0,0,-8,0,2,2.9,3,148,0.10,0.10,0.00,0.44,33,2,0,0.9,3.8,2026-09-12T14:00:00Z,45,False,11,0,0,0,2,0,4,0,115190,1,1,2,2,2.0,0,42963,58654,15691,45,True,0
Callum Wilson,FWD,Brentford,0.6,0,0,0,0,0,0.0,0,108,0.00,0.00,0.00,0.00,32,0,0,0.0,0.0,2026-09-12T14:00:00Z,0,False,3,0,0,0,0,0,4,0,36748,0,0,2,2,0.0,0,-3164,2767,5931,55,False,0
Fábio Freitas Gouveia Carvalho,MID,Brentford,1.2,0,0,0,0,0,0.0,0,100,0.00,0.00,0.00,0.00,32,0,0,0.0,0.0,2026-09-12T14:00:00Z,0,False,3,0,0,0,0,0,4,0,2209,0,0,2,2,0.0,0,3,335,332,50,False,0
Piero Hincapié,DEF,Arsenal,0.4,0,0,0,0,0,0.0,0,9,0.00,0.00,0.00,0.00,36,0,0,0.0,0.0,2026-09-12T19:00:00Z,0,False,20,0,0,0,0,0,4,0,109174,0,0,2,0,0.0,0,-15451,3925,19376,53,False,0
Taylor Harwood-Bellis,DEF,Aston Villa,0.0,0,0,0,0,0,0.0,0,630,0.00,0.00,0.00,0.00,31,0,0,0.0,0.0,2026-09-12T14:00:00Z,0,False,18,0,0,0,0,0,4,0,1586,0,0,2,1,0.0,0,388,653,265,45,True,0
Dominic Calvert-Lewin,FWD,Leeds,4.0,1,2,37,1,1,12.2,5,346,0.00,0.87,0.87,0.59,40,0,1,13.0,51.0,2026-09-14T19:00:00Z,77,False,17,0,0,0,4,0,4,0,2292933,1,0,1,4,67.0,10,-377508,100296,477804,60,True,1
Jeremy Jacquet,DEF,Liverpool,3.6,0,3,36,1,4,3.3,5,362,0.02,0.02,0.00,0.70,35,0,0,2.4,20.2,2026-09-12T14:00:00Z,90,False,10,0,0,0,5,0,4,0,298463,1,1,0,0,0.0,9,16244,48593,32349,50,True,0
Callum Hudson-Odoi,MID,Nott'm Forest,0.2,0,0,0,0,0,0.0,0,482,0.00,0.00,0.00,0.00,31,0,0,0.0,0.0,2026-09-12T14:00:00Z,0,False,2,0,0,0,0,0,4,0,17097,0,0,2,1,0.0,0,-2586,774,3360,59,False,0
Marcus Rashford,MID,Man Utd,1.6,0,0,6,0,2,14.1,5,429,0.08,0.20,0.12,1.08,39,1,0,4.9,5.4,2026-09-13T15:30:00Z,82,False,15,0,0,0,2,0,4,0,172900,1,1,1,0,29.0,2,-3479,24764,28243,70,True,0
Amadou Onana,MID,Aston Villa,0.0,0,0,0,0,0,0.0,0,48,0.00,0.00,0.00,0.00,31,0,0,0.0,0.0,2026-09-12T14:00:00Z,0,False,18,0,0,0,0,0,4,0,1757,0,0,2,1,0.0,0,-160,108,268,50,True,0
Elliot Stroud,MID,Hull City,1.4,0,0,3,0,0,1.8,5,576,0.00,0.01,0.01,0.26,33,1,0,0.2,0.0,2026-09-12T14:00:00Z,59,False,6,0,0,0,3,0,4,0,8779,1,2,2,2,1.0,1,-410,621,1031,50,False,0
Thimothée Lo-Tutala,GK,Hull City,0.0,0,0,0,0,0,0.0,0,276,0.00,0.00,0.00,0.00,33,0,0,0.0,0.0,2026-09-12T14:00:00Z,0,False,6,0,0,0,0,0,4,0,2640,0,0,2,2,0.0,0,-204,0,204,40,False,0
Kevin Schade,MID,Brentford,7.8,0,3,49,0,0,8.3,4,94,0.10,0.31,0.21,1.75,32,2,2,10.7,70.8,2026-09-12T14:00:00Z,90,False,3,0,0,0,3,0,4,0,374153,1,1,2,2,28.0,15,-59161,28990,88151,60,False,0
Jordan Pickford,GK,Everton,5.0,0,0,25,1,2,0.0,0,226,0.00,0.00,0.00,0.69,37,0,0,1.2,11.6,2026-09-12T16:30:00Z,90,False,19,0,0,0,11,0,4,2,922558,1,0,0,0,0.0,6,792,69771,68979,55,False,0
Emmanuel Emegha,FWD,Chelsea,0.0,0,0,0,0,0,0.0,0,170,0.00,0.00,0.00,0.00,33,0,0,0.0,0.0,2026-09-12T14:00:00Z,0,False,11,0,0,0,0,0,4,0,14885,0,0,2,2,0.0,0,-1425,1719,3144,50,True,0
David Akintola,MID,Hull City,0.0,0,0,0,0,0,0.0,0,296,0.00,0.00,0.00,0.00,33,0,0,0.0,0.0,2026-09-12T14:00:00Z,0,False,6,0,0,0,0,0,4,0,3894,0,0,2,2,0.0,0,-603,522,1125,50,False,0
Gustavo Nunes Fernandes Gomes,MID,Brentford,0.0,0,0,0,0,0,0.0,0,657,0.00,0.00,0.00,0.00,32,0,0,0.0,0.0,2026-09-12T14:00:00Z,0,False,3,0,0,0,0,0,4,0,0,0,0,2,2,0.0,0,0,0,0,45,False,0
Marcus Rashford,MID,Man Utd,1.6,0,0,6,0,2,14.1,5,429,0.08,0.20,0.12,1.08,39,1,0,4.9,5.4,2026-09-13T15:30:00Z,82,False,15,0,0,0,2,0,4,0,172900,1,1,1,0,29.0,2,-3479,24764,28243,70,True,0
Liam Delap,FWD,Nott'm Forest,1.6,0,0,25,0,1,12.6,4,167,0.08,0.71,0.63,0.73,31,1,1,7.9,28.6,2026-09-12T14:00:00Z,90,False,2,0,0,0,2,0,4,0,93051,1,1,2,1,38.0,5,7672,20097,12425,55,False,1
Luke Shaw,DEF,Man Utd,0.7,0,0,0,0,0,0.0,0,423,0.00,0.00,0.00,0.00,39,0,0,0.0,0.0,2026-09-13T15:30:00Z,0,False,15,0,0,0,0,0,4,0,1210238,0,0,1,0,0.0,0,-396169,21871,418040,44,True,0
Benjamin Lecomte,GK,Fulham,0.0,0,0,0,0,0,0.0,0,251,0.00,0.00,0.00,0.00,35,0,0,0.0,0.0,2026-09-12T14:00:00Z,0,False,14,0,0,0,0,0,4,0,123844,0,0,0,0,0.0,0,981,8151,7170,40,False,0
Christian Nørgaard,MID,Everton,0.0,0,0,0,0,0,0.0,0,21,0.00,0.00,0.00,0.00,37,0,0,0.0,0.0,2026-09-12T16:30:00Z,0,False,19,0,0,0,0,0,4,0,5295,0,0,0,0,0.0,0,-1199,83,1282,49,False,0
Florian Wirtz,MID,Liverpool,2.4,0,0,14,1,2,31.8,9,366,0.06,0.17,0.11,0.70,35,0,0,5.1,7.6,2026-09-12T14:00:00Z,90,False,10,0,0,0,6,0,4,0,837754,1,1,0,0,12.0,3,-199592,30578,230170,74,True,0
Cédric Kipré,DEF,Ipswich Town,0.0,0,0,0,0,0,0.0,0,303,0.00,0.00,0.00,0.00,34,0,0,0.0,0.0,2026-09-12T14:00:00Z,0,False,8,0,0,0,0,0,4,0,52847,0,0,3,2,0.0,0,-3541,589,4130,40,False,0
Mykhailo Mudryk,MID,Spurs,0.0,0,0,0,0,0,0.0,0,578,0.00,0.00,0.00,0.00,37,0,0,0.0,0.0,2026-09-12T16:30:00Z,0,False,9,0,0,0,0,0,4,0,6691,0,0,0,0,0.0,0,-670,1620,2290,54,True,0
Kaine Kesler-Hayden,DEF,Coventry City,0.0,0,0,0,0,0,0.0,0,177,0.00,0.00,0.00,0.00,38,0,0,0.0,0.0,2026-09-13T13:00:00Z,0,False,5,0,0,0,0,0,4,0,4121,0,0,5,0,0.0,0,-596,114,710,40,True,0
Malo Gusto,DEF,Chelsea,0.8,0,0,7,0,5,23.3,5,144,0.07,0.11,0.04,0.84,33,2,0,4.3,14.0,2026-09-12T14:00:00Z,77,False,11,0,0,0,4,0,4,0,114930,1,0,2,2,6.0,1,-6655,7469,14124,50,True,0
Tarik Muharemović,DEF,Leeds,4.2,1,0,27,0,10,10.5,11,334,0.02,0.02,0.00,0.88,40,1,0,5.0,37.0,2026-09-14T19:00:00Z,90,False,17,0,0,0,5,0,4,0,410571,1,1,1,4,2.0,7,66646,135153,68507,50,True,0
Olivier Boscagli,DEF,Brighton,3.8,0,0,25,1,8,14.3,9,114,0.03,0.04,0.01,1.11,38,0,0,2.8,11.6,2026-09-13T13:00:00Z,77,False,7,0,0,0,5,0,4,0,30469,1,1,5,0,2.0,6,-585,2439,3024,45,False,0
Jacob Greaves,DEF,Ipswich Town,0.6,0,0,7,0,6,2.0,6,306,0.01,0.01,0.00,0.62,34,2,0,2.1,18.8,2026-09-12T14:00:00Z,87,False,8,0,0,0,4,0,4,0,127747,1,0,3,2,0.0,1,-7666,1996,9662,40,False,0
Luka Lynch,MID,Aston Villa,0.0,0,0,0,0,0,0.0,0,607,0.00,0.00,0.00,0.00,31,0,0,0.0,0.0,2026-09-12T14:00:00Z,0,False,18,0,0,0,0,0,4,0,8828,0,0,2,1,0.0,0,-2922,0,2922,45,True,0
Konstantinos Tzolakis,GK,Hull City,6.8,0,0,15,0,2,0.0,0,572,0.00,0.00,0.00,0.91,33,2,0,2.9,29.4,2026-09-12T14:00:00Z,90,False,6,0,0,0,15,0,4,5,1074132,1,0,2,2,0.0,2,171110,238858,67748,46,False,0
David Button,GK,Ipswich Town,0.0,0,0,0,0,0,0.0,0,302,0.00,0.00,0.00,0.00,34,0,0,0.0,0.0,2026-09-12T14:00:00Z,0,False,8,0,0,0,0,0,4,0,63364,0,0,3,2,0.0,0,11691,17503,5812,40,False,0
Joe Gelhardt,MID,Hull City,0.2,0,0,0,0,0,0.0,0,340,0.00,0.00,0.00,0.00,33,0,0,0.0,0.0,2026-09-12T14:00:00Z,0,False,6,0,0,0,0,0,4,0,1173,0,0,2,2,0.0,0,22,185,163,50,False,0
Cody Gakpo,MID,Liverpool,5.8,0,0,3,0,0,1.3,2,367,0.02,0.10,0.08,0.16,35,0,0,0.9,0.8,2026-09-12T14:00:00Z,30,False,10,0,0,0,2,0,4,0,1328735,0,0,0,0,7.0,1,357507,670039,312532,72,True,0
Mathias Jensen,MID,Brentford,0.0,0,0,0,0,0,0.0,0,97,0.00,0.00,0.00,0.00,32,0,0,0.0,0.0,2026-09-12T14:00:00Z,0,False,3,0,0,0,0,0,4,0,12497,0,0,2,2,0.0,0,-4249,42,4291,54,False,0
Saša Lukić,MID,Ipswich Town,2.2,0,0,8,0,5,23.5,10,267,0.10,0.10,0.00,0.35,34,2,0,3.6,10.2,2026-09-12T14:00:00Z,76,False,8,0,0,0,4,0,4,0,11520,1,1,3,2,2.0,1,-645,772,1417,50,False,1
Abdukodir Khusanov,DEF,Man City,1.8,0,0,0,0,0,0.0,0,393,0.00,0.00,0.00,0.00,39,0,0,0.0,0.0,2026-09-13T15:30:00Z,0,False,16,0,0,0,0,0,4,0,166165,0,0,1,0,0.0,0,-8055,6115,14170,55,False,0
Virgil van Dijk,DEF,Liverpool,3.4,0,0,25,1,10,12.8,10,356,0.01,0.01,0.00,0.70,35,0,0,3.9,25.8,2026-09-12T14:00:00Z,90,False,10,0,0,0,1,0,4,0,1832589,1,0,0,0,0.0,8,-48305,79775,128080,65,True,0
Jack Taylor,MID,Ipswich Town,0.0,0,0,0,0,0,0.0,0,312,0.00,0.00,0.00,0.00,34,0,0,0.0,0.0,2026-09-12T14:00:00Z,0,False,8,0,0,0,0,0,4,0,3274,0,0,3,2,0.0,0,-278,176,454,45,False,0
Josh King,MID,Fulham,4.4,0,0,19,1,0,14.3,4,268,0.09,0.30,0.21,0.81,35,0,0,6.3,11.4,2026-09-12T14:00:00Z,76,False,14,0,0,0,2,0,4,0,130602,1,2,0,0,37.0,3,47115,81597,34482,55,False,0
Ian Maatsen,DEF,Aston Villa,0.0,0,0,7,0,3,3.4,4,36,0.03,0.21,0.18,1.66,31,2,0,3.8,10.2,2026-09-12T14:00:00Z,90,False,18,0,0,0,6,0,4,0,92419,1,1,2,1,24.0,1,10444,17456,7012,45,True,0
Jair Paula da Cunha Filho,DEF,Nott'm Forest,1.5,0,0,0,0,0,0.0,0,474,0.00,0.00,0.00,0.00,31,0,0,0.0,0.0,2026-09-12T14:00:00Z,0,False,2,0,0,0,0,0,4,0,24942,0,0,2,1,0.0,0,3885,8098,4213,45,False,0
Gabriel Martinelli Silva,MID,Arsenal,0.0,0,0,0,0,0,0.0,0,18,0.00,0.00,0.00,0.00,36,0,0,0.0,0.0,2026-09-12T19:00:00Z,0,False,20,0,0,0,0,0,4,0,9183,0,0,2,0,0.0,0,-6160,0,6160,63,False,0
Illan Meslier,GK,Arsenal,0.0,0,0,0,0,0,0.0,0,3,0.00,0.00,0.00,0.00,36,0,0,0.0,0.0,2026-09-12T19:00:00Z,0,False,20,0,0,0,0,0,4,0,3081,0,0,2,0,0.0,0,-200,108,308,49,False,0
Álvaro Rodríguez,FWD,Bournemouth,0.4,0,0,3,0,0,0.5,0,81,0.00,0.00,0.00,0.02,32,0,0,0.1,0.0,2026-09-12T14:00:00Z,1,False,4,0,0,0,0,0,4,0,12593,0,0,2,2,0.0,1,-409,1247,1656,60,True,0
Sindre Walle Egeli,FWD,Ipswich Town,0.2,0,0,0,0,0,0.0,0,321,0.00,0.00,0.00,0.00,34,0,0,0.0,0.0,2026-09-12T14:00:00Z,0,False,8,0,0,0,0,0,4,0,372683,0,0,3,2,0.0,0,24582,82088,57506,45,False,0
Eberechi Eze,MID,Arsenal,0.8,0,0,3,0,0,0.0,0,14,0.00,0.00,0.00,0.40,36,0,0,0.2,0.2,2026-09-12T19:00:00Z,9,False,20,0,0,0,0,0,4,0,125433,0,0,2,0,2.0,1,-25833,3906,29739,63,False,0
Leon Bailey,MID,Aston Villa,0.0,0,0,0,0,0,0.0,0,44,0.00,0.00,0.00,0.00,31,0,0,0.0,0.0,2026-09-12T14:00:00Z,0,False,18,0,0,0,0,0,4,0,7592,0,0,2,1,0.0,0,-4702,0,4702,54,True,0
Pep Chavarría,DEF,Chelsea,1.0,0,0,4,0,1,1.7,1,583,0.01,0.01,0.00,0.94,33,0,0,0.6,2.0,2026-09-12T14:00:00Z,45,False,11,0,0,0,1,0,4,0,16748,0,0,2,2,2.0,1,-1611,686,2297,49,True,0
Antonee Robinson,DEF,Fulham,2.0,0,0,25,1,7,22.1,9,254,0.05,0.10,0.05,1.28,35,0,0,4.6,17.6,2026-09-12T14:00:00Z,90,False,14,0,0,0,4,0,4,0,143996,1,2,0,0,6.0,6,-21356,4729,26085,45,False,0
Chuba Akpom,FWD,Ipswich Town,1.4,0,0,0,0,0,0.0,0,320,0.00,0.00,0.00,0.00,34,0,0,0.0,0.0,2026-09-12T14:00:00Z,0,False,8,0,0,0,0,0,4,0,129479,0,0,3,2,0.0,0,17117,36471,19354,50,False,0
Tyrick Mitchell,DEF,Crystal Palace,3.4,0,0,6,0,1,18.1,1,204,0.06,0.06,0.00,1.13,34,2,0,2.6,7.8,2026-09-12T14:00:00Z,76,False,12,0,0,0,8,0,4,0,768978,1,0,3,2,0.0,1,212978,259738,46760,45,True,0
Christantus Uche,FWD,Crystal Palace,0.0,0,0,0,0,0,0.0,0,225,0.00,0.00,0.00,0.00,34,0,0,0.0,0.0,2026-09-12T14:00:00Z,0,False,12,0,0,0,0,0,4,0,0,0,0,3,2,0.0,0,0,0,0,50,True,0
Antoine Semenyo,MID,Man City,3.2,0,0,7,1,0,16.1,3,397,0.06,0.06,0.00,1.00,39,0,0,2.4,2.2,2026-09-13T15:30:00Z,90,False,16,0,0,0,2,0,4,0,1689535,1,1,1,0,6.0,3,-325768,35764,361532,84,False,0
Jefferson Lerma Solís,MID,Crystal Palace,0.2,0,0,3,0,1,0.3,1,213,0.00,0.00,0.00,0.48,34,1,0,0.3,2.2,2026-09-12T14:00:00Z,6,False,12,0,0,0,0,0,4,0,8598,0,0,3,2,0.0,1,-806,327,1133,49,True,0
Bobby Thomas,DEF,Coventry City,3.0,0,0,-17,0,8,0.4,8,173,0.07,0.26,0.19,2.81,38,5,0,3.0,6.8,2026-09-13T13:00:00Z,90,False,5,0,0,0,2,0,4,0,1003377,1,0,5,0,23.0,0,70975,154241,83266,40,True,0
Alfie McNally,GK,Fulham,0.0,0,0,0,0,0,0.0,0,252,0.00,0.00,0.00,0.00,35,0,0,0.0,0.0,2026-09-12T14:00:00Z,0,False,14,0,0,0,0,0,4,0,13370,0,0,0,0,0.0,0,-1879,0,1879,40,False,0
João Victor de Souza Menezes,DEF,Spurs,0.0,0,0,0,0,0,0.0,0,511,0.00,0.00,0.00,0.00,37,0,0,0.0,0.0,2026-09-12T16:30:00Z,0,False,9,0,0,0,0,0,4,0,20460,0,0,0,0,0.0,0,-4759,0,4759,40,True,0
Emiliano Martínez Romero,GK,Chelsea,1.8,0,0,10,0,0,0.0,0,28,0.00,0.00,0.00,1.38,33,2,0,2.0,19.6,2026-09-12T14:00:00Z,90,False,11,0,0,0,10,0,4,3,564431,1,0,2,2,0.0,2,68402,119022,50620,50,True,0
Mateo Joseph Fernández-Regatillo,FWD,Leeds,0.0,0,0,0,0,0,0.0,0,349,0.00,0.00,0.00,0.00,40,0,0,0.0,0.0,2026-09-14T19:00:00Z,0,False,17,0,0,0,0,0,4,0,5498,0,0,1,4,0.0,0,-257,775,1032,45,True,0
Mohammed Kudus,MID,Spurs,1.4,0,0,8,0,0,12.8,2,512,0.05,0.05,0.00,0.44,37,0,0,2.5,6.0,2026-09-12T16:30:00Z,27,False,9,0,0,0,1,0,4,0,14250,0,1,0,0,6.0,1,545,3198,2653,65,True,0
Fabian Schär,DEF,Newcastle,0.4,0,0,0,0,0,0.0,0,446,0.00,0.00,0.00,0.00,40,0,0,0.0,0.0,2026-09-14T19:00:00Z,0,False,13,0,0,0,0,0,4,0,23553,0,0,1,4,0.0,0,-2216,1440,3656,50,False,0
Jaden Philogene,MID,Ipswich Town,0.4,0,0,6,0,0,0.8,3,318,0.00,0.01,0.02,0.41,34,1,0,1.3,3.4,2026-09-12T14:00:00Z,28,False,8,0,0,0,3,0,4,0,8038,0,0,3,2,9.0,1,-1303,38,1341,54,False,0
Ethan Ampadu,MID,Leeds,3.2,1,0,25,0,2,1.7,12,338,0.02,0.09,0.07,0.88,40,1,0,1.4,8.0,2026-09-14T19:00:00Z,90,False,17,0,0,0,9,0,4,0,103938,1,1,1,4,4.0,7,-14489,2529,17018,54,True,0
Jan Paul van Hecke,DEF,Spurs,4.8,0,0,27,1,11,15.2,13,112,0.05,0.19,0.14,1.11,37,0,0,6.1,38.4,2026-09-12T16:30:00Z,90,False,9,0,0,0,2,0,4,0,718579,1,2,0,0,7.0,8,-45526,37570,83096,49,True,0
Alexander Isak,FWD,Liverpool,5.0,0,0,5,1,0,2.8,1,379,0.00,0.50,0.50,0.70,35,0,0,3.2,1.2,2026-09-12T14:00:00Z,90,False,10,0,0,0,1,0,4,0,2626358,1,0,0,0,28.0,2,623585,732640,109055,91,True,0
Eddie Nketiah,FWD,Crystal Palace,1.4,0,0,0,0,0,0.0,0,224,0.00,0.00,0.00,0.00,34,0,0,0.0,0.0,2026-09-12T14:00:00Z,0,False,12,0,0,0,0,0,4,0,81943,0,0,3,2,0.0,0,20214,29818,9604,55,True,0
Piero Hincapié,DEF,Arsenal,0.4,0,0,0,0,0,0.0,0,9,0.00,0.00,0.00,0.00,36,0,0,0.0,0.0,2026-09-12T19:00:00Z,0,False,20,0,0,0,0,0,4,0,109174,0,0,2,0,0.0,0,-15451,3925,19376,53,False,0
Jason Steele,GK,Brighton,0.0,0,0,0,0,0,0.0,0,111,0.00,0.00,0.00,0.00,38,0,0,0.0,0.0,2026-09-13T13:00:00Z,0,False,7,0,0,0,0,0,4,0,460442,0,0,5,0,0.0,0,10916,46956,36040,40,False,0
Julián Araujo Zúñiga,DEF,Bournemouth,0.0,0,0,0,0,0,0.0,0,65,0.00,0.00,0.00,0.00,32,0,0,0.0,0.0,2026-09-12T14:00:00Z,0,False,4,0,0,0,0,0,4,0,1303,0,0,2,2,0.0,0,-117,99,216,44,True,0
Evan Ferguson,FWD,Brighton,0.0,0,0,0,0,0,0.0,0,139,0.00,0.00,0.00,0.00,38,0,0,0.0,0.0,2026-09-13T13:00:00Z,0,False,7,0,0,0,0,0,4,0,3222,0,0,5,0,0.0,0,-178,346,524,50,False,0
Jarrad Branthwaite,DEF,Everton,5.4,0,0,27,1,8,3.4,9,230,0.00,0.00,0.00,0.69,37,0,0,3.3,30.0,2026-09-12T16:30:00Z,90,False,19,0,0,0,2,0,4,0,206240,1,1,0,0,0.0,6,14503,35472,20969,55,False,0
Thomas Meunier,DEF,Sunderland,2.2,0,0,5,0,2,1.8,2,541,0.00,0.13,0.13,1.09,36,1,0,2.3,5.8,2026-09-12T19:00:00Z,75,False,1,0,0,0,4,0,4,0,29243,1,0,2,0,15.0,2,-1785,781,2566,45,True,0
Kalvin Phillips,MID,Man City,0.0,0,0,0,0,0,0.0,0,408,0.00,0.00,0.00,0.00,39,0,0,0.0,0.0,2026-09-13T15:30:00Z,0,False,16,0,0,0,0,0,4,0,553,0,0,1,0,0.0,0,-59,0,59,50,False,0
Ben Chilwell,DEF,Crystal Palace,2.7,0,0,1,0,1,3.5,1,643,0.01,0.13,0.12,0.55,34,1,0,0.8,0.2,2026-09-12T14:00:00Z,13,False,12,0,0,0,0,0,4,0,62478,0,0,3,2,4.0,1,32853,38522,5669,45,True,0
Callum Wilson,FWD,Brentford,0.6,0,0,0,0,0,0.0,0,108,0.00,0.00,0.00,0.00,32,0,0,0.0,0.0,2026-09-12T14:00:00Z,0,False,3,0,0,0,0,0,4,0,36748,0,0,2,2,0.0,0,-3164,2767,5931,55,False,0
Antonee Robinson,DEF,Fulham,2.0,0,0,25,1,7,22.1,9,254,0.05,0.10,0.05,1.28,35,0,0,4.6,17.6,2026-09-12T14:00:00Z,90,False,14,0,0,0,4,0,4,0,143996,1,2,0,0,6.0,6,-21356,4729,26085,45,False,0
Dan Bentley,GK,Coventry City,0.0,0,0,0,0,0,0.0,0,623,0.00,0.00,0.00,0.00,38,0,0,0.0,0.0,2026-09-13T13:00:00Z,0,False,5,0,0,0,0,0,4,0,56982,0,0,5,0,0.0,0,25889,36983,11094,40,True,0
Habib Diarra,MID,Sunderland,0.0,0,0,0,0,0,0.0,0,543,0.00,0.00,0.00,0.00,36,0,0,0.0,0.0,2026-09-12T19:00:00Z,0,False,1,0,0,0,0,0,4,0,3263,0,0,2,0,0.0,0,-1501,27,1528,54,True,0
Phil Foden,MID,Man City,0.0,0,0,-4,0,0,12.1,0,398,0.02,0.02,0.00,0.10,39,0,0,1.6,0.0,2026-09-13T15:30:00Z,22,False,16,0,0,0,0,1,4,0,396620,1,0,1,0,6.0,-2,-191380,18307,209687,70,False,0
Reinildo Mandava,DEF,Sunderland,0.0,0,0,-12,0,6,1.4,7,536,0.01,0.01,0.00,1.09,36,2,0,0.0,0.0,2026-09-12T19:00:00Z,90,False,1,0,0,0,3,1,4,0,37836,1,1,2,0,0.0,-2,-4352,780,5132,45,True,0
Kaden Braithwaite,DEF,Man City,0.2,0,0,0,0,0,0.0,0,622,0.00,0.00,0.00,0.00,39,0,0,0.0,0.0,2026-09-13T15:30:00Z,0,False,16,0,0,0,0,0,4,0,20693,0,0,1,0,0.0,0,1899,4620,2721,40,False,0
Michele Di Gregorio,GK,Bournemouth,0.0,0,0,0,0,0,0.0,0,615,0.00,0.00,0.00,0.00,32,0,0,0.0,0.0,2026-09-12T14:00:00Z,0,False,4,0,0,0,0,0,4,0,3698,0,0,2,2,0.0,0,229,755,526,45,True,0
Abdülkadir Ömür,MID,Hull City,0.0,0,0,0,0,0,0.0,0,292,0.00,0.00,0.00,0.00,33,0,0,0.0,0.0,2026-09-12T14:00:00Z,0,False,6,0,0,0,0,0,4,0,1763,0,0,2,2,0.0,0,-30,298,328,49,False,0
Harry Howell,MID,Brighton,0.0,0,0,0,0,0,0.0,0,132,0.00,0.00,0.00,0.00,38,0,0,0.0,0.0,2026-09-13T13:00:00Z,0,False,7,0,0,0,0,0,4,0,3658,0,0,5,0,0.0,0,-575,0,575,45,False,0
Caoimhín Kelleher,GK,Brentford,4.0,0,0,19,0,1,0.0,0,82,0.00,0.00,0.00,1.75,32,2,0,4.4,44.0,2026-09-12T14:00:00Z,90,False,3,0,0,0,11,0,4,8,702931,1,0,2,2,0.0,3,-23973,34374,58347,50,False,0
Chris Wood,FWD,Nott'm Forest,0.6,0,0,3,0,0,0.0,0,490,0.00,0.00,0.00,0.09,31,0,0,0.0,0.0,2026-09-12T14:00:00Z,1,False,2,0,0,0,0,0,4,0,108335,0,0,2,1,0.0,1,-17430,4564,21994,59,False,0
Zion Suzuki,GK,Aston Villa,3.2,0,0,17,0,2,0.0,0,597,0.01,0.01,0.00,2.28,31,2,0,3.9,38.6,2026-09-12T14:00:00Z,90,False,18,0,0,0,9,0,4,5,206678,1,0,2,1,0.0,2,64651,83655,19004,50,True,0
Leon Goretzka,MID,Aston Villa,0.0,0,0,0,0,0,0.0,0,618,0.00,0.00,0.00,0.00,31,0,0,0.0,0.0,2026-09-12T14:00:00Z,0,False,18,0,0,0,0,0,4,0,4178,0,0,2,1,0.0,0,-1201,901,2102,60,True,0
Leif Davis,DEF,Ipswich Town,5.0,2,1,35,0,2,17.1,2,305,0.19,0.71,0.52,0.62,34,2,1,11.1,54.8,2026-09-12T14:00:00Z,90,False,8,0,0,0,0,0,4,0,543743,1,0,3,2,39.0,14,-14896,45631,60527,40,False,0
Ousmane Diomande,DEF,Nott'm Forest,1.0,0,0,10,0,13,0.4,14,581,0.00,0.11,0.11,0.82,31,1,0,3.6,24.6,2026-09-12T14:00:00Z,90,False,2,0,0,0,3,0,4,0,56566,1,1,2,1,11.0,4,-6555,1486,8041,54,False,0
Ainsley Maitland-Niles,DEF,Everton,7.0,0,0,23,1,3,12.0,5,649,0.14,0.17,0.03,0.43,37,0,0,2.3,10.0,2026-09-12T16:30:00Z,74,False,19,0,0,0,4,0,4,0,30581,1,2,0,0,1.0,6,14703,18405,3702,45,False,0
James McConnell,MID,Liverpool,0.0,0,0,0,0,0,0.0,0,378,0.00,0.00,0.00,0.00,35,0,0,0.0,0.0,2026-09-12T14:00:00Z,0,False,10,0,0,0,0,0,4,0,23763,0,0,0,0,0.0,0,-1744,870,2614,45,True,0
Bukayo Saka,MID,Arsenal,6.4,0,0,28,1,2,16.9,7,12,0.08,1.46,1.38,1.80,36,0,1,11.9,45.4,2026-09-12T19:00:00Z,90,False,20,0,0,0,4,0,4,0,1257689,1,1,2,0,57.0,8,64680,213086,148406,95,False,0
Ephron Mason-Clark,MID,Coventry City,0.8,0,0,5,0,2,1.0,4,186,0.01,0.50,0.49,1.37,38,2,0,5.1,6.0,2026-09-13T13:00:00Z,59,False,5,0,0,0,2,0,4,0,9746,1,0,5,0,44.0,1,-780,222,1002,54,True,0
Anthony Elanga,MID,Newcastle,0.0,0,0,0,0,0,0.0,0,454,0.00,0.00,0.00,0.00,40,0,0,0.0,0.0,2026-09-14T19:00:00Z,0,False,13,0,0,0,0,0,4,0,1209834,0,0,1,4,0.0,0,130728,326071,195343,62,False,0
Kiernan Dewsbury-Hall,MID,Everton,4.0,0,0,16,1,2,19.0,6,236,0.09,0.26,0.17,0.69,37,0,0,6.2,15.0,2026-09-12T16:30:00Z,90,False,19,0,0,0,4,0,4,0,497656,1,0,0,0,28.0,2,41220,141140,99920,65,False,1
Enzo Fernández,MID,Man City,1.2,0,0,17,1,4,20.7,10,155,0.13,0.31,0.18,0.50,39,0,0,4.6,10.4,2026-09-13T15:30:00Z,81,False,16,0,0,0,4,0,4,0,344271,1,2,1,0,15.0,2,-12688,39194,51882,69,False,1
Murillo Costa dos Santos,DEF,Nott'm Forest,3.8,1,0,18,0,10,10.9,12,472,0.01,0.01,0.00,0.82,31,1,0,4.4,33.0,2026-09-12T14:00:00Z,90,False,2,0,0,0,6,0,4,0,172739,1,2,2,1,0.0,6,5868,15727,9859,55,False,1
Anis Mehmeti,MID,Ipswich Town,0.0,0,0,0,0,0,0.0,0,324,0.00,0.00,0.00,0.00,34,0,0,0.0,0.0,2026-09-12T14:00:00Z,0,False,8,0,0,0,0,0,4,0,3735,0,0,3,2,0.0,0,-456,90,546,49,False,0
Abdoul Ouattara,DEF,Ipswich Town,1.2,0,0,5,0,0,0.2,1,592,0.00,0.00,0.00,0.00,34,0,0,0.2,2.2,2026-09-12T14:00:00Z,2,False,8,0,0,0,1,0,4,0,97893,0,1,3,2,0.0,1,-2585,3046,5631,40,False,0
Daniel Ballard,DEF,Sunderland,2.4,0,0,0,0,5,10.8,6,532,0.01,0.09,0.08,1.88,36,2,0,2.9,9.0,2026-09-12T19:00:00Z,90,False,1,0,0,0,3,0,4,0,317274,1,1,2,0,9.0,0,-96106,7170,103276,49,True,1
Igor Thiago Nascimento Rodrigues,FWD,Brentford,2.0,0,0,3,0,0,16.0,1,106,0.03,0.14,0.11,1.75,32,2,0,2.4,0.0,2026-09-12T14:00:00Z,90,False,3,0,0,0,1,0,4,0,1129976,1,0,2,2,10.0,1,-296868,24154,321022,79,False,1
Cheick Doucouré,MID,Crystal Palace,0.0,0,0,0,0,0,0.0,0,218,0.00,0.00,0.00,0.00,34,0,0,0.0,0.0,2026-09-12T14:00:00Z,0,False,12,0,0,0,0,0,4,0,5759,0,0,3,2,0.0,0,-468,470,938,49,True,0
Tom Cairney,MID,Fulham,0.0,0,0,0,0,0,0.0,0,266,0.00,0.00,0.00,0.00,35,0,0,0.0,0.0,2026-09-12T14:00:00Z,0,False,14,0,0,0,0,0,4,0,348,0,0,0,0,0.0,0,-3,50,53,50,False,0
Youri Tielemans,MID,Man Utd,2.0,0,0,15,0,3,13.8,5,43,0.04,0.04,0.00,0.53,39,1,0,3.0,12.2,2026-09-13T15:30:00Z,66,False,15,0,0,0,0,0,4,0,177688,1,2,1,0,4.0,2,-30355,7880,38235,59,True,0
Christos Mouzakitis,MID,Hull City,0.0,0,0,0,0,0,0.0,0,645,0.00,0.00,0.00,0.00,33,0,0,0.0,0.0,2026-09-12T14:00:00Z,0,False,6,0,0,0,0,0,4,0,598,0,0,2,2,0.0,0,180,270,90,50,False,0
Conor Bradley,DEF,Liverpool,0.0,0,0,0,0,0,0.0,0,360,0.00,0.00,0.00,0.00,35,0,0,0.0,0.0,2026-09-12T14:00:00Z,0,False,10,0,0,0,0,0,4,0,1010,0,0,0,0,0.0,0,-94,67,161,50,True,0
Oscar Bobb,MID,Fulham,2.0,0,0,12,1,2,30.0,7,264,0.13,0.13,0.00,0.63,35,0,0,4.4,10.0,2026-09-12T14:00:00Z,62,False,14,0,0,0,4,0,4,0,30794,1,1,0,0,4.0,3,-4132,2106,6238,55,False,0
Pape Matar Sarr,MID,Spurs,0.0,0,0,0,0,0,0.0,0,518,0.00,0.00,0.00,0.00,37,0,0,0.0,0.0,2026-09-12T16:30:00Z,0,False,9,0,0,0,0,0,4,0,10250,0,0,0,0,0.0,0,-4648,0,4648,49,True,0
Thimothée Lo-Tutala,GK,Hull City,0.0,0,0,0,0,0,0.0,0,276,0.00,0.00,0.00,0.00,33,0,0,0.0,0.0,2026-09-12T14:00:00Z,0,False,6,0,0,0,0,0,4,0,2640,0,0,2,2,0.0,0,-204,0,204,40,False,0
Kalvin Phillips,MID,Man City,0.0,0,0,0,0,0,0.0,0,408,0.00,0.00,0.00,0.00,39,0,0,0.0,0.0,2026-09-13T15:30:00Z,0,False,16,0,0,0,0,0,4,0,553,0,0,1,0,0.0,0,-59,0,59,50,False,0
Calvin Bassey,DEF,Fulham,1.8,0,0,27,1,7,0.7,8,257,0.00,0.05,0.05,1.28,35,0,0,4.5,23.4,2026-09-12T14:00:00Z,90,False,14,0,0,0,3,0,4,0,71722,1,1,0,0,21.0,6,-7922,2294,10216,45,False,0
Ollie Watkins,FWD,Aston Villa,0.0,0,0,0,0,0,0.0,0,55,0.00,0.00,0.00,0.00,31,0,0,0.0,0.0,2026-09-12T14:00:00Z,0,False,18,0,0,0,0,0,4,0,317753,0,0,2,1,0.0,0,-126292,0,126292,78,True,0
Brian Madjo,FWD,Aston Villa,0.0,0,0,0,0,0,0.0,0,582,0.00,0.00,0.00,0.00,31,0,0,0.0,0.0,2026-09-12T14:00:00Z,0,False,18,0,0,0,0,0,4,0,26815,0,0,2,1,0.0,0,-5489,357,5846,55,True,0
Dan Ndoye,MID,Nott'm Forest,2.8,0,0,1,0,0,12.5,2,483,0.25,0.95,0.70,0.73,31,1,0,4.7,0.0,2026-09-12T14:00:00Z,74,False,2,0,0,0,2,0,4,0,67800,1,0,2,1,38.0,1,-3202,9828,13030,55,False,1
Ayyoub Bouaddi,MID,Man City,0.5,0,0,0,0,0,0.0,0,616,0.00,0.00,0.00,0.00,39,0,0,0.0,0.0,2026-09-13T15:30:00Z,0,False,16,0,0,0,0,0,4,0,18618,0,0,1,0,0.0,0,937,4899,3962,55,False,0
Malick Yalcouyé,MID,Brighton,4.0,0,0,29,1,2,12.8,6,605,0.01,0.68,0.67,1.11,38,0,1,10.3,47.4,2026-09-13T13:00:00Z,64,False,7,0,0,0,2,0,4,0,374976,1,2,5,0,43.0,8,125140,185444,60304,45,False,0
Omar Alderete,DEF,Sunderland,0.2,0,0,0,0,0,0.0,0,535,0.00,0.00,0.00,0.00,36,0,0,0.0,0.0,2026-09-12T19:00:00Z,0,False,1,0,0,0,0,0,4,0,29356,0,0,2,0,0.0,0,-6355,401,6756,49,True,0
George Shepherd,MID,Coventry City,0.0,0,0,0,0,0,0.0,0,189,0.00,0.00,0.00,0.00,38,0,0,0.0,0.0,2026-09-13T13:00:00Z,0,False,5,0,0,0,0,0,4,0,25735,0,0,5,0,0.0,0,-1700,1302,3002,45,True,0
Archie Gray,MID,Spurs,1.8,0,0,13,1,4,6.7,11,522,0.03,0.12,0.09,1.08,37,0,0,2.6,9.6,2026-09-12T16:30:00Z,84,False,9,0,0,0,5,0,4,0,19703,1,2,0,0,10.0,3,-2439,876,3315,50,True,0
Marc Guiu Paz,FWD,Chelsea,0.0,0,0,0,0,0,0.0,0,168,0.00,0.00,0.00,0.00,33,0,0,0.0,0.0,2026-09-12T14:00:00Z,0,False,11,0,0,0,0,0,4,0,25300,0,0,2,2,0.0,0,-8710,0,8710,50,True,0
Mamadou Sangaré,MID,Brentford,4.4,0,0,19,0,1,9.4,13,565,0.28,0.28,0.00,1.75,32,2,0,2.8,18.2,2026-09-12T14:00:00Z,90,False,3,0,0,0,6,0,4,0,1351673,1,6,2,2,0.0,4,-207682,106889,314571,57,False,0
Mateo Joseph Fernández-Regatillo,FWD,Leeds,0.0,0,0,0,0,0,0.0,0,349,0.00,0.00,0.00,0.00,40,0,0,0.0,0.0,2026-09-14T19:00:00Z,0,False,17,0,0,0,0,0,4,0,5498,0,0,1,4,0.0,0,-257,775,1032,45,True,0
Haji Wright,FWD,Coventry City,0.0,0,0,0,0,0,0.0,0,193,0.00,0.00,0.00,0.00,38,0,0,0.0,0.0,2026-09-13T13:00:00Z,0,False,5,0,0,0,0,0,4,0,8935,0,0,5,0,0.0,0,-1789,117,1906,54,True,0
Noah Sadiki,MID,Sunderland,1.6,0,0,11,0,4,1.3,10,545,0.00,0.04,0.04,1.88,36,2,0,1.3,11.0,2026-09-12T19:00:00Z,90,False,1,0,0,0,3,0,4,0,26156,1,3,2,0,1.0,2,-3819,1090,4909,49,True,0
Sidiki Cherif,FWD,Coventry City,0.2,0,0,3,0,1,0.2,1,599,0.00,0.00,0.00,1.43,38,3,0,0.1,1.0,2026-09-13T13:00:00Z,30,False,5,0,0,0,0,0,4,0,10369,0,0,5,0,0.0,1,-281,1323,1604,50,True,0
Nehemiah Oriola,MID,Brighton,0.0,0,0,0,0,0,0.0,0,134,0.00,0.00,0.00,0.00,38,0,0,0.0,0.0,2026-09-13T13:00:00Z,0,False,7,0,0,0,0,0,4,0,28553,0,0,5,0,0.0,0,-1093,2194,3287,45,False,0
Azor Matusiwa,MID,Ipswich Town,0.0,0,0,0,0,0,0.0,0,310,0.00,0.00,0.00,0.00,34,0,0,0.0,0.0,2026-09-12T14:00:00Z,0,False,8,0,0,0,0,0,4,0,288,0,0,3,2,0.0,0,-6,40,46,49,False,0
Chido Obi,FWD,Man Utd,0.0,0,0,0,0,0,0.0,0,441,0.00,0.00,0.00,0.00,39,0,0,0.0,0.0,2026-09-13T15:30:00Z,0,False,15,0,0,0,0,0,4,0,129085,0,0,1,0,0.0,0,775,15048,14273,45,True,0
Cole Palmer,MID,Chelsea,5.6,1,0,28,0,0,37.6,3,154,0.25,0.38,0.13,1.38,33,2,0,6.8,18.6,2026-09-12T14:00:00Z,90,False,11,0,0,0,3,0,4,0,3081598,1,0,2,2,12.0,5,842103,946062,103959,97,True,0
Martín Zubimendi Ibáñez,MID,Arsenal,1.0,0,0,5,0,0,0.2,2,19,0.00,0.00,0.00,0.40,36,0,0,0.4,3.4,2026-09-12T19:00:00Z,9,False,20,0,0,0,1,0,4,0,71283,0,1,2,0,0.0,1,-11465,1507,12972,54,False,0
Joe Gomez,DEF,Liverpool,0.0,0,0,0,0,0,0.0,0,359,0.00,0.00,0.00,0.00,35,0,0,0.0,0.0,2026-09-12T14:00:00Z,0,False,10,0,0,0,0,0,4,0,1392,0,0,0,0,0.0,0,-137,74,211,50,True,0
Tyler Fredricson,DEF,Man Utd,0.0,0,0,0,0,0,0.0,0,425,0.00,0.00,0.00,0.00,39,0,0,0.0,0.0,2026-09-13T15:30:00Z,0,False,15,0,0,0,0,0,4,0,1428,0,0,1,0,0.0,0,-152,0,152,40,True,0
Evan Ferguson,FWD,Brighton,0.0,0,0,0,0,0,0.0,0,139,0.00,0.00,0.00,0.00,38,0,0,0.0,0.0,2026-09-13T13:00:00Z,0,False,7,0,0,0,0,0,4,0,3222,0,0,5,0,0.0,0,-178,346,524,50,False,0
Matheus França de Oliveira,MID,Crystal Palace,0.0,0,0,0,0,0,0.0,0,217,0.00,0.00,0.00,0.00,34,0,0,0.0,0.0,2026-09-12T14:00:00Z,0,False,12,0,0,0,0,0,4,0,1885,0,0,3,2,0.0,0,-730,57,787,49,True,0
Christian Walton,GK,Ipswich Town,0.4,0,0,0,0,0,0.0,0,300,0.00,0.00,0.00,0.00,34,0,0,0.0,0.0,2026-09-12T14:00:00Z,0,False,8,0,0,0,0,0,4,0,42889,0,0,3,2,0.0,0,-2408,363,2771,44,False,0
Ben Wilson,GK,Coventry City,0.0,0,0,0,0,0,0.0,0,172,0.00,0.00,0.00,0.00,38,0,0,0.0,0.0,2026-09-13T13:00:00Z,0,False,5,0,0,0,0,0,4,0,40175,0,0,5,0,0.0,0,-2072,242,2314,45,True,0
Dara O'Shea,DEF,Ipswich Town,2.0,0,0,5,0,7,30.8,9,304,0.08,0.08,0.00,0.62,34,2,0,6.4,29.6,2026-09-12T14:00:00Z,90,False,8,0,0,0,2,0,4,0,317758,1,2,3,2,4.0,1,-22365,18186,40551,40,False,0
Luka Vušković,DEF,Brighton,6.4,0,0,27,1,8,1.8,9,504,0.01,0.12,0.11,1.11,38,0,0,3.1,16.2,2026-09-13T13:00:00Z,77,False,7,0,0,0,4,0,4,0,369539,1,1,5,0,13.0,6,86436,131383,44947,50,False,0
Dwight McNeil,MID,Crystal Palace,0.6,0,0,0,0,0,0.0,0,241,0.00,0.00,0.00,0.00,34,0,0,0.0,0.0,2026-09-12T14:00:00Z,0,False,12,0,0,0,0,0,4,0,13782,0,0,3,2,0.0,0,-1350,510,1860,54,True,0
Kostas Tsimikas,DEF,Liverpool,0.4,0,0,2,0,2,1.6,3,364,0.01,0.01,0.00,0.40,35,0,0,0.4,2.8,2026-09-12T14:00:00Z,45,False,10,0,0,0,3,0,4,0,7588,1,1,0,0,0.0,1,-934,362,1296,49,True,0
Sandro Tonali,MID,Spurs,2.8,0,0,16,1,5,30.7,11,455,0.31,0.40,0.09,1.11,37,0,0,4.9,12.2,2026-09-12T16:30:00Z,90,False,9,0,0,0,6,0,4,0,265893,1,0,0,0,6.0,3,-31266,12899,44165,54,True,0
Maxence Lacroix,DEF,Chelsea,2.6,0,0,4,0,2,0.0,3,200,0.00,0.00,0.00,0.49,33,0,0,0.4,3.6,2026-09-12T14:00:00Z,4,False,11,0,0,0,0,0,4,0,865615,0,1,2,2,0.0,1,-19123,60756,79879,60,True,0
George Hemmings,MID,Aston Villa,1.8,0,0,3,0,1,11.5,1,51,0.01,0.01,0.00,0.39,31,0,0,1.6,2.0,2026-09-12T14:00:00Z,45,False,18,0,0,0,0,0,4,0,147009,1,0,2,1,2.0,1,30719,53459,22740,45,True,0
Ben Davies,DEF,Spurs,0.0,0,0,0,0,0,0.0,0,508,0.00,0.00,0.00,0.00,37,0,0,0.0,0.0,2026-09-12T16:30:00Z,0,False,9,0,0,0,0,0,4,0,93661,0,0,0,0,0.0,0,-6385,2570,8955,40,True,0
Mikkel Damsgaard,MID,Brentford,3.2,0,0,3,0,1,7.8,4,96,0.00,0.10,0.10,0.50,32,0,0,1.3,0.0,2026-09-12T14:00:00Z,30,False,3,0,0,0,3,0,4,0,51791,0,0,2,2,6.0,1,807,5734,4927,55,False,0
Simon Adingra,MID,Sunderland,0.0,0,0,0,0,0,0.0,0,546,0.00,0.00,0.00,0.00,36,0,0,0.0,0.0,2026-09-12T19:00:00Z,0,False,1,0,0,0,0,0,4,0,3324,0,0,2,0,0.0,0,-1088,0,1088,49,True,0
José María Andrés Baixauli,MID,Brighton,4.3,1,0,10,0,2,13.1,4,639,0.01,0.25,0.24,0.22,38,0,0,3.4,18.8,2026-09-13T13:00:00Z,25,False,7,0,0,0,1,0,4,0,812,0,1,5,0,2.0,4,318,513,195,55,False,0
Aaron Anselmino,DEF,Chelsea,0.0,0,0,0,0,0,0.0,0,561,0.00,0.00,0.00,0.00,33,0,0,0.0,0.0,2026-09-12T14:00:00Z,0,False,11,0,0,0,0,0,4,0,2091,0,0,2,2,0.0,0,10,222,212,45,True,0
Abdukodir Khusanov,DEF,Man City,1.8,0,0,0,0,0,0.0,0,393,0.00,0.00,0.00,0.00,39,0,0,0.0,0.0,2026-09-13T15:30:00Z,0,False,16,0,0,0,0,0,4,0,166165,0,0,1,0,0.0,0,-8055,6115,14170,55,False,0
Omari Hutchinson,MID,Nott'm Forest,0.0,0,0,0,0,0,0.0,0,484,0.00,0.00,0.00,0.00,31,0,0,0.0,0.0,2026-09-12T14:00:00Z,0,False,2,0,0,0,0,0,4,0,8921,0,0,2,1,0.0,0,-2676,0,2676,54,False,0
Malick Fofana,MID,Sunderland,0.7,0,0,2,0,0,0.8,0,646,0.00,0.00,0.00,0.79,36,1,0,0.6,0.0,2026-09-12T19:00:00Z,14,False,1,0,0,0,0,0,4,0,3125,0,0,2,0,6.0,1,636,1193,557,55,True,0
Igor Thiago Nascimento Rodrigues,FWD,Brentford,2.0,0,0,3,0,0,16.0,1,106,0.03,0.14,0.11,1.75,32,2,0,2.4,0.0,2026-09-12T14:00:00Z,90,False,3,0,0,0,1,0,4,0,1129976,1,0,2,2,10.0,1,-296868,24154,321022,79,False,1
Liam Millar,MID,Hull City,0.0,0,0,0,0,0,0.0,0,287,0.00,0.00,0.00,0.00,33,0,0,0.0,0.0,2026-09-12T14:00:00Z,0,False,6,0,0,0,0,0,4,0,4292,0,0,2,2,0.0,0,-2492,0,2492,50,False,0
Zion Suzuki,GK,Aston Villa,3.2,0,0,17,0,2,0.0,0,597,0.01,0.01,0.00,2.28,31,2,0,3.9,38.6,2026-09-12T14:00:00Z,90,False,18,0,0,0,9,0,4,5,206678,1,0,2,1,0.0,2,64651,83655,19004,50,True,0
Dominik Szoboszlai,MID,Liverpool,3.6,0,0,25,1,3,55.7,6,368,0.28,0.40,0.12,0.70,35,0,0,8.1,16.0,2026-09-12T14:00:00Z,90,False,10,0,0,0,3,0,4,0,4135360,1,0,0,0,9.0,3,-242164,274640,516804,70,True,0
Keane Lewis-Potter,MID,Brentford,4.4,0,0,0,0,1,1.6,2,86,0.13,0.16,0.03,1.25,32,2,0,0.8,0.8,2026-09-12T14:00:00Z,59,False,3,0,0,0,0,0,4,0,223550,1,1,2,2,6.0,1,-6193,26643,32836,55,False,0
Trai Hume,DEF,Sunderland,1.8,0,0,0,0,0,0.0,0,534,0.00,0.00,0.00,0.00,36,0,0,0.0,0.0,2026-09-12T19:00:00Z,0,False,1,0,0,0,0,0,4,0,392084,0,0,2,0,0.0,0,-149674,3636,153310,44,True,0
Gabriel Gudmundsson,DEF,Leeds,1.6,0,0,26,1,1,8.6,4,331,0.18,0.18,0.00,0.58,40,0,0,2.3,10.0,2026-09-14T19:00:00Z,72,False,17,0,0,0,2,0,4,0,5954,1,3,1,4,4.0,6,621,1148,527,45,True,0
James Trafford,GK,Leeds,3.6,0,0,17,0,4,0.0,0,385,0.00,0.00,0.00,0.88,40,1,0,2.9,29.0,2026-09-14T19:00:00Z,90,False,17,0,0,0,8,0,4,4,583002,1,0,1,4,0.0,3,15245,64368,49123,50,True,0
Evann Guessand,MID,Crystal Palace,0.4,0,0,0,0,0,0.0,0,42,0.00,0.00,0.00,0.00,34,0,0,0.0,0.0,2026-09-12T14:00:00Z,0,False,12,0,0,0,0,0,4,0,4659,0,0,3,2,0.0,0,-33,935,968,55,True,0
Ezri Konsa Ngoyo,DEF,Arsenal,2.4,0,0,16,1,6,0.2,8,31,0.00,0.00,0.00,1.80,36,0,0,1.2,11.8,2026-09-12T19:00:00Z,90,False,20,0,0,0,1,0,4,0,1867300,1,2,2,0,0.0,6,612675,709520,96845,45,False,0
Federico Chiesa,MID,Liverpool,0.0,0,0,0,0,0,0.0,0,370,0.00,0.00,0.00,0.00,35,0,0,0.0,0.0,2026-09-12T14:00:00Z,0,False,10,0,0,0,0,0,4,0,5591,0,0,0,0,0.0,0,-1366,14,1380,54,True,0
George Hirst,FWD,Ipswich Town,0.0,0,0,0,0,0,0.0,0,317,0.00,0.00,0.00,0.00,34,0,0,0.0,0.0,2026-09-12T14:00:00Z,0,False,8,0,0,0,0,0,4,0,9936,0,0,3,2,0.0,0,-2172,0,2172,50,False,0
Mark Travers,GK,Everton,0.0,0,0,0,0,0,0.0,0,227,0.00,0.00,0.00,0.00,37,0,0,0.0,0.0,2026-09-12T16:30:00Z,0,False,19,0,0,0,0,0,4,0,3798,0,0,0,0,0.0,0,-29,410,439,50,False,0
Mohamed Belloumi,MID,Hull City,6.2,0,2,43,0,0,11.7,1,286,0.06,0.23,0.17,0.26,33,1,2,11.1,68.2,2026-09-12T14:00:00Z,59,False,6,0,0,0,0,0,4,0,107667,1,1,2,2,31.0,13,14908,26566,11658,50,False,0
Tom Heaton,GK,Man Utd,0.0,0,0,0,0,0,0.0,0,414,0.00,0.00,0.00,0.00,39,0,0,0.0,0.0,2026-09-13T15:30:00Z,0,False,15,0,0,0,0,0,4,0,8836,0,0,1,0,0.0,0,-119,696,815,40,True,0
Amadou Onana,MID,Aston Villa,0.0,0,0,0,0,0,0.0,0,48,0.00,0.00,0.00,0.00,31,0,0,0.0,0.0,2026-09-12T14:00:00Z,0,False,18,0,0,0,0,0,4,0,1757,0,0,2,1,0.0,0,-160,108,268,50,True,0
Rayan Aït-Nouri,DEF,Man City,0.0,0,0,0,0,0,0.0,0,392,0.00,0.00,0.00,0.00,39,0,0,0.0,0.0,2026-09-13T15:30:00Z,0,False,16,0,0,0,0,0,4,0,48901,0,0,1,0,0.0,0,-9974,1355,11329,53,False,0
Ousmane Diomande,DEF,Nott'm Forest,1.0,0,0,10,0,13,0.4,14,581,0.00,0.11,0.11,0.82,31,1,0,3.6,24.6,2026-09-12T14:00:00Z,90,False,2,0,0,0,3,0,4,0,56566,1,1,2,1,11.0,4,-6555,1486,8041,54,False,0
Pedro Lomba Neto,MID,Chelsea,2.8,0,0,17,0,3,31.3,7,156,0.10,0.15,0.05,0.89,33,2,0,7.4,15.8,2026-09-12T14:00:00Z,85,False,11,0,0,0,3,0,4,0,156595,1,1,2,2,27.0,2,17123,33627,16504,65,True,0
Tyrique George,MID,Everton,3.8,0,0,13,1,1,15.4,3,242,0.15,0.20,0.05,0.39,37,0,0,2.7,6.4,2026-09-12T16:30:00Z,64,False,19,0,0,0,2,0,4,0,67366,1,0,0,0,5.0,3,36647,50072,13425,55,False,0
Jayden Danns,FWD,Liverpool,0.0,0,0,0,0,0,0.0,0,382,0.00,0.00,0.00,0.00,35,0,0,0.0,0.0,2026-09-12T14:00:00Z,0,False,10,0,0,0,0,0,4,0,14211,0,0,0,0,0.0,0,4586,7016,2430,45,True,0
Arthur Masuaku,DEF,Sunderland,0.0,0,0,0,0,0,0.0,0,540,0.00,0.00,0.00,0.00,36,0,0,0.0,0.0,2026-09-12T19:00:00Z,0,False,1,0,0,0,0,0,4,0,15823,0,0,2,0,0.0,0,-1719,0,1719,40,True,0
Nico González Iglesias,MID,Newcastle,0.0,0,0,3,0,0,0.1,1,405,0.00,0.00,0.00,0.27,40,0,0,0.0,0.0,2026-09-14T19:00:00Z,18,False,13,0,0,0,1,0,4,0,26871,1,0,1,4,0.0,1,215,3834,3619,55,False,0
Antoine Semenyo,MID,Man City,3.2,0,0,7,1,0,16.1,3,397,0.06,0.06,0.00,1.00,39,0,0,2.4,2.2,2026-09-13T15:30:00Z,90,False,16,0,0,0,2,0,4,0,1689535,1,1,1,0,6.0,3,-325768,35764,361532,84,False,0
Alfie Cresswell,MID,Leeds,0.0,0,0,0,0,0,0.0,0,604,0.00,0.00,0.00,0.00,40,0,0,0.0,0.0,2026-09-14T19:00:00Z,0,False,17,0,0,0,0,0,4,0,15793,0,0,1,4,0.0,0,1252,3443,2191,45,True,0
Nicolò Savona,DEF,Nott'm Forest,0.0,0,0,0,0,0,0.0,0,475,0.00,0.00,0.00,0.00,31,0,0,0.0,0.0,2026-09-12T14:00:00Z,0,False,2,0,0,0,0,0,4,0,263,0,0,2,1,0.0,0,16,56,40,45,False,0
Sindre Walle Egeli,FWD,Ipswich Town,0.2,0,0,0,0,0,0.0,0,321,0.00,0.00,0.00,0.00,34,0,0,0.0,0.0,2026-09-12T14:00:00Z,0,False,8,0,0,0,0,0,4,0,372683,0,0,3,2,0.0,0,24582,82088,57506,45,False,0
Abu Kamara,MID,Hull City,0.0,0,0,0,0,0,0.0,0,293,0.00,0.00,0.00,0.00,33,0,0,0.0,0.0,2026-09-12T14:00:00Z,0,False,6,0,0,0,0,0,4,0,215,0,0,2,2,0.0,0,-47,0,47,50,False,0
Andrew Robertson,DEF,Spurs,3.4,0,1,30,1,2,31.5,2,502,0.09,0.16,0.07,1.11,37,0,0,5.0,10.8,2026-09-12T16:30:00Z,90,False,9,0,0,0,3,0,4,0,278552,1,0,0,0,8.0,7,-57673,5647,63320,44,True,0
William Osula,FWD,Newcastle,0.0,0,0,0,0,0,0.0,0,465,0.00,0.00,0.00,0.00,40,0,0,0.0,0.0,2026-09-14T19:00:00Z,0,False,13,0,0,0,0,0,4,0,41129,0,0,1,4,0.0,0,-12652,234,12886,59,False,0
Pascal Groß,MID,Brighton,9.4,2,3,56,1,2,79.1,6,124,0.19,1.01,0.82,1.33,38,0,1,18.1,83.8,2026-09-13T13:00:00Z,90,False,7,0,0,0,2,0,4,0,1745184,1,2,5,0,18.0,17,72242,283590,211348,56,False,0
Caleb Yirenkyi,MID,Coventry City,1.2,0,0,3,0,0,10.5,0,575,0.01,0.01,0.00,0.64,38,2,0,1.0,0.0,2026-09-13T13:00:00Z,17,False,5,0,0,0,0,0,4,0,18325,0,0,5,0,0.0,1,-2489,641,3130,49,True,0
Amine Adli,MID,Bournemouth,0.0,0,0,0,0,0,0.0,0,77,0.00,0.00,0.00,0.00,32,0,0,0.0,0.0,2026-09-12T14:00:00Z,0,False,4,0,0,0,0,0,4,0,1557,0,0,2,2,0.0,0,-275,54,329,49,True,0
Nathan Patterson,DEF,Everton,0.0,0,0,0,0,0,0.0,0,234,0.00,0.00,0.00,0.00,37,0,0,0.0,0.0,2026-09-12T16:30:00Z,0,False,19,0,0,0,0,0,4,0,1949,0,0,0,0,0.0,0,-744,0,744,45,False,0
Raphael Borges Rodrigues,MID,Coventry City,0.0,0,0,0,0,0,0.0,0,191,0.00,0.00,0.00,0.00,38,0,0,0.0,0.0,2026-09-13T13:00:00Z,0,False,5,0,0,0,0,0,4,0,11101,0,0,5,0,0.0,0,-3328,0,3328,45,True,0
Diego Gómez Amarilla,MID,Brighton,4.8,0,0,6,1,1,9.0,3,127,0.06,0.20,0.14,1.30,38,0,0,2.0,2.4,2026-09-13T13:00:00Z,83,False,7,0,0,0,2,0,4,0,522783,1,0,5,0,9.0,3,5076,107677,102601,50,False,0
Josh Dasilva,MID,Brentford,0.0,0,0,0,0,0,0.0,0,103,0.00,0.00,0.00,0.00,32,0,0,0.0,0.0,2026-09-12T14:00:00Z,0,False,3,0,0,0,0,0,4,0,1675,0,0,2,2,0.0,0,-614,36,650,49,False,0
Ashley Phillips,DEF,Spurs,0.0,0,0,0,0,0,0.0,0,507,0.00,0.00,0.00,0.00,37,0,0,0.0,0.0,2026-09-12T16:30:00Z,0,False,9,0,0,0,0,0,4,0,1474,0,0,0,0,0.0,0,-139,0,139,45,True,0
Josh Acheampong,DEF,Chelsea,1.0,0,0,0,0,0,0.0,0,151,0.00,0.00,0.00,0.00,33,0,0,0.0,0.0,2026-09-12T14:00:00Z,0,False,11,0,0,0,0,0,4,0,42181,0,0,2,2,0.0,0,1716,6326,4610,45,True,0
Remi Matthews,GK,Crystal Palace,0.0,0,0,0,0,0,0.0,0,555,0.00,0.00,0.00,0.00,34,0,0,0.0,0.0,2026-09-12T14:00:00Z,0,False,12,0,0,0,0,0,4,0,187175,0,0,3,2,0.0,0,-2537,5212,7749,40,True,0
Joel Latibeaudiere,DEF,Coventry City,0.0,0,0,0,0,0,0.0,0,179,0.00,0.00,0.00,0.00,38,0,0,0.0,0.0,2026-09-13T13:00:00Z,0,False,5,0,0,0,0,0,4,0,4073,0,0,5,0,0.0,0,-101,277,378,40,True,0
Ibrahim Mbaye,MID,Aston Villa,0.7,0,0,6,0,0,15.2,2,631,0.13,0.15,0.02,0.86,31,1,0,4.3,9.0,2026-09-12T14:00:00Z,27,False,18,0,0,0,1,0,4,0,5917,0,1,2,1,19.0,1,1207,2787,1580,60,True,0
Joao Gomes,MID,Aston Villa,0.4,0,0,0,0,0,0.0,0,54,0.00,0.00,0.00,0.00,31,0,0,0.0,0.0,2026-09-12T14:00:00Z,0,False,18,0,0,0,0,0,4,0,3819,0,0,2,1,0.0,0,-383,131,514,55,True,0
Yasin Ayari,MID,Brighton,3.0,0,0,38,1,0,6.8,7,129,0.03,0.34,0.31,1.33,38,0,1,7.3,39.0,2026-09-13T13:00:00Z,90,False,7,0,0,0,6,0,4,0,39911,1,1,5,0,27.0,8,-4206,2011,6217,54,False,0
Fábio Ferreira Vieira,MID,Arsenal,0.0,0,0,0,0,0,0.0,0,23,0.00,0.00,0.00,0.00,36,0,0,0.0,0.0,2026-09-12T19:00:00Z,0,False,20,0,0,0,0,0,4,0,708,0,0,2,0,0.0,0,-265,0,265,55,False,0
Jack Fletcher,MID,Man Utd,0.0,0,0,0,0,0,0.0,0,434,0.00,0.00,0.00,0.00,39,0,0,0.0,0.0,2026-09-13T15:30:00Z,0,False,15,0,0,0,0,0,4,0,1170,0,0,1,0,0.0,0,-67,101,168,49,True,0
Charalampos Kostoulas,FWD,Brighton,5.6,1,1,40,1,2,7.0,7,138,0.01,0.40,0.39,1.30,38,0,1,7.8,33.0,2026-09-13T13:00:00Z,83,False,7,0,0,0,4,0,4,0,59839,1,1,5,0,38.0,10,7254,16416,9162,55,False,0
Malick Yalcouyé,MID,Brighton,4.0,0,0,29,1,2,12.8,6,605,0.01,0.68,0.67,1.11,38,0,1,10.3,47.4,2026-09-13T13:00:00Z,64,False,7,0,0,0,2,0,4,0,374976,1,2,5,0,43.0,8,125140,185444,60304,45,False,0
Harrison Reed,MID,Fulham,0.0,0,0,0,0,0,0.0,0,270,0.00,0.00,0.00,0.00,35,0,0,0.0,0.0,2026-09-12T14:00:00Z,0,False,14,0,0,0,0,0,4,0,121271,0,0,0,0,0.0,0,-12381,3620,16001,45,False,0
Gabriel Fernando de Jesus,FWD,Arsenal,0.0,0,0,0,0,0,0.0,0,27,0.00,0.00,0.00,0.00,36,0,0,0.0,0.0,2026-09-12T19:00:00Z,0,False,20,0,0,0,0,0,4,0,18614,0,0,2,0,0.0,0,-7696,0,7696,59,False,0
Rico Henry,DEF,Brentford,0.2,0,0,0,0,0,0.0,0,89,0.00,0.00,0.00,0.00,32,0,0,0.0,0.0,2026-09-12T14:00:00Z,0,False,3,0,0,0,0,0,4,0,21461,0,0,2,2,0.0,0,-1693,309,2002,45,False,0
Reece James,DEF,Chelsea,0.4,0,0,11,0,2,10.4,4,142,0.14,0.30,0.16,1.38,33,2,0,4.5,19.8,2026-09-12T14:00:00Z,90,False,11,0,0,0,4,0,4,0,828525,1,2,2,2,15.0,1,-30934,60443,91377,54,True,0
Yéremy Pino Santos,MID,Crystal Palace,2.4,0,0,4,0,0,2.7,1,211,0.01,0.01,0.00,0.38,34,1,0,0.5,0.0,2026-09-12T14:00:00Z,36,False,12,0,0,0,1,0,4,0,63756,1,0,3,2,2.0,1,27655,36851,9196,55,True,0
Issa Diop,DEF,Ipswich Town,2.4,0,0,8,0,6,1.8,7,259,0.13,0.13,0.00,0.62,34,2,0,1.9,15.0,2026-09-12T14:00:00Z,90,False,8,0,0,0,5,0,4,0,1519556,1,1,3,2,2.0,1,-104266,39336,143602,40,False,0
John McGinn,MID,Aston Villa,3.4,1,1,30,0,2,31.4,9,45,0.11,0.11,0.00,2.28,31,2,0,5.8,26.4,2026-09-12T14:00:00Z,90,False,18,0,0,0,6,0,4,0,243800,1,1,2,1,0.0,6,-12721,20520,33241,54,True,0
Omar Marmoush,FWD,Spurs,1.6,0,0,9,1,0,11.6,5,401,0.03,0.05,0.02,1.08,37,0,0,2.9,3.2,2026-09-12T16:30:00Z,76,False,9,0,0,0,5,0,4,0,250023,1,0,0,0,14.0,2,6113,46956,40843,70,True,0
Rio Ngumoha,MID,Liverpool,0.8,0,0,-1,0,1,0.8,1,369,0.00,0.11,0.11,0.10,35,0,0,0.3,0.0,2026-09-12T14:00:00Z,18,False,10,0,0,0,0,0,4,0,60213,0,0,0,0,4.0,1,-20391,3022,23413,58,True,0
Igor Jesus Maciel da Cruz,FWD,Nott'm Forest,2.2,0,2,34,0,0,11.0,3,491,0.01,0.14,0.13,0.09,31,0,1,6.4,36.4,2026-09-12T14:00:00Z,15,False,2,0,0,0,3,0,4,0,253573,0,0,2,1,17.0,7,-61409,12811,74220,59,False,0
Cédric Kipré,DEF,Ipswich Town,0.0,0,0,0,0,0,0.0,0,303,0.00,0.00,0.00,0.00,34,0,0,0.0,0.0,2026-09-12T14:00:00Z,0,False,8,0,0,0,0,0,4,0,52847,0,0,3,2,0.0,0,-3541,589,4130,40,False,0
Curtis Jones,MID,Liverpool,0.0,0,0,0,0,0,0.0,0,373,0.00,0.00,0.00,0.00,35,0,0,0.0,0.0,2026-09-12T14:00:00Z,0,False,10,0,0,0,0,0,4,0,2535,0,0,0,0,0.0,0,-372,0,372,55,True,0
Ethan Pinnock,DEF,Coventry City,1.2,0,0,-11,0,8,0.7,10,91,0.00,0.01,0.01,2.81,38,5,0,2.3,18.0,2026-09-13T13:00:00Z,90,False,5,0,0,0,1,0,4,0,7467,1,2,5,0,4.0,2,-82,688,770,45,True,0
Jules Ahoka,MID,Sunderland,0.0,0,0,0,0,0,0.0,0,613,0.00,0.00,0.00,0.00,36,0,0,0.0,0.0,2026-09-12T19:00:00Z,0,False,1,0,0,0,0,0,4,0,29307,0,0,2,0,0.0,0,2550,6933,4383,45,True,0
Oli McBurnie,FWD,Hull City,2.8,1,0,17,0,2,10.8,3,295,0.04,0.37,0.33,0.72,33,2,0,5.3,23.6,2026-09-12T14:00:00Z,81,False,6,0,0,0,0,0,4,0,198314,1,1,2,2,19.0,4,-18516,22215,40731,55,False,1
Ola Aina,DEF,Nott'm Forest,1.6,0,0,11,0,5,1.7,8,473,0.01,0.01,0.00,0.82,31,1,0,1.9,17.4,2026-09-12T14:00:00Z,90,False,2,0,0,0,2,0,4,0,273323,1,3,2,1,0.0,2,-43006,8317,51323,45,False,0
Marcus Bettinelli,GK,Man City,0.0,0,0,0,0,0,0.0,0,386,0.00,0.00,0.00,0.00,39,0,0,0.0,0.0,2026-09-13T15:30:00Z,0,False,16,0,0,0,0,0,4,0,2911,0,0,1,0,0.0,0,-113,128,241,45,False,0
Tijjani Reijnders,MID,Man City,0.0,0,0,0,0,0,0.0,0,404,0.00,0.00,0.00,0.00,39,0,0,0.0,0.0,2026-09-13T15:30:00Z,0,False,16,0,0,0,0,0,4,0,3943,0,0,1,0,0.0,0,-541,0,541,60,False,0
Jorge Cuenca Barreno,DEF,Fulham,0.6,0,0,0,0,0,0.0,0,255,0.00,0.00,0.00,0.00,35,0,0,0.0,0.0,2026-09-12T14:00:00Z,0,False,14,0,0,0,0,0,4,0,3009,0,0,0,0,0.0,0,-509,104,613,45,False,0
Lukás Hornícek,GK,Newcastle,2.8,0,0,2,0,3,0.0,0,567,0.00,0.00,0.00,2.08,40,4,0,2.9,29.4,2026-09-14T19:00:00Z,90,False,13,0,0,0,4,0,4,3,150531,1,0,1,4,0.0,1,29466,58083,28617,50,False,0
Matty Jacob,DEF,Hull City,0.0,0,0,0,0,0,0.0,0,283,0.00,0.00,0.00,0.00,33,0,0,0.0,0.0,2026-09-12T14:00:00Z,0,False,6,0,0,0,0,0,4,0,927,0,0,2,2,0.0,0,-125,0,125,40,False,0
Jaka Bijol,DEF,Leeds,2.4,0,0,0,0,0,0.0,0,327,0.00,0.00,0.00,0.00,40,0,0,0.0,0.0,2026-09-14T19:00:00Z,0,False,17,0,0,0,0,0,4,0,87595,0,0,1,4,0.0,0,-10468,4371,14839,50,True,0
Lucas Gourna-Douath,MID,Hull City,0.8,0,0,0,0,0,0.0,0,589,0.00,0.00,0.00,0.00,33,0,0,0.0,0.0,2026-09-12T14:00:00Z,0,False,6,0,0,0,0,0,4,0,2686,0,0,2,2,0.0,0,-111,172,283,50,False,0
Martin Ødegaard,MID,Arsenal,5.8,0,0,26,1,1,58.2,5,15,0.25,0.25,0.00,1.80,36,0,0,8.0,19.4,2026-09-12T19:00:00Z,84,False,20,0,0,0,3,0,4,0,2036643,1,1,2,0,2.0,3,702273,820232,117959,67,False,0
Jørgen Strand Larsen,FWD,Crystal Palace,2.4,0,2,39,0,0,12.8,2,222,0.02,0.11,0.09,1.20,34,2,1,8.5,40.8,2026-09-12T14:00:00Z,83,False,12,0,0,0,1,0,4,0,71789,1,1,3,2,31.0,8,11360,21000,9640,60,True,0
Mitoma Kaoru,MID,Brighton,0.0,0,0,0,0,0,0.0,0,121,0.00,0.00,0.00,0.00,38,0,0,0.0,0.0,2026-09-13T13:00:00Z,0,False,7,0,0,0,0,0,4,0,3299,0,0,5,0,0.0,0,-383,74,457,59,False,0
Alex Tóth,MID,Bournemouth,0.2,0,0,0,0,0,0.0,0,76,0.00,0.00,0.00,0.00,32,0,0,0.0,0.0,2026-09-12T14:00:00Z,0,False,4,0,0,0,0,0,4,0,1498,0,0,2,2,0.0,0,-138,72,210,50,True,0
Merlin Röhl,MID,Everton,0.0,0,0,0,0,0,0.0,0,246,0.00,0.00,0.00,0.00,37,0,0,0.0,0.0,2026-09-12T16:30:00Z,0,False,19,0,0,0,0,0,4,0,5016,0,0,0,0,0.0,0,-469,572,1041,50,False,0
El Hadji Malick Diouf,DEF,Brentford,0.5,0,0,4,0,1,1.0,1,620,0.01,0.01,0.00,0.50,32,0,0,0.4,3.4,2026-09-12T14:00:00Z,30,False,3,0,0,0,1,0,4,0,10030,0,0,2,2,0.0,1,-31,1940,1971,45,False,0
Noah Okafor,MID,Leeds,3.0,0,1,35,1,1,17.8,6,336,0.08,0.15,0.07,0.58,40,0,1,8.0,41.4,2026-09-14T19:00:00Z,71,False,17,0,0,0,3,0,4,0,29116,1,2,1,4,21.0,9,-4605,2061,6666,59,True,0
Dilane Bakwa,MID,Nott'm Forest,0.0,0,0,0,0,0,0.0,0,485,0.00,0.00,0.00,0.00,31,0,0,0.0,0.0,2026-09-12T14:00:00Z,0,False,2,0,0,0,0,0,4,0,638,0,0,2,1,0.0,0,-145,0,145,55,False,0
Jake Bidwell,DEF,Coventry City,0.0,0,0,0,0,0,0.0,0,178,0.00,0.00,0.00,0.00,38,0,0,0.0,0.0,2026-09-13T13:00:00Z,0,False,5,0,0,0,0,0,4,0,8754,0,0,5,0,0.0,0,-160,645,805,40,True,0
João Pedro Junqueira de Jesus,FWD,Chelsea,4.9,1,3,44,0,2,15.7,2,165,0.04,0.33,0.29,1.38,33,2,1,10.1,54.4,2026-09-12T14:00:00Z,90,False,11,0,0,0,0,0,4,0,7935710,1,0,2,2,31.0,12,296877,401634,104757,77,True,0
Carlos Baleba,MID,Man Utd,0.0,0,0,0,0,0,0.0,0,131,0.00,0.00,0.00,0.00,39,0,0,0.0,0.0,2026-09-13T15:30:00Z,0,False,15,0,0,0,0,0,4,0,13457,0,0,1,0,0.0,0,-1747,783,2530,50,True,0
Christos Tzolis,MID,Arsenal,3.2,0,0,10,1,1,7.3,3,557,0.13,0.13,0.00,1.41,36,0,0,1.3,3.8,2026-09-12T19:00:00Z,80,False,20,0,0,0,1,0,4,0,1659753,1,1,2,0,2.0,3,-328555,82691,411246,64,False,0
Jesurun Rak-Sakyi,MID,Crystal Palace,0.0,0,0,0,0,0,0.0,0,219,0.00,0.00,0.00,0.00,34,0,0,0.0,0.0,2026-09-12T14:00:00Z,0,False,12,0,0,0,0,0,4,0,492,0,0,3,2,0.0,0,-85,55,140,49,True,0
Wilfried Gnonto,MID,Leeds,0.0,0,0,0,0,0,0.0,0,341,0.00,0.00,0.00,0.00,40,0,0,0.0,0.0,2026-09-14T19:00:00Z,0,False,17,0,0,0,0,0,4,0,947,0,0,1,4,0.0,0,-435,0,435,50,True,0
Luke O'Nien,DEF,Sunderland,0.2,0,0,0,0,0,0.0,0,539,0.00,0.00,0.00,0.00,36,0,0,0.0,0.0,2026-09-12T19:00:00Z,0,False,1,0,0,0,0,0,4,0,279659,0,0,2,0,0.0,0,-31354,2683,34037,40,True,0
Joe Willock,MID,Newcastle,4.4,0,0,8,0,1,13.3,4,460,0.06,0.18,0.12,0.16,40,1,0,3.9,7.6,2026-09-14T19:00:00Z,32,False,13,0,0,0,2,0,4,0,52306,0,1,1,4,18.0,1,6640,16531,9891,50,False,0
Adam Wharton,MID,Crystal Palace,2.0,0,0,13,0,1,11.8,5,210,0.04,0.12,0.08,1.13,34,2,0,2.0,5.2,2026-09-12T14:00:00Z,76,False,12,0,0,0,3,0,4,0,91297,1,1,3,2,3.0,2,-1801,8794,10595,55,True,0
Eddie Nketiah,FWD,Crystal Palace,1.4,0,0,0,0,0,0.0,0,224,0.00,0.00,0.00,0.00,34,0,0,0.0,0.0,2026-09-12T14:00:00Z,0,False,12,0,0,0,0,0,4,0,81943,0,0,3,2,0.0,0,20214,29818,9604,55,True,0
Kevin Danso,DEF,Sunderland,0.6,0,0,6,0,4,11.0,4,501,0.08,0.08,0.00,1.88,36,2,0,3.0,16.8,2026-09-12T19:00:00Z,90,False,1,0,0,0,3,0,4,0,16781,1,0,2,0,2.0,1,-179,1568,1747,50,True,0
Mateo Kovačić,MID,Man City,0.4,0,0,0,0,0,0.0,0,406,0.00,0.00,0.00,0.00,39,0,0,0.0,0.0,2026-09-13T15:30:00Z,0,False,16,0,0,0,0,0,4,0,8409,0,0,1,0,0.0,0,-996,425,1421,54,False,0
Anton Stach,MID,Leeds,4.4,0,0,16,1,3,40.4,10,335,0.07,0.50,0.43,0.59,40,0,0,6.4,12.0,2026-09-14T19:00:00Z,87,False,17,0,0,0,5,0,4,0,291170,1,2,1,4,12.0,3,-19365,29721,49086,60,True,0
Bafodé Diakité,DEF,Bournemouth,0.0,0,0,0,0,0,0.0,0,62,0.00,0.00,0.00,0.00,32,0,0,0.0,0.0,2026-09-12T14:00:00Z,0,False,4,0,0,0,0,0,4,0,18147,0,0,2,2,0.0,0,-1343,1310,2653,50,True,0
Hayden Hackney,MID,Everton,2.0,0,0,3,0,1,10.8,1,247,0.02,0.02,0.00,0.26,37,0,0,1.8,3.2,2026-09-12T16:30:00Z,15,False,19,0,0,0,0,0,4,0,21723,0,0,0,0,4.0,1,-480,1482,1962,55,False,0
Max Alleyne,DEF,Man City,0.0,0,0,0,0,0,0.0,0,394,0.00,0.00,0.00,0.00,39,0,0,0.0,0.0,2026-09-13T15:30:00Z,0,False,16,0,0,0,0,0,4,0,537,0,0,1,0,0.0,0,-60,0,60,50,False,0
Lewis Koumas,MID,Liverpool,0.4,0,0,0,0,0,0.0,0,381,0.00,0.00,0.00,0.00,35,0,0,0.0,0.0,2026-09-12T14:00:00Z,0,False,10,0,0,0,0,0,4,0,2699,0,0,0,0,0.0,0,-163,155,318,50,True,0
Gustavo Nunes Fernandes Gomes,MID,Brentford,0.0,0,0,0,0,0,0.0,0,657,0.00,0.00,0.00,0.00,32,0,0,0.0,0.0,2026-09-12T14:00:00Z,0,False,3,0,0,0,0,0,4,0,0,0,0,2,2,0.0,0,0,0,0,45,False,0
Lewie Coyle,DEF,Hull City,2.8,0,0,2,0,2,10.9,3,280,0.01,0.14,0.13,0.72,33,2,0,2.2,5.6,2026-09-12T14:00:00Z,81,False,6,0,0,0,4,0,4,0,65983,1,1,2,2,5.0,1,5360,9488,4128,40,False,0
Tyler Bindon,DEF,Nott'm Forest,0.0,0,0,0,0,0,0.0,0,479,0.00,0.00,0.00,0.00,31,0,0,0.0,0.0,2026-09-12T14:00:00Z,0,False,2,0,0,0,0,0,4,0,13436,0,0,2,1,0.0,0,-2375,0,2375,40,False,0
Ian Maatsen,DEF,Aston Villa,0.0,0,0,7,0,3,3.4,4,36,0.03,0.21,0.18,1.66,31,2,0,3.8,10.2,2026-09-12T14:00:00Z,90,False,18,0,0,0,6,0,4,0,92419,1,1,2,1,24.0,1,10444,17456,7012,45,True,0
Omar Alderete,DEF,Sunderland,0.2,0,0,0,0,0,0.0,0,535,0.00,0.00,0.00,0.00,36,0,0,0.0,0.0,2026-09-12T19:00:00Z,0,False,1,0,0,0,0,0,4,0,29356,0,0,2,0,0.0,0,-6355,401,6756,49,True,0
Nikola Milenković,DEF,Nott'm Forest,0.0,0,0,0,0,0,0.0,0,471,0.00,0.00,0.00,0.00,31,0,0,0.0,0.0,2026-09-12T14:00:00Z,0,False,2,0,0,0,0,0,4,0,171183,0,0,2,1,0.0,0,-346,9458,9804,55,False,0
Jeremie Frimpong,DEF,Liverpool,0.4,0,0,12,0,3,24.9,4,357,0.12,0.12,0.00,0.10,35,0,0,4.0,13.0,2026-09-12T14:00:00Z,18,False,10,0,0,0,1,0,4,0,231759,0,1,0,0,2.0,1,-81882,4729,86611,54,True,0
João Pedro Loureiro da Costa,DEF,Brighton,0.8,0,0,3,0,1,0.3,1,119,0.00,0.00,0.00,0.04,38,0,0,0.2,1.2,2026-09-13T13:00:00Z,6,False,7,0,0,0,1,0,4,0,3722,0,0,5,0,0.0,1,-117,204,321,45,False,0
Divine Mukasa,MID,Man City,0.0,0,0,0,0,0,0.0,0,409,0.00,0.00,0.00,0.00,39,0,0,0.0,0.0,2026-09-13T15:30:00Z,0,False,16,0,0,0,0,0,4,0,11304,0,0,1,0,0.0,0,-3408,0,3408,45,False,0
Levi Samuels Colwill,DEF,Chelsea,0.6,0,0,8,0,6,12.2,6,149,0.01,0.01,0.00,1.38,33,2,0,4.3,26.8,2026-09-12T14:00:00Z,90,False,11,0,0,0,6,0,4,0,112667,1,0,2,2,4.0,1,-17331,5362,22693,49,True,0
Justin Kluivert,MID,Bournemouth,3.0,0,1,31,0,1,3.3,4,70,0.02,0.23,0.21,0.39,32,2,1,8.6,40.0,2026-09-12T14:00:00Z,65,False,4,0,0,0,3,0,4,0,104989,1,0,2,2,43.0,8,-12026,8665,20691,60,True,0
Samuel Iling-Junior,MID,Aston Villa,0.0,0,0,0,0,0,0.0,0,49,0.00,0.00,0.00,0.00,31,0,0,0.0,0.0,2026-09-12T14:00:00Z,0,False,18,0,0,0,0,0,4,0,188,0,0,2,1,0.0,0,-22,0,22,50,True,0
Victor Lindelöf,DEF,Aston Villa,1.6,0,0,2,0,2,1.1,2,37,0.01,0.45,0.44,2.28,31,2,0,5.3,16.4,2026-09-12T14:00:00Z,90,False,18,0,0,0,0,0,4,0,33974,1,0,2,1,35.0,1,3012,5112,2100,45,True,0
Destiny Udogie,DEF,Spurs,1.4,0,0,0,0,0,0.0,0,506,0.00,0.00,0.00,0.00,37,0,0,0.0,0.0,2026-09-12T16:30:00Z,0,False,9,0,0,0,0,0,4,0,41192,0,0,0,0,0.0,0,-2914,1478,4392,45,True,0
Sven Botman,DEF,Newcastle,3.0,0,0,2,0,15,0.3,17,447,0.00,0.00,0.00,2.08,40,4,0,3.2,31.2,2026-09-14T19:00:00Z,90,False,13,0,0,0,4,0,4,0,71884,1,2,1,4,0.0,2,1208,9972,8764,50,False,0
Zian Flemming,FWD,Ipswich Town,2.0,0,0,32,0,1,1.3,2,640,0.00,0.52,0.52,0.41,34,1,1,8.0,35.0,2026-09-12T14:00:00Z,27,False,8,0,0,0,1,0,4,0,4207,0,0,3,2,44.0,5,1835,2524,689,55,False,0
Ben Gannon-Doak,MID,Bournemouth,0.6,0,0,6,0,0,1.5,4,72,0.03,0.13,0.10,0.11,32,0,0,1.0,1.6,2026-09-12T14:00:00Z,8,False,4,0,0,0,3,0,4,0,6799,0,1,2,2,7.0,1,-612,413,1025,49,True,0
Jack Grealish,MID,Everton,1.2,0,0,4,0,2,1.2,4,238,0.01,0.01,0.00,0.30,37,0,0,0.7,3.4,2026-09-12T16:30:00Z,25,False,19,0,0,0,1,0,4,0,42527,0,1,0,0,2.0,1,9697,16008,6311,65,False,0
Raphael Borges Rodrigues,MID,Coventry City,0.0,0,0,0,0,0,0.0,0,191,0.00,0.00,0.00,0.00,38,0,0,0.0,0.0,2026-09-13T13:00:00Z,0,False,5,0,0,0,0,0,4,0,11101,0,0,5,0,0.0,0,-3328,0,3328,45,True,0
Harvey Barnes,MID,Newcastle,5.6,0,0,13,0,3,16.8,6,453,0.31,0.60,0.29,2.08,40,4,0,5.9,12.2,2026-09-14T19:00:00Z,90,False,13,0,0,0,3,0,4,0,290007,1,0,1,4,30.0,2,152668,210527,57859,60,False,0
Tosin Adarabioyo,DEF,Spurs,0.2,0,0,5,0,2,0.2,4,147,0.00,0.00,0.00,0.03,37,0,0,0.9,9.0,2026-09-12T16:30:00Z,5,False,9,0,0,0,1,0,4,0,17024,0,2,0,0,0.0,1,-999,639,1638,44,True,0
Mateus Fernandes,MID,Spurs,1.4,0,0,15,1,0,13.0,4,525,0.03,0.14,0.11,0.67,37,0,0,3.8,3.0,2026-09-12T16:30:00Z,62,False,9,0,0,0,2,0,4,0,98672,1,2,0,0,22.0,3,-27969,1839,29808,58,True,0
Tom Watson,MID,Brighton,0.0,0,0,0,0,0,0.0,0,133,0.00,0.00,0.00,0.00,38,0,0,0.0,0.0,2026-09-13T13:00:00Z,0,False,7,0,0,0,0,0,4,0,122,0,0,5,0,0.0,0,-19,0,19,50,False,0
Alysson Edward Franco da Rocha dos Santos,MID,Aston Villa,1.6,0,0,24,0,1,2.3,2,52,0.00,0.06,0.06,1.89,31,2,1,6.0,34.4,2026-09-12T14:00:00Z,45,False,18,0,0,0,1,0,4,0,4724,0,0,2,1,23.0,6,-205,508,713,50,True,0
Moisés Caicedo Corozo,MID,Chelsea,0.1,0,0,0,0,0,0.0,0,159,0.00,0.00,0.00,0.00,33,0,0,0.0,0.0,2026-09-12T14:00:00Z,0,False,11,0,0,0,0,0,4,0,149377,0,0,2,2,0.0,0,-48857,1342,50199,54,True,0
Aladji Bamba,MID,Newcastle,0.6,0,0,4,0,0,0.3,2,559,0.00,0.00,0.00,0.11,40,0,0,0.2,1.4,2026-09-14T19:00:00Z,10,False,13,0,0,0,1,0,4,0,11166,0,1,1,4,0.0,1,-1098,539,1637,49,False,0
Gustavo Hamer,MID,Coventry City,0.6,0,0,0,0,0,0.0,0,584,0.00,0.00,0.00,0.00,38,0,0,0.0,0.0,2026-09-13T13:00:00Z,0,False,5,0,0,0,0,0,4,0,10937,0,0,5,0,0.0,0,-1142,147,1289,54,True,0
Axel Disasi,DEF,Crystal Palace,0.0,0,0,-18,0,6,0.1,6,153,0.00,0.00,0.00,0.38,34,3,0,0.2,2.2,2026-09-12T14:00:00Z,33,False,12,0,0,0,2,1,4,0,14882,1,0,3,2,0.0,-3,4721,7208,2487,45,True,0
Luke Woolfenden,DEF,Coventry City,0.0,0,0,0,0,0,0.0,0,180,0.00,0.00,0.00,0.00,38,0,0,0.0,0.0,2026-09-13T13:00:00Z,0,False,5,0,0,0,0,0,4,0,13479,0,0,5,0,0.0,0,-1447,375,1822,40,True,0
Jaouen Hadjam,DEF,Brighton,0.0,0,0,0,0,0,0.0,0,614,0.00,0.00,0.00,0.00,38,0,0,0.0,0.0,2026-09-13T13:00:00Z,0,False,7,0,0,0,0,0,4,0,4155,0,0,5,0,0.0,0,-135,425,560,45,False,0
Sean Steur,MID,Newcastle,1.6,0,0,14,0,3,20.2,7,462,0.03,0.03,0.00,1.81,40,4,0,3.2,12.0,2026-09-14T19:00:00Z,71,False,13,0,0,0,2,0,4,0,8079,0,2,1,4,0.0,2,-1064,390,1454,49,False,0
Jannik Schuster,DEF,Brentford,4.2,0,0,5,0,10,0.5,12,93,0.01,0.01,0.00,1.75,32,2,0,3.1,22.2,2026-09-12T14:00:00Z,90,False,3,0,0,0,3,0,4,0,15722,1,2,2,2,8.0,3,170,905,735,45,False,0
Mikey Moore,MID,Spurs,0.0,0,0,0,0,0,0.0,0,523,0.00,0.00,0.00,0.00,37,0,0,0.0,0.0,2026-09-12T16:30:00Z,0,False,9,0,0,0,0,0,4,0,8137,0,0,0,0,0.0,0,-5490,0,5490,50,True,0
Reece James,DEF,Chelsea,0.4,0,0,11,0,2,10.4,4,142,0.14,0.30,0.16,1.38,33,2,0,4.5,19.8,2026-09-12T14:00:00Z,90,False,11,0,0,0,4,0,4,0,828525,1,2,2,2,15.0,1,-30934,60443,91377,54,True,0
Mike Penders,GK,Chelsea,0.0,0,0,0,0,0,0.0,0,560,0.00,0.00,0.00,0.00,33,0,0,0.0,0.0,2026-09-12T14:00:00Z,0,False,11,0,0,0,0,0,4,0,6637,0,0,2,2,0.0,0,-482,321,803,44,True,0
Zadok Yohanna,MID,Brighton,0.0,0,0,0,0,0,0.0,0,135,0.00,0.00,0.00,0.00,38,0,0,0.0,0.0,2026-09-13T13:00:00Z,0,False,7,0,0,0,0,0,4,0,5076,0,0,5,0,0.0,0,-1135,318,1453,49,False,0
Jaidon Anthony,MID,Brentford,3.0,0,0,12,0,5,15.3,11,105,0.10,0.10,0.00,1.25,32,2,0,3.2,14.6,2026-09-12T14:00:00Z,59,False,3,0,0,0,4,0,4,0,14724,1,2,2,2,2.0,1,-1801,761,2562,60,False,0
Jack Grealish,MID,Everton,1.2,0,0,4,0,2,1.2,4,238,0.01,0.01,0.00,0.30,37,0,0,0.7,3.4,2026-09-12T16:30:00Z,25,False,19,0,0,0,1,0,4,0,42527,0,1,0,0,2.0,1,9697,16008,6311,65,False,0
Noah Sadiki,MID,Sunderland,1.6,0,0,11,0,4,1.3,10,545,0.00,0.04,0.04,1.88,36,2,0,1.3,11.0,2026-09-12T19:00:00Z,90,False,1,0,0,0,3,0,4,0,26156,1,3,2,0,1.0,2,-3819,1090,4909,49,True,0
Lewis Hall,DEF,Newcastle,6.0,0,0,9,0,2,3.9,6,449,0.01,0.03,0.02,2.08,40,4,0,3.2,21.0,2026-09-14T19:00:00Z,90,False,13,0,0,0,4,0,4,0,1512788,1,4,1,4,7.0,0,448146,563772,115626,52,False,0
Matteo Ruggeri,DEF,Aston Villa,1.0,0,0,0,0,0,0.0,0,596,0.00,0.00,0.00,0.00,31,0,0,0.0,0.0,2026-09-12T14:00:00Z,0,False,18,0,0,0,0,0,4,0,9485,0,0,2,1,0.0,0,-993,272,1265,45,True,0
Benjamin Sesko,FWD,Man Utd,1.6,0,0,4,0,0,0.7,2,439,0.00,0.06,0.06,0.57,39,0,0,0.6,1.2,2026-09-13T15:30:00Z,23,False,15,0,0,0,2,0,4,0,182217,0,0,1,0,4.0,1,3627,26345,22718,70,True,0
Luke Woolfenden,DEF,Coventry City,0.0,0,0,0,0,0,0.0,0,180,0.00,0.00,0.00,0.00,38,0,0,0.0,0.0,2026-09-13T13:00:00Z,0,False,5,0,0,0,0,0,4,0,13479,0,0,5,0,0.0,0,-1447,375,1822,40,True,0
Mathys Tel,MID,Spurs,1.6,0,0,3,0,0,3.2,0,514,0.09,0.10,0.01,0.44,37,0,0,1.3,0.6,2026-09-12T16:30:00Z,27,False,9,0,0,0,0,0,4,0,26160,0,0,0,0,9.0,1,-6570,1812,8382,58,True,0
Georginio Rutter,FWD,Brighton,1.2,0,0,0,0,0,0.0,0,125,0.00,0.00,0.00,0.00,38,0,0,0.0,0.0,2026-09-13T13:00:00Z,0,False,7,0,0,0,0,0,4,0,58474,0,0,5,0,0.0,0,-17412,1249,18661,54,False,0
Matt Crooks,MID,Hull City,0.6,0,0,2,0,5,0.4,10,289,0.00,0.00,0.00,0.55,33,2,0,1.1,11.0,2026-09-12T14:00:00Z,68,False,6,0,0,0,3,0,4,0,52575,1,2,2,2,0.0,1,-6726,2257,8983,45,False,1
Gabriel Fernando de Jesus,FWD,Arsenal,0.0,0,0,0,0,0,0.0,0,27,0.00,0.00,0.00,0.00,36,0,0,0.0,0.0,2026-09-12T19:00:00Z,0,False,20,0,0,0,0,0,4,0,18614,0,0,2,0,0.0,0,-7696,0,7696,59,False,0
Jack Rudoni,MID,Coventry City,1.6,0,0,11,0,2,55.5,5,183,0.73,1.06,0.33,2.16,38,3,0,9.1,10.8,2026-09-13T13:00:00Z,72,False,5,0,0,0,3,0,4,0,11698,1,0,5,0,25.0,2,-812,965,1777,50,True,0
Jørgen Strand Larsen,FWD,Crystal Palace,2.4,0,2,39,0,0,12.8,2,222,0.02,0.11,0.09,1.20,34,2,1,8.5,40.8,2026-09-12T14:00:00Z,83,False,12,0,0,0,1,0,4,0,71789,1,1,3,2,31.0,8,11360,21000,9640,60,True,0
Jack Butland,GK,Hull City,0.0,0,0,0,0,0,0.0,0,274,0.00,0.00,0.00,0.00,33,0,0,0.0,0.0,2026-09-12T14:00:00Z,0,False,6,0,0,0,0,0,4,0,7924,0,0,2,2,0.0,0,-669,170,839,45,False,0
Roméo Lavia,MID,Chelsea,2.2,0,0,14,0,3,4.9,9,161,0.07,0.07,0.00,0.84,33,2,0,1.2,7.4,2026-09-12T14:00:00Z,68,False,11,0,0,0,5,0,4,0,25157,1,1,2,2,0.0,2,3527,7547,4020,50,True,0
Noah Okafor,MID,Leeds,3.0,0,1,35,1,1,17.8,6,336,0.08,0.15,0.07,0.58,40,0,1,8.0,41.4,2026-09-14T19:00:00Z,71,False,17,0,0,0,3,0,4,0,29116,1,2,1,4,21.0,9,-4605,2061,6666,59,True,0
Cody Drameh,DEF,Hull City,0.0,0,0,0,0,0,0.0,0,281,0.00,0.00,0.00,0.00,33,0,0,0.0,0.0,2026-09-12T14:00:00Z,0,False,6,0,0,0,0,0,4,0,5246,0,0,2,2,0.0,0,-1503,0,1503,40,False,0
Nordi Mukiele,DEF,Sunderland,2.6,0,0,-5,0,3,4.9,6,533,0.02,0.72,0.70,1.88,36,2,0,6.1,10.4,2026-09-12T19:00:00Z,90,False,1,0,0,0,3,0,4,0,227847,1,3,2,0,46.0,0,-21852,6912,28764,55,True,1
John Egan,DEF,Hull City,5.2,0,0,-1,0,12,0.5,14,277,0.00,0.04,0.04,0.91,33,2,0,2.1,14.2,2026-09-12T14:00:00Z,90,False,6,0,0,0,6,0,4,0,688208,1,2,2,2,6.0,2,150184,223735,73551,41,False,1
Rodrigo 'Rodri' Hernandez Cascante,MID,Man City,0.0,0,0,0,0,0,0.0,0,402,0.00,0.00,0.00,0.00,39,0,0,0.0,0.0,2026-09-13T15:30:00Z,0,False,16,0,0,0,0,0,4,0,1206,0,0,1,0,0.0,0,-87,0,87,65,False,0
Triston Rowe,DEF,Aston Villa,0.0,0,0,0,0,0,0.0,0,606,0.00,0.00,0.00,0.00,31,0,0,0.0,0.0,2026-09-12T14:00:00Z,0,False,18,0,0,0,0,0,4,0,18103,0,0,2,1,0.0,0,1187,2914,1727,40,True,0
Anton Stach,MID,Leeds,4.4,0,0,16,1,3,40.4,10,335,0.07,0.50,0.43,0.59,40,0,0,6.4,12.0,2026-09-14T19:00:00Z,87,False,17,0,0,0,5,0,4,0,291170,1,2,1,4,12.0,3,-19365,29721,49086,60,True,0
Omar Richards,DEF,Nott'm Forest,0.0,0,0,0,0,0,0.0,0,476,0.00,0.00,0.00,0.00,31,0,0,0.0,0.0,2026-09-12T14:00:00Z,0,False,2,0,0,0,0,0,4,0,23161,0,0,2,1,0.0,0,-831,925,1756,40,False,0
Milos Kerkez,DEF,Liverpool,1.4,0,0,6,0,2,7.1,3,358,0.01,0.01,0.00,0.30,35,0,0,1.7,9.8,2026-09-12T14:00:00Z,45,False,10,0,0,0,0,0,4,0,288013,0,1,0,0,0.0,1,-22124,12338,34462,54,True,0
David Button,GK,Ipswich Town,0.0,0,0,0,0,0,0.0,0,302,0.00,0.00,0.00,0.00,34,0,0,0.0,0.0,2026-09-12T14:00:00Z,0,False,8,0,0,0,0,0,4,0,63364,0,0,3,2,0.0,0,11691,17503,5812,40,False,0
Marco Palestra,DEF,Chelsea,0.0,0,0,0,0,0,0.0,0,152,0.00,0.00,0.00,0.00,33,0,0,0.0,0.0,2026-09-12T14:00:00Z,0,False,11,0,0,0,0,0,4,0,87915,0,0,2,2,0.0,0,-45257,419,45676,54,True,0
Tarik Muharemović,DEF,Leeds,4.2,1,0,27,0,10,10.5,11,334,0.02,0.02,0.00,0.88,40,1,0,5.0,37.0,2026-09-14T19:00:00Z,90,False,17,0,0,0,5,0,4,0,410571,1,1,1,4,2.0,7,66646,135153,68507,50,True,0
Ronald Araujo,DEF,Liverpool,3.0,0,0,24,1,3,1.8,4,579,0.00,0.00,0.00,0.60,35,0,0,1.4,9.8,2026-09-12T14:00:00Z,71,False,10,0,0,0,5,0,4,0,292366,1,1,0,0,2.0,6,41974,59861,17887,54,True,0
Wes Burns,MID,Ipswich Town,0.0,0,0,0,0,0,0.0,0,311,0.00,0.00,0.00,0.00,34,0,0,0.0,0.0,2026-09-12T14:00:00Z,0,False,8,0,0,0,0,0,4,0,242,0,0,3,2,0.0,0,-39,0,39,50,False,0
Diego Coppola,DEF,Brighton,0.0,0,0,0,0,0,0.0,0,117,0.00,0.00,0.00,0.00,38,0,0,0.0,0.0,2026-09-13T13:00:00Z,0,False,7,0,0,0,0,0,4,0,2061,0,0,5,0,0.0,0,-50,180,230,45,False,0
James Tarkowski,DEF,Everton,8.6,0,2,32,1,3,1.8,8,229,0.01,0.01,0.00,0.69,37,0,0,2.1,19.2,2026-09-12T16:30:00Z,90,False,19,0,0,0,3,0,4,0,1237976,1,5,0,0,0.0,8,71807,163569,91762,60,False,0
Arnaud Kalimuendo,FWD,Nott'm Forest,0.2,0,0,0,0,0,0.0,0,493,0.00,0.00,0.00,0.00,31,0,0,0.0,0.0,2026-09-12T14:00:00Z,0,False,2,0,0,0,0,0,4,0,5715,0,0,2,1,0.0,0,281,1150,869,54,False,0
Stefanos Tzimas,FWD,Brighton,0.0,0,0,0,0,0,0.0,0,137,0.00,0.00,0.00,0.00,38,0,0,0.0,0.0,2026-09-13T13:00:00Z,0,False,7,0,0,0,0,0,4,0,705,0,0,5,0,0.0,0,-82,70,152,55,False,0
Amad Diallo,MID,Man Utd,0.0,0,0,0,0,0,0.0,0,431,0.00,0.00,0.00,0.00,39,0,0,0.0,0.0,2026-09-13T15:30:00Z,0,False,15,0,0,0,0,0,4,0,38595,0,0,1,0,0.0,0,-13432,148,13580,58,True,0
Harry Wilson,MID,Leeds,0.0,0,0,4,0,1,4.7,2,260,0.03,0.03,0.00,0.30,40,1,0,0.8,3.2,2026-09-14T19:00:00Z,18,False,17,0,0,0,0,0,4,0,291023,0,1,1,4,0.0,1,-121524,3258,124782,63,True,0
Cameron Humphreys,MID,Ipswich Town,0.0,0,0,0,0,0,0.0,0,602,0.00,0.00,0.00,0.00,34,0,0,0.0,0.0,2026-09-12T14:00:00Z,0,False,8,0,0,0,0,0,4,0,2961,0,0,3,2,0.0,0,-968,0,968,45,False,0
Josh Eccles,MID,Coventry City,0.0,0,0,0,0,0,0.0,0,187,0.00,0.00,0.00,0.00,38,0,0,0.0,0.0,2026-09-13T13:00:00Z,0,False,5,0,0,0,0,0,4,0,1294,0,0,5,0,0.0,0,-249,93,342,49,True,0
Facundo Buonanotte,MID,Brighton,0.0,0,0,0,0,0,0.0,0,128,0.00,0.00,0.00,0.00,38,0,0,0.0,0.0,2026-09-13T13:00:00Z,0,False,7,0,0,0,0,0,4,0,223,0,0,5,0,0.0,0,-39,0,39,50,False,0
Valentín Barco,MID,Chelsea,0.6,0,0,7,0,1,2.9,2,568,0.09,0.09,0.00,0.54,33,0,0,0.7,1.6,2026-09-12T14:00:00Z,21,False,11,0,0,0,1,0,4,0,13757,0,0,2,2,2.0,0,-591,863,1454,55,True,1
Rio Cardines,DEF,Crystal Palace,0.0,0,0,0,0,0,0.0,0,220,0.00,0.00,0.00,0.00,34,0,0,0.0,0.0,2026-09-12T14:00:00Z,0,False,12,0,0,0,0,0,4,0,138,0,0,3,2,0.0,0,-13,0,13,45,True,0
Benjamin White,DEF,Arsenal,4.2,0,0,4,0,1,0.8,3,10,0.00,0.00,0.00,0.23,36,0,0,1.1,4.2,2026-09-12T19:00:00Z,45,False,20,0,0,0,0,0,4,0,815166,1,2,2,0,6.0,1,6399,123355,116956,55,False,0
Josh Dasilva,MID,Brentford,0.0,0,0,0,0,0,0.0,0,103,0.00,0.00,0.00,0.00,32,0,0,0.0,0.0,2026-09-12T14:00:00Z,0,False,3,0,0,0,0,0,4,0,1675,0,0,2,2,0.0,0,-614,36,650,49,False,0
Lukas Nmecha,FWD,Leeds,1.2,0,0,4,0,0,0.3,1,347,0.01,0.01,0.00,0.28,40,1,0,0.1,0.2,2026-09-14T19:00:00Z,12,False,17,0,0,0,1,0,4,0,51359,0,0,1,4,0.0,1,-1054,6623,7677,54,True,0
César Palacios,MID,Fulham,2.2,0,0,0,0,0,0.0,0,570,0.00,0.00,0.00,0.00,35,0,0,0.0,0.0,2026-09-12T14:00:00Z,0,False,14,0,0,0,0,0,4,0,18348,0,0,0,0,0.0,0,-683,1449,2132,55,False,0
Alexis Mac Allister,MID,Liverpool,1.2,0,0,7,0,2,22.4,4,372,0.02,0.04,0.02,0.16,35,0,0,3.6,9.2,2026-09-12T14:00:00Z,30,False,10,0,0,0,1,0,4,0,145908,0,1,0,0,4.0,1,-7817,12996,20813,54,True,0
Jenson Seelt,DEF,Sunderland,0.0,0,0,0,0,0,0.0,0,537,0.00,0.00,0.00,0.00,36,0,0,0.0,0.0,2026-09-12T19:00:00Z,0,False,1,0,0,0,0,0,4,0,612,0,0,2,0,0.0,0,-100,0,100,45,True,0
Darnell Furlong,DEF,Ipswich Town,0.2,0,0,0,0,0,0.0,0,308,0.00,0.00,0.00,0.00,34,0,0,0.0,0.0,2026-09-12T14:00:00Z,0,False,8,0,0,0,0,0,4,0,52748,0,0,3,2,0.0,0,-3285,431,3716,40,False,0
Tom Cairney,MID,Fulham,0.0,0,0,0,0,0,0.0,0,266,0.00,0.00,0.00,0.00,35,0,0,0.0,0.0,2026-09-12T14:00:00Z,0,False,14,0,0,0,0,0,4,0,348,0,0,0,0,0.0,0,-3,50,53,50,False,0
Tyler Dibling,MID,Everton,0.2,0,0,0,0,0,0.0,0,245,0.00,0.00,0.00,0.00,37,0,0,0.0,0.0,2026-09-12T16:30:00Z,0,False,19,0,0,0,0,0,4,0,3002,0,0,0,0,0.0,0,-295,210,505,54,False,0
Dillon Phillips,GK,Hull City,0.0,0,0,0,0,0,0.0,0,273,0.00,0.00,0.00,0.00,33,0,0,0.0,0.0,2026-09-12T14:00:00Z,0,False,6,0,0,0,0,0,4,0,154407,0,0,2,2,0.0,0,-1217,8596,9813,40,False,0
Matty Cash,DEF,Aston Villa,1.2,0,0,0,0,0,0.0,0,32,0.00,0.00,0.00,0.00,31,0,0,0.0,0.0,2026-09-12T14:00:00Z,0,False,18,0,0,0,0,0,4,0,641566,0,0,2,1,0.0,0,-80882,18781,99663,45,True,0
Jack Clarke,MID,Ipswich Town,2.2,0,0,8,0,0,13.0,2,313,0.02,0.17,0.15,0.20,34,1,0,3.9,5.0,2026-09-12T14:00:00Z,62,False,8,0,0,0,1,0,4,0,22006,1,1,3,2,21.0,1,-3254,468,3722,54,False,1
Nathan Patterson,DEF,Everton,0.0,0,0,0,0,0,0.0,0,234,0.00,0.00,0.00,0.00,37,0,0,0.0,0.0,2026-09-12T16:30:00Z,0,False,19,0,0,0,0,0,4,0,1949,0,0,0,0,0.0,0,-744,0,744,45,False,0
Dominik Szoboszlai,MID,Liverpool,3.6,0,0,25,1,3,55.7,6,368,0.28,0.40,0.12,0.70,35,0,0,8.1,16.0,2026-09-12T14:00:00Z,90,False,10,0,0,0,3,0,4,0,4135360,1,0,0,0,9.0,3,-242164,274640,516804,70,True,0
Sávio Moreira de Oliveira,MID,Spurs,1.6,0,0,22,1,1,53.7,6,403,0.26,0.36,0.10,1.11,37,0,0,10.3,20.8,2026-09-12T16:30:00Z,90,False,9,0,0,0,5,0,4,0,75171,1,0,0,0,28.0,3,-583,13225,13808,65,True,0
Francisco Evanilson de Lima Barbosa,FWD,Bournemouth,3.2,1,0,22,0,1,40.0,4,79,0.25,0.25,0.00,0.48,32,2,0,6.7,22.8,2026-09-12T14:00:00Z,90,False,4,0,0,0,3,0,4,0,349369,1,0,2,2,4.0,5,3494,48861,45367,60,True,0
Matz Sels,GK,Nott'm Forest,2.4,0,0,19,0,2,0.0,0,467,0.00,0.00,0.00,0.82,31,1,0,3.5,35.0,2026-09-12T14:00:00Z,90,False,2,0,0,0,11,0,4,5,147158,1,0,2,1,0.0,3,2211,15113,12902,50,False,0
Marcos Senesi Barón,DEF,Spurs,0.6,0,0,0,0,0,0.0,0,498,0.00,0.00,0.00,0.00,37,0,0,0.0,0.0,2026-09-12T16:30:00Z,0,False,9,0,0,0,0,0,4,0,468891,0,0,0,0,0.0,0,-104635,4311,108946,59,True,0
Endo Wataru,MID,Liverpool,0.0,0,0,0,0,0,0.0,0,374,0.00,0.00,0.00,0.00,35,0,0,0.0,0.0,2026-09-12T14:00:00Z,0,False,10,0,0,0,0,0,4,0,6867,0,0,0,0,0.0,0,-568,531,1099,49,True,0
Ryan Sessegnon,DEF,Fulham,0.4,0,0,0,0,0,0.0,0,269,0.00,0.00,0.00,0.00,35,0,0,0.0,0.0,2026-09-12T14:00:00Z,0,False,14,0,0,0,0,0,4,0,34199,0,0,0,0,0.0,0,-4182,369,4551,44,False,0
Facundo Buonanotte,MID,Brighton,0.0,0,0,0,0,0,0.0,0,128,0.00,0.00,0.00,0.00,38,0,0,0.0,0.0,2026-09-13T13:00:00Z,0,False,7,0,0,0,0,0,4,0,223,0,0,5,0,0.0,0,-39,0,39,50,False,0
Daichi Kamada,MID,Crystal Palace,3.6,2,0,30,0,0,21.9,1,214,0.05,0.05,0.00,1.20,34,2,0,6.0,36.2,2026-09-12T14:00:00Z,83,False,12,0,0,0,0,0,4,0,44888,1,1,3,2,2.0,8,11985,18109,6124,50,True,0
Walter Benítez,GK,Crystal Palace,0.4,0,0,3,0,1,0.0,0,199,0.00,0.00,0.00,1.68,34,3,0,1.9,18.8,2026-09-12T14:00:00Z,90,False,12,0,0,0,7,0,4,3,11338,1,0,3,2,0.0,2,-389,563,952,45,True,0
Bernd Leno,GK,Fulham,3.0,0,2,29,1,1,0.0,0,250,0.00,0.00,0.00,1.28,35,0,0,2.5,25.4,2026-09-12T14:00:00Z,90,False,14,0,0,0,8,0,4,3,308412,1,0,0,0,0.0,9,-15234,19790,35024,45,False,0
Calvin Ramsay,DEF,Liverpool,0.0,0,0,0,0,0,0.0,0,365,0.00,0.00,0.00,0.00,35,0,0,0.0,0.0,2026-09-12T14:00:00Z,0,False,10,0,0,0,0,0,4,0,11136,0,0,0,0,0.0,0,-2067,0,2067,40,True,0
Dane Scarlett,FWD,Spurs,0.0,0,0,0,0,0,0.0,0,528,0.00,0.00,0.00,0.00,37,0,0,0.0,0.0,2026-09-12T16:30:00Z,0,False,9,0,0,0,0,0,4,0,142066,0,0,0,0,0.0,0,-31099,0,31099,45,True,0
Freddie Woodman,GK,Liverpool,0.0,0,0,0,0,0,0.0,0,352,0.00,0.00,0.00,0.00,35,0,0,0.0,0.0,2026-09-12T14:00:00Z,0,False,10,0,0,0,0,0,4,0,111999,0,0,0,0,0.0,0,-3423,3509,6932,40,True,0
Shea Lacey,MID,Man Utd,0.2,0,0,0,0,0,0.0,0,435,0.00,0.00,0.00,0.00,39,0,0,0.0,0.0,2026-09-13T15:30:00Z,0,False,15,0,0,0,0,0,4,0,5384,0,0,1,0,0.0,0,-577,197,774,49,True,0
Luka Vušković,DEF,Brighton,6.4,0,0,27,1,8,1.8,9,504,0.01,0.12,0.11,1.11,38,0,0,3.1,16.2,2026-09-13T13:00:00Z,77,False,7,0,0,0,4,0,4,0,369539,1,1,5,0,13.0,6,86436,131383,44947,50,False,0
Kai Havertz,FWD,Arsenal,3.8,0,0,0,1,1,12.4,2,26,0.02,0.36,0.34,1.80,36,0,0,4.6,1.6,2026-09-12T19:00:00Z,90,False,20,0,0,0,1,0,4,0,871717,1,0,2,0,32.0,1,118477,195764,77287,75,False,1
Djed Spence,DEF,Spurs,0.0,0,0,0,0,0,0.0,0,505,0.00,0.00,0.00,0.00,37,0,0,0.0,0.0,2026-09-12T16:30:00Z,0,False,9,0,0,0,0,0,4,0,28187,0,0,0,0,0.0,0,-5357,0,5357,45,True,0
Will Dennis,GK,Bournemouth,0.0,0,0,0,0,0,0.0,0,59,0.00,0.00,0.00,0.00,32,0,0,0.0,0.0,2026-09-12T14:00:00Z,0,False,4,0,0,0,0,0,4,0,14269,0,0,2,2,0.0,0,-1608,0,1608,40,True,0
Lucas Herrington,DEF,Hull City,1.0,0,0,-1,0,1,0.4,1,585,0.01,0.01,0.00,0.64,33,1,0,0.2,1.6,2026-09-12T14:00:00Z,31,False,6,0,0,0,0,0,4,0,62794,0,0,2,2,0.0,1,-2456,2136,4592,40,False,0
Liam Kitching,DEF,Coventry City,0.0,0,0,0,0,0,0.0,0,174,0.00,0.00,0.00,0.00,38,0,0,0.0,0.0,2026-09-13T13:00:00Z,0,False,5,0,0,0,0,0,4,0,43580,0,0,5,0,0.0,0,-10533,0,10533,40,True,0
Chris Rigg,MID,Sunderland,0.4,0,0,0,0,0,0.0,0,548,0.00,0.00,0.00,0.00,36,0,0,0.0,0.0,2026-09-12T19:00:00Z,0,False,1,0,0,0,0,0,4,0,5378,0,0,2,0,0.0,0,-504,130,634,49,True,0
Takehiro Tomiyasu,DEF,Crystal Palace,0.4,0,0,6,0,4,1.3,5,577,0.01,0.01,0.00,1.29,34,2,0,1.6,10.2,2026-09-12T14:00:00Z,53,False,12,0,0,0,3,0,4,0,31339,0,1,3,2,4.0,0,-2574,625,3199,45,True,0
Alex Murphy,DEF,Newcastle,0.0,0,0,0,0,0,0.0,0,451,0.00,0.00,0.00,0.00,40,0,0,0.0,0.0,2026-09-14T19:00:00Z,0,False,13,0,0,0,0,0,4,0,6793,0,0,1,4,0.0,0,-957,0,957,40,False,0
Mason Miley,MID,Newcastle,0.0,0,0,0,0,0,0.0,0,659,0.00,0.00,0.00,0.00,40,0,0,0.0,0.0,2026-09-14T19:00:00Z,0,False,13,0,0,0,0,0,4,0,0,0,0,1,4,0.0,0,0,0,0,45,False,0
Kiernan Dewsbury-Hall,MID,Everton,4.0,0,0,16,1,2,19.0,6,236,0.09,0.26,0.17,0.69,37,0,0,6.2,15.0,2026-09-12T16:30:00Z,90,False,19,0,0,0,4,0,4,0,497656,1,0,0,0,28.0,2,41220,141140,99920,65,False,1
Maxim De Cuyper,DEF,Brighton,7.4,1,2,41,1,1,46.9,1,115,0.04,0.07,0.03,1.33,38,0,0,7.5,24.8,2026-09-13T13:00:00Z,90,False,7,0,0,0,4,0,4,0,2489501,1,0,5,0,3.0,11,509874,640942,131068,48,False,0
Alex Cairns,GK,Leeds,0.0,0,0,0,0,0,0.0,0,625,0.00,0.00,0.00,0.00,40,0,0,0.0,0.0,2026-09-14T19:00:00Z,0,False,17,0,0,0,0,0,4,0,20648,0,0,1,4,0.0,0,3754,6067,2313,40,True,0
Braiden Graham,MID,Everton,0.0,0,0,0,0,0,0.0,0,654,0.00,0.00,0.00,0.00,37,0,0,0.0,0.0,2026-09-12T16:30:00Z,0,False,19,0,0,0,0,0,4,0,17369,0,0,0,0,0.0,0,7400,9461,2061,45,False,0
Archie Gray,MID,Spurs,1.8,0,0,13,1,4,6.7,11,522,0.03,0.12,0.09,1.08,37,0,0,2.6,9.6,2026-09-12T16:30:00Z,84,False,9,0,0,0,5,0,4,0,19703,1,2,0,0,10.0,3,-2439,876,3315,50,True,0
Loum Tchaouna,MID,Coventry City,0.8,0,0,0,0,0,0.0,0,190,0.00,0.00,0.00,0.00,38,0,0,0.0,0.0,2026-09-13T13:00:00Z,0,False,5,0,0,0,0,0,4,0,11417,0,0,5,0,0.0,0,-1390,187,1577,54,True,0
Dan Bentley,GK,Coventry City,0.0,0,0,0,0,0,0.0,0,623,0.00,0.00,0.00,0.00,38,0,0,0.0,0.0,2026-09-13T13:00:00Z,0,False,5,0,0,0,0,0,4,0,56982,0,0,5,0,0.0,0,25889,36983,11094,40,True,0
Kenny Tete,DEF,Fulham,0.0,0,0,-1,0,3,0.3,3,256,0.00,0.00,0.00,0.65,35,0,0,0.4,1.6,2026-09-12T14:00:00Z,27,False,14,0,0,0,0,0,4,0,21818,0,0,0,0,2.0,0,-2058,237,2295,44,False,1
Lucas Digne,DEF,Aston Villa,0.0,0,0,0,0,0,0.0,0,30,0.00,0.00,0.00,0.00,31,0,0,0.0,0.0,2026-09-12T14:00:00Z,0,False,18,0,0,0,0,0,4,0,5846,0,0,2,1,0.0,0,-932,0,932,45,True,0
Ollie Watkins,FWD,Aston Villa,0.0,0,0,0,0,0,0.0,0,55,0.00,0.00,0.00,0.00,31,0,0,0.0,0.0,2026-09-12T14:00:00Z,0,False,18,0,0,0,0,0,4,0,317753,0,0,2,1,0.0,0,-126292,0,126292,78,True,0
Tammy Abraham,FWD,Aston Villa,0.8,0,0,4,0,0,1.5,1,56,0.00,0.00,0.00,1.89,31,2,0,0.5,1.2,2026-09-12T14:00:00Z,45,False,18,0,0,0,1,0,4,0,17325,0,0,2,1,2.0,1,1369,4186,2817,55,True,0
Emersonn Correia da Silva,FWD,Ipswich Town,5.2,1,3,45,0,0,12.4,2,316,0.05,0.49,0.44,0.20,34,1,1,9.2,46.6,2026-09-12T14:00:00Z,62,False,8,0,0,0,2,0,4,0,178755,1,0,3,2,33.0,12,1738,26091,24353,55,False,0
Mateus Fernandes,MID,Spurs,1.4,0,0,15,1,0,13.0,4,525,0.03,0.14,0.11,0.67,37,0,0,3.8,3.0,2026-09-12T16:30:00Z,62,False,9,0,0,0,2,0,4,0,98672,1,2,0,0,22.0,3,-27969,1839,29808,58,True,0
Danny Welbeck,FWD,Chelsea,0.8,0,0,4,0,1,10.6,1,136,0.06,0.06,0.00,0.54,33,0,0,2.2,7.2,2026-09-12T14:00:00Z,12,False,11,0,0,0,0,0,4,0,82997,0,0,2,2,4.0,1,-5112,8018,13130,59,True,0
Junior Kroupi,MID,Bournemouth,0.0,0,0,0,0,0,0.0,0,78,0.00,0.00,0.00,0.00,32,0,0,0.0,0.0,2026-09-12T14:00:00Z,0,False,4,0,0,0,0,0,4,0,21026,0,0,2,2,0.0,0,-3124,197,3321,74,True,0
Jack Hinshelwood,MID,Brighton,0.0,0,0,0,0,0,0.0,0,123,0.00,0.00,0.00,0.00,38,0,0,0.0,0.0,2026-09-13T13:00:00Z,0,False,7,0,0,0,0,0,4,0,91458,0,0,5,0,0.0,0,-44735,1042,45777,60,False,0
James McAtee,MID,Nott'm Forest,2.0,0,0,18,0,4,27.3,12,486,0.38,0.41,0.03,0.73,31,1,0,5.2,14.8,2026-09-12T14:00:00Z,81,False,2,0,0,0,5,0,4,0,9321,1,3,2,1,10.0,3,546,1956,1410,55,False,1
Nico González Iglesias,MID,Newcastle,0.0,0,0,3,0,0,0.1,1,405,0.00,0.00,0.00,0.27,40,0,0,0.0,0.0,2026-09-14T19:00:00Z,18,False,13,0,0,0,1,0,4,0,26871,1,0,1,4,0.0,1,215,3834,3619,55,False,0
Bradley Burrowes,MID,Aston Villa,0.0,0,0,0,0,0,0.0,0,50,0.00,0.00,0.00,0.00,31,0,0,0.0,0.0,2026-09-12T14:00:00Z,0,False,18,0,0,0,0,0,4,0,71444,0,0,2,1,0.0,0,-1967,6646,8613,45,True,0
Exequiel Palacios,MID,Ipswich Town,2.8,0,0,14,0,5,5.9,13,619,0.04,0.04,0.00,0.62,34,2,0,2.6,18.0,2026-09-12T14:00:00Z,90,False,8,0,0,0,5,0,4,0,3376,1,3,3,2,2.0,4,1408,2317,909,50,False,0
Michael Kayode,DEF,Brentford,4.6,0,0,5,0,1,14.1,1,88,0.15,0.15,0.00,0.41,32,0,0,2.0,5.4,2026-09-12T14:00:00Z,19,False,3,0,0,0,1,0,4,0,934432,0,0,2,2,0.0,1,-58707,52146,110853,46,False,0
Shumaira Mheuka,FWD,Chelsea,0.0,0,0,0,0,0,0.0,0,169,0.00,0.00,0.00,0.00,33,0,0,0.0,0.0,2026-09-12T14:00:00Z,0,False,11,0,0,0,0,0,4,0,44291,0,0,2,2,0.0,0,1152,6884,5732,45,True,0
Harrison Armstrong,MID,Everton,2.4,0,0,6,1,3,4.5,5,244,0.02,0.02,0.00,0.69,37,0,0,1.9,12.4,2026-09-12T16:30:00Z,90,False,19,0,0,0,2,0,4,0,46365,1,0,0,0,2.0,3,4105,12956,8851,50,False,0
Bryan Mbeumo,MID,Man Utd,4.6,0,0,9,0,1,32.8,5,427,0.08,0.57,0.49,1.10,39,1,0,6.8,11.2,2026-09-13T15:30:00Z,90,False,15,0,0,0,3,0,4,0,2456322,1,1,1,0,24.0,2,-362745,156650,519395,79,True,0
Bruno Borges Fernandes,MID,Man Utd,5.8,0,0,17,0,1,31.4,7,426,0.33,0.36,0.03,1.10,39,1,0,5.5,17.0,2026-09-13T15:30:00Z,90,False,15,0,0,0,4,0,4,0,4455713,1,2,1,0,7.0,2,-615807,123022,738829,120,True,0
Bukayo Saka,MID,Arsenal,6.4,0,0,28,1,2,16.9,7,12,0.08,1.46,1.38,1.80,36,0,1,11.9,45.4,2026-09-12T19:00:00Z,90,False,20,0,0,0,4,0,4,0,1257689,1,1,2,0,57.0,8,64680,213086,148406,95,False,0
Hidemasa Morita,MID,Hull City,0.0,0,0,0,0,0,0.0,0,563,0.00,0.00,0.00,0.00,33,0,0,0.0,0.0,2026-09-12T14:00:00Z,0,False,6,0,0,0,0,0,4,0,2165,0,0,2,2,0.0,0,-369,141,510,50,False,0
Nick Woltemade,FWD,Newcastle,0.0,0,0,0,0,0,0.0,0,463,0.00,0.00,0.00,0.00,40,0,0,0.0,0.0,2026-09-14T19:00:00Z,0,False,13,0,0,0,0,0,4,0,66136,0,0,1,4,0.0,0,-39340,0,39340,59,False,0
Fabian Schär,DEF,Newcastle,0.4,0,0,0,0,0,0.0,0,446,0.00,0.00,0.00,0.00,40,0,0,0.0,0.0,2026-09-14T19:00:00Z,0,False,13,0,0,0,0,0,4,0,23553,0,0,1,4,0.0,0,-2216,1440,3656,50,False,0
Liam Millar,MID,Hull City,0.0,0,0,0,0,0,0.0,0,287,0.00,0.00,0.00,0.00,33,0,0,0.0,0.0,2026-09-12T14:00:00Z,0,False,6,0,0,0,0,0,4,0,4292,0,0,2,2,0.0,0,-2492,0,2492,50,False,0
Reiss Nelson,MID,Arsenal,0.0,0,0,0,0,0,0.0,0,24,0.00,0.00,0.00,0.00,36,0,0,0.0,0.0,2026-09-12T19:00:00Z,0,False,20,0,0,0,0,0,4,0,565,0,0,2,0,0.0,0,-113,0,113,55,False,0
Tino Livramento,DEF,Newcastle,0.8,1,0,9,0,1,3.8,3,450,0.01,0.01,0.00,0.16,40,1,0,1.3,4.8,2026-09-14T19:00:00Z,32,False,13,0,0,0,4,0,4,0,6615,0,2,1,4,4.0,3,2452,3493,1041,49,False,1
Elliot Anderson,MID,Man City,2.6,0,0,18,1,5,3.3,14,481,0.01,0.01,0.00,1.00,39,0,0,1.9,15.2,2026-09-13T15:30:00Z,90,False,16,0,0,0,6,0,4,0,447292,1,3,1,0,0.0,5,-76716,16389,93105,63,False,0
Mike Penders,GK,Chelsea,0.0,0,0,0,0,0,0.0,0,560,0.00,0.00,0.00,0.00,33,0,0,0.0,0.0,2026-09-12T14:00:00Z,0,False,11,0,0,0,0,0,4,0,6637,0,0,2,2,0.0,0,-482,321,803,44,True,0
James McConnell,MID,Liverpool,0.0,0,0,0,0,0,0.0,0,378,0.00,0.00,0.00,0.00,35,0,0,0.0,0.0,2026-09-12T14:00:00Z,0,False,10,0,0,0,0,0,4,0,23763,0,0,0,0,0.0,0,-1744,870,2614,45,True,0
Sávio Moreira de Oliveira,MID,Spurs,1.6,0,0,22,1,1,53.7,6,403,0.26,0.36,0.10,1.11,37,0,0,10.3,20.8,2026-09-12T16:30:00Z,90,False,9,0,0,0,5,0,4,0,75171,1,0,0,0,28.0,3,-583,13225,13808,65,True,0
Nicolas Jackson,FWD,Aston Villa,2.0,0,0,0,0,0,2.0,0,166,0.04,0.04,0.00,0.39,31,0,0,0.2,0.0,2026-09-12T14:00:00Z,45,False,18,0,0,0,0,0,4,0,143354,1,0,2,1,2.0,0,28857,47223,18366,65,True,1
Jaydee Canvot,DEF,Crystal Palace,0.4,0,0,0,0,0,0.0,0,203,0.00,0.00,0.00,0.00,34,0,0,0.0,0.0,2026-09-12T14:00:00Z,0,False,12,0,0,0,0,0,4,0,25690,0,0,3,2,0.0,0,-1594,2554,4148,49,True,0
Richarlison de Andrade,FWD,Spurs,0.0,0,0,0,0,0,0.0,0,527,0.00,0.00,0.00,0.00,37,0,0,0.0,0.0,2026-09-12T16:30:00Z,0,False,9,0,0,0,0,0,4,0,94527,0,0,0,0,0.0,0,-69368,0,69368,59,True,0
Ben Johnson,DEF,Ipswich Town,0.0,0,0,0,0,0,0.0,0,307,0.00,0.00,0.00,0.00,34,0,0,0.0,0.0,2026-09-12T14:00:00Z,0,False,8,0,0,0,0,0,4,0,7782,0,0,3,2,0.0,0,-2380,0,2380,40,False,0
Adam Smith,DEF,Bournemouth,0.4,0,0,-1,0,5,2.0,6,64,0.01,0.01,0.00,0.50,32,2,0,1.3,11.4,2026-09-12T14:00:00Z,90,False,4,0,0,0,4,0,4,0,14155,1,1,2,2,0.0,0,-233,1505,1738,45,True,1
Emiliano Martínez Romero,GK,Chelsea,1.8,0,0,10,0,0,0.0,0,28,0.00,0.00,0.00,1.38,33,2,0,2.0,19.6,2026-09-12T14:00:00Z,90,False,11,0,0,0,10,0,4,3,564431,1,0,2,2,0.0,2,68402,119022,50620,50,True,0
Tatsuhiro Sakamoto,MID,Coventry City,0.2,0,0,0,0,0,0.0,0,185,0.00,0.00,0.00,0.00,38,0,0,0.0,0.0,2026-09-13T13:00:00Z,0,False,5,0,0,0,0,0,4,0,7657,0,0,5,0,0.0,0,-975,207,1182,49,True,0
Xaver Schlager,MID,Nott'm Forest,2.2,0,0,18,0,3,15.2,16,558,0.02,0.08,0.06,0.82,31,1,0,5.4,21.8,2026-09-12T14:00:00Z,90,False,2,0,0,0,7,0,4,0,10277,1,6,2,1,17.0,3,-224,1040,1264,50,False,1
Andrés García,DEF,Aston Villa,0.0,0,0,0,0,0,0.0,0,38,0.00,0.00,0.00,0.00,31,0,0,0.0,0.0,2026-09-12T14:00:00Z,0,False,18,0,0,0,0,0,4,0,183834,0,0,2,1,0.0,0,-4343,12784,17127,40,True,0
Femi Azeez,MID,Brighton,0.0,0,0,0,0,0,0.0,0,652,0.00,0.00,0.00,0.00,38,0,0,0.0,0.0,2026-09-13T13:00:00Z,0,False,7,0,0,0,0,0,4,0,315,0,0,5,0,0.0,0,62,121,59,55,False,0
Frank Onyeka,MID,Coventry City,1.2,0,0,11,0,2,0.9,7,104,0.01,0.04,0.03,2.16,38,3,0,2.8,6.2,2026-09-13T13:00:00Z,72,False,5,0,0,0,4,0,4,0,11832,1,1,5,0,21.0,2,-1084,629,1713,49,True,0
Darnell Furlong,DEF,Ipswich Town,0.2,0,0,0,0,0,0.0,0,308,0.00,0.00,0.00,0.00,34,0,0,0.0,0.0,2026-09-12T14:00:00Z,0,False,8,0,0,0,0,0,4,0,52748,0,0,3,2,0.0,0,-3285,431,3716,40,False,0
Jacob Murphy,MID,Newcastle,0.6,0,0,2,0,0,3.7,4,457,0.14,0.14,0.00,1.91,40,3,0,0.7,1.2,2026-09-14T19:00:00Z,56,False,13,0,0,0,3,0,4,0,13575,1,1,1,4,2.0,0,-1103,1062,2165,59,False,1
Floyd Samba,MID,Man City,0.0,0,0,0,0,0,0.0,0,653,0.00,0.00,0.00,0.00,39,0,0,0.0,0.0,2026-09-13T15:30:00Z,0,False,16,0,0,0,0,0,4,0,5002,0,0,1,0,0.0,0,2090,2898,808,45,False,0
Robinio Vaz,FWD,Hull City,0.7,0,0,3,0,0,0.5,1,637,0.00,0.00,0.00,0.18,33,0,0,0.0,0.0,2026-09-12T14:00:00Z,8,False,6,0,0,0,1,0,4,0,5168,0,0,2,2,0.0,1,2411,3312,901,50,False,0
Alejandro Garnacho Ferreyra,MID,Aston Villa,0.6,0,0,0,0,0,0.0,0,160,0.00,0.00,0.00,0.00,31,0,0,0.0,0.0,2026-09-12T14:00:00Z,0,False,18,0,0,0,0,0,4,0,40475,0,0,2,1,0.0,0,-7225,1531,8756,59,True,0
Issa Diop,DEF,Ipswich Town,2.4,0,0,8,0,6,1.8,7,259,0.13,0.13,0.00,0.62,34,2,0,1.9,15.0,2026-09-12T14:00:00Z,90,False,8,0,0,0,5,0,4,0,1519556,1,1,3,2,2.0,1,-104266,39336,143602,40,False,0
Matheus Santos Carneiro da Cunha,MID,Man Utd,3.2,0,0,8,0,0,14.3,2,428,0.03,0.14,0.11,1.10,39,1,0,3.2,2.4,2026-09-13T15:30:00Z,90,False,15,0,0,0,1,0,4,0,680785,1,1,1,0,15.0,2,-138505,11751,150256,79,True,0
Jarrad Branthwaite,DEF,Everton,5.4,0,0,27,1,8,3.4,9,230,0.00,0.00,0.00,0.69,37,0,0,3.3,30.0,2026-09-12T16:30:00Z,90,False,19,0,0,0,2,0,4,0,206240,1,1,0,0,0.0,6,14503,35472,20969,55,False,0
Morgan Rogers,MID,Chelsea,5.8,0,1,31,0,0,5.9,6,40,0.02,0.23,0.21,1.38,33,2,1,9.1,43.2,2026-09-12T14:00:00Z,90,False,11,0,0,0,4,0,4,0,3834585,1,2,2,2,42.0,8,1039938,1168508,128570,76,True,0
Saša Lukić,MID,Ipswich Town,2.2,0,0,8,0,5,23.5,10,267,0.10,0.10,0.00,0.35,34,2,0,3.6,10.2,2026-09-12T14:00:00Z,76,False,8,0,0,0,4,0,4,0,11520,1,1,3,2,2.0,1,-645,772,1417,50,False,1
Marcus Bettinelli,GK,Man City,0.0,0,0,0,0,0,0.0,0,386,0.00,0.00,0.00,0.00,39,0,0,0.0,0.0,2026-09-13T15:30:00Z,0,False,16,0,0,0,0,0,4,0,2911,0,0,1,0,0.0,0,-113,128,241,45,False,0
Noni Madueke,MID,Arsenal,0.4,0,0,0,0,0,0.0,0,16,0.00,0.00,0.00,0.00,36,0,0,0.0,0.0,2026-09-12T19:00:00Z,0,False,20,0,0,0,0,0,4,0,23695,0,0,2,0,0.0,0,-3081,1399,4480,63,False,0
Romaine Mundle,MID,Sunderland,0.0,0,0,0,0,0,0.0,0,547,0.00,0.00,0.00,0.00,36,0,0,0.0,0.0,2026-09-12T19:00:00Z,0,False,1,0,0,0,0,0,4,0,691,0,0,2,0,0.0,0,-146,53,199,49,True,0
Tammy Abraham,FWD,Aston Villa,0.8,0,0,4,0,0,1.5,1,56,0.00,0.00,0.00,1.89,31,2,0,0.5,1.2,2026-09-12T14:00:00Z,45,False,18,0,0,0,1,0,4,0,17325,0,0,2,1,2.0,1,1369,4186,2817,55,True,0
Victor Munoz,MID,Liverpool,2.8,0,0,5,0,0,1.4,2,377,0.00,0.10,0.10,0.54,35,0,0,4.2,3.4,2026-09-12T14:00:00Z,59,False,10,0,0,0,2,0,4,0,130437,1,0,0,0,37.0,1,-9953,20664,30617,65,True,0
Steven Benda,GK,Nott'm Forest,0.0,0,0,0,0,0,0.0,0,590,0.00,0.00,0.00,0.00,31,0,0,0.0,0.0,2026-09-12T14:00:00Z,0,False,2,0,0,0,0,0,4,0,7551,0,0,2,1,0.0,0,-80,543,623,45,False,0
Rayan Aït-Nouri,DEF,Man City,0.0,0,0,0,0,0,0.0,0,392,0.00,0.00,0.00,0.00,39,0,0,0.0,0.0,2026-09-13T15:30:00Z,0,False,16,0,0,0,0,0,4,0,48901,0,0,1,0,0.0,0,-9974,1355,11329,53,False,0
Jean-Philippe Mateta,FWD,Crystal Palace,0.0,0,0,0,0,0,0.0,0,223,0.00,0.00,0.00,0.00,34,0,0,0.0,0.0,2026-09-12T14:00:00Z,0,False,12,0,0,0,0,0,4,0,175573,0,0,3,2,0.0,0,-72649,343,72992,64,True,0
Alex Iwobi,MID,Fulham,1.8,0,0,15,1,0,33.7,4,261,0.11,0.26,0.15,0.81,35,0,0,5.1,7.6,2026-09-12T14:00:00Z,76,False,14,0,0,0,3,0,4,0,75540,1,1,0,0,10.0,3,-14119,2396,16515,54,False,0
Tanaka Ao,MID,Leeds,2.4,1,0,24,1,1,3.1,5,345,0.03,0.09,0.06,0.58,40,0,0,1.4,9.2,2026-09-14T19:00:00Z,71,False,17,0,0,0,2,0,4,0,25771,1,2,1,4,2.0,6,2579,5747,3168,49,True,0
Darko Gyabi,MID,Hull City,0.0,0,0,0,0,0,0.0,0,297,0.00,0.00,0.00,0.00,33,0,0,0.0,0.0,2026-09-12T14:00:00Z,0,False,6,0,0,0,0,0,4,0,2036,0,0,2,2,0.0,0,-159,123,282,45,False,0
James Hill,DEF,Bournemouth,1.6,0,0,5,0,10,11.4,11,60,0.01,0.01,0.00,0.50,32,2,0,3.3,22.0,2026-09-12T14:00:00Z,90,False,4,0,0,0,3,0,4,0,89044,1,1,2,2,0.0,2,-2382,8173,10555,55,True,1
Bendito Mantato,MID,Man Utd,0.0,0,0,0,0,0,0.0,0,437,0.00,0.00,0.00,0.00,39,0,0,0.0,0.0,2026-09-13T15:30:00Z,0,False,15,0,0,0,0,0,4,0,19130,0,0,1,0,0.0,0,-694,1317,2011,45,True,0
Stefan Bajčetić Maquieira,MID,Liverpool,0.0,0,0,0,0,0,0.0,0,376,0.00,0.00,0.00,0.00,35,0,0,0.0,0.0,2026-09-12T14:00:00Z,0,False,10,0,0,0,0,0,4,0,128,0,0,0,0,0.0,0,-23,0,23,50,True,0
Reiss Nelson,MID,Arsenal,0.0,0,0,0,0,0,0.0,0,24,0.00,0.00,0.00,0.00,36,0,0,0.0,0.0,2026-09-12T19:00:00Z,0,False,20,0,0,0,0,0,4,0,565,0,0,2,0,0.0,0,-113,0,113,55,False,0
Stefanos Tzimas,FWD,Brighton,0.0,0,0,0,0,0,0.0,0,137,0.00,0.00,0.00,0.00,38,0,0,0.0,0.0,2026-09-13T13:00:00Z,0,False,7,0,0,0,0,0,4,0,705,0,0,5,0,0.0,0,-82,70,152,55,False,0
Ilyas Ansah,FWD,Hull City,0.0,0,0,0,0,0,0.0,0,632,0.00,0.00,0.00,0.00,33,0,0,0.0,0.0,2026-09-12T14:00:00Z,0,False,6,0,0,0,0,0,4,0,4222,0,0,2,2,0.0,0,1122,2674,1552,50,False,0
Tijjani Reijnders,MID,Man City,0.0,0,0,0,0,0,0.0,0,404,0.00,0.00,0.00,0.00,39,0,0,0.0,0.0,2026-09-13T15:30:00Z,0,False,16,0,0,0,0,0,4,0,3943,0,0,1,0,0.0,0,-541,0,541,60,False,0
Borna Sosa,DEF,Crystal Palace,0.0,0,0,0,0,0,0.0,0,205,0.00,0.00,0.00,0.00,34,0,0,0.0,0.0,2026-09-12T14:00:00Z,0,False,12,0,0,0,0,0,4,0,1928,0,0,3,2,0.0,0,-639,0,639,45,True,0
Chemsdine Talbi,MID,Sunderland,0.2,0,0,0,0,0,0.0,0,549,0.00,0.00,0.00,0.00,36,0,0,0.0,0.0,2026-09-12T19:00:00Z,0,False,1,0,0,0,0,0,4,0,15167,0,0,2,0,0.0,0,-2338,214,2552,54,True,0
Brian Brobbey,FWD,Sunderland,1.4,0,0,4,0,0,11.5,4,552,0.01,0.01,0.00,1.88,36,2,0,2.4,0.0,2026-09-12T19:00:00Z,90,False,1,0,0,0,4,0,4,0,701070,1,0,2,0,14.0,1,-246486,13895,260381,58,True,1
Ross Barkley,MID,Aston Villa,2.0,0,0,14,0,0,2.7,7,46,0.01,0.04,0.03,1.42,31,1,0,1.6,6.0,2026-09-12T14:00:00Z,62,False,18,0,0,0,3,0,4,0,29642,1,4,2,1,7.0,2,1496,5244,3748,50,True,0
Eliot Matazo,MID,Hull City,0.0,0,0,0,0,0,0.0,0,291,0.00,0.00,0.00,0.00,33,0,0,0.0,0.0,2026-09-12T14:00:00Z,0,False,6,0,0,0,0,0,4,0,664,0,0,2,2,0.0,0,1,117,116,45,False,0
Mason Burstow,FWD,Hull City,0.0,0,0,0,0,0,0.0,0,299,0.00,0.00,0.00,0.00,33,0,0,0.0,0.0,2026-09-12T14:00:00Z,0,False,6,0,0,0,0,0,4,0,3872,0,0,2,2,0.0,0,-497,0,497,45,False,0
Ethan Nwaneri,MID,Arsenal,0.0,0,0,0,0,0,0.0,0,22,0.00,0.00,0.00,0.00,36,0,0,0.0,0.0,2026-09-12T19:00:00Z,0,False,20,0,0,0,0,0,4,0,783,0,0,2,0,0.0,0,-333,0,333,54,False,0
Alexis Mac Allister,MID,Liverpool,1.2,0,0,7,0,2,22.4,4,372,0.02,0.04,0.02,0.16,35,0,0,3.6,9.2,2026-09-12T14:00:00Z,30,False,10,0,0,0,1,0,4,0,145908,0,1,0,0,4.0,1,-7817,12996,20813,54,True,0
Romain Esse,MID,Crystal Palace,0.0,0,0,0,0,0,0.0,0,216,0.00,0.00,0.00,0.00,34,0,0,0.0,0.0,2026-09-12T14:00:00Z,0,False,12,0,0,0,0,0,4,0,2168,0,0,3,2,0.0,0,-963,0,963,50,True,0
Julio Enciso,MID,Ipswich Town,3.0,0,0,7,0,1,13.8,5,591,0.20,0.25,0.05,0.62,34,2,0,2.9,2.2,2026-09-12T14:00:00Z,90,False,8,0,0,0,4,0,4,0,96833,1,0,3,2,13.0,2,12977,28533,15556,55,False,0
Alex Cairns,GK,Leeds,0.0,0,0,0,0,0,0.0,0,625,0.00,0.00,0.00,0.00,40,0,0,0.0,0.0,2026-09-14T19:00:00Z,0,False,17,0,0,0,0,0,4,0,20648,0,0,1,4,0.0,0,3754,6067,2313,40,True,0
Sven Botman,DEF,Newcastle,3.0,0,0,2,0,15,0.3,17,447,0.00,0.00,0.00,2.08,40,4,0,3.2,31.2,2026-09-14T19:00:00Z,90,False,13,0,0,0,4,0,4,0,71884,1,2,1,4,0.0,2,1208,9972,8764,50,False,0
Emile Smith Rowe,MID,Fulham,0.6,0,0,3,0,1,0.5,2,262,0.00,0.00,0.00,0.46,35,0,0,0.2,1.2,2026-09-12T14:00:00Z,13,False,14,0,0,0,1,0,4,0,28676,0,0,0,0,0.0,1,-4117,777,4894,54,False,0
Joe Gelhardt,MID,Hull City,0.2,0,0,0,0,0,0.0,0,340,0.00,0.00,0.00,0.00,33,0,0,0.0,0.0,2026-09-12T14:00:00Z,0,False,6,0,0,0,0,0,4,0,1173,0,0,2,2,0.0,0,22,185,163,50,False,0
Felipe Rodrigues da Silva,DEF,Nott'm Forest,0.0,0,0,0,0,0,0.0,0,470,0.00,0.00,0.00,0.00,31,0,0,0.0,0.0,2026-09-12T14:00:00Z,0,False,2,0,0,0,0,0,4,0,2529,0,0,2,1,0.0,0,-1122,0,1122,50,False,0
Lucas Herrington,DEF,Hull City,1.0,0,0,-1,0,1,0.4,1,585,0.01,0.01,0.00,0.64,33,1,0,0.2,1.6,2026-09-12T14:00:00Z,31,False,6,0,0,0,0,0,4,0,62794,0,0,2,2,0.0,1,-2456,2136,4592,40,False,0
Ryan McAidoo,MID,Man City,0.5,0,0,0,0,0,0.0,0,621,0.00,0.00,0.00,0.00,39,0,0,0.0,0.0,2026-09-13T15:30:00Z,0,False,16,0,0,0,0,0,4,0,13105,0,0,1,0,0.0,0,1361,3586,2225,45,False,0
Neco Williams,DEF,Nott'm Forest,3.4,0,0,9,0,2,19.9,3,469,0.16,0.36,0.20,0.82,31,1,0,3.9,8.8,2026-09-12T14:00:00Z,90,False,2,0,0,0,1,0,4,0,864022,1,1,2,1,10.0,2,7392,91886,84494,50,False,0
Norman Bassette,FWD,Coventry City,0.0,0,0,0,0,0,0.0,0,197,0.00,0.00,0.00,0.00,38,0,0,0.0,0.0,2026-09-13T13:00:00Z,0,False,5,0,0,0,0,0,4,0,2877,0,0,5,0,0.0,0,-350,0,350,45,True,0
Lucas Estella Perri,GK,Leeds,0.0,0,0,0,0,0,0.0,0,326,0.00,0.00,0.00,0.00,40,0,0,0.0,0.0,2026-09-14T19:00:00Z,0,False,17,0,0,0,0,0,4,0,38525,0,0,1,4,0.0,0,-6925,0,6925,45,True,0
Younes Ibrahim,MID,Brighton,0.0,0,0,0,0,0,0.0,0,658,0.00,0.00,0.00,0.00,38,0,0,0.0,0.0,2026-09-13T13:00:00Z,0,False,7,0,0,0,0,0,4,0,0,0,0,5,0,0.0,0,0,0,0,45,False,0
Trevoh Chalobah,DEF,Chelsea,0.0,0,0,0,0,0,0.0,0,143,0.00,0.00,0.00,0.00,33,0,0,0.0,0.0,2026-09-12T14:00:00Z,0,False,11,0,0,0,0,0,4,0,8308,0,0,2,2,0.0,0,-1338,0,1338,55,True,0
Cathal McCarthy,DEF,Hull City,0.0,0,0,0,0,0,0.0,0,284,0.00,0.00,0.00,0.00,33,0,0,0.0,0.0,2026-09-12T14:00:00Z,0,False,6,0,0,0,0,0,4,0,9522,0,0,2,2,0.0,0,-54,986,1040,40,False,0
Chido Obi,FWD,Man Utd,0.0,0,0,0,0,0,0.0,0,441,0.00,0.00,0.00,0.00,39,0,0,0.0,0.0,2026-09-13T15:30:00Z,0,False,15,0,0,0,0,0,4,0,129085,0,0,1,0,0.0,0,775,15048,14273,45,True,0
Brian Brobbey,FWD,Sunderland,1.4,0,0,4,0,0,11.5,4,552,0.01,0.01,0.00,1.88,36,2,0,2.4,0.0,2026-09-12T19:00:00Z,90,False,1,0,0,0,4,0,4,0,701070,1,0,2,0,14.0,1,-246486,13895,260381,58,True,1
Ben Davies,DEF,Spurs,0.0,0,0,0,0,0,0.0,0,508,0.00,0.00,0.00,0.00,37,0,0,0.0,0.0,2026-09-12T16:30:00Z,0,False,9,0,0,0,0,0,4,0,93661,0,0,0,0,0.0,0,-6385,2570,8955,40,True,0
Joél Drakes-Thomas,MID,Crystal Palace,0.0,0,0,0,0,0,0.0,0,221,0.00,0.00,0.00,0.00,34,0,0,0.0,0.0,2026-09-12T14:00:00Z,0,False,12,0,0,0,0,0,4,0,8428,0,0,3,2,0.0,0,-226,850,1076,45,True,0
Jens Hjertø-Dahl,MID,Hull City,0.2,0,0,0,0,0,0.0,0,574,0.00,0.00,0.00,0.00,33,0,0,0.0,0.0,2026-09-12T14:00:00Z,0,False,6,0,0,0,0,0,4,0,6454,0,0,2,2,0.0,0,-421,444,865,49,False,0
Will Hughes,MID,Crystal Palace,0.4,0,0,6,0,1,15.0,4,212,0.04,0.04,0.00,0.55,34,1,0,2.1,5.6,2026-09-12T14:00:00Z,13,False,12,0,0,0,2,0,4,0,888879,0,1,3,2,0.0,1,-87271,26618,113889,45,True,0
Taylor Harwood-Bellis,DEF,Aston Villa,0.0,0,0,0,0,0,0.0,0,630,0.00,0.00,0.00,0.00,31,0,0,0.0,0.0,2026-09-12T14:00:00Z,0,False,18,0,0,0,0,0,4,0,1586,0,0,2,1,0.0,0,388,653,265,45,True,0
Joelinton Cássio Apolinário de Lira,MID,Newcastle,0.0,0,0,0,0,0,0.0,0,458,0.00,0.00,0.00,0.00,40,0,0,0.0,0.0,2026-09-14T19:00:00Z,0,False,13,0,0,0,0,0,4,0,2032,0,0,1,4,0.0,0,-249,33,282,54,False,0
Harry Howell,MID,Brighton,0.0,0,0,0,0,0,0.0,0,132,0.00,0.00,0.00,0.00,38,0,0,0.0,0.0,2026-09-13T13:00:00Z,0,False,7,0,0,0,0,0,4,0,3658,0,0,5,0,0.0,0,-575,0,575,45,False,0
Nilson Angulo,MID,Sunderland,2.4,0,0,7,0,0,0.9,3,551,0.00,0.00,0.00,0.81,36,1,0,0.5,2.2,2026-09-12T19:00:00Z,69,False,1,0,0,0,1,0,4,0,14020,1,2,2,0,2.0,2,-1700,1450,3150,50,True,0
Divine Mukasa,MID,Man City,0.0,0,0,0,0,0,0.0,0,409,0.00,0.00,0.00,0.00,39,0,0,0.0,0.0,2026-09-13T15:30:00Z,0,False,16,0,0,0,0,0,4,0,11304,0,0,1,0,0.0,0,-3408,0,3408,45,False,0
Tom Heaton,GK,Man Utd,0.0,0,0,0,0,0,0.0,0,414,0.00,0.00,0.00,0.00,39,0,0,0.0,0.0,2026-09-13T15:30:00Z,0,False,15,0,0,0,0,0,4,0,8836,0,0,1,0,0.0,0,-119,696,815,40,True,0
Will Hughes,MID,Crystal Palace,0.4,0,0,6,0,1,15.0,4,212,0.04,0.04,0.00,0.55,34,1,0,2.1,5.6,2026-09-12T14:00:00Z,13,False,12,0,0,0,2,0,4,0,888879,0,1,3,2,0.0,1,-87271,26618,113889,45,True,0
Danny Welbeck,FWD,Chelsea,0.8,0,0,4,0,1,10.6,1,136,0.06,0.06,0.00,0.54,33,0,0,2.2,7.2,2026-09-12T14:00:00Z,12,False,11,0,0,0,0,0,4,0,82997,0,0,2,2,4.0,1,-5112,8018,13130,59,True,0
Adam Smith,DEF,Bournemouth,0.4,0,0,-1,0,5,2.0,6,64,0.01,0.01,0.00,0.50,32,2,0,1.3,11.4,2026-09-12T14:00:00Z,90,False,4,0,0,0,4,0,4,0,14155,1,1,2,2,0.0,0,-233,1505,1738,45,True,1
Adrien Truffert,DEF,Bournemouth,1.6,0,0,23,0,8,18.0,16,61,0.10,0.18,0.08,0.50,32,2,0,8.5,38.6,2026-09-12T14:00:00Z,90,False,4,0,0,0,3,0,4,0,362027,1,8,2,2,28.0,3,-33011,12869,45880,55,True,0
Vitalii Mykolenko,DEF,Everton,5.4,0,3,38,1,4,11.3,11,233,0.07,0.07,0.00,0.69,37,0,0,4.0,24.4,2026-09-12T16:30:00Z,90,False,19,0,0,0,4,0,4,0,216365,1,7,0,0,4.0,11,33677,70682,37005,45,False,0
Kevin Schade,MID,Brentford,7.8,0,3,49,0,0,8.3,4,94,0.10,0.31,0.21,1.75,32,2,2,10.7,70.8,2026-09-12T14:00:00Z,90,False,3,0,0,0,3,0,4,0,374153,1,1,2,2,28.0,15,-59161,28990,88151,60,False,0
Victor Torp,MID,Coventry City,0.6,0,0,3,0,0,0.4,0,188,0.00,0.00,0.00,0.21,38,1,0,0.1,0.4,2026-09-13T13:00:00Z,6,False,5,0,0,0,0,0,4,0,11943,0,0,5,0,0.0,1,-1542,52,1594,54,True,0
Chris Wood,FWD,Nott'm Forest,0.6,0,0,3,0,0,0.0,0,490,0.00,0.00,0.00,0.09,31,0,0,0.0,0.0,2026-09-12T14:00:00Z,1,False,2,0,0,0,0,0,4,0,108335,0,0,2,1,0.0,1,-17430,4564,21994,59,False,0
Hugo Ekitiké,FWD,Liverpool,0.0,0,0,0,0,0,0.0,0,380,0.00,0.00,0.00,0.00,35,0,0,0.0,0.0,2026-09-12T14:00:00Z,0,False,10,0,0,0,0,0,4,0,11892,0,0,0,0,0.0,0,-1567,474,2041,74,True,0
Alex Palmer,GK,Ipswich Town,0.0,0,0,0,0,0,0.0,0,301,0.00,0.00,0.00,0.00,34,0,0,0.0,0.0,2026-09-12T14:00:00Z,0,False,8,0,0,0,0,0,4,0,443746,0,0,3,2,0.0,0,-8837,24047,32884,40,False,0
Luca Netz,DEF,Nott'm Forest,0.4,0,0,0,0,0,0.0,0,478,0.00,0.00,0.00,0.00,31,0,0,0.0,0.0,2026-09-12T14:00:00Z,0,False,2,0,0,0,0,0,4,0,3279,0,0,2,1,0.0,0,-264,104,368,45,False,0
Nico O'Reilly,DEF,Man City,1.0,0,0,3,0,0,0.5,0,387,0.00,0.00,0.00,0.50,39,0,0,0.1,0.0,2026-09-13T15:30:00Z,8,False,16,0,0,0,1,0,4,0,1381174,0,0,1,0,0.0,1,-538591,8499,547090,64,False,0
Conor Gallagher,MID,Spurs,1.8,0,0,0,0,0,0.0,0,519,0.00,0.00,0.00,0.00,37,0,0,0.0,0.0,2026-09-12T16:30:00Z,0,False,9,0,0,0,0,0,4,0,21226,0,0,0,0,0.0,0,-1744,812,2556,54,True,0
Matheus França de Oliveira,MID,Crystal Palace,0.0,0,0,0,0,0,0.0,0,217,0.00,0.00,0.00,0.00,34,0,0,0.0,0.0,2026-09-12T14:00:00Z,0,False,12,0,0,0,0,0,4,0,1885,0,0,3,2,0.0,0,-730,57,787,49,True,0
Rico Lewis,DEF,Man City,0.2,0,0,0,0,0,0.0,0,395,0.00,0.00,0.00,0.00,39,0,0,0.0,0.0,2026-09-13T15:30:00Z,0,False,16,0,0,0,0,0,4,0,22298,0,0,1,0,0.0,0,-3042,1037,4079,44,False,0
Mats Wieffer,DEF,Brighton,0.0,0,0,0,0,0,0.0,0,130,0.00,0.00,0.00,0.00,38,0,0,0.0,0.0,2026-09-13T13:00:00Z,0,False,7,0,0,0,0,0,4,0,26541,0,0,5,0,0.0,0,-18513,68,18581,50,False,0
Merlin Röhl,MID,Everton,0.0,0,0,0,0,0,0.0,0,246,0.00,0.00,0.00,0.00,37,0,0,0.0,0.0,2026-09-12T16:30:00Z,0,False,19,0,0,0,0,0,4,0,5016,0,0,0,0,0.0,0,-469,572,1041,50,False,0
Marcus Tavernier,MID,Bournemouth,5.8,0,2,44,0,2,58.3,8,68,0.47,0.67,0.20,0.39,32,2,1,14.5,49.4,2026-09-12T14:00:00Z,82,False,4,0,0,0,5,0,4,0,417515,1,1,2,2,37.0,8,125960,177420,51460,60,True,1
Alfie McNally,GK,Fulham,0.0,0,0,0,0,0,0.0,0,252,0.00,0.00,0.00,0.00,35,0,0,0.0,0.0,2026-09-12T14:00:00Z,0,False,14,0,0,0,0,0,4,0,13370,0,0,0,0,0.0,0,-1879,0,1879,40,False,0
George Hirst,FWD,Ipswich Town,0.0,0,0,0,0,0,0.0,0,317,0.00,0.00,0.00,0.00,34,0,0,0.0,0.0,2026-09-12T14:00:00Z,0,False,8,0,0,0,0,0,4,0,9936,0,0,3,2,0.0,0,-2172,0,2172,50,False,0
Steven Benda,GK,Nott'm Forest,0.0,0,0,0,0,0,0.0,0,590,0.00,0.00,0.00,0.00,31,0,0,0.0,0.0,2026-09-12T14:00:00Z,0,False,2,0,0,0,0,0,4,0,7551,0,0,2,1,0.0,0,-80,543,623,45,False,0
Joe Rodon,DEF,Leeds,0.0,0,0,0,0,0,0.0,0,329,0.00,0.00,0.00,0.00,40,0,0,0.0,0.0,2026-09-14T19:00:00Z,0,False,17,0,0,0,0,0,4,0,118013,0,0,1,4,0.0,0,-112676,168,112844,44,True,0
Lucas Estella Perri,GK,Leeds,0.0,0,0,0,0,0,0.0,0,326,0.00,0.00,0.00,0.00,40,0,0,0.0,0.0,2026-09-14T19:00:00Z,0,False,17,0,0,0,0,0,4,0,38525,0,0,1,4,0.0,0,-6925,0,6925,45,True,0
Omar Marmoush,FWD,Spurs,1.6,0,0,9,1,0,11.6,5,401,0.03,0.05,0.02,1.08,37,0,0,2.9,3.2,2026-09-12T16:30:00Z,76,False,9,0,0,0,5,0,4,0,250023,1,0,0,0,14.0,2,6113,46956,40843,70,True,0
Reinildo Mandava,DEF,Sunderland,0.0,0,0,-12,0,6,1.4,7,536,0.01,0.01,0.00,1.09,36,2,0,0.0,0.0,2026-09-12T19:00:00Z,90,False,1,0,0,0,3,1,4,0,37836,1,1,2,0,0.0,-2,-4352,780,5132,45,True,0
Lucas Bergvall,MID,Spurs,0.6,0,0,8,0,1,7.9,4,520,0.25,0.31,0.06,0.44,37,0,0,2.3,8.0,2026-09-12T16:30:00Z,27,False,9,0,0,0,2,0,4,0,16379,0,1,0,0,7.0,1,-1664,319,1983,54,True,0
Florian Wirtz,MID,Liverpool,2.4,0,0,14,1,2,31.8,9,366,0.06,0.17,0.11,0.70,35,0,0,5.1,7.6,2026-09-12T14:00:00Z,90,False,10,0,0,0,6,0,4,0,837754,1,1,0,0,12.0,3,-199592,30578,230170,74,True,0
Oscar Bobb,MID,Fulham,2.0,0,0,12,1,2,30.0,7,264,0.13,0.13,0.00,0.63,35,0,0,4.4,10.0,2026-09-12T14:00:00Z,62,False,14,0,0,0,4,0,4,0,30794,1,1,0,0,4.0,3,-4132,2106,6238,55,False,0
Jérémy Doku,MID,Man City,0.0,0,0,0,0,0,0.0,0,400,0.00,0.00,0.00,0.00,39,0,0,0.0,0.0,2026-09-13T15:30:00Z,0,False,16,0,0,0,0,0,4,0,77943,0,0,1,0,0.0,0,-14480,249,14729,74,False,0
Nick Woltemade,FWD,Newcastle,0.0,0,0,0,0,0,0.0,0,463,0.00,0.00,0.00,0.00,40,0,0,0.0,0.0,2026-09-14T19:00:00Z,0,False,13,0,0,0,0,0,4,0,66136,0,0,1,4,0.0,0,-39340,0,39340,59,False,0
Tom Watson,MID,Brighton,0.0,0,0,0,0,0,0.0,0,133,0.00,0.00,0.00,0.00,38,0,0,0.0,0.0,2026-09-13T13:00:00Z,0,False,7,0,0,0,0,0,4,0,122,0,0,5,0,0.0,0,-19,0,19,50,False,0
Enis Destan,FWD,Hull City,0.0,0,0,0,0,0,0.0,0,298,0.00,0.00,0.00,0.00,33,0,0,0.0,0.0,2026-09-12T14:00:00Z,0,False,6,0,0,0,0,0,4,0,22427,0,0,2,2,0.0,0,-3752,0,3752,45,False,0
Dário Luís Essugo,MID,Chelsea,0.0,0,0,0,0,0,0.0,0,163,0.00,0.00,0.00,0.00,33,0,0,0.0,0.0,2026-09-12T14:00:00Z,0,False,11,0,0,0,0,0,4,0,12126,0,0,2,2,0.0,0,-4174,0,4174,45,True,0
Conor Bradley,DEF,Liverpool,0.0,0,0,0,0,0,0.0,0,360,0.00,0.00,0.00,0.00,35,0,0,0.0,0.0,2026-09-12T14:00:00Z,0,False,10,0,0,0,0,0,4,0,1010,0,0,0,0,0.0,0,-94,67,161,50,True,0
Claudio Echeverri,MID,Man City,0.0,0,0,0,0,0,0.0,0,407,0.00,0.00,0.00,0.00,39,0,0,0.0,0.0,2026-09-13T15:30:00Z,0,False,16,0,0,0,0,0,4,0,1077,0,0,1,0,0.0,0,-350,0,350,49,False,0
Djed Spence,DEF,Spurs,0.0,0,0,0,0,0,0.0,0,505,0.00,0.00,0.00,0.00,37,0,0,0.0,0.0,2026-09-12T16:30:00Z,0,False,9,0,0,0,0,0,4,0,28187,0,0,0,0,0.0,0,-5357,0,5357,45,True,0
Matt Grimes,MID,Coventry City,1.6,0,0,9,0,1,5.8,3,184,0.02,0.07,0.05,2.60,38,4,0,1.3,5.6,2026-09-13T13:00:00Z,83,False,5,0,0,0,1,0,4,0,14585,1,1,5,0,2.0,2,-2101,532,2633,50,True,0
Jaden Philogene,MID,Ipswich Town,0.4,0,0,6,0,0,0.8,3,318,0.00,0.01,0.02,0.41,34,1,0,1.3,3.4,2026-09-12T14:00:00Z,28,False,8,0,0,0,3,0,4,0,8038,0,0,3,2,9.0,1,-1303,38,1341,54,False,0
Quinten Timber,MID,Crystal Palace,2.0,0,0,24,0,2,4.9,16,644,0.03,0.13,0.10,1.68,34,3,0,5.7,25.2,2026-09-12T14:00:00Z,90,False,12,0,0,0,6,0,4,0,2570,1,8,3,2,27.0,4,1293,1757,464,50,True,0
Sebastiaan Bornauw,DEF,Leeds,0.0,0,0,0,0,0,0.0,0,333,0.00,0.00,0.00,0.00,40,0,0,0.0,0.0,2026-09-14T19:00:00Z,0,False,17,0,0,0,0,0,4,0,239,0,0,1,4,0.0,0,-39,0,39,45,True,0
James Rowswell,DEF,Spurs,0.0,0,0,0,0,0,0.0,0,510,0.00,0.00,0.00,0.00,37,0,0,0.0,0.0,2026-09-12T16:30:00Z,0,False,9,0,0,0,0,0,4,0,9696,0,0,0,0,0.0,0,64,824,760,40,True,0
Victor Torp,MID,Coventry City,0.6,0,0,3,0,0,0.4,0,188,0.00,0.00,0.00,0.21,38,1,0,0.1,0.4,2026-09-13T13:00:00Z,6,False,5,0,0,0,0,0,4,0,11943,0,0,5,0,0.0,1,-1542,52,1594,54,True,0
Rodrigo Muniz Carvalho,FWD,Fulham,0.6,0,0,4,0,1,0.3,1,271,0.00,0.00,0.00,0.46,35,0,0,0.4,2.0,2026-09-12T14:00:00Z,13,False,14,0,0,0,0,0,4,0,46371,0,0,0,0,2.0,1,-4272,3624,7896,54,False,0
Antonín Kinský,GK,Spurs,3.6,0,0,29,1,4,0.0,0,496,0.00,0.00,0.00,1.11,37,0,0,2.0,19.8,2026-09-12T16:30:00Z,90,False,9,0,0,0,3,0,4,3,1930350,1,0,0,0,0.0,7,-84513,146399,230912,45,True,0
Micky van de Ven,DEF,Spurs,3.2,0,0,27,1,6,3.1,6,503,0.02,0.02,0.00,1.11,37,0,0,1.8,15.0,2026-09-12T16:30:00Z,90,False,9,0,0,0,4,0,4,0,414668,1,0,0,0,0.0,6,10120,33873,23753,50,True,0
Harry Amass,DEF,Man Utd,0.0,0,0,0,0,0,0.0,0,424,0.00,0.00,0.00,0.00,39,0,0,0.0,0.0,2026-09-13T15:30:00Z,0,False,15,0,0,0,0,0,4,0,21846,0,0,1,0,0.0,0,-300,1680,1980,40,True,0
Óscar Zambrano,MID,Hull City,0.0,0,0,0,0,0,0.0,0,294,0.00,0.00,0.00,0.00,33,0,0,0.0,0.0,2026-09-12T14:00:00Z,0,False,6,0,0,0,0,0,4,0,10293,0,0,2,2,0.0,0,258,1379,1121,45,False,0
Kosta Nedeljkovic,DEF,Aston Villa,0.0,0,0,0,0,0,0.0,0,39,0.00,0.00,0.00,0.00,31,0,0,0.0,0.0,2026-09-12T14:00:00Z,0,False,18,0,0,0,0,0,4,0,15637,0,0,2,1,0.0,0,-2186,0,2186,40,True,0
Thierno Barry,FWD,Everton,4.0,0,0,5,1,1,14.0,2,249,0.03,0.70,0.67,0.69,37,0,0,7.4,3.2,2026-09-12T16:30:00Z,90,False,19,0,0,0,1,0,4,0,666569,1,0,0,0,57.0,2,153695,273770,120075,56,False,0
Rodrigo Muniz Carvalho,FWD,Fulham,0.6,0,0,4,0,1,0.3,1,271,0.00,0.00,0.00,0.46,35,0,0,0.4,2.0,2026-09-12T14:00:00Z,13,False,14,0,0,0,0,0,4,0,46371,0,0,0,0,2.0,1,-4272,3624,7896,54,False,0
Enzo Le Fée,MID,Sunderland,2.6,0,0,6,0,0,29.7,4,542,0.59,1.44,0.85,1.88,36,2,0,6.3,6.8,2026-09-12T19:00:00Z,90,False,1,0,1,0,4,0,4,0,448859,1,0,2,0,26.0,0,-137433,9125,146558,58,True,0
Mohammed Kudus,MID,Spurs,1.4,0,0,8,0,0,12.8,2,512,0.05,0.05,0.00,0.44,37,0,0,2.5,6.0,2026-09-12T16:30:00Z,27,False,9,0,0,0,1,0,4,0,14250,0,1,0,0,6.0,1,545,3198,2653,65,True,0
Kaden Braithwaite,DEF,Man City,0.2,0,0,0,0,0,0.0,0,622,0.00,0.00,0.00,0.00,39,0,0,0.0,0.0,2026-09-13T15:30:00Z,0,False,16,0,0,0,0,0,4,0,20693,0,0,1,0,0.0,0,1899,4620,2721,40,False,0
Tyler Bindon,DEF,Nott'm Forest,0.0,0,0,0,0,0,0.0,0,479,0.00,0.00,0.00,0.00,31,0,0,0.0,0.0,2026-09-12T14:00:00Z,0,False,2,0,0,0,0,0,4,0,13436,0,0,2,1,0.0,0,-2375,0,2375,40,False,0
David Brooks,MID,Bournemouth,0.4,0,0,-1,0,2,0.3,3,74,0.00,0.00,0.00,0.11,32,0,0,0.7,4.2,2026-09-12T14:00:00Z,7,False,4,0,0,0,1,0,4,0,6000,0,0,2,2,2.0,0,-81,781,862,50,True,1
Viktor Gyökeres,FWD,Arsenal,0.4,0,0,0,0,0,0.0,0,25,0.00,0.00,0.00,0.00,36,0,0,0.0,0.0,2026-09-12T19:00:00Z,0,False,20,0,0,0,0,0,4,0,388876,0,0,2,0,0.0,0,-92048,6130,98178,72,False,0
Sepp van den Berg,DEF,Brentford,0.0,0,0,0,0,0,0.0,0,85,0.00,0.00,0.00,0.00,32,0,0,0.0,0.0,2026-09-12T14:00:00Z,0,False,3,0,0,0,0,0,4,0,7443,0,0,2,2,0.0,0,-1184,70,1254,49,False,0
Trey Nyoni,MID,Liverpool,0.4,0,0,0,0,0,0.0,0,375,0.00,0.00,0.00,0.00,35,0,0,0.0,0.0,2026-09-12T14:00:00Z,0,False,10,0,0,0,0,0,4,0,4195,0,0,0,0,0.0,0,-285,427,712,49,True,0
Noussair Mazraoui,DEF,Man Utd,0.6,0,0,0,0,0,0.0,0,422,0.00,0.00,0.00,0.00,39,0,0,0.0,0.0,2026-09-13T15:30:00Z,0,False,15,0,0,0,0,0,4,0,59306,0,0,1,0,0.0,0,-8954,2102,11056,44,True,0
Trey Nyoni,MID,Liverpool,0.4,0,0,0,0,0,0.0,0,375,0.00,0.00,0.00,0.00,35,0,0,0.0,0.0,2026-09-12T14:00:00Z,0,False,10,0,0,0,0,0,4,0,4195,0,0,0,0,0.0,0,-285,427,712,49,True,0
Pedro Porro Sauceda,DEF,Spurs,1.8,0,0,0,0,0,0.0,0,499,0.00,0.00,0.00,0.00,37,0,0,0.0,0.0,2026-09-12T16:30:00Z,0,False,9,0,0,0,0,0,4,0,1130296,0,0,0,0,0.0,0,-80703,48477,129180,55,True,0
Chadi Riad Dnanou,DEF,Crystal Palace,0.0,0,0,0,0,0,0.0,0,206,0.00,0.00,0.00,0.00,34,0,0,0.0,0.0,2026-09-12T14:00:00Z,0,False,12,0,0,0,0,0,4,0,2510,0,0,3,2,0.0,0,-651,58,709,44,True,0
Kaye Furo,FWD,Brentford,0.0,0,0,0,0,0,0.0,0,107,0.00,0.00,0.00,0.00,32,0,0,0.0,0.0,2026-09-12T14:00:00Z,0,False,3,0,0,0,0,0,4,0,119195,0,0,2,2,0.0,0,4526,19067,14541,45,False,0
Mohamed-Ali Cho,MID,Hull City,2.2,0,0,3,0,1,18.5,2,617,0.16,0.63,0.47,0.64,33,1,0,4.7,7.2,2026-09-12T14:00:00Z,30,False,6,0,0,0,1,0,4,0,1116,0,0,2,2,21.0,1,147,339,192,50,False,0
Nathan Collins,DEF,Brentford,0.0,0,0,0,0,0,0.0,0,84,0.00,0.00,0.00,0.00,32,0,0,0.0,0.0,2026-09-12T14:00:00Z,0,False,3,0,0,0,0,0,4,0,146784,0,0,2,2,0.0,0,-76756,1251,78007,55,False,0
Jonah Kusi-Asare,FWD,Fulham,0.0,0,0,0,0,0,0.0,0,272,0.00,0.00,0.00,0.00,35,0,0,0.0,0.0,2026-09-12T14:00:00Z,0,False,14,0,0,0,0,0,4,0,635399,0,0,0,0,0.0,0,-45728,35011,80739,45,False,0
Jaouen Hadjam,DEF,Brighton,0.0,0,0,0,0,0,0.0,0,614,0.00,0.00,0.00,0.00,38,0,0,0.0,0.0,2026-09-13T13:00:00Z,0,False,7,0,0,0,0,0,4,0,4155,0,0,5,0,0.0,0,-135,425,560,45,False,0
Harvey Elliott,MID,Liverpool,0.0,0,0,0,0,0,0.0,0,383,0.00,0.00,0.00,0.00,35,0,0,0.0,0.0,2026-09-12T14:00:00Z,0,False,10,0,0,0,0,0,4,0,4155,0,0,0,0,0.0,0,-1672,0,1672,54,True,0
Ewen Jaouen,GK,Newcastle,0.0,0,0,0,0,0,0.0,0,444,0.00,0.00,0.00,0.00,40,0,0,0.0,0.0,2026-09-14T19:00:00Z,0,False,13,0,0,0,0,0,4,0,2484,0,0,1,4,0.0,0,-244,97,341,45,False,0
