name,position,team,xP,assists,bonus,bps,clean_sheets,clearances_blocks_interceptions,creativity,defensive_contribution,element,expected_assists,expected_goal_involvements,expected_goals,expected_goals_conceded,fixture,goals_conceded,goals_scored,ict_index,influence,kickoff_time,minutes,modified,opponent_team,own_goals,penalties_missed,penalties_saved,recoveries,red_cards,round,saves,selected,starts,tackles,team_a_score,team_h_score,threat,total_points,transfers_balance,transfers_in,transfers_out,value,was_home,yellow_cards
Sean Neave,FWD,Newcastle,0.0,0,0,0,0,0,0.0,0,466,0.00,0.00,0.00,0.00,46,0,0,0.0,0.0,2026-09-19T14:00:00Z,0,False,11,0,0,0,0,0,5,0,58232,0,0,1,2,0.0,0,-9244,0,9244,45,True,0
Ismaïla Sarr,MID,Crystal Palace,0.2,0,0,3,0,0,0.0,0,208,0.01,0.01,0.00,0.06,44,0,0,0.0,0.0,2026-09-20T13:00:00Z,8,False,13,0,0,0,0,0,5,0,67923,0,0,0,0,0.0,1,-10945,1443,12388,62,False,0
Martín Zubimendi Ibáñez,MID,Arsenal,1.0,0,0,2,0,1,0.0,1,19,0.00,0.13,0.13,0.70,42,0,0,0.0,0.0,2026-09-19T14:00:00Z,30,False,5,0,0,0,0,0,5,0,64585,0,0,0,3,0.0,1,-7918,1444,9362,53,False,0
Tyrique George,MID,Everton,3.8,0,0,4,0,0,0.0,2,242,0.01,0.04,0.03,0.38,43,0,0,0.0,0.0,2026-09-19T14:00:00Z,11,False,12,0,0,0,2,0,5,0,111866,0,0,0,1,0.0,1,39603,50560,10957,55,True,0
Xaver Schlager,MID,Nott'm Forest,2.6,0,0,16,0,2,0.0,7,558,0.10,0.15,0.05,0.67,47,1,0,0.0,0.0,2026-09-19T16:30:00Z,90,False,7,0,0,0,3,0,5,0,12605,1,2,1,0,0.0,2,1774,3063,1289,50,True,0
Matt O'Riley,MID,Brighton,0.4,0,0,2,0,2,0.0,2,126,0.00,0.28,0.28,0.14,42,0,0,0.0,0.0,2026-09-19T14:00:00Z,4,False,1,0,0,0,0,0,5,0,10353,0,0,0,3,0.0,1,-662,577,1239,54,True,0
Jamie Bynoe-Gittens,MID,Chelsea,0.0,0,0,0,0,0,0.0,0,158,0.00,0.00,0.00,0.00,41,0,0,0.0,0.0,2026-09-18T19:00:00Z,0,False,4,0,0,0,0,0,5,0,2922,0,0,0,3,0.0,0,-209,198,407,59,False,0
António João Pereira de Albuquerque Tavares da Silva,DEF,Bournemouth,2.6,0,0,8,0,13,0.0,15,566,0.02,0.02,0.00,1.65,49,1,0,0.0,0.0,2026-09-20T13:00:00Z,90,False,14,0,0,0,2,0,5,0,40509,1,2,1,0,0.0,3,-3903,2672,6575,50,True,1
Kai Andrews,MID,Coventry City,0.0,0,0,0,0,0,0.0,0,192,0.00,0.00,0.00,0.00,47,0,0,0.0,0.0,2026-09-19T16:30:00Z,0,False,18,0,0,0,0,0,5,0,31304,0,0,1,0,0.0,0,-5803,0,5803,45,False,0
Matheus Nunes,DEF,Man City,2.2,0,0,0,0,8,0.0,9,389,0.01,0.01,0.00,3.57,45,3,0,0.0,0.0,2026-09-20T13:00:00Z,90,False,20,0,0,0,0,0,5,0,107181,1,1,3,5,0.0,1,3022,7244,4222,59,True,0
Jair Paula da Cunha Filho,DEF,Nott'm Forest,1.7,0,0,5,0,6,0.0,8,474,0.01,0.03,0.02,0.67,47,1,0,0.0,0.0,2026-09-19T16:30:00Z,90,False,7,0,0,0,3,0,5,0,19913,1,2,1,0,0.0,1,-4535,225,4760,45,True,1
Rúben dos Santos Gato Alves Dias,DEF,Man City,3.4,0,0,-7,0,4,0.0,4,390,0.00,0.20,0.20,3.57,45,3,0,0.0,0.0,2026-09-20T13:00:00Z,90,False,20,0,0,0,0,0,5,0,208870,1,0,3,5,0.0,1,10534,21282,10748,55,True,0
Miodrag Pivas,DEF,Newcastle,1.1,0,0,0,0,0,0.0,0,663,0.00,0.00,0.00,0.00,46,0,0,0.0,0.0,2026-09-19T14:00:00Z,0,False,11,0,0,0,0,0,5,0,0,0,0,1,2,0.0,0,0,0,0,40,True,0
Tyler Fredricson,DEF,Man Utd,0.0,0,0,0,0,0,0.0,0,425,0.00,0.00,0.00,0.00,50,0,0,0.0,0.0,2026-09-20T15:30:00Z,0,False,10,0,0,0,0,0,5,0,1329,0,0,1,1,0.0,0,-107,0,107,40,False,0
Luke Shaw,DEF,Man Utd,0.9,0,0,7,0,3,0.0,3,423,0.07,0.08,0.01,1.62,50,1,0,0.0,0.0,2026-09-20T15:30:00Z,83,False,10,0,0,0,1,0,5,0,879239,1,0,1,1,0.0,2,-360683,2227,362910,44,False,0
Romaine Mundle,MID,Sunderland,0.0,0,0,0,0,0,0.0,0,547,0.00,0.00,0.00,0.00,45,0,0,0.0,0.0,2026-09-20T13:00:00Z,0,False,15,0,0,0,0,0,5,0,586,0,0,3,5,0.0,0,-120,15,135,49,False,0
Senne Lammens,GK,Man Utd,2.2,0,0,22,0,0,0.0,0,412,0.00,0.00,0.00,1.62,50,1,0,0.0,0.0,2026-09-20T15:30:00Z,90,False,10,0,0,0,5,0,5,6,1105256,1,0,1,1,0.0,4,-106249,13915,120164,49,False,0
Ilia Gruev,MID,Leeds,0.0,0,0,0,0,0,0.0,0,344,0.00,0.00,0.00,0.00,44,0,0,0.0,0.0,2026-09-20T13:00:00Z,0,False,8,0,0,0,0,0,5,0,312,0,0,0,0,0.0,0,-13,24,37,50,True,0
Giorgi Mamardashvili,GK,Liverpool,0.0,0,0,0,0,0,0.0,0,351,0.00,0.00,0.00,0.00,49,0,0,0.0,0.0,2026-09-20T13:00:00Z,0,False,3,0,0,0,0,0,5,0,13807,0,0,1,0,0.0,0,-846,439,1285,49,False,0
Antonín Kinský,GK,Spurs,3.6,0,0,5,0,0,0.0,0,496,0.00,0.00,0.00,1.16,48,3,0,0.0,0.0,2026-09-19T11:30:00Z,90,False,2,0,0,0,5,0,5,3,1963942,1,0,3,2,0.0,2,-1315,95710,97025,45,True,0
Vitaly Janelt,MID,Brentford,5.6,0,0,13,1,2,0.0,9,98,0.04,0.07,0.03,0.83,41,0,0,0.0,0.0,2026-09-18T19:00:00Z,90,False,6,0,0,0,4,0,5,0,273119,1,3,0,3,0.0,3,13473,47235,33762,50,True,0
Cristian Romero,DEF,Spurs,0.0,0,0,0,0,0,0.0,0,500,0.00,0.00,0.00,0.00,48,0,0,0.0,0.0,2026-09-19T11:30:00Z,0,False,2,0,0,0,0,0,5,0,9526,0,0,3,2,0.0,0,-610,0,610,50,True,0
Caoimhín Kelleher,GK,Brentford,4.0,0,0,27,1,2,0.0,0,82,0.00,0.00,0.00,0.83,41,0,0,0.0,0.0,2026-09-18T19:00:00Z,90,False,6,0,0,0,8,0,5,2,649762,1,0,0,3,0.0,6,-53924,9126,63050,50,True,0
Guglielmo Vicario,GK,Spurs,0.0,0,0,0,0,0,0.0,0,494,0.00,0.00,0.00,0.00,48,0,0,0.0,0.0,2026-09-19T11:30:00Z,0,False,2,0,0,0,0,0,5,0,14414,0,0,3,2,0.0,0,-1689,0,1689,45,True,0
Gerónimo Rulli,GK,Man City,0.0,0,0,0,0,0,0.0,0,587,0.00,0.00,0.00,0.00,45,0,0,0.0,0.0,2026-09-20T13:00:00Z,0,False,20,0,0,0,0,0,5,0,2254,0,0,3,5,0.0,0,-29,162,191,50,True,0
Vitezslav Jaros,GK,Liverpool,0.0,0,0,0,0,0,0.0,0,354,0.00,0.00,0.00,0.00,49,0,0,0.0,0.0,2026-09-20T13:00:00Z,0,False,3,0,0,0,0,0,5,0,2153,0,0,1,0,0.0,0,107,268,161,40,False,0
Ellis Simms,FWD,Coventry City,0.5,0,0,3,0,0,0.0,0,195,0.00,0.00,0.00,0.24,47,0,0,0.0,0.0,2026-09-19T16:30:00Z,16,False,18,0,0,0,0,0,5,0,72122,0,0,1,0,0.0,1,-10520,2905,13425,50,False,0
Borna Sosa,DEF,Crystal Palace,0.0,0,0,0,0,0,0.0,0,205,0.00,0.00,0.00,0.00,44,0,0,0.0,0.0,2026-09-20T13:00:00Z,0,False,13,0,0,0,0,0,5,0,1673,0,0,0,0,0.0,0,-274,0,274,45,False,0
Ryan Gravenberch,MID,Liverpool,1.8,0,0,3,0,0,0.0,1,371,0.01,0.01,0.00,0.14,49,0,0,0.0,0.0,2026-09-20T13:00:00Z,9,False,3,0,0,0,1,0,5,0,124836,0,0,1,0,0.0,1,-19324,3604,22928,59,False,0
Wilson Isidor,FWD,Sunderland,3.0,0,0,3,0,0,0.0,2,553,0.00,0.00,0.00,1.79,45,1,0,0.0,0.0,2026-09-20T13:00:00Z,22,False,15,0,0,0,1,0,5,0,143906,0,1,3,5,0.0,1,-18986,6445,25431,55,False,0
Yéremy Pino Santos,MID,Crystal Palace,2.8,0,0,10,1,2,0.0,5,211,0.15,0.31,0.16,1.26,44,0,0,0.0,0.0,2026-09-20T13:00:00Z,81,False,13,0,0,0,3,0,5,0,38017,1,0,0,0,0.0,2,-12233,1928,14161,55,False,1
Harvey Elliott,MID,Liverpool,0.0,0,0,0,0,0,0.0,0,383,0.00,0.00,0.00,0.00,49,0,0,0.0,0.0,2026-09-20T13:00:00Z,0,False,3,0,0,0,0,0,5,0,3642,0,0,1,0,0.0,0,-576,0,576,54,False,0
Gabriel Gudmundsson,DEF,Leeds,2.8,0,0,27,1,2,0.0,5,331,0.03,0.03,0.00,1.06,44,0,0,0.0,0.0,2026-09-20T13:00:00Z,90,False,8,0,0,0,1,0,5,0,8163,1,3,0,0,0.0,6,1220,1740,520,45,True,0
Andrey Nascimento dos Santos,MID,Man Utd,0.8,0,0,0,0,0,0.0,0,162,0.00,0.00,0.00,0.00,50,0,0,0.0,0.0,2026-09-20T15:30:00Z,0,False,10,0,0,0,0,0,5,0,64624,0,0,1,1,0.0,0,-9593,2868,12461,48,False,0
Altay Bayındır,GK,Man Utd,0.0,0,0,0,0,0,0.0,0,413,0.00,0.00,0.00,0.00,50,0,0,0.0,0.0,2026-09-20T15:30:00Z,0,False,10,0,0,0,0,0,5,0,1255,0,0,1,1,0.0,0,-93,0,93,45,False,0
Tino Livramento,DEF,Newcastle,0.8,0,0,0,0,0,0.0,0,450,0.00,0.00,0.00,0.00,46,0,0,0.0,0.0,2026-09-19T14:00:00Z,0,False,11,0,0,0,0,0,5,0,12541,0,0,1,2,0.0,0,4786,6097,1311,49,True,0
Ali Al-Hamadi,FWD,Ipswich Town,0.0,0,0,0,0,0,0.0,0,322,0.00,0.00,0.00,0.00,43,0,0,0.0,0.0,2026-09-19T14:00:00Z,0,False,9,0,0,0,0,0,5,0,5776,0,0,0,1,0.0,0,-988,0,988,50,False,0
Jorge Cuenca Barreno,DEF,Fulham,0.6,0,0,0,0,0,0.0,0,255,0.00,0.00,0.00,0.00,50,0,0,0.0,0.0,2026-09-20T15:30:00Z,0,False,16,0,0,0,0,0,5,0,2849,0,0,1,1,0.0,0,-243,89,332,45,True,0
Igor Julio dos Santos de Paulo,DEF,Brighton,0.0,0,0,0,0,0,0.0,0,118,0.00,0.00,0.00,0.00,42,0,0,0.0,0.0,2026-09-19T14:00:00Z,0,False,1,0,0,0,0,0,5,0,4271,0,0,0,3,0.0,0,-883,0,883,45,True,0
Ryan Christie,MID,Bournemouth,1.0,0,0,0,0,0,0.0,5,75,0.01,0.51,0.50,1.40,49,1,0,0.0,0.0,2026-09-20T13:00:00Z,74,False,14,0,0,0,5,0,5,0,3511,1,0,1,0,0.0,2,-118,541,659,50,True,0
Harry Maguire,DEF,Man Utd,2.0,0,0,17,0,4,0.0,5,418,0.03,0.04,0.01,1.62,50,1,0,0.0,0.0,2026-09-20T15:30:00Z,90,False,10,0,0,0,4,0,5,0,993742,1,1,1,1,0.0,2,-142518,13938,156456,49,False,0
Óscar Zambrano,MID,Hull City,0.0,0,0,0,0,0,0.0,0,294,0.00,0.00,0.00,0.00,46,0,0,0.0,0.0,2026-09-19T14:00:00Z,0,False,17,0,0,0,0,0,5,0,10217,0,0,1,2,0.0,0,63,1214,1151,45,False,0
Toby Collyer,MID,Man Utd,0.0,0,0,0,0,0,0.0,0,436,0.00,0.00,0.00,0.00,50,0,0,0.0,0.0,2026-09-20T15:30:00Z,0,False,10,0,0,0,0,0,5,0,1099,0,0,1,1,0.0,0,-135,0,135,50,False,0
Regan Slater,MID,Hull City,3.0,0,0,9,0,1,0.0,3,290,0.03,0.16,0.13,1.31,46,2,0,0.0,0.0,2026-09-19T14:00:00Z,77,False,17,0,0,0,2,0,5,0,597244,1,0,1,2,0.0,2,-886,62686,63572,45,False,0
Jaka Bijol,DEF,Leeds,2.4,0,0,0,0,0,0.0,0,327,0.00,0.00,0.00,0.00,44,0,0,0.0,0.0,2026-09-20T13:00:00Z,0,False,8,0,0,0,0,0,5,0,79639,0,0,0,0,0.0,0,-9261,3804,13065,50,True,0
Eliot Matazo,MID,Hull City,0.0,0,0,0,0,0,0.0,0,291,0.00,0.00,0.00,0.00,46,0,0,0.0,0.0,2026-09-19T14:00:00Z,0,False,17,0,0,0,0,0,5,0,638,0,0,1,2,0.0,0,-23,67,90,45,False,0
Dango Ouattara,MID,Brentford,1.4,0,0,2,0,0,0.0,0,95,0.00,0.00,0.00,0.13,41,0,0,0.0,0.0,2026-09-18T19:00:00Z,9,False,6,0,0,0,0,0,5,0,52273,0,0,0,3,0.0,1,-13619,1029,14648,63,True,0
Veljko Milosavljevic,DEF,Bournemouth,0.0,0,0,0,0,0,0.0,0,63,0.00,0.00,0.00,0.00,49,0,0,0.0,0.0,2026-09-20T13:00:00Z,0,False,14,0,0,0,0,0,5,0,843,0,0,1,0,0.0,0,-21,74,95,49,True,0
Kjell Scherpen,GK,Ipswich Town,1.4,0,0,0,0,0,0.0,0,564,0.00,0.00,0.00,0.00,43,0,0,0.0,0.0,2026-09-19T14:00:00Z,0,False,9,0,0,0,0,0,5,0,63895,0,0,0,1,0.0,0,-1335,2903,4238,45,False,0
Jurriën Timber,DEF,Arsenal,0.2,0,0,-6,0,0,0.0,2,5,0.02,0.02,0.00,0.61,42,3,0,0.0,0.0,2026-09-19T14:00:00Z,59,False,5,0,0,0,2,0,5,0,32012,1,2,0,3,0.0,0,16270,20088,3818,65,False,0
Loum Tchaouna,MID,Coventry City,0.8,0,0,5,0,1,0.0,3,190,0.00,0.04,0.04,0.50,47,0,0,0.0,0.0,2026-09-19T16:30:00Z,45,False,18,0,0,0,2,0,5,0,10419,0,0,1,0,0.0,1,-1058,39,1097,54,False,0
Richarlison de Andrade,FWD,Spurs,0.0,0,0,0,0,0,0.0,0,527,0.00,0.00,0.00,0.00,48,0,0,0.0,0.0,2026-09-19T11:30:00Z,0,False,2,0,0,0,0,0,5,0,74547,0,0,3,2,0.0,0,-22415,0,22415,59,True,0
Dominic Solanke-Mitchell,FWD,Spurs,1.4,0,0,9,0,1,0.0,6,526,0.00,0.12,0.12,1.01,48,1,0,0.0,0.0,2026-09-19T11:30:00Z,65,False,2,0,0,0,3,0,5,0,92077,1,2,3,2,0.0,2,-7033,6047,13080,58,True,0
John Egan,DEF,Hull City,5.2,0,0,2,0,2,0.0,4,277,0.00,0.01,0.01,1.31,46,2,0,0.0,0.0,2026-09-19T14:00:00Z,77,False,17,0,0,0,1,0,5,0,776181,1,2,1,2,0.0,1,76284,120781,44497,41,False,0
Nikola Milenković,DEF,Nott'm Forest,0.0,0,0,0,0,0,0.0,0,471,0.00,0.00,0.00,0.00,47,0,0,0.0,0.0,2026-09-19T16:30:00Z,0,False,7,0,0,0,0,0,5,0,119506,0,0,1,0,0.0,0,-50208,256,50464,55,True,0
Joao Gomes,MID,Aston Villa,0.4,0,0,13,0,5,0.0,13,54,0.02,0.02,0.00,1.56,48,2,0,0.0,0.0,2026-09-19T11:30:00Z,90,False,19,0,0,0,3,0,5,0,4213,1,5,3,2,0.0,4,137,464,327,55,False,0
Quinten Timber,MID,Crystal Palace,3.0,0,0,13,1,2,0.0,5,644,0.03,0.15,0.12,1.31,44,0,0,0.0,0.0,2026-09-20T13:00:00Z,90,False,13,0,0,0,1,0,5,0,3505,1,2,0,0,0.0,3,782,1410,628,50,False,0
Matt Crooks,MID,Hull City,0.6,0,0,6,0,0,0.0,2,289,0.12,0.12,0.00,1.19,46,2,0,0.0,0.0,2026-09-19T14:00:00Z,45,False,17,0,0,0,0,0,5,0,51411,1,2,1,2,0.0,0,-2230,4076,6306,45,False,1
Fábio Freitas Gouveia Carvalho,MID,Brentford,1.2,0,0,23,0,0,0.0,0,100,0.00,0.43,0.43,0.13,41,0,1,0.0,0.0,2026-09-18T19:00:00Z,3,False,6,0,0,0,0,0,5,0,2231,0,0,0,3,0.0,6,-77,265,342,50,True,0
Nathan Collins,DEF,Brentford,0.0,0,0,0,0,0,0.0,0,84,0.00,0.00,0.00,0.00,41,0,0,0.0,0.0,2026-09-18T19:00:00Z,0,False,6,0,0,0,0,0,5,0,111916,0,0,0,3,0.0,0,-39288,104,39392,54,True,0
Francisco Evanilson de Lima Barbosa,FWD,Bournemouth,3.6,0,0,12,0,1,0.0,5,79,0.01,0.17,0.16,1.65,49,1,0,0.0,0.0,2026-09-20T13:00:00Z,90,False,14,0,0,0,2,0,5,0,350510,1,2,1,0,0.0,2,-2578,44404,46982,60,True,0
Martin Dubravka,GK,Spurs,0.0,0,0,0,0,0,0.0,0,497,0.00,0.00,0.00,0.00,48,0,0,0.0,0.0,2026-09-19T11:30:00Z,0,False,2,0,0,0,0,0,5,0,1908194,0,0,3,2,0.0,0,-25006,59833,84839,40,True,0
Matz Sels,GK,Nott'm Forest,2.8,0,0,10,0,0,0.0,0,467,0.00,0.00,0.00,0.67,47,1,0,0.0,0.0,2026-09-19T16:30:00Z,90,False,7,0,0,0,9,0,5,2,207232,1,0,1,0,0.0,2,26195,39386,13191,50,True,0
Daichi Kamada,MID,Crystal Palace,4.2,0,0,12,1,0,0.0,10,214,0.03,0.45,0.42,1.31,44,0,0,0.0,0.0,2026-09-20T13:00:00Z,90,False,13,0,0,0,9,0,5,0,59125,1,1,0,0,0.0,3,14554,22401,7847,50,False,0
Sepp van den Berg,DEF,Brentford,0.0,0,0,0,0,0,0.0,0,85,0.00,0.00,0.00,0.00,41,0,0,0.0,0.0,2026-09-18T19:00:00Z,0,False,6,0,0,0,0,0,5,0,6772,0,0,0,3,0.0,0,-729,37,766,49,True,0
Michael Svoboda,DEF,Brighton,0.2,0,0,5,0,0,0.0,1,120,0.00,0.00,0.00,0.14,42,0,0,0.0,0.0,2026-09-19T14:00:00Z,4,False,1,0,0,0,1,0,5,0,5657,0,1,0,3,0.0,1,-310,647,957,50,True,0
Nicolás Domínguez,MID,Nott'm Forest,0.2,0,0,0,0,0,0.0,0,487,0.00,0.00,0.00,0.00,47,0,0,0.0,0.0,2026-09-19T16:30:00Z,0,False,7,0,0,0,0,0,5,0,6327,0,0,1,0,0.0,0,-459,254,713,49,True,0
Micky van de Ven,DEF,Spurs,3.2,0,0,7,0,5,0.0,6,503,0.01,0.03,0.02,1.16,48,3,0,0.0,0.0,2026-09-19T11:30:00Z,90,False,2,0,0,0,5,0,5,0,429279,1,1,3,2,0.0,1,8883,29652,20769,50,True,0
Keane Lewis-Potter,MID,Brentford,4.4,0,0,15,1,5,0.0,9,86,0.01,0.16,0.15,0.70,41,0,0,0.0,0.0,2026-09-18T19:00:00Z,80,False,6,0,0,0,3,0,5,0,187862,1,1,0,3,0.0,3,-36251,6251,42502,55,True,0
Alex Scott,MID,Bournemouth,6.0,0,0,17,0,0,0.0,8,69,0.07,0.19,0.12,1.65,49,1,0,0.0,0.0,2026-09-20T13:00:00Z,90,False,14,0,0,0,8,0,5,0,624564,1,0,1,0,0.0,2,-5057,72063,77120,61,True,0
Morgan Gibbs-White,MID,Nott'm Forest,5.6,0,0,25,0,0,0.0,2,480,0.40,0.40,0.00,0.67,47,1,0,0.0,0.0,2026-09-19T16:30:00Z,90,False,7,0,0,0,2,0,5,0,1912107,1,0,1,0,0.0,2,705914,744604,38690,80,True,0
Matt Targett,DEF,Hull City,0.2,0,0,0,0,0,0.0,0,556,0.00,0.00,0.00,0.00,46,0,0,0.0,0.0,2026-09-19T14:00:00Z,0,False,17,0,0,0,0,0,5,0,187250,0,0,1,2,0.0,0,-15803,3674,19477,40,False,0
Anthony Elanga,MID,Newcastle,0.0,0,0,0,0,0,0.0,0,454,0.00,0.00,0.00,0.00,46,0,0,0.0,0.0,2026-09-19T14:00:00Z,0,False,11,0,0,0,0,0,5,0,616024,0,0,1,2,0.0,0,-564623,53653,618276,62,True,0
Josh King,MID,Fulham,4.8,0,0,10,1,1,0.0,5,268,0.03,0.41,0.38,1.25,50,0,0,0.0,0.0,2026-09-20T15:30:00Z,79,False,16,0,0,0,4,0,5,0,214660,1,0,1,1,0.0,2,78271,104721,26450,55,True,1
Ben Gannon-Doak,MID,Bournemouth,0.8,0,0,3,0,0,0.0,0,72,0.02,0.02,0.00,0.25,49,0,0,0.0,0.0,2026-09-20T13:00:00Z,2,False,14,0,0,0,0,0,5,0,6412,0,0,1,0,0.0,1,-515,338,853,49,True,0
Daniel Muñoz Mejía,DEF,Nott'm Forest,1.0,0,0,5,0,2,0.0,3,201,0.02,0.14,0.12,0.67,47,1,0,0.0,0.0,2026-09-19T16:30:00Z,82,False,7,0,0,0,3,0,5,0,706118,1,1,1,0,0.0,2,48095,100431,52336,54,True,0
Benjamin Fredrick,DEF,Brentford,1.1,0,0,0,0,0,0.0,0,660,0.00,0.00,0.00,0.00,41,0,0,0.0,0.0,2026-09-18T19:00:00Z,0,False,6,0,0,0,0,0,5,0,0,0,0,0,3,0.0,0,0,0,0,40,True,0
Jacob Murphy,MID,Newcastle,0.6,0,0,12,0,3,0.0,8,457,0.07,0.10,0.03,1.59,46,1,0,0.0,0.0,2026-09-19T14:00:00Z,90,False,11,0,0,0,3,0,5,0,14522,1,2,1,2,0.0,1,349,2209,1860,59,True,1
Enes Ünal,FWD,Bournemouth,0.0,0,0,0,0,0,0.0,0,80,0.00,0.00,0.00,0.00,49,0,0,0.0,0.0,2026-09-20T13:00:00Z,0,False,14,0,0,0,0,0,5,0,1665,0,0,1,0,0.0,0,-121,0,121,55,True,0
Alysson Edward Franco da Rocha dos Santos,MID,Aston Villa,1.6,0,0,0,0,0,0.0,0,52,0.00,0.00,0.00,0.00,48,0,0,0.0,0.0,2026-09-19T11:30:00Z,0,False,19,0,0,0,0,0,5,0,6101,0,0,3,2,0.0,0,983,1608,625,50,False,0
Zavier Gozo,MID,Crystal Palace,0.4,0,0,0,0,0,0.0,0,595,0.00,0.00,0.00,0.00,44,0,0,0.0,0.0,2026-09-20T13:00:00Z,0,False,13,0,0,0,0,0,5,0,1330,0,0,0,0,0.0,0,-117,81,198,50,False,0
Freddie Woodman,GK,Liverpool,0.0,0,0,0,0,0,0.0,0,352,0.00,0.00,0.00,0.00,49,0,0,0.0,0.0,2026-09-20T13:00:00Z,0,False,3,0,0,0,0,0,5,0,112455,0,0,1,0,0.0,0,-1961,2495,4456,40,False,0
Tyler Adams,MID,Bournemouth,2.4,0,0,13,0,5,0.0,13,73,0.04,0.04,0.00,1.40,49,1,0,0.0,0.0,2026-09-20T13:00:00Z,87,False,14,0,0,0,6,0,5,0,29052,1,2,1,0,0.0,4,-871,2995,3866,50,True,0
Kristoffer Ajer,DEF,Brentford,4.2,0,1,29,1,9,0.0,9,87,0.05,0.05,0.00,0.83,41,0,0,0.0,0.0,2026-09-18T19:00:00Z,90,False,6,0,0,0,3,0,5,0,417707,1,0,0,3,0.0,7,-65023,8947,73970,45,True,0
Ewen Jaouen,GK,Newcastle,0.0,0,0,0,0,0,0.0,0,444,0.00,0.00,0.00,0.00,46,0,0,0.0,0.0,2026-09-19T14:00:00Z,0,False,11,0,0,0,0,0,5,0,2273,0,0,1,2,0.0,0,-225,30,255,45,True,0
Charlie Hughes,DEF,Hull City,0.0,0,0,0,0,0,0.0,0,278,0.00,0.00,0.00,0.00,46,0,0,0.0,0.0,2026-09-19T14:00:00Z,0,False,17,0,0,0,0,0,5,0,32994,0,0,1,2,0.0,0,9741,15378,5637,39,False,0
Nilson Angulo,MID,Sunderland,3.2,1,0,13,0,3,0.0,4,551,0.01,0.46,0.45,0.75,45,4,0,0.0,0.0,2026-09-20T13:00:00Z,59,False,15,0,0,0,1,0,5,0,12830,1,0,3,5,0.0,4,-1429,718,2147,50,False,0
Matteo Ruggeri,DEF,Aston Villa,1.0,0,0,11,0,13,0.0,13,596,0.01,0.04,0.03,1.56,48,2,0,0.0,0.0,2026-09-19T11:30:00Z,90,False,19,0,0,0,9,0,5,0,9272,1,0,3,2,0.0,3,-395,779,1174,45,False,0
Trevoh Chalobah,DEF,Chelsea,0.0,0,0,0,0,0,0.0,0,143,0.00,0.00,0.00,0.00,41,0,0,0.0,0.0,2026-09-18T19:00:00Z,0,False,4,0,0,0,0,0,5,0,7643,0,0,0,3,0.0,0,-705,0,705,55,False,0
Malick Thiaw,DEF,Newcastle,2.8,0,0,13,0,13,0.0,13,445,0.01,0.01,0.00,1.59,46,1,0,0.0,0.0,2026-09-19T14:00:00Z,90,False,11,0,0,0,3,0,5,0,240813,1,0,1,2,0.0,4,4121,28969,24848,50,True,0
Amar Dedic,DEF,Newcastle,0.0,0,0,0,0,0,0.0,0,593,0.00,0.00,0.00,0.00,46,0,0,0.0,0.0,2026-09-19T14:00:00Z,0,False,11,0,0,0,0,0,5,0,219257,0,0,1,2,0.0,0,-92524,11096,103620,45,True,0
Lewie Coyle,DEF,Hull City,2.8,0,0,3,0,1,0.0,2,280,0.04,0.04,0.00,1.44,46,2,0,0.0,0.0,2026-09-19T14:00:00Z,90,False,17,0,0,0,3,0,5,0,74510,1,1,1,2,0.0,1,7516,11929,4413,40,False,0
Illan Meslier,GK,Arsenal,0.0,0,0,0,0,0,0.0,0,3,0.00,0.00,0.00,0.00,42,0,0,0.0,0.0,2026-09-19T14:00:00Z,0,False,5,0,0,0,0,0,5,0,3038,0,0,0,3,0.0,0,-115,86,201,49,False,0
James Maddison,MID,Spurs,0.6,0,0,9,0,0,0.0,6,515,0.02,0.08,0.06,0.15,48,2,0,0.0,0.0,2026-09-19T11:30:00Z,24,False,2,0,0,0,2,0,5,0,43979,0,4,3,2,0.0,1,-2925,1741,4666,63,True,0
Joško Gvardiol,DEF,Man City,7.4,1,0,22,0,7,0.0,7,391,0.63,0.63,0.00,3.57,45,3,0,0.0,0.0,2026-09-20T13:00:00Z,90,False,20,0,0,0,6,0,5,0,2895075,1,0,3,5,0.0,4,548451,589540,41089,57,True,0
Rayan Cherki,MID,Man City,6.8,0,1,35,0,2,0.0,5,399,0.13,0.26,0.13,3.18,45,3,1,0.0,0.0,2026-09-20T13:00:00Z,84,False,20,0,0,0,3,0,5,0,3041594,1,0,3,5,0.0,8,-126234,163004,289238,78,True,0
Jake O'Brien,DEF,Everton,0.4,0,0,3,0,1,0.0,1,232,0.00,0.00,0.00,0.16,43,0,0,0.0,0.0,2026-09-19T14:00:00Z,1,False,12,0,0,0,1,0,5,0,31104,0,0,0,1,0.0,1,-1516,1257,2773,49,True,0
Jordan Pickford,GK,Everton,5.0,0,1,34,1,1,0.0,0,226,0.00,0.00,0.00,1.44,43,0,0,0.0,0.0,2026-09-19T14:00:00Z,90,False,12,0,0,0,7,0,5,4,1016911,1,0,0,1,0.0,8,36703,77729,41026,55,True,0
Bradley Burrowes,MID,Aston Villa,0.0,0,0,0,0,0,0.0,0,50,0.00,0.00,0.00,0.00,48,0,0,0.0,0.0,2026-09-19T11:30:00Z,0,False,19,0,0,0,0,0,5,0,63804,0,0,3,2,0.0,0,-5269,1961,7230,45,False,0
Pedro Porro Sauceda,DEF,Spurs,1.8,0,0,4,0,0,0.0,1,499,0.00,0.01,0.01,0.04,48,0,0,0.0,0.0,2026-09-19T11:30:00Z,18,False,2,0,0,0,0,0,5,0,889495,1,1,3,2,0.0,1,-237532,5333,242865,54,True,0
Walter Benítez,GK,Crystal Palace,1.6,0,0,26,1,1,0.0,0,199,0.00,0.00,0.00,1.31,44,0,0,0.0,0.0,2026-09-20T13:00:00Z,90,False,13,0,0,0,4,0,5,2,12323,1,0,0,0,0.0,6,618,1413,795,45,False,0
Jeremy Monga,MID,Man City,0.0,0,0,0,0,0,0.0,0,410,0.00,0.00,0.00,0.00,45,0,0,0.0,0.0,2026-09-20T13:00:00Z,0,False,20,0,0,0,0,0,5,0,874,0,0,3,5,0.0,0,-122,0,122,49,True,0
Moisés Caicedo Corozo,MID,Chelsea,0.1,0,0,0,0,0,0.0,0,159,0.00,0.00,0.00,0.00,41,0,0,0.0,0.0,2026-09-18T19:00:00Z,0,False,4,0,0,0,0,0,5,0,120861,0,0,0,3,0.0,0,-31135,584,31719,53,False,0
Mason Mount,MID,Man Utd,0.2,0,0,3,0,0,0.0,1,430,0.01,0.10,0.09,0.00,50,0,0,0.0,0.0,2026-09-20T15:30:00Z,10,False,10,0,0,0,1,0,5,0,3100,0,0,1,1,0.0,1,88,361,273,54,False,0
Lewis Cook,MID,Bournemouth,1.6,0,0,3,0,1,0.0,2,71,0.00,0.00,0.00,0.25,49,0,0,0.0,0.0,2026-09-20T13:00:00Z,15,False,14,0,0,0,1,0,5,0,19112,0,0,1,0,0.0,1,-2898,841,3739,50,True,0
Kobbie Mainoo,MID,Man Utd,4.4,0,0,18,0,1,0.0,12,432,0.10,0.16,0.06,1.62,50,1,0,0.0,0.0,2026-09-20T15:30:00Z,79,False,10,0,0,0,10,0,5,0,177650,1,1,1,1,0.0,4,20730,33995,13265,55,False,0
Nordi Mukiele,DEF,Sunderland,2.6,0,0,5,0,5,0.0,9,533,0.23,0.28,0.05,2.82,45,5,0,0.0,0.0,2026-09-20T13:00:00Z,90,False,15,0,0,0,3,0,5,0,207085,1,4,3,5,0.0,0,-23536,5413,28949,54,False,0
Sean Steur,MID,Newcastle,1.6,0,0,18,1,2,0.0,7,462,0.03,0.03,0.00,0.52,46,0,0,0.0,0.0,2026-09-19T14:00:00Z,65,False,11,0,0,0,3,0,5,0,7714,1,2,1,2,0.0,3,-576,420,996,49,True,0
El Hadji Malick Diouf,DEF,Brentford,0.5,0,0,3,0,1,0.0,1,620,0.00,0.00,0.00,0.13,41,0,0,0.0,0.0,2026-09-18T19:00:00Z,9,False,6,0,0,0,0,0,5,0,9701,0,0,0,3,0.0,1,-593,1079,1672,45,True,0
Shumaira Mheuka,FWD,Chelsea,0.0,0,0,0,0,0,0.0,0,169,0.00,0.00,0.00,0.00,41,0,0,0.0,0.0,2026-09-18T19:00:00Z,0,False,4,0,0,0,0,0,5,0,54118,0,0,0,3,0.0,0,3579,9469,5890,45,False,0
David Raya Martín,GK,Arsenal,6.0,0,0,6,0,0,0.0,0,1,0.00,0.00,0.00,1.31,42,3,0,0.0,0.0,2026-09-19T14:00:00Z,90,False,5,0,0,0,14,0,5,2,4487209,1,1,0,3,0.0,1,212570,279598,67028,60,False,0
Samuel Iling-Junior,MID,Aston Villa,0.0,0,0,0,0,0,0.0,0,49,0.00,0.00,0.00,0.00,48,0,0,0.0,0.0,2026-09-19T11:30:00Z,0,False,19,0,0,0,0,0,5,0,169,0,0,3,2,0.0,0,-20,0,20,50,False,0
Ibrahim Sangaré,MID,Nott'm Forest,0.8,0,0,3,0,0,0.0,0,488,0.00,0.00,0.00,0.00,47,0,0,0.0,0.0,2026-09-19T16:30:00Z,7,False,7,0,0,0,0,0,5,0,48314,0,0,1,0,0.0,1,-5438,1567,7005,49,True,0
John Victor Maciel Furtado,GK,Nott'm Forest,0.0,0,0,0,0,0,0.0,0,468,0.00,0.00,0.00,0.00,47,0,0,0.0,0.0,2026-09-19T16:30:00Z,0,False,7,0,0,0,0,0,5,0,6278,0,0,1,0,0.0,0,-135,197,332,45,True,0
Caleb Yirenkyi,MID,Coventry City,2.0,0,0,10,1,2,0.0,5,575,0.01,0.01,0.00,1.08,47,0,0,0.0,0.0,2026-09-19T16:30:00Z,90,False,18,0,0,0,2,0,5,0,15964,1,1,1,0,0.0,3,-2510,236,2746,49,False,0
Darío Osorio,MID,Crystal Palace,0.3,0,0,0,0,0,0.0,0,647,0.00,0.00,0.00,0.00,44,0,0,0.0,0.0,2026-09-20T13:00:00Z,0,False,13,0,0,0,0,0,5,0,833,0,0,0,0,0.0,0,-91,80,171,55,False,0
Noni Madueke,MID,Arsenal,0.2,0,0,0,0,0,0.0,0,16,0.00,0.00,0.00,0.00,42,0,0,0.0,0.0,2026-09-19T14:00:00Z,0,False,5,0,0,0,0,0,5,0,22229,0,0,0,3,0.0,0,-2443,1193,3636,62,False,0
Luca Williams-Barnett,MID,Spurs,0.0,0,0,0,0,0,0.0,0,601,0.00,0.00,0.00,0.00,48,0,0,0.0,0.0,2026-09-19T11:30:00Z,0,False,2,0,0,0,0,0,5,0,13898,0,0,3,2,0.0,0,-957,655,1612,45,True,0
Miguel Brau,DEF,Coventry City,0.0,0,0,0,0,0,0.0,0,181,0.00,0.00,0.00,0.00,47,0,0,0.0,0.0,2026-09-19T16:30:00Z,0,False,18,0,0,0,0,0,5,0,2378,0,0,1,0,0.0,0,-280,0,280,40,False,0
Nico Elvedi,DEF,Leeds,2.6,0,0,27,1,4,0.0,4,598,0.01,0.08,0.07,1.06,44,0,0,0.0,0.0,2026-09-20T13:00:00Z,90,False,8,0,0,0,1,0,5,0,6514,1,0,0,0,0.0,6,782,1258,476,45,True,0
Federico Chiesa,MID,Liverpool,0.0,0,0,0,0,0,0.0,0,370,0.00,0.00,0.00,0.00,49,0,0,0.0,0.0,2026-09-20T13:00:00Z,0,False,3,0,0,0,0,0,5,0,5019,0,0,1,0,0.0,0,-641,16,657,54,False,0
Aaron Anselmino,DEF,Chelsea,0.0,0,0,0,0,0,0.0,0,561,0.00,0.00,0.00,0.00,41,0,0,0.0,0.0,2026-09-18T19:00:00Z,0,False,4,0,0,0,0,0,5,0,2152,0,0,0,3,0.0,0,-28,188,216,45,False,0
Carlos Alcaraz Durán,MID,Everton,0.2,0,0,0,0,0,0.0,0,243,0.00,0.00,0.00,0.00,43,0,0,0.0,0.0,2026-09-19T14:00:00Z,0,False,12,0,0,0,0,0,5,0,7950,0,0,0,1,0.0,0,-492,539,1031,49,True,0
Emiliano Buendía Stati,MID,Aston Villa,4.2,0,3,50,0,2,0.0,15,41,0.07,0.21,0.14,1.56,48,2,1,0.0,0.0,2026-09-19T11:30:00Z,90,False,19,0,0,0,6,0,5,0,94622,1,7,3,2,0.0,12,-16876,6405,23281,59,False,0
Lewis Hall,DEF,Newcastle,6.2,0,3,38,0,9,0.0,10,449,0.11,0.30,0.19,1.59,46,1,1,0.0,0.0,2026-09-19T14:00:00Z,90,False,11,0,0,0,7,0,5,0,1629142,1,1,1,2,0.0,13,107688,220393,112705,52,True,0
Lisandro Martínez,DEF,Man Utd,1.2,0,0,6,0,4,0.0,4,419,0.02,0.17,0.15,1.62,50,1,0,0.0,0.0,2026-09-20T15:30:00Z,90,False,10,1,0,0,1,0,5,0,138877,1,0,1,1,0.0,0,823,10516,9693,50,False,0
Chris Rigg,MID,Sunderland,0.4,0,0,0,0,0,0.0,0,548,0.00,0.00,0.00,0.00,45,0,0,0.0,0.0,2026-09-20T13:00:00Z,0,False,15,0,0,0,0,0,5,0,4992,0,0,3,5,0.0,0,-439,65,504,49,False,0
Wellity Lucky,DEF,Liverpool,0.0,0,0,0,0,0,0.0,0,361,0.00,0.00,0.00,0.00,49,0,0,0.0,0.0,2026-09-20T13:00:00Z,0,False,3,0,0,0,0,0,5,0,13179,0,0,1,0,0.0,0,-466,717,1183,40,False,0
Thierno Barry,FWD,Everton,4.0,0,0,28,1,2,0.0,5,249,0.01,0.53,0.52,1.44,43,0,1,0.0,0.0,2026-09-19T14:00:00Z,90,False,12,0,0,0,3,0,5,0,908127,1,0,0,1,0.0,6,177881,262211,84330,56,True,0
Declan Rice,MID,Arsenal,4.2,0,0,13,0,2,0.0,8,13,0.06,0.08,0.02,1.31,42,3,0,0.0,0.0,2026-09-19T14:00:00Z,90,False,5,0,0,0,4,0,5,0,1344452,1,2,0,3,0.0,1,-54820,28685,83505,74,False,1
Jean-Mattéo Bahoya,MID,Leeds,0.3,0,0,5,0,0,0.0,0,648,0.00,0.00,0.00,0.00,44,0,0,0.0,0.0,2026-09-20T13:00:00Z,1,False,8,0,0,0,0,0,5,0,1449,0,0,0,0,0.0,1,-47,363,410,50,True,0
Bendito Mantato,MID,Man Utd,0.0,0,0,0,0,0,0.0,0,437,0.00,0.00,0.00,0.00,50,0,0,0.0,0.0,2026-09-20T15:30:00Z,0,False,10,0,0,0,0,0,5,0,18231,0,0,1,1,0.0,0,-1079,624,1703,45,False,0
Adam Wharton,MID,Crystal Palace,2.4,0,0,13,1,4,0.0,7,210,0.22,0.29,0.07,1.31,44,0,0,0.0,0.0,2026-09-20T13:00:00Z,90,False,13,0,0,0,1,0,5,0,82270,1,2,0,0,0.0,2,-9048,2827,11875,55,False,1
Matthijs de Ligt,DEF,Man Utd,0.0,0,0,0,0,0,0.0,0,416,0.00,0.00,0.00,0.00,50,0,0,0.0,0.0,2026-09-20T15:30:00Z,0,False,10,0,0,0,0,0,5,0,2417,0,0,1,1,0.0,0,-119,79,198,50,False,0
Diego Gómez Amarilla,MID,Brighton,4.8,1,0,19,1,1,0.0,13,127,0.02,0.02,0.00,1.48,42,0,0,0.0,0.0,2026-09-19T14:00:00Z,85,False,1,0,0,0,7,0,5,0,439801,1,5,0,3,0.0,8,-68669,13377,82046,50,True,0
Joël Piroe,FWD,Leeds,0.0,0,0,0,0,0,0.0,0,348,0.00,0.00,0.00,0.00,44,0,0,0.0,0.0,2026-09-20T13:00:00Z,0,False,8,0,0,0,0,0,5,0,6500,0,0,0,0,0.0,0,-983,0,983,50,True,0
Yann Gboho,MID,Coventry City,0.0,0,0,0,0,0,0.0,0,655,0.00,0.00,0.00,0.00,47,0,0,0.0,0.0,2026-09-19T16:30:00Z,0,False,18,0,0,0,0,0,5,0,195,0,0,1,0,0.0,0,91,133,42,55,False,0
Jesurun Rak-Sakyi,MID,Crystal Palace,0.0,0,0,0,0,0,0.0,0,219,0.00,0.00,0.00,0.00,44,0,0,0.0,0.0,2026-09-20T13:00:00Z,0,False,13,0,0,0,0,0,5,0,390,0,0,0,0,0.0,0,-101,0,101,49,False,0
Tyler Dibling,MID,Everton,0.2,0,0,10,0,0,0.0,0,245,0.16,0.33,0.17,0.38,43,0,0,0.0,0.0,2026-09-19T14:00:00Z,24,False,12,0,0,0,0,0,5,0,3032,0,0,0,1,0.0,1,-87,288,375,54,True,0
Tyler Fletcher,MID,Man Utd,0.0,0,0,0,0,0,0.0,0,438,0.00,0.00,0.00,0.00,50,0,0,0.0,0.0,2026-09-20T15:30:00Z,0,False,10,0,0,0,0,0,5,0,36458,0,0,1,1,0.0,0,250,3537,3287,44,False,0
Benoît Badiashile Mukinayi,DEF,Chelsea,0.0,0,0,0,0,0,0.0,0,146,0.00,0.00,0.00,0.00,41,0,0,0.0,0.0,2026-09-18T19:00:00Z,0,False,4,0,0,0,0,0,5,0,1061,0,0,0,3,0.0,0,-128,0,128,45,False,0
Michael Zetterer,GK,Leeds,0.0,0,0,0,0,0,0.0,0,629,0.00,0.00,0.00,0.00,44,0,0,0.0,0.0,2026-09-20T13:00:00Z,0,False,8,0,0,0,0,0,5,0,86238,0,0,0,0,0.0,0,13986,18956,4970,40,True,0
Jahnoah Markelo,FWD,Coventry City,0.0,0,0,0,0,0,0.0,0,196,0.00,0.00,0.00,0.00,47,0,0,0.0,0.0,2026-09-19T16:30:00Z,0,False,18,0,0,0,0,0,5,0,704,0,0,1,0,0.0,0,-105,0,105,50,False,0
Justin Devenny,MID,Crystal Palace,0.0,0,0,0,0,0,0.0,0,215,0.00,0.00,0.00,0.00,44,0,0,0.0,0.0,2026-09-20T13:00:00Z,0,False,13,0,0,0,0,0,5,0,537,0,0,0,0,0.0,0,-124,0,124,50,False,0
Bafodé Diakité,DEF,Bournemouth,0.0,0,0,0,0,0,0.0,0,62,0.00,0.00,0.00,0.00,49,0,0,0.0,0.0,2026-09-20T13:00:00Z,0,False,14,0,0,0,0,0,5,0,17170,0,0,1,0,0.0,0,-1312,916,2228,50,True,0
Younes Ibrahim,MID,Brighton,0.0,0,0,0,0,0,0.0,0,658,0.00,0.00,0.00,0.00,42,0,0,0.0,0.0,2026-09-19T14:00:00Z,0,False,1,0,0,0,0,0,5,0,1545,0,0,0,3,0.0,0,895,1163,268,45,True,0
Yehor Yarmoliuk,MID,Brentford,1.8,0,0,19,1,3,0.0,10,102,0.06,0.09,0.03,0.55,41,0,0,0.0,0.0,2026-09-18T19:00:00Z,68,False,6,0,0,0,5,0,5,0,72210,1,2,0,3,0.0,3,-7524,1926,9450,48,True,0
Igor Jesus Maciel da Cruz,FWD,Nott'm Forest,2.4,0,0,4,0,0,0.0,3,491,0.01,0.17,0.16,0.04,47,0,0,0.0,0.0,2026-09-19T16:30:00Z,31,False,7,0,0,0,3,0,5,0,310521,0,0,1,0,0.0,1,37689,70541,32852,58,True,0
Cheick Doucouré,MID,Crystal Palace,0.0,0,0,0,0,0,0.0,0,218,0.00,0.00,0.00,0.00,44,0,0,0.0,0.0,2026-09-20T13:00:00Z,0,False,13,0,0,0,0,0,5,0,5232,0,0,0,0,0.0,0,-576,272,848,49,False,0
Robert Lynch Sánchez,GK,Chelsea,0.0,0,0,0,0,0,0.0,0,140,0.00,0.00,0.00,0.00,41,0,0,0.0,0.0,2026-09-18T19:00:00Z,0,False,4,0,0,0,0,0,5,0,79688,0,0,0,3,0.0,0,-15548,0,15548,49,False,0
Tyrone Mings,DEF,Aston Villa,2.0,0,0,10,0,12,0.0,13,33,0.00,0.00,0.00,1.56,48,2,0,0.0,0.0,2026-09-19T11:30:00Z,90,False,19,0,0,0,3,0,5,0,41769,1,1,3,2,0.0,3,-1624,3533,5157,45,False,0
Triston Rowe,DEF,Aston Villa,0.0,0,0,0,0,0,0.0,0,606,0.00,0.00,0.00,0.00,48,0,0,0.0,0.0,2026-09-19T11:30:00Z,0,False,19,0,0,0,0,0,5,0,18299,0,0,3,2,0.0,0,223,1822,1599,40,False,0
Florentino Ibrain Morris Luís,MID,Ipswich Town,0.4,0,0,1,0,0,0.0,0,571,0.00,0.00,0.00,0.48,43,0,0,0.0,0.0,2026-09-19T14:00:00Z,17,False,9,0,0,0,0,0,5,0,8567,0,0,0,1,0.0,1,-759,181,940,49,False,0
Sam Szmodics,MID,Ipswich Town,0.0,0,0,0,0,0,0.0,0,319,0.00,0.00,0.00,0.00,43,0,0,0.0,0.0,2026-09-19T14:00:00Z,0,False,9,0,0,0,0,0,5,0,295,0,0,0,1,0.0,0,-60,0,60,50,False,0
Amario Cozier-Duberry,MID,Brighton,0.0,0,0,0,0,0,0.0,0,624,0.00,0.00,0.00,0.00,42,0,0,0.0,0.0,2026-09-19T14:00:00Z,0,False,1,0,0,0,0,0,5,0,51,0,0,0,3,0.0,0,-12,0,12,50,True,0
Stefan Bajčetić Maquieira,MID,Liverpool,0.0,0,0,0,0,0,0.0,0,376,0.00,0.00,0.00,0.00,49,0,0,0.0,0.0,2026-09-20T13:00:00Z,0,False,3,0,0,0,0,0,5,0,119,0,0,1,0,0.0,0,-9,0,9,50,False,0
Harvey Cartwright,GK,Hull City,0.0,0,0,0,0,0,0.0,0,275,0.00,0.00,0.00,0.00,46,0,0,0.0,0.0,2026-09-19T14:00:00Z,0,False,17,0,0,0,0,0,5,0,714,0,0,1,2,0.0,0,-41,0,41,40,False,0
Mason Burstow,FWD,Hull City,0.0,0,0,0,0,0,0.0,0,299,0.00,0.00,0.00,0.00,46,0,0,0.0,0.0,2026-09-19T14:00:00Z,0,False,17,0,0,0,0,0,5,0,3535,0,0,1,2,0.0,0,-365,0,365,45,False,0
Christos Mouzakitis,MID,Hull City,0.0,0,0,0,0,0,0.0,0,645,0.00,0.00,0.00,0.00,46,0,0,0.0,0.0,2026-09-19T14:00:00Z,0,False,17,0,0,0,0,0,5,0,784,0,0,1,2,0.0,0,100,212,112,50,False,0
Simon Adingra,MID,Sunderland,0.0,0,0,0,0,0,0.0,0,546,0.00,0.00,0.00,0.00,45,0,0,0.0,0.0,2026-09-20T13:00:00Z,0,False,15,0,0,0,0,0,5,0,2712,0,0,3,5,0.0,0,-645,0,645,49,False,0
Daniel James,MID,Leeds,0.6,0,0,3,0,1,0.0,1,343,0.00,0.00,0.00,0.40,44,0,0,0.0,0.0,2026-09-20T13:00:00Z,23,False,8,0,0,0,0,0,5,0,10249,0,0,0,0,0.0,1,-709,721,1430,49,True,0
Kieran Dowell,MID,Hull City,0.0,0,0,0,0,0,0.0,0,288,0.00,0.00,0.00,0.00,46,0,0,0.0,0.0,2026-09-19T14:00:00Z,0,False,17,0,0,0,0,0,5,0,33164,0,0,1,2,0.0,0,-2921,1553,4474,45,False,0
James Trafford,GK,Leeds,5.6,0,3,34,1,0,0.0,0,385,0.00,0.00,0.00,1.06,44,0,0,0.0,0.0,2026-09-20T13:00:00Z,90,False,8,0,0,0,16,0,5,5,601728,1,0,0,0,0.0,10,1014,32312,31298,50,True,0
Jaydee Canvot,DEF,Crystal Palace,2.0,0,0,26,1,9,0.0,10,203,0.12,0.12,0.00,1.31,44,0,0,0.0,0.0,2026-09-20T13:00:00Z,90,False,13,0,0,0,5,0,5,0,20646,1,1,0,0,0.0,8,-4457,259,4716,49,False,0
Melker Ellborg,GK,Sunderland,0.0,0,0,0,0,0,0.0,0,531,0.00,0.00,0.00,0.00,45,0,0,0.0,0.0,2026-09-20T13:00:00Z,0,False,15,0,0,0,0,0,5,0,8450,0,0,3,5,0.0,0,-360,190,550,45,False,0
James Justin,DEF,Leeds,5.2,0,2,31,1,6,0.0,9,332,0.12,0.17,0.05,1.06,44,0,0,0.0,0.0,2026-09-20T13:00:00Z,90,False,8,0,0,0,2,0,5,0,160178,1,3,0,0,0.0,8,-1614,10354,11968,45,True,0
Arthur Masuaku,DEF,Sunderland,0.0,0,0,0,0,0,0.0,0,540,0.00,0.00,0.00,0.00,45,0,0,0.0,0.0,2026-09-20T13:00:00Z,0,False,15,0,0,0,0,0,5,0,14606,0,0,3,5,0.0,0,-1276,0,1276,40,False,0
Iliman Ndiaye,MID,Man City,4.4,1,0,31,0,1,0.0,4,237,0.14,0.24,0.10,3.15,45,3,0,0.0,0.0,2026-09-20T13:00:00Z,74,False,20,0,0,0,3,0,5,0,784775,1,0,3,5,0.0,5,-147652,43488,191140,59,True,0
Macaulay Zepa,MID,Fulham,0.0,0,0,0,0,0,0.0,0,626,0.00,0.00,0.00,0.00,50,0,0,0.0,0.0,2026-09-20T15:30:00Z,0,False,16,0,0,0,0,0,5,0,32375,0,0,1,1,0.0,0,-3861,996,4857,45,True,0
Rayan Vitor Simplício Rocha,MID,Bournemouth,2.0,0,0,17,0,1,0.0,4,67,0.35,0.35,0.00,1.40,49,1,0,0.0,0.0,2026-09-20T13:00:00Z,87,False,14,0,0,0,1,0,5,0,173374,1,2,1,0,0.0,2,-30627,4733,35360,64,True,0
Joachim Andersen,DEF,Fulham,0.6,0,0,0,0,5,0.0,5,253,0.00,0.00,0.00,0.36,50,1,0,0.0,0.0,2026-09-20T15:30:00Z,10,False,16,0,0,0,0,0,5,0,14092,0,0,1,1,0.0,1,-246,1831,2077,50,True,0
Jayden Bogle,DEF,Leeds,8.4,0,0,14,1,1,0.0,1,330,0.00,0.07,0.07,0.66,44,0,0,0.0,0.0,2026-09-20T13:00:00Z,66,False,8,0,0,0,2,0,5,0,695534,1,0,0,0,0.0,5,366973,393603,26630,46,True,1
Joshua Zirkzee,FWD,Man Utd,0.4,0,0,4,0,1,0.0,1,440,0.00,0.00,0.00,0.00,50,0,0,0.0,0.0,2026-09-20T15:30:00Z,13,False,10,0,0,0,0,0,5,0,43505,0,0,1,1,0.0,1,-3447,2606,6053,54,False,0
Cameron Humphreys,MID,Ipswich Town,0.0,0,0,0,0,0,0.0,0,602,0.00,0.00,0.00,0.00,43,0,0,0.0,0.0,2026-09-19T14:00:00Z,0,False,9,0,0,0,0,0,5,0,2526,0,0,0,1,0.0,0,-489,0,489,45,False,0
Promise David,FWD,Brighton,0.2,0,0,0,0,0,0.0,0,594,0.00,0.00,0.00,0.00,42,0,0,0.0,0.0,2026-09-19T14:00:00Z,0,False,1,0,0,0,0,0,5,0,21728,0,0,0,3,0.0,0,-3096,2100,5196,60,True,0
Dan Ndoye,MID,Nott'm Forest,3.0,0,0,3,0,1,0.0,1,483,0.05,0.25,0.20,0.63,47,1,0,0.0,0.0,2026-09-19T16:30:00Z,58,False,7,0,0,0,0,0,5,0,87185,1,0,1,0,0.0,1,14955,26545,11590,55,True,0
Dane Scarlett,FWD,Spurs,0.0,0,0,0,0,0,0.0,0,528,0.00,0.00,0.00,0.00,48,0,0,0.0,0.0,2026-09-19T11:30:00Z,0,False,2,0,0,0,0,0,5,0,125898,0,0,3,2,0.0,0,-18539,0,18539,45,True,0
Alex Iwobi,MID,Fulham,2.8,0,2,27,1,1,0.0,7,261,0.41,0.60,0.19,1.12,50,0,0,0.0,0.0,2026-09-20T15:30:00Z,70,False,16,0,0,0,5,0,5,0,70405,1,1,1,1,0.0,5,-6504,3075,9579,54,True,0
Dejan Kulusevski,MID,Spurs,0.0,0,0,0,0,0,0.0,0,521,0.00,0.00,0.00,0.00,48,0,0,0.0,0.0,2026-09-19T11:30:00Z,0,False,2,0,0,0,0,0,5,0,892,0,0,3,2,0.0,0,-30,63,93,65,True,0
Taiwo Awoniyi,FWD,Coventry City,0.0,0,0,0,0,0,0.0,0,492,0.00,0.00,0.00,0.00,47,0,0,0.0,0.0,2026-09-19T16:30:00Z,0,False,18,0,0,0,0,0,5,0,46922,0,0,1,0,0.0,0,-21461,586,22047,55,False,0
Yankuba Minteh,MID,Brighton,0.0,0,0,0,0,0,0.0,0,122,0.00,0.00,0.00,0.00,42,0,0,0.0,0.0,2026-09-19T14:00:00Z,0,False,1,0,0,0,0,0,5,0,3397,0,0,0,3,0.0,0,-448,28,476,59,True,0
Julio Soler Barreto,DEF,Bournemouth,0.0,0,0,0,0,0,0.0,0,66,0.00,0.00,0.00,0.00,49,0,0,0.0,0.0,2026-09-20T13:00:00Z,0,False,14,0,0,0,0,0,5,0,28923,0,0,1,0,0.0,0,-57,2347,2404,40,True,0
Morgan Rogers,MID,Chelsea,5.8,0,0,17,0,2,0.0,8,40,0.07,0.40,0.33,2.65,41,3,0,0.0,0.0,2026-09-18T19:00:00Z,90,False,4,0,0,0,6,0,5,0,4380885,1,0,0,3,0.0,2,628130,697514,69384,77,False,0
Exequiel Palacios,MID,Ipswich Town,2.8,0,0,15,0,2,0.0,6,619,0.02,0.02,0.00,2.07,43,1,0,0.0,0.0,2026-09-19T14:00:00Z,80,False,9,0,0,0,3,0,5,0,7887,1,1,0,1,0.0,2,3407,4756,1349,50,False,0
Tosin Adarabioyo,DEF,Spurs,0.2,0,0,0,0,0,0.0,0,147,0.00,0.00,0.00,0.00,48,0,0,0.0,0.0,2026-09-19T11:30:00Z,0,False,2,0,0,0,0,0,5,0,16621,0,0,3,2,0.0,0,-600,437,1037,44,True,0
Malo Gusto,DEF,Chelsea,0.8,0,0,0,0,0,0.0,0,144,0.00,0.00,0.00,0.00,41,0,0,0.0,0.0,2026-09-18T19:00:00Z,0,False,4,0,0,0,0,0,5,0,107892,0,0,0,3,0.0,0,-9281,4607,13888,50,False,0
Haji Wright,FWD,Coventry City,0.0,0,0,0,0,0,0.0,0,193,0.00,0.00,0.00,0.00,47,0,0,0.0,0.0,2026-09-19T16:30:00Z,0,False,18,0,0,0,0,0,5,0,7895,0,0,1,0,0.0,0,-1150,97,1247,54,False,0
Melvin Bard,DEF,Leeds,0.3,0,0,0,0,0,0.0,0,641,0.00,0.00,0.00,0.00,44,0,0,0.0,0.0,2026-09-20T13:00:00Z,0,False,8,0,0,0,0,0,5,0,877,0,0,0,0,0.0,0,220,363,143,45,True,0
Đorđe Petrović,GK,Bournemouth,1.8,0,0,12,0,0,0.0,0,57,0.00,0.00,0.00,1.65,49,1,0,0.0,0.0,2026-09-20T13:00:00Z,90,False,14,0,0,0,12,0,5,2,325591,1,0,1,0,0.0,2,-19421,7119,26540,45,True,0
Gonzalo García,FWD,Fulham,2.8,0,0,3,1,1,0.0,2,569,0.33,1.02,0.69,1.25,50,0,0,0.0,0.0,2026-09-20T15:30:00Z,79,False,16,0,0,0,1,0,5,0,386933,1,0,1,1,0.0,2,-31297,42871,74168,60,True,0
Takehiro Tomiyasu,DEF,Crystal Palace,0.6,0,0,4,0,3,0.0,3,577,0.01,0.01,0.00,0.54,44,0,0,0.0,0.0,2026-09-20T13:00:00Z,45,False,13,0,0,0,0,0,5,0,29233,1,0,0,0,0.0,1,-2327,497,2824,44,False,0
Mohamed-Ali Cho,MID,Hull City,2.2,0,0,25,0,0,0.0,0,617,0.20,0.47,0.27,0.16,46,0,1,0.0,0.0,2026-09-19T14:00:00Z,27,False,17,0,0,0,0,0,5,0,1422,0,0,1,2,0.0,6,172,401,229,50,False,0
Marc Guiu Paz,FWD,Chelsea,0.0,0,0,0,0,0,0.0,0,168,0.00,0.00,0.00,0.00,41,0,0,0.0,0.0,2026-09-18T19:00:00Z,0,False,4,0,0,0,0,0,5,0,21634,0,0,0,3,0.0,0,-4081,0,4081,50,False,0
Mamadou Sarr,DEF,Chelsea,0.0,0,0,0,0,0,0.0,0,150,0.00,0.00,0.00,0.00,41,0,0,0.0,0.0,2026-09-18T19:00:00Z,0,False,4,0,0,0,0,0,5,0,3038,0,0,0,3,0.0,0,-455,0,455,45,False,0
Omar Richards,DEF,Nott'm Forest,0.0,0,0,0,0,0,0.0,0,476,0.00,0.00,0.00,0.00,47,0,0,0.0,0.0,2026-09-19T16:30:00Z,0,False,7,0,0,0,0,0,5,0,22848,0,0,1,0,0.0,0,-649,1022,1671,40,True,0
Lukas Nmecha,FWD,Leeds,1.4,0,0,4,0,0,0.0,2,347,0.00,0.00,0.00,0.37,44,0,0,0.0,0.0,2026-09-20T13:00:00Z,14,False,8,0,0,0,1,0,5,0,51218,0,1,0,0,0.0,1,-1434,6227,7661,54,True,0
Sean Longstaff,MID,Leeds,0.4,0,0,0,0,0,0.0,0,339,0.00,0.00,0.00,0.00,44,0,0,0.0,0.0,2026-09-20T13:00:00Z,0,False,8,0,0,0,0,0,5,0,9382,0,0,0,0,0.0,0,-977,466,1443,49,True,0
Pedro Lomba Neto,MID,Chelsea,2.8,0,0,13,0,0,0.0,6,156,0.05,0.21,0.16,2.22,41,2,0,0.0,0.0,2026-09-18T19:00:00Z,86,False,4,0,0,0,3,0,5,0,151580,1,3,0,3,0.0,2,-6221,15985,22206,65,False,0
Benjamin Sesko,FWD,Man Utd,1.6,0,0,0,0,0,0.0,0,439,0.00,0.00,0.00,0.00,50,0,0,0.0,0.0,2026-09-20T15:30:00Z,0,False,10,0,0,0,0,0,5,0,192336,0,0,1,1,0.0,0,1630,24959,23329,70,False,0
Ethan Ampadu,MID,Leeds,4.2,0,0,19,1,5,0.0,14,338,0.10,0.10,0.00,1.06,44,0,0,0.0,0.0,2026-09-20T13:00:00Z,90,False,8,0,0,0,6,0,5,0,102625,1,3,0,0,0.0,5,-4200,5751,9951,54,True,0
Armin Pecsi,GK,Liverpool,0.0,0,0,0,0,0,0.0,0,353,0.00,0.00,0.00,0.00,49,0,0,0.0,0.0,2026-09-20T13:00:00Z,0,False,3,0,0,0,0,0,5,0,1905,0,0,1,0,0.0,0,-109,0,109,40,False,0
Rodrigo 'Rodri' Hernandez Cascante,MID,Man City,0.0,0,0,0,0,0,0.0,0,402,0.00,0.00,0.00,0.00,45,0,0,0.0,0.0,2026-09-20T13:00:00Z,0,False,20,0,0,0,0,0,5,0,1158,0,0,3,5,0.0,0,-52,0,52,65,True,0
Karl Darlow,GK,Man Utd,0.0,0,0,0,0,0,0.0,0,325,0.00,0.00,0.00,0.00,50,0,0,0.0,0.0,2026-09-20T15:30:00Z,0,False,10,0,0,0,0,0,5,0,4302,0,0,1,1,0.0,0,-148,169,317,45,False,0
Aaron Hickey,DEF,Brentford,1.0,0,0,5,0,4,0.0,4,90,0.01,0.01,0.00,0.28,41,0,0,0.0,0.0,2026-09-18T19:00:00Z,21,False,6,0,0,0,0,0,5,0,7505,0,0,0,3,0.0,1,-261,329,590,45,True,0
Lucas Bergvall,MID,Spurs,0.6,0,0,3,0,0,0.0,1,520,0.01,0.01,0.00,0.07,48,0,0,0.0,0.0,2026-09-19T11:30:00Z,6,False,2,0,0,0,0,0,5,0,15731,0,1,3,2,0.0,1,-913,344,1257,54,True,0
Nicolas Jackson,FWD,Aston Villa,2.0,0,1,31,0,1,0.0,4,166,0.02,0.46,0.44,1.13,48,1,1,0.0,0.0,2026-09-19T11:30:00Z,87,False,19,0,0,0,3,0,5,0,125508,1,0,3,2,0.0,6,-17305,18834,36139,65,False,1
Romain Esse,MID,Crystal Palace,0.0,0,0,0,0,0,0.0,0,216,0.00,0.00,0.00,0.00,44,0,0,0.0,0.0,2026-09-20T13:00:00Z,0,False,13,0,0,0,0,0,5,0,1807,0,0,0,0,0.0,0,-405,0,405,50,False,0
Harvey Davies,GK,Liverpool,0.0,0,0,0,0,0,0.0,0,355,0.00,0.00,0.00,0.00,49,0,0,0.0,0.0,2026-09-20T13:00:00Z,0,False,3,0,0,0,0,0,5,0,17657,0,0,1,0,0.0,0,96,896,800,40,False,0
Olivier Boscagli,DEF,Brighton,3.8,0,0,24,1,5,0.0,7,114,0.02,0.03,0.01,1.63,42,0,0,0.0,0.0,2026-09-19T14:00:00Z,90,False,1,0,0,0,2,0,5,0,28873,1,2,0,3,0.0,6,-1117,1382,2499,45,True,0
Pape Matar Sarr,MID,Spurs,0.0,0,0,0,0,0,0.0,0,518,0.00,0.00,0.00,0.00,48,0,0,0.0,0.0,2026-09-19T11:30:00Z,0,False,2,0,0,0,0,0,5,0,8302,0,0,3,2,0.0,0,-2148,0,2148,49,True,0
Ezri Konsa Ngoyo,DEF,Arsenal,3.0,0,0,2,0,4,0.0,4,31,0.01,0.24,0.23,1.31,42,3,0,0.0,0.0,2026-09-19T14:00:00Z,90,False,5,0,0,0,3,0,5,0,2062931,1,0,0,3,0.0,1,277564,343094,65530,45,False,0
Endo Wataru,MID,Liverpool,0.0,0,0,0,0,0,0.0,0,374,0.00,0.00,0.00,0.00,49,0,0,0.0,0.0,2026-09-20T13:00:00Z,0,False,3,0,0,0,0,0,5,0,6761,0,0,1,0,0.0,0,-487,349,836,49,False,0
Juan Angulo,FWD,Sunderland,0.0,0,0,0,0,0,0.0,0,651,0.00,0.00,0.00,0.00,45,0,0,0.0,0.0,2026-09-20T13:00:00Z,0,False,15,0,0,0,0,0,5,0,87358,0,0,3,5,0.0,0,21901,33544,11643,45,False,0
Femi Azeez,MID,Brighton,0.0,0,0,0,0,0,0.0,0,652,0.00,0.00,0.00,0.00,42,0,0,0.0,0.0,2026-09-19T14:00:00Z,0,False,1,0,0,0,0,0,5,0,308,0,0,0,3,0.0,0,-10,54,64,55,True,0
Joél Drakes-Thomas,MID,Crystal Palace,0.0,0,0,0,0,0,0.0,0,221,0.00,0.00,0.00,0.00,44,0,0,0.0,0.0,2026-09-20T13:00:00Z,0,False,13,0,0,0,0,0,5,0,7788,0,0,0,0,0.0,0,-630,360,990,45,False,0
Bazoumana Touré,MID,Newcastle,1.6,0,0,2,0,1,0.0,2,461,0.00,0.00,0.00,0.60,46,0,0,0.0,0.0,2026-09-19T14:00:00Z,16,False,11,0,0,0,1,0,5,0,14309,0,0,1,2,0.0,1,325,1837,1512,58,True,0
Maxim De Cuyper,DEF,Brighton,7.6,0,1,30,1,3,0.0,7,115,0.23,0.25,0.02,1.63,42,0,0,0.0,0.0,2026-09-19T14:00:00Z,90,False,1,0,0,0,4,0,5,0,2649636,1,4,0,3,0.0,6,287563,410558,122995,49,True,1
Bradley Barcola,MID,Liverpool,2.3,0,0,8,1,0,0.0,3,627,0.03,0.08,0.05,0.66,49,0,0,0.0,0.0,2026-09-20T13:00:00Z,71,False,3,0,0,0,3,0,5,0,203917,1,0,1,0,0.0,3,-20897,24870,45767,80,False,0
Azor Matusiwa,MID,Ipswich Town,0.0,0,0,0,0,0,0.0,0,310,0.00,0.00,0.00,0.00,43,0,0,0.0,0.0,2026-09-19T14:00:00Z,0,False,9,0,0,0,0,0,5,0,330,0,0,0,1,0.0,0,15,51,36,49,False,0
Axel Disasi,DEF,Crystal Palace,0.0,0,0,0,0,0,0.0,0,153,0.00,0.00,0.00,0.00,44,0,0,0.0,0.0,2026-09-20T13:00:00Z,0,False,13,0,0,0,0,0,5,0,7522,0,0,0,0,0.0,0,-5081,157,5238,45,False,0
Milan van Ewijk,DEF,Coventry City,1.2,0,0,0,0,0,0.0,0,175,0.00,0.00,0.00,0.00,47,0,0,0.0,0.0,2026-09-19T16:30:00Z,0,False,18,0,0,0,0,0,5,0,1016866,0,0,1,0,0.0,0,-100781,13159,113940,40,False,0
Jayden Lienou,DEF,Leeds,0.0,0,0,0,0,0,0.0,0,603,0.00,0.00,0.00,0.00,44,0,0,0.0,0.0,2026-09-20T13:00:00Z,0,False,8,0,0,0,0,0,5,0,11401,0,0,0,0,0.0,0,249,1223,974,40,True,0
Maxence Lacroix,DEF,Chelsea,2.6,0,0,-1,0,11,0.0,12,200,0.01,0.14,0.13,2.65,41,3,0,0.0,0.0,2026-09-18T19:00:00Z,90,False,4,0,0,0,3,0,5,0,749577,1,1,0,3,0.0,3,-111183,9497,120680,60,False,0
Anan Khalaili,DEF,Crystal Palace,3.8,0,0,23,1,4,0.0,6,588,0.02,0.02,0.00,1.31,44,0,0,0.0,0.0,2026-09-20T13:00:00Z,90,False,13,0,0,0,11,0,5,0,31883,1,2,0,0,0.0,6,-717,5814,6531,50,False,0
Hidemasa Morita,MID,Hull City,0.0,0,0,0,0,0,0.0,0,563,0.00,0.00,0.00,0.00,46,0,0,0.0,0.0,2026-09-19T14:00:00Z,0,False,17,0,0,0,0,0,5,0,1759,0,0,1,2,0.0,0,-418,23,441,50,False,0
João Pedro Junqueira de Jesus,FWD,Chelsea,4.9,0,0,0,0,0,0.0,0,165,0.00,0.00,0.00,0.00,41,0,0,0.0,0.0,2026-09-18T19:00:00Z,0,False,4,0,0,0,0,0,5,0,7300631,0,0,0,3,0.0,0,-487412,261391,748803,78,False,0
Dayann Méthalie,DEF,Sunderland,-0.2,0,0,-8,0,2,0.0,3,612,0.01,0.04,0.03,2.82,45,5,0,0.0,0.0,2026-09-20T13:00:00Z,90,False,15,0,0,0,4,0,5,0,834,1,1,3,5,0.0,-1,49,145,96,45,False,1
Vitalii Mykolenko,DEF,Everton,5.4,0,0,29,1,3,0.0,6,233,0.02,0.06,0.04,1.44,43,0,0,0.0,0.0,2026-09-19T14:00:00Z,90,False,12,0,0,0,11,0,5,0,463207,1,3,0,1,0.0,5,214484,238606,24122,45,True,1
Myles Lewis-Skelly,MID,Arsenal,1.5,0,0,0,0,0,0.0,0,7,0.00,0.00,0.00,0.00,42,0,0,0.0,0.0,2026-09-19T14:00:00Z,0,False,5,0,0,0,0,0,5,0,64229,0,0,0,3,0.0,0,-7916,3227,11143,55,False,0
Matias Fernandez-Pardo,FWD,Newcastle,1.3,0,0,7,0,0,0.0,2,634,0.00,0.05,0.05,0.99,46,1,0,0.0,0.0,2026-09-19T14:00:00Z,73,False,11,0,0,0,1,0,5,0,12360,1,1,1,2,0.0,2,1205,3570,2365,60,True,0
Adam Aznou,DEF,Everton,0.0,0,0,0,0,0,0.0,0,235,0.00,0.00,0.00,0.00,43,0,0,0.0,0.0,2026-09-19T14:00:00Z,0,False,12,0,0,0,0,0,5,0,10301,0,0,0,1,0.0,0,-1647,0,1647,40,True,0
Wesley Fofana,DEF,Chelsea,1.6,0,0,11,0,13,0.0,15,145,0.00,0.00,0.00,1.45,41,1,0,0.0,0.0,2026-09-18T19:00:00Z,70,False,4,0,0,0,4,0,5,0,18869,1,2,0,3,0.0,4,-112,3337,3449,50,False,0
Kim Ji-soo,DEF,Brentford,0.0,0,0,0,0,0,0.0,0,92,0.00,0.00,0.00,0.00,41,0,0,0.0,0.0,2026-09-18T19:00:00Z,0,False,6,0,0,0,0,0,5,0,1849,0,0,0,3,0.0,0,-94,69,163,45,True,0
Manuel Ángel Morán Ibáñez,MID,Fulham,0.0,0,0,0,0,0,0.0,0,636,0.00,0.00,0.00,0.00,50,0,0,0.0,0.0,2026-09-20T15:30:00Z,0,False,16,0,0,0,0,0,5,0,361,0,0,1,1,0.0,0,10,84,74,50,True,0
Kevin Santos Lopes de Macedo,MID,Fulham,0.8,0,0,6,0,1,0.0,2,263,0.00,0.04,0.04,0.49,50,1,0,0.0,0.0,2026-09-20T15:30:00Z,19,False,16,0,0,0,1,0,5,0,4353,0,0,1,1,0.0,1,-75,596,671,53,True,0
Martin Ødegaard,MID,Arsenal,4.5,0,0,10,0,1,0.0,2,15,0.02,0.09,0.07,0.77,42,3,0,0.0,0.0,2026-09-19T14:00:00Z,72,False,5,0,0,0,1,0,5,0,2167651,1,0,0,3,0.0,2,194248,326276,132028,68,False,0
Gianluigi Donnarumma,GK,Man City,3.8,0,0,9,0,2,0.0,0,384,0.00,0.00,0.00,3.57,45,3,0,0.0,0.0,2026-09-20T13:00:00Z,90,False,20,0,0,0,8,0,5,4,879025,1,0,3,5,0.0,2,16386,58809,42423,55,True,0
Brandon Austin,GK,Spurs,0.0,0,0,0,0,0,0.0,0,495,0.00,0.00,0.00,0.00,48,0,0,0.0,0.0,2026-09-19T11:30:00Z,0,False,2,0,0,0,0,0,5,0,112272,0,0,3,2,0.0,0,1559,6139,4580,40,True,0
Ryan Yates,MID,Nott'm Forest,0.0,0,0,0,0,0,0.0,0,489,0.00,0.00,0.00,0.00,47,0,0,0.0,0.0,2026-09-19T16:30:00Z,0,False,7,0,0,0,0,0,5,0,132416,0,0,1,0,0.0,0,-12157,2939,15096,45,True,0
David Affengruber,DEF,Fulham,4.0,0,0,17,0,9,0.0,11,650,0.02,0.02,0.00,1.60,50,1,0,0.0,0.0,2026-09-20T15:30:00Z,90,False,16,0,0,0,4,0,5,0,2846,1,2,1,1,0.0,4,1907,2400,493,45,True,0
James Tarkowski,DEF,Everton,8.6,1,3,43,1,11,0.0,12,229,0.01,0.02,0.01,1.44,43,0,0,0.0,0.0,2026-09-19T14:00:00Z,90,False,12,0,0,0,5,0,5,0,1610335,1,1,0,1,0.0,14,243664,292865,49201,61,True,0
Jens Hjertø-Dahl,MID,Hull City,0.2,0,0,0,0,0,0.0,0,574,0.00,0.00,0.00,0.00,46,0,0,0.0,0.0,2026-09-19T14:00:00Z,0,False,17,0,0,0,0,0,5,0,6046,0,0,1,2,0.0,0,-537,289,826,49,False,0
Jun'ai Byfield,DEF,Spurs,0.0,0,0,0,0,0,0.0,0,509,0.00,0.00,0.00,0.00,48,0,0,0.0,0.0,2026-09-19T11:30:00Z,0,False,2,0,0,0,0,0,5,0,6772,0,0,3,2,0.0,0,-17,556,573,40,True,0
Max Dowman,MID,Arsenal,0.2,0,0,4,0,0,0.0,0,20,0.08,0.08,0.00,0.31,42,0,0,0.0,0.0,2026-09-19T14:00:00Z,9,False,5,0,0,0,0,0,5,0,7252,0,0,0,3,0.0,1,-172,878,1050,53,False,0
Vitor de Oliveira Nunes dos Reis,DEF,Man City,0.2,0,0,0,0,0,0.0,0,396,0.00,0.00,0.00,0.00,45,0,0,0.0,0.0,2026-09-20T13:00:00Z,0,False,20,0,0,0,0,0,5,0,3479,0,0,3,5,0.0,0,-82,156,238,45,True,0
Ainsley Maitland-Niles,DEF,Everton,7.0,0,2,39,1,5,0.0,8,649,0.11,0.11,0.00,1.28,43,0,0,0.0,0.0,2026-09-19T14:00:00Z,90,False,12,0,0,0,3,0,5,0,111542,1,3,0,1,0.0,8,48006,54068,6062,45,True,0
Shea Charles,MID,Fulham,2.6,0,0,16,0,11,0.0,13,580,0.02,0.02,0.00,1.60,50,1,0,0.0,0.0,2026-09-20T15:30:00Z,90,False,16,0,0,0,0,0,5,0,7677,1,2,1,1,0.0,4,49,742,693,50,True,0
Kostas Tsimikas,DEF,Liverpool,0.4,0,0,0,0,0,0.0,0,364,0.00,0.00,0.00,0.00,49,0,0,0.0,0.0,2026-09-20T13:00:00Z,0,False,3,0,0,0,0,0,5,0,7658,0,0,1,0,0.0,0,-362,299,661,49,False,0
Zach Abbott,DEF,Nott'm Forest,0.0,0,0,0,0,0,0.0,0,477,0.00,0.00,0.00,0.00,47,0,0,0.0,0.0,2026-09-19T16:30:00Z,0,False,7,0,0,0,0,0,5,0,16093,0,0,1,0,0.0,0,-2263,0,2263,40,True,0
James Wright,GK,Aston Villa,1.0,0,0,0,0,0,0.0,0,667,0.00,0.00,0.00,0.00,48,0,0,0.0,0.0,2026-09-19T11:30:00Z,0,False,19,0,0,0,0,0,5,0,0,0,0,3,2,0.0,0,0,0,0,40,False,0
Kevin Danso,DEF,Sunderland,0.6,0,0,-8,0,8,0.0,8,501,0.01,0.08,0.07,2.82,45,5,0,0.0,0.0,2026-09-20T13:00:00Z,90,False,15,0,0,0,5,0,5,0,17126,1,0,3,5,0.0,0,-16,1530,1546,50,False,0
Honest Ahanor,DEF,Crystal Palace,1.0,0,0,0,0,0,0.0,0,633,0.00,0.00,0.00,0.00,44,0,0,0.0,0.0,2026-09-20T13:00:00Z,0,False,13,0,0,0,0,0,5,0,1692,0,0,0,0,0.0,0,470,710,240,45,False,0
Fábio Ferreira Vieira,MID,Arsenal,0.0,0,0,0,0,0,0.0,0,23,0.00,0.00,0.00,0.00,42,0,0,0.0,0.0,2026-09-19T14:00:00Z,0,False,5,0,0,0,0,0,5,0,633,0,0,0,3,0.0,0,-88,0,88,55,False,0
Victor Lindelöf,DEF,Aston Villa,1.6,0,0,1,0,6,0.0,6,37,0.00,0.00,0.00,1.56,48,2,0,0.0,0.0,2026-09-19T11:30:00Z,90,False,19,0,0,0,2,0,5,0,33907,1,0,3,2,0.0,1,-415,3502,3917,45,False,0
Bart Verbruggen,GK,Brighton,4.6,0,0,27,1,0,0.0,0,109,0.00,0.00,0.00,1.63,42,0,0,0.0,0.0,2026-09-19T14:00:00Z,90,False,1,0,0,0,4,0,5,2,2292499,1,0,0,3,0.0,6,-47432,89072,136504,45,True,0
Enzo Fernández,MID,Man City,2.6,0,0,33,0,1,0.0,5,155,0.26,0.30,0.04,3.57,45,3,1,0.0,0.0,2026-09-20T13:00:00Z,90,False,20,0,0,0,4,0,5,0,380480,1,0,3,5,0.0,7,23625,56551,32926,69,True,0
Eberechi Eze,MID,Arsenal,0.8,0,0,5,0,0,0.0,0,14,0.02,0.02,0.00,0.54,42,0,0,0.0,0.0,2026-09-19T14:00:00Z,17,False,5,0,0,0,0,0,5,0,113499,0,0,0,3,0.0,1,-15015,3026,18041,63,False,0
Elliot Stroud,MID,Hull City,1.4,0,0,0,0,0,0.0,0,576,0.00,0.00,0.00,0.00,46,0,0,0.0,0.0,2026-09-19T14:00:00Z,0,False,17,0,0,0,0,0,5,0,8823,0,0,1,2,0.0,0,-208,701,909,50,False,0
Pep Chavarría,DEF,Chelsea,1.0,0,0,7,0,6,0.0,9,583,0.04,0.08,0.04,2.65,41,3,0,0.0,0.0,2026-09-18T19:00:00Z,90,False,4,0,0,0,3,0,5,0,16124,1,3,0,3,0.0,1,-1145,529,1674,49,False,0
Kai Havertz,FWD,Arsenal,3.2,0,0,5,0,2,0.0,3,26,0.02,0.80,0.78,1.31,42,3,0,0.0,0.0,2026-09-19T14:00:00Z,90,False,5,0,0,0,1,0,5,0,915557,1,0,0,3,0.0,2,44371,147342,102971,76,False,0
Kyran Thompson,MID,Newcastle,1.1,0,0,0,0,0,0.0,0,666,0.00,0.00,0.00,0.00,46,0,0,0.0,0.0,2026-09-19T14:00:00Z,0,False,11,0,0,0,0,0,5,0,0,0,0,1,2,0.0,0,0,0,0,45,True,0
Chadi Riad Dnanou,DEF,Crystal Palace,0.0,0,0,0,0,0,0.0,0,206,0.00,0.00,0.00,0.00,44,0,0,0.0,0.0,2026-09-20T13:00:00Z,0,False,13,0,0,0,0,0,5,0,2215,0,0,0,0,0.0,0,-330,53,383,44,False,0
Robin Roefs,GK,Sunderland,2.2,0,0,-8,0,2,0.0,0,529,0.01,0.01,0.00,2.82,45,5,0,0.0,0.0,2026-09-20T13:00:00Z,90,False,15,0,0,0,4,0,5,1,271819,1,0,3,5,0.0,0,-33760,2559,36319,49,False,0
Tatsuhiro Sakamoto,MID,Coventry City,0.2,0,0,0,0,0,0.0,0,185,0.00,0.00,0.00,0.00,47,0,0,0.0,0.0,2026-09-19T16:30:00Z,0,False,18,0,0,0,0,0,5,0,6925,0,0,1,0,0.0,0,-850,142,992,48,False,0
Hákon Rafn Valdimarsson,GK,Brentford,0.0,0,0,0,0,0,0.0,0,83,0.00,0.00,0.00,0.00,41,0,0,0.0,0.0,2026-09-18T19:00:00Z,0,False,6,0,0,0,0,0,5,0,10440,0,0,0,3,0.0,0,-567,317,884,45,True,0
Jefferson Lerma Solís,MID,Crystal Palace,0.2,0,0,3,0,6,0.0,11,213,0.00,0.26,0.26,0.77,44,0,0,0.0,0.0,2026-09-20T13:00:00Z,45,False,13,0,0,0,3,0,5,0,7985,0,2,0,0,0.0,0,-677,179,856,49,False,1
Jack Clarke,MID,Ipswich Town,2.2,0,0,10,0,2,0.0,4,313,0.33,0.33,0.00,1.68,43,1,0,0.0,0.0,2026-09-19T14:00:00Z,65,False,9,0,0,0,2,0,5,0,19907,1,0,0,1,0.0,2,-2389,514,2903,54,False,0
Djiamgone Jocelin Ta Bi,MID,Sunderland,0.0,0,0,0,0,0,0.0,0,550,0.00,0.00,0.00,0.00,45,0,0,0.0,0.0,2026-09-20T13:00:00Z,0,False,15,0,0,0,0,0,5,0,627,0,0,3,5,0.0,0,-24,64,88,50,False,0
Mikel Merino Zazón,MID,Arsenal,0.8,0,0,4,0,1,0.0,4,17,0.13,0.13,0.00,0.70,42,0,0,0.0,0.0,2026-09-19T14:00:00Z,30,False,5,0,0,0,3,0,5,0,42609,0,0,0,3,0.0,1,-4969,1345,6314,58,False,0
Mikey Moore,MID,Spurs,0.0,0,0,0,0,0,0.0,0,523,0.00,0.00,0.00,0.00,48,0,0,0.0,0.0,2026-09-19T11:30:00Z,0,False,2,0,0,0,0,0,5,0,6388,0,0,3,2,0.0,0,-1980,0,1980,50,True,0
Levi Samuels Colwill,DEF,Chelsea,0.6,0,0,1,0,7,0.0,7,149,0.01,0.01,0.00,2.65,41,3,0,0.0,0.0,2026-09-18T19:00:00Z,90,False,4,0,0,0,4,0,5,0,97080,1,0,0,3,0.0,1,-16952,2003,18955,49,False,0
William Saliba,DEF,Arsenal,0.0,0,0,0,0,0,0.0,0,6,0.00,0.00,0.00,0.00,42,0,0,0.0,0.0,2026-09-19T14:00:00Z,0,False,5,0,0,0,0,0,5,0,21924,0,0,0,3,0.0,0,-1605,399,2004,59,False,0
Ayden Heaven,DEF,Man Utd,0.2,0,0,0,0,0,0.0,0,421,0.00,0.00,0.00,0.00,50,0,0,0.0,0.0,2026-09-20T15:30:00Z,0,False,10,0,0,0,0,0,5,0,29351,0,0,1,1,0.0,0,-3023,613,3636,44,False,0
Brennan Johnson,MID,Everton,1.8,0,0,6,1,1,0.0,8,209,0.00,0.82,0.82,1.06,43,0,0,0.0,0.0,2026-09-19T14:00:00Z,65,False,12,0,0,0,4,0,5,0,13882,1,3,0,1,0.0,3,847,2308,1461,59,True,0
Michele Di Gregorio,GK,Bournemouth,0.0,0,0,0,0,0,0.0,0,615,0.00,0.00,0.00,0.00,49,0,0,0.0,0.0,2026-09-20T13:00:00Z,0,False,14,0,0,0,0,0,5,0,3687,0,0,1,0,0.0,0,-198,343,541,45,True,0
Oliver Dovin,GK,Coventry City,0.0,0,0,0,0,0,0.0,0,171,0.00,0.00,0.00,0.00,47,0,0,0.0,0.0,2026-09-19T16:30:00Z,0,False,18,0,0,0,0,0,5,0,112931,0,0,1,0,0.0,0,-10379,0,10379,40,False,0
Tim Iroegbunam,MID,Hull City,0.4,0,0,6,0,0,0.0,7,240,0.01,0.13,0.12,0.25,46,0,0,0.0,0.0,2026-09-19T14:00:00Z,45,False,17,0,0,0,5,0,5,0,1818,0,2,1,2,0.0,1,101,374,273,50,False,0
Jordan Henderson,MID,Chelsea,0.2,0,0,16,0,2,0.0,10,101,0.08,0.08,0.00,2.65,41,3,0,0.0,0.0,2026-09-18T19:00:00Z,90,False,4,0,0,0,7,0,5,0,2692,1,1,0,3,0.0,2,-383,45,428,49,False,0
Abdoul Ouattara,DEF,Ipswich Town,1.2,0,0,17,0,5,0.0,8,592,0.01,0.03,0.02,2.24,43,1,0,0.0,0.0,2026-09-19T14:00:00Z,90,False,9,0,0,0,10,0,5,0,94948,1,3,0,1,0.0,2,-2909,2569,5478,40,False,0
Pau Torres,DEF,Aston Villa,0.0,0,0,0,0,0,0.0,0,34,0.00,0.00,0.00,0.00,48,0,0,0.0,0.0,2026-09-19T11:30:00Z,0,False,19,0,0,0,0,0,5,0,34289,0,0,3,2,0.0,0,-9138,237,9375,45,False,0
Rodrigo Bentancur,MID,Spurs,3.0,0,0,15,0,3,0.0,17,516,0.04,0.04,0.00,1.10,48,3,0,0.0,0.0,2026-09-19T11:30:00Z,83,False,2,0,0,0,8,0,5,0,19246,1,6,3,2,0.0,4,497,2106,1609,55,True,0
Bruno Guimarães Rodriguez Moura,MID,Arsenal,2.2,0,0,12,0,2,0.0,6,452,0.01,0.01,0.00,0.61,42,3,0,0.0,0.0,2026-09-19T14:00:00Z,59,False,5,0,0,0,4,0,5,0,192568,1,0,0,3,0.0,1,6316,16199,9883,67,False,0
Georginio Rutter,FWD,Brighton,1.2,0,0,2,0,0,0.0,2,125,0.01,0.10,0.09,0.74,42,0,0,0.0,0.0,2026-09-19T14:00:00Z,14,False,1,0,0,0,2,0,5,0,49762,0,0,0,3,0.0,1,-10169,2315,12484,54,True,0
Virgil van Dijk,DEF,Liverpool,5.0,0,0,26,1,13,0.0,13,356,0.01,0.01,0.00,0.79,49,0,0,0.0,0.0,2026-09-20T13:00:00Z,90,False,3,0,0,0,2,0,5,0,1767010,1,0,1,0,0.0,8,-57021,34977,91998,65,False,0
Carlos Baleba,MID,Man Utd,0.0,0,0,0,0,0,0.0,0,131,0.00,0.00,0.00,0.00,50,0,0,0.0,0.0,2026-09-20T15:30:00Z,0,False,10,0,0,0,0,0,5,0,12600,0,0,1,1,0.0,0,-1080,636,1716,49,False,0
Abdülkadir Ömür,MID,Hull City,0.0,0,0,0,0,0,0.0,0,292,0.00,0.00,0.00,0.00,46,0,0,0.0,0.0,2026-09-19T14:00:00Z,0,False,17,0,0,0,0,0,5,0,1845,0,0,1,2,0.0,0,-24,288,312,49,False,0
Mark Gillespie,GK,Newcastle,0.0,0,0,0,0,0,0.0,0,443,0.00,0.00,0.00,0.00,46,0,0,0.0,0.0,2026-09-19T14:00:00Z,0,False,11,0,0,0,0,0,5,0,3606,0,0,1,2,0.0,0,-33,183,216,45,True,0
Andrés García,DEF,Aston Villa,0.0,0,0,0,0,0,0.0,0,38,0.00,0.00,0.00,0.00,48,0,0,0.0,0.0,2026-09-19T11:30:00Z,0,False,19,0,0,0,0,0,5,0,171537,0,0,3,2,0.0,0,-7021,7152,14173,40,False,0
Yoane Wissa,FWD,Newcastle,3.0,0,0,0,0,2,0.0,5,464,0.01,0.85,0.84,1.59,46,1,0,0.0,0.0,2026-09-19T14:00:00Z,90,False,11,0,1,0,3,0,5,0,2094339,1,0,1,2,0.0,0,124486,338910,214424,62,True,0
Jay Dasilva,DEF,Coventry City,4.8,0,3,40,1,4,0.0,4,176,0.04,0.36,0.32,1.10,47,0,1,0.0,0.0,2026-09-19T16:30:00Z,90,False,18,0,0,0,4,0,5,0,73323,1,0,1,0,0.0,15,-4010,903,4913,40,False,0
James McAtee,MID,Nott'm Forest,2.4,0,0,17,0,1,0.0,4,486,0.04,0.25,0.21,0.67,47,1,0,0.0,0.0,2026-09-19T16:30:00Z,82,False,7,0,0,0,2,0,5,0,11916,1,1,1,0,0.0,2,1989,3622,1633,55,True,0
Emersonn Correia da Silva,FWD,Ipswich Town,5.2,0,0,9,0,0,0.0,1,316,0.01,0.14,0.13,2.07,43,1,0,0.0,0.0,2026-09-19T14:00:00Z,80,False,9,0,0,0,0,0,5,0,360268,1,1,0,1,0.0,2,133193,160060,26867,55,False,0
Enis Destan,FWD,Hull City,0.0,0,0,0,0,0,0.0,0,298,0.00,0.00,0.00,0.00,46,0,0,0.0,0.0,2026-09-19T14:00:00Z,0,False,17,0,0,0,0,0,5,0,19933,0,0,1,2,0.0,0,-2761,0,2761,45,False,0
Dillon Phillips,GK,Hull City,0.0,0,0,0,0,0,0.0,0,273,0.00,0.00,0.00,0.00,46,0,0,0.0,0.0,2026-09-19T14:00:00Z,0,False,17,0,0,0,0,0,5,0,154014,0,0,1,2,0.0,0,-1640,5096,6736,40,False,0
Stephen Mfuni,DEF,Coventry City,3.0,0,0,27,1,7,0.0,8,656,0.01,0.01,0.00,1.10,47,0,0,0.0,0.0,2026-09-19T16:30:00Z,90,False,18,0,0,0,3,0,5,0,10713,1,1,1,0,0.0,6,3967,5501,1534,40,False,0
Abu Kamara,MID,Hull City,0.0,0,0,0,0,0,0.0,0,293,0.00,0.00,0.00,0.00,46,0,0,0.0,0.0,2026-09-19T14:00:00Z,0,False,17,0,0,0,0,0,5,0,193,0,0,1,2,0.0,0,-22,0,22,50,False,0
Boubacar Kamara,MID,Aston Villa,3.0,1,0,26,1,1,0.0,6,47,0.01,0.13,0.12,0.78,48,0,0,0.0,0.0,2026-09-19T11:30:00Z,83,False,19,0,0,0,3,0,5,0,32641,1,2,3,2,0.0,6,-2746,1988,4734,50,False,0
Darko Gyabi,MID,Hull City,0.0,0,0,0,0,0,0.0,0,297,0.00,0.00,0.00,0.00,46,0,0,0.0,0.0,2026-09-19T14:00:00Z,0,False,17,0,0,0,0,0,5,0,1875,0,0,1,2,0.0,0,-156,61,217,45,False,0
Leo Shahar,DEF,Newcastle,0.0,0,0,0,0,0,0.0,0,609,0.00,0.00,0.00,0.00,46,0,0,0.0,0.0,2026-09-19T14:00:00Z,0,False,11,0,0,0,0,0,5,0,20140,0,0,1,2,0.0,0,-5521,0,5521,40,True,0
Kepa Arrizabalaga Revuelta,GK,Arsenal,0.0,0,0,0,0,0,0.0,0,2,0.00,0.00,0.00,0.00,42,0,0,0.0,0.0,2026-09-19T14:00:00Z,0,False,5,0,0,0,0,0,5,0,7555,0,0,0,3,0.0,0,-378,181,559,49,False,0
Alisson Becker,GK,Liverpool,5.4,0,2,30,1,4,0.0,0,350,0.00,0.00,0.00,0.79,49,0,0,0.0,0.0,2026-09-20T13:00:00Z,90,False,3,0,0,0,9,0,5,2,422308,1,0,1,0,0.0,8,-4413,20069,24482,55,False,0
Mathys Tel,MID,Spurs,1.6,0,0,0,0,0,0.0,0,514,0.00,0.00,0.00,0.00,48,0,0,0.0,0.0,2026-09-19T11:30:00Z,0,False,2,0,0,0,0,0,5,0,21179,0,0,3,2,0.0,0,-5320,897,6217,58,True,0
Leo Fuhr Hjelde,DEF,Sunderland,0.0,0,0,0,0,0,0.0,0,538,0.00,0.00,0.00,0.00,45,0,0,0.0,0.0,2026-09-20T13:00:00Z,0,False,15,0,0,0,0,0,5,0,3843,0,0,3,5,0.0,0,-298,0,298,40,False,0
Chiedozie Ogbene,MID,Ipswich Town,0.0,0,0,0,0,0,0.0,0,314,0.00,0.00,0.00,0.00,43,0,0,0.0,0.0,2026-09-19T14:00:00Z,0,False,9,0,0,0,0,0,5,0,701,0,0,0,1,0.0,0,-155,0,155,49,False,0
Mathias Jensen,MID,Brentford,0.0,0,0,0,0,0,0.0,0,97,0.00,0.00,0.00,0.00,41,0,0,0.0,0.0,2026-09-18T19:00:00Z,0,False,6,0,0,0,0,0,5,0,10766,0,0,0,3,0.0,0,-1881,16,1897,54,True,0
Jeremy Jacquet,DEF,Liverpool,4.8,0,0,26,1,5,0.0,8,362,0.02,0.02,0.00,0.79,49,0,0,0.0,0.0,2026-09-20T13:00:00Z,90,False,3,0,0,0,6,0,5,0,355709,1,3,1,0,0.0,6,50743,69754,19011,50,False,0
Dominic Calvert-Lewin,FWD,Leeds,4.4,0,0,7,1,4,0.0,8,346,0.00,0.52,0.52,1.06,44,0,0,0.0,0.0,2026-09-20T13:00:00Z,90,False,8,0,0,0,4,0,5,0,2888883,1,0,0,0,0.0,2,390459,533433,142974,60,True,0
Nick Pope,GK,Newcastle,0.0,0,0,0,0,0,0.0,0,442,0.00,0.00,0.00,0.00,46,0,0,0.0,0.0,2026-09-19T14:00:00Z,0,False,11,0,0,0,0,0,5,0,105050,0,0,1,2,0.0,0,-5404,1831,7235,49,True,0
Frank Onyeka,MID,Coventry City,1.8,0,0,10,1,4,0.0,9,104,0.00,0.00,0.00,1.10,47,0,0,0.0,0.0,2026-09-19T16:30:00Z,90,False,18,0,0,0,3,0,5,0,10664,1,2,1,0,0.0,3,-1263,346,1609,49,False,0
Marc Guéhi,DEF,Man City,6.0,1,0,13,0,4,0.0,4,388,0.01,0.07,0.06,3.57,45,3,0,0.0,0.0,2026-09-20T13:00:00Z,90,False,20,0,0,0,2,0,5,0,2017850,1,0,3,5,0.0,4,13337,86049,72712,60,True,0
Christos Tzolis,MID,Arsenal,2.5,0,0,9,0,1,0.0,3,557,0.07,0.07,0.00,0.77,42,3,0,0.0,0.0,2026-09-19T14:00:00Z,72,False,5,0,0,0,1,0,5,0,1417272,1,1,0,3,0.0,2,-263333,39605,302938,64,False,0
George Hemmings,MID,Aston Villa,1.8,0,0,2,0,0,0.0,0,51,0.00,0.00,0.00,0.87,48,2,0,0.0,0.0,2026-09-19T11:30:00Z,18,False,19,0,0,0,0,0,5,0,135094,0,0,3,2,0.0,1,-3198,14076,17274,45,False,0
Erling Haaland,FWD,Man City,7.8,0,0,25,0,2,0.0,2,411,0.02,1.11,1.09,3.57,45,3,1,0.0,0.0,2026-09-20T13:00:00Z,90,False,20,0,0,0,0,0,5,0,7989349,1,0,3,5,0.0,6,172491,196912,24421,156,True,0
Riccardo Calafiori,DEF,Arsenal,5.0,0,0,-3,0,2,0.0,5,8,0.03,0.10,0.07,1.31,42,3,0,0.0,0.0,2026-09-19T14:00:00Z,90,False,5,0,0,0,5,0,5,0,5451521,1,3,0,3,0.0,1,183297,266900,83603,58,False,0
Juanlu Sánchez,DEF,Bournemouth,0.0,0,0,0,0,0,0.0,0,573,0.00,0.00,0.00,0.00,49,0,0,0.0,0.0,2026-09-20T13:00:00Z,0,False,14,0,0,0,0,0,5,0,18099,0,0,1,0,0.0,0,-982,314,1296,44,True,0
Tom King,GK,Everton,0.0,0,0,0,0,0,0.0,0,228,0.00,0.00,0.00,0.00,43,0,0,0.0,0.0,2026-09-19T14:00:00Z,0,False,12,0,0,0,0,0,5,0,4710,0,0,0,1,0.0,0,-53,243,296,45,True,0
Dean Henderson,GK,Crystal Palace,0.0,0,0,0,0,0,0.0,0,198,0.00,0.00,0.00,0.00,44,0,0,0.0,0.0,2026-09-20T13:00:00Z,0,False,13,0,0,0,0,0,5,0,148996,0,0,0,0,0.0,0,-59712,210,59922,50,False,0
Oli McBurnie,FWD,Hull City,2.6,0,0,5,0,3,0.0,6,295,0.02,0.38,0.36,1.44,46,2,0,0.0,0.0,2026-09-19T14:00:00Z,90,False,17,0,0,0,3,0,5,0,213941,1,0,1,2,0.0,1,6823,35498,28675,55,False,1
Amad Diallo,MID,Man Utd,0.0,0,0,0,0,0,0.0,0,431,0.00,0.00,0.00,0.00,50,0,0,0.0,0.0,2026-09-20T15:30:00Z,0,False,10,0,0,0,0,0,5,0,33185,0,0,1,1,0.0,0,-5804,75,5879,57,False,0
Oscar Mingueza,DEF,Crystal Palace,0.4,0,0,0,0,0,0.0,0,207,0.00,0.00,0.00,0.00,44,0,0,0.0,0.0,2026-09-20T13:00:00Z,0,False,13,0,0,0,0,0,5,0,6288,0,0,0,0,0.0,0,-708,250,958,44,False,0
Charalampos Kostoulas,FWD,Brighton,5.6,1,2,40,1,0,0.0,4,138,0.01,0.19,0.18,0.89,42,0,1,0.0,0.0,2026-09-19T14:00:00Z,75,False,1,0,0,0,3,0,5,0,105077,1,1,0,3,0.0,10,42079,57158,15079,55,True,1
Filip Jörgensen,GK,Chelsea,0.0,0,0,0,0,0,0.0,0,141,0.00,0.00,0.00,0.00,41,0,0,0.0,0.0,2026-09-18T19:00:00Z,0,False,4,0,0,0,0,0,5,0,889,0,0,0,3,0.0,0,-52,0,52,50,False,0
Kaye Furo,FWD,Brentford,0.0,0,0,0,0,0,0.0,0,107,0.00,0.00,0.00,0.00,41,0,0,0.0,0.0,2026-09-18T19:00:00Z,0,False,6,0,0,0,0,0,5,0,104422,0,0,0,3,0.0,0,-13858,6535,20393,45,True,0
Matheus Santos Carneiro da Cunha,MID,Man Utd,5.2,0,3,32,0,1,0.0,3,428,0.39,0.44,0.05,1.62,50,1,1,0.0,0.0,2026-09-20T15:30:00Z,90,False,10,0,0,0,2,0,5,0,620030,1,0,1,1,0.0,10,-75494,11557,87051,79,False,0
Carl Rushworth,GK,Coventry City,3.8,1,2,38,1,0,0.0,0,110,0.00,0.00,0.00,1.10,47,0,0,0.0,0.0,2026-09-19T16:30:00Z,90,False,18,0,0,0,10,0,5,2,84063,1,0,1,0,0.0,11,-11924,928,12852,45,False,0
Gabriel dos Santos Magalhães,DEF,Arsenal,5.0,0,0,6,0,6,0.0,9,4,0.14,0.14,0.00,1.31,42,3,0,0.0,0.0,2026-09-19T14:00:00Z,90,False,5,0,0,0,4,0,5,0,2494884,1,3,0,3,0.0,1,-70779,48033,118812,80,False,0
Hugo Ekitiké,FWD,Liverpool,0.0,0,0,0,0,0,0.0,0,380,0.00,0.00,0.00,0.00,49,0,0,0.0,0.0,2026-09-20T13:00:00Z,0,False,3,0,0,0,0,0,5,0,11579,0,0,1,0,0.0,0,-790,393,1183,74,False,0
Chris Richards,DEF,Crystal Palace,2.8,0,0,29,1,8,0.0,10,202,0.01,0.01,0.00,1.31,44,0,0,0.0,0.0,2026-09-20T13:00:00Z,90,False,13,0,0,0,3,0,5,0,63648,1,2,0,0,0.0,8,-7644,1854,9498,50,False,0
Brian Madjo,FWD,Aston Villa,0.0,0,0,0,0,0,0.0,0,582,0.00,0.00,0.00,0.00,48,0,0,0.0,0.0,2026-09-19T11:30:00Z,0,False,19,0,0,0,0,0,5,0,22744,0,0,3,2,0.0,0,-4377,268,4645,54,False,0
Curtis Jones,MID,Liverpool,0.0,0,0,0,0,0,0.0,0,373,0.00,0.00,0.00,0.00,49,0,0,0.0,0.0,2026-09-20T13:00:00Z,0,False,3,0,0,0,0,0,5,0,2382,0,0,1,0,0.0,0,-157,0,157,55,False,0
Aladji Bamba,MID,Newcastle,0.6,0,0,3,0,2,0.0,4,559,0.00,0.00,0.00,0.14,46,0,0,0.0,0.0,2026-09-19T14:00:00Z,3,False,11,0,0,0,1,0,5,0,10531,0,1,1,2,0.0,1,-781,377,1158,49,True,0
Abdul Fatawu,MID,Ipswich Town,1.6,0,0,4,0,2,0.0,4,315,0.28,0.42,0.14,1.68,43,1,0,0.0,0.0,2026-09-19T14:00:00Z,66,False,9,0,0,0,2,1,5,0,19671,1,0,0,1,0.0,-1,-2031,636,2667,54,False,0
Leny Yoro,DEF,Man Utd,0.4,0,0,0,0,0,0.0,0,420,0.00,0.00,0.00,0.00,50,0,0,0.0,0.0,2026-09-20T15:30:00Z,0,False,10,0,0,0,0,0,5,0,50197,0,0,1,1,0.0,0,-4322,617,4939,49,False,0
Jorrel Hato,DEF,Chelsea,1.6,0,0,0,0,0,0.0,0,148,0.00,0.00,0.00,0.00,41,0,0,0.0,0.0,2026-09-18T19:00:00Z,0,False,4,0,0,0,0,0,5,0,93559,0,0,0,3,0.0,0,-16858,4867,21725,45,False,0
Sander Berge,MID,Fulham,2.2,0,0,16,1,2,0.0,2,265,0.02,0.07,0.05,1.18,50,0,0,0.0,0.0,2026-09-20T15:30:00Z,76,False,16,0,0,0,0,0,5,0,31167,1,0,1,1,0.0,3,-1553,1643,3196,49,True,0
Timothy Castagne,DEF,Fulham,4.0,0,0,3,0,9,0.0,9,258,0.01,0.01,0.00,1.60,50,1,0,0.0,0.0,2026-09-20T15:30:00Z,90,False,16,0,0,0,4,0,5,0,92417,1,0,1,1,0.0,1,6515,14129,7614,45,True,1
Cody Gakpo,MID,Liverpool,6.4,0,0,13,1,2,0.0,5,367,0.49,0.69,0.20,0.79,49,0,0,0.0,0.0,2026-09-20T13:00:00Z,90,False,3,0,0,0,1,0,5,0,1383393,1,2,1,0,0.0,3,19543,175676,156133,72,False,0
Jaidon Anthony,MID,Brentford,3.0,0,2,31,1,1,0.0,2,105,0.02,0.98,0.96,0.70,41,0,1,0.0,0.0,2026-09-18T19:00:00Z,80,False,6,0,0,0,1,0,5,0,13639,1,0,0,3,0.0,10,-1462,635,2097,59,True,0
Julián Araujo Zúñiga,DEF,Bournemouth,0.0,0,0,0,0,0,0.0,0,65,0.00,0.00,0.00,0.00,49,0,0,0.0,0.0,2026-09-20T13:00:00Z,0,False,14,0,0,0,0,0,5,0,1281,0,0,1,0,0.0,0,-50,101,151,44,True,0
Dara O'Shea,DEF,Ipswich Town,2.0,0,0,12,0,9,0.0,9,304,0.00,0.00,0.00,2.24,43,1,0,0.0,0.0,2026-09-19T14:00:00Z,90,False,9,0,0,0,5,0,5,0,302768,1,0,0,1,0.0,2,-14193,7422,21615,40,False,0
Norberto Bercique Gomes Betuncal,FWD,Everton,0.0,0,0,0,0,0,0.0,0,248,0.00,0.00,0.00,0.00,43,0,0,0.0,0.0,2026-09-19T14:00:00Z,0,False,12,0,0,0,0,0,5,0,72058,0,0,0,1,0.0,0,-25316,0,25316,54,True,0
Alex Palmer,GK,Ipswich Town,0.0,0,0,0,0,0,0.0,0,301,0.00,0.00,0.00,0.00,43,0,0,0.0,0.0,2026-09-19T14:00:00Z,0,False,9,0,0,0,0,0,5,0,432976,0,0,0,1,0.0,0,-10957,9183,20140,40,False,0
Jacob Ramsey,MID,Newcastle,0.0,0,0,0,0,0,0.0,0,456,0.00,0.00,0.00,0.00,46,0,0,0.0,0.0,2026-09-19T14:00:00Z,0,False,11,0,0,0,0,0,5,0,30346,0,0,1,2,0.0,0,-8206,1789,9995,49,True,0
Alex Tóth,MID,Bournemouth,0.4,0,0,3,0,0,0.0,0,76,0.00,0.00,0.00,0.25,49,0,0,0.0,0.0,2026-09-20T13:00:00Z,2,False,14,0,0,0,0,0,5,0,1445,0,0,1,0,0.0,1,-80,62,142,49,True,0
Arnaud Kalimuendo,FWD,Nott'm Forest,0.2,0,0,0,0,0,0.0,0,493,0.00,0.00,0.00,0.00,47,0,0,0.0,0.0,2026-09-19T16:30:00Z,0,False,7,0,0,0,0,0,5,0,5589,0,0,1,0,0.0,0,-342,483,825,54,True,0
Anthony Patterson,GK,Sunderland,0.0,0,0,0,0,0,0.0,0,530,0.00,0.00,0.00,0.00,45,0,0,0.0,0.0,2026-09-20T13:00:00Z,0,False,15,0,0,0,0,0,5,0,12868,0,0,3,5,0.0,0,-743,0,743,40,False,0
Gabriel Martinelli Silva,MID,Arsenal,0.0,0,0,0,0,0,0.0,0,18,0.00,0.00,0.00,0.00,42,0,0,0.0,0.0,2026-09-19T14:00:00Z,0,False,5,0,0,0,0,0,5,0,7867,0,0,0,3,0.0,0,-1499,0,1499,63,False,0
Matty Jacob,DEF,Hull City,0.0,0,0,0,0,0,0.0,0,283,0.00,0.00,0.00,0.00,46,0,0,0.0,0.0,2026-09-19T14:00:00Z,0,False,17,0,0,0,0,0,5,0,831,0,0,1,2,0.0,0,-94,0,94,40,False,0
Dan Burn,DEF,Newcastle,0.0,0,0,0,0,0,0.0,0,448,0.00,0.00,0.00,0.00,46,0,0,0.0,0.0,2026-09-19T14:00:00Z,0,False,11,0,0,0,0,0,5,0,84798,0,0,1,2,0.0,0,-11893,180,12073,49,True,0
Luc De Fougerolles,DEF,Fulham,0.0,0,0,0,0,0,0.0,0,610,0.00,0.00,0.00,0.00,50,0,0,0.0,0.0,2026-09-20T15:30:00Z,0,False,16,0,0,0,0,0,5,0,7831,0,0,1,1,0.0,0,-1168,0,1168,40,True,0
Nobel Mendy,DEF,Hull City,0.0,0,0,0,0,0,0.0,0,586,0.00,0.00,0.00,0.00,46,0,0,0.0,0.0,2026-09-19T14:00:00Z,0,False,17,0,0,0,0,0,5,0,693276,0,0,1,2,0.0,0,-152875,13422,166297,41,False,0
Geovany Quenda,MID,Chelsea,0.4,0,0,3,0,0,0.0,0,164,0.01,0.04,0.03,1.20,41,2,0,0.0,0.0,2026-09-18T19:00:00Z,19,False,4,0,0,0,0,0,5,0,3422,0,0,0,3,0.0,1,-378,155,533,53,False,0
Wilson Odobert,MID,Spurs,0.0,0,0,0,0,0,0.0,0,517,0.00,0.00,0.00,0.00,48,0,0,0.0,0.0,2026-09-19T11:30:00Z,0,False,2,0,0,0,0,0,5,0,159,0,0,3,2,0.0,0,3,23,20,55,True,0
Manuel Ugarte Ribeiro,MID,Man Utd,0.0,0,0,0,0,0,0.0,0,433,0.00,0.00,0.00,0.00,50,0,0,0.0,0.0,2026-09-20T15:30:00Z,0,False,10,0,0,0,0,0,5,0,386,0,0,1,1,0.0,0,-21,15,36,50,False,0
Jack Taylor,MID,Ipswich Town,0.0,0,0,0,0,0,0.0,0,312,0.00,0.00,0.00,0.00,43,0,0,0.0,0.0,2026-09-19T14:00:00Z,0,False,9,0,0,0,0,0,5,0,3061,0,0,0,1,0.0,0,-250,99,349,45,False,0
Aaron Wan-Bissaka,DEF,Aston Villa,1.5,0,0,6,0,4,0.0,6,611,0.01,0.01,0.00,0.64,48,0,0,0.0,0.0,2026-09-19T11:30:00Z,45,False,19,0,0,0,0,0,5,0,23660,1,2,3,2,0.0,1,2283,4595,2312,45,False,0
João Pedro Loureiro da Costa,DEF,Brighton,0.8,0,0,2,0,1,0.0,1,119,0.14,0.14,0.00,0.74,42,0,0,0.0,0.0,2026-09-19T14:00:00Z,14,False,1,0,0,0,0,0,5,0,3724,0,0,0,3,0.0,1,-90,216,306,45,True,0
Ryan Giles,DEF,Hull City,4.8,0,0,-1,0,4,0.0,5,282,0.08,0.08,0.00,1.44,46,2,0,0.0,0.0,2026-09-19T14:00:00Z,90,False,17,0,0,0,2,0,5,0,326502,1,1,1,2,0.0,0,118366,141201,22835,40,False,1
Luca Netz,DEF,Nott'm Forest,0.6,0,0,5,0,0,0.0,0,478,0.02,0.02,0.00,0.00,47,0,0,0.0,0.0,2026-09-19T16:30:00Z,7,False,7,0,0,0,0,0,5,0,3276,0,0,1,0,0.0,1,-97,246,343,44,True,0
Leon Bailey,MID,Aston Villa,0.0,0,0,0,0,0,0.0,0,44,0.00,0.00,0.00,0.00,48,0,0,0.0,0.0,2026-09-19T11:30:00Z,0,False,19,0,0,0,0,0,5,0,6080,0,0,3,2,0.0,0,-1648,0,1648,54,False,0
Alexander Isak,FWD,Liverpool,6.6,0,3,31,1,1,0.0,1,379,0.02,0.77,0.75,0.66,49,0,1,0.0,0.0,2026-09-20T13:00:00Z,80,False,3,0,0,0,0,0,5,0,2350302,1,0,1,0,0.0,8,-103033,139899,242932,91,False,1
Norman Bassette,FWD,Coventry City,0.0,0,0,0,0,0,0.0,0,197,0.00,0.00,0.00,0.00,47,0,0,0.0,0.0,2026-09-19T16:30:00Z,0,False,18,0,0,0,0,0,5,0,2648,0,0,1,0,0.0,0,-273,0,273,45,False,0
Harry Amass,DEF,Man Utd,0.0,0,0,0,0,0,0.0,0,424,0.00,0.00,0.00,0.00,50,0,0,0.0,0.0,2026-09-20T15:30:00Z,0,False,10,0,0,0,0,0,5,0,21588,0,0,1,1,0.0,0,-321,1392,1713,40,False,0
Ola Aina,DEF,Nott'm Forest,1.6,0,0,0,0,0,0.0,0,473,0.00,0.00,0.00,0.00,47,0,0,0.0,0.0,2026-09-19T16:30:00Z,0,False,7,0,0,0,0,0,5,0,278049,0,0,1,0,0.0,0,-3199,21418,24617,45,True,0
Brenden Aaronson,MID,Leeds,1.4,0,0,5,0,0,0.0,4,337,0.00,0.00,0.00,0.40,44,0,0,0.0,0.0,2026-09-20T13:00:00Z,22,False,8,0,0,0,3,0,5,0,54410,0,1,0,0,0.0,1,-7941,849,8790,54,True,0
Paddy McNair,DEF,Hull City,0.2,0,0,0,0,0,0.0,0,285,0.00,0.00,0.00,0.00,46,0,0,0.0,0.0,2026-09-19T14:00:00Z,0,False,17,0,0,0,0,0,5,0,12664,0,0,1,2,0.0,0,-192,725,917,40,False,0
Álvaro Rodríguez,FWD,Bournemouth,0.4,0,0,0,0,0,0.0,0,81,0.00,0.00,0.00,0.00,49,0,0,0.0,0.0,2026-09-20T13:00:00Z,0,False,14,0,0,0,0,0,5,0,12687,0,0,1,0,0.0,0,-435,939,1374,60,True,0
Liam Delap,FWD,Nott'm Forest,1.8,0,0,9,0,2,0.0,8,167,0.21,0.34,0.13,0.67,47,1,0,0.0,0.0,2026-09-19T16:30:00Z,90,False,7,0,0,0,5,0,5,0,344489,1,1,1,0,0.0,1,200788,222393,21605,55,True,1
Bruno Borges Fernandes,MID,Man Utd,6.2,0,0,15,0,0,0.0,6,426,0.19,0.47,0.28,1.62,50,1,0,0.0,0.0,2026-09-20T15:30:00Z,90,False,10,0,0,0,5,0,5,0,4318751,1,1,1,1,0.0,2,-282231,68228,350459,120,False,0
Jannik Schuster,DEF,Brentford,4.2,1,3,43,1,15,0.0,16,93,0.52,0.52,0.00,0.83,41,0,0,0.0,0.0,2026-09-18T19:00:00Z,90,False,6,0,0,0,3,0,5,0,15098,1,1,0,3,0.0,14,-726,349,1075,45,True,0
Shea Lacey,MID,Man Utd,0.2,0,0,0,0,0,0.0,0,435,0.00,0.00,0.00,0.00,50,0,0,0.0,0.0,2026-09-20T15:30:00Z,0,False,10,0,0,0,0,0,5,0,5831,0,0,1,1,0.0,0,-32,531,563,49,False,0
Daniel Jebbison,FWD,Bournemouth,0.6,0,0,3,0,0,0.0,0,608,0.00,0.00,0.00,0.25,49,0,0,0.0,0.0,2026-09-20T13:00:00Z,15,False,14,0,0,0,0,0,5,0,11675,0,0,1,0,0.0,1,-62,1986,2048,50,True,0
Sorba Thomas,MID,Hull City,1.3,0,0,2,0,0,0.0,3,642,0.04,0.23,0.19,1.28,46,2,0,0.0,0.0,2026-09-19T14:00:00Z,62,False,17,0,0,0,2,0,5,0,2637,1,1,1,2,0.0,2,761,1275,514,55,False,0
Viktor Gyökeres,FWD,Arsenal,0.5,0,0,5,0,0,0.0,0,25,0.23,0.23,0.00,0.54,42,0,0,0.0,0.0,2026-09-19T14:00:00Z,17,False,5,0,0,0,0,0,5,0,342393,0,0,0,3,0.0,1,-51870,5156,57026,72,False,0
Lukás Hornícek,GK,Newcastle,2.8,0,0,14,0,3,0.0,0,567,0.00,0.00,0.00,1.59,46,1,0,0.0,0.0,2026-09-19T14:00:00Z,90,False,11,0,0,0,12,0,5,3,163512,1,0,1,2,0.0,3,8198,22769,14571,50,True,0
Elliot Anderson,MID,Man City,3.0,0,0,15,0,4,0.0,9,481,0.02,0.04,0.02,3.57,45,3,0,0.0,0.0,2026-09-20T13:00:00Z,90,False,20,0,0,0,3,0,5,0,452582,1,2,3,5,0.0,2,-8817,29694,38511,63,True,0
Lamare Bogarde,MID,Aston Villa,0.2,0,0,0,0,0,0.0,0,35,0.00,0.00,0.00,0.00,48,0,0,0.0,0.0,2026-09-19T11:30:00Z,0,False,19,0,0,0,0,0,5,0,6803,0,0,3,2,0.0,0,-487,474,961,50,False,0
Jack Butland,GK,Hull City,0.0,0,0,0,0,0,0.0,0,274,0.00,0.00,0.00,0.00,46,0,0,0.0,0.0,2026-09-19T14:00:00Z,0,False,17,0,0,0,0,0,5,0,7533,0,0,1,2,0.0,0,-460,109,569,45,False,0
Omari Hutchinson,MID,Nott'm Forest,0.0,0,0,0,0,0,0.0,0,484,0.00,0.00,0.00,0.00,47,0,0,0.0,0.0,2026-09-19T16:30:00Z,0,False,7,0,0,0,0,0,5,0,7897,0,0,1,0,0.0,0,-1093,0,1093,54,True,0
Michael Kayode,DEF,Brentford,4.6,0,0,20,1,1,0.0,2,88,0.07,0.07,0.00,0.55,41,0,0,0.0,0.0,2026-09-18T19:00:00Z,68,False,6,0,0,0,2,0,5,0,819720,1,1,0,3,0.0,6,-116375,18236,134611,46,True,0
Valentín Barco,MID,Chelsea,0.6,0,0,21,0,2,0.0,9,568,0.02,0.05,0.03,2.22,41,2,0,0.0,0.0,2026-09-18T19:00:00Z,86,False,4,0,0,0,4,0,5,0,13260,1,3,0,3,0.0,2,-902,477,1379,54,False,0
Jack Harrison,MID,Leeds,0.0,0,0,0,0,0,0.0,0,342,0.00,0.00,0.00,0.00,44,0,0,0.0,0.0,2026-09-20T13:00:00Z,0,False,8,0,0,0,0,0,5,0,60,0,0,0,0,0.0,0,-10,0,10,50,True,0
Allan Andrade Elias,MID,Man City,0.0,0,0,0,0,0,0.0,0,628,0.00,0.00,0.00,0.00,45,0,0,0.0,0.0,2026-09-20T13:00:00Z,0,False,20,0,0,0,0,0,5,0,959,0,0,3,5,0.0,0,112,354,242,60,True,0
Jayden Danns,FWD,Liverpool,0.0,0,0,0,0,0,0.0,0,382,0.00,0.00,0.00,0.00,49,0,0,0.0,0.0,2026-09-20T13:00:00Z,0,False,3,0,0,0,0,0,5,0,25967,0,0,1,0,0.0,0,6226,9567,3341,45,False,0
Cristhian Mosquera,DEF,Arsenal,1.5,0,0,0,0,0,0.0,0,11,0.00,0.00,0.00,0.00,42,0,0,0.0,0.0,2026-09-19T14:00:00Z,0,False,5,0,0,0,0,0,5,0,181804,0,0,0,3,0.0,0,-81401,476,81877,53,False,0
Mamadou Sangaré,MID,Brentford,4.4,0,0,0,0,1,0.0,3,565,0.00,0.00,0.00,0.28,41,0,0,0.0,0.0,2026-09-18T19:00:00Z,21,False,6,0,0,0,1,0,5,0,1186508,0,1,0,3,0.0,0,-184737,29169,213906,57,True,1
Ashley Phillips,DEF,Spurs,0.0,0,0,0,0,0,0.0,0,507,0.00,0.00,0.00,0.00,48,0,0,0.0,0.0,2026-09-19T11:30:00Z,0,False,2,0,0,0,0,0,5,0,1372,0,0,3,2,0.0,0,-106,0,106,45,True,0
Yasin Ayari,MID,Brighton,3.0,0,0,7,1,2,0.0,7,129,0.08,0.19,0.11,1.63,42,0,0,0.0,0.0,2026-09-19T14:00:00Z,90,False,1,0,0,0,4,0,5,0,39428,1,1,0,3,0.0,3,-939,3453,4392,54,True,0
Daniel Ballard,DEF,Sunderland,2.8,0,0,-12,0,10,0.0,14,532,0.00,0.14,0.14,2.82,45,5,0,0.0,0.0,2026-09-20T13:00:00Z,90,False,15,0,0,0,3,0,5,0,279291,1,4,3,5,0.0,2,-46490,6303,52793,49,False,0
Emmanuel Emegha,FWD,Chelsea,0.0,0,0,0,0,0,0.0,0,170,0.00,0.00,0.00,0.00,41,0,0,0.0,0.0,2026-09-18T19:00:00Z,0,False,4,0,0,0,0,0,5,0,12321,0,0,0,3,0.0,0,-2659,122,2781,50,False,0
Ibrahim Mbaye,MID,Aston Villa,0.7,0,0,2,0,0,0.0,0,631,0.00,0.00,0.00,0.78,48,2,0,0.0,0.0,2026-09-19T11:30:00Z,6,False,19,0,0,0,0,0,5,0,7570,0,0,3,2,0.0,1,1194,2665,1471,60,False,0
Mykhailo Mudryk,MID,Spurs,0.0,0,0,0,0,0,0.0,0,578,0.00,0.00,0.00,0.00,48,0,0,0.0,0.0,2026-09-19T11:30:00Z,0,False,2,0,0,0,0,0,5,0,4612,0,0,3,2,0.0,0,-2108,32,2140,54,True,0
Ayyoub Bouaddi,MID,Man City,0.5,0,0,0,0,0,0.0,0,616,0.00,0.00,0.00,0.00,45,0,0,0.0,0.0,2026-09-20T13:00:00Z,0,False,20,0,0,0,0,0,5,0,18994,0,0,3,5,0.0,0,-924,2946,3870,55,True,0
Joe Gomez,DEF,Liverpool,0.0,0,0,0,0,0,0.0,0,359,0.00,0.00,0.00,0.00,49,0,0,0.0,0.0,2026-09-20T13:00:00Z,0,False,3,0,0,0,0,0,5,0,1679,0,0,1,0,0.0,0,78,197,119,49,False,0
David Brooks,MID,Bournemouth,0.6,0,0,4,0,0,0.0,2,74,0.06,0.06,0.00,0.25,49,0,0,0.0,0.0,2026-09-20T13:00:00Z,15,False,14,0,0,0,2,0,5,0,5709,0,0,1,0,0.0,1,-394,503,897,50,True,0
Will Dennis,GK,Bournemouth,0.0,0,0,0,0,0,0.0,0,59,0.00,0.00,0.00,0.00,49,0,0,0.0,0.0,2026-09-20T13:00:00Z,0,False,14,0,0,0,0,0,5,0,13258,0,0,1,0,0.0,0,-1059,0,1059,40,True,0
Jack Rudoni,MID,Coventry City,3.0,0,0,16,1,4,0.0,13,183,0.20,0.29,0.09,0.85,47,0,0,0.0,0.0,2026-09-19T16:30:00Z,73,False,18,0,0,0,8,0,5,0,10665,1,1,1,0,0.0,5,-1195,549,1744,49,False,0
James Rowswell,DEF,Spurs,0.0,0,0,0,0,0,0.0,0,510,0.00,0.00,0.00,0.00,48,0,0,0.0,0.0,2026-09-19T11:30:00Z,0,False,2,0,0,0,0,0,5,0,9834,0,0,3,2,0.0,0,-78,672,750,40,True,0
Mark Travers,GK,Everton,0.0,0,0,0,0,0,0.0,0,227,0.00,0.00,0.00,0.00,43,0,0,0.0,0.0,2026-09-19T14:00:00Z,0,False,12,0,0,0,0,0,5,0,4152,0,0,0,1,0.0,0,114,576,462,50,True,0
Mitoma Kaoru,MID,Brighton,0.0,0,0,0,0,0,0.0,0,121,0.00,0.00,0.00,0.00,42,0,0,0.0,0.0,2026-09-19T14:00:00Z,0,False,1,0,0,0,0,0,5,0,3148,0,0,0,3,0.0,0,-229,63,292,59,True,0
Matty Cash,DEF,Aston Villa,1.2,0,0,-7,0,3,0.0,3,32,0.00,0.00,0.00,0.92,48,2,0,0.0,0.0,2026-09-19T11:30:00Z,45,False,19,0,0,0,0,0,5,0,542880,0,0,3,2,0.0,-1,-105428,5264,110692,44,False,1
George Shepherd,MID,Coventry City,0.0,0,0,0,0,0,0.0,0,189,0.00,0.00,0.00,0.00,47,0,0,0.0,0.0,2026-09-19T16:30:00Z,0,False,18,0,0,0,0,0,5,0,30329,0,0,1,0,0.0,0,-251,2708,2959,44,False,0
Rio Ngumoha,MID,Liverpool,0.8,0,0,0,0,0,0.0,0,369,0.00,0.00,0.00,0.00,49,0,0,0.0,0.0,2026-09-20T13:00:00Z,0,False,3,0,0,0,0,0,5,0,52264,0,0,1,0,0.0,0,-9591,1736,11327,58,False,0
Rio Cardines,DEF,Crystal Palace,0.0,0,0,0,0,0,0.0,0,220,0.00,0.00,0.00,0.00,44,0,0,0.0,0.0,2026-09-20T13:00:00Z,0,False,13,0,0,0,0,0,5,0,132,0,0,0,0,0.0,0,-8,0,8,45,False,0
Bryan Mbeumo,MID,Man Utd,5.0,0,0,23,0,2,0.0,4,427,0.25,0.52,0.27,1.62,50,1,0,0.0,0.0,2026-09-20T15:30:00Z,90,False,10,0,0,0,1,0,5,0,2322581,1,1,1,1,0.0,2,-206528,95476,302004,79,False,0
Diogo Dalot Teixeira,DEF,Man Utd,1.6,0,0,11,0,1,0.0,2,417,0.05,0.11,0.06,1.62,50,1,0,0.0,0.0,2026-09-20T15:30:00Z,90,False,10,0,0,0,7,0,5,0,180890,1,1,1,1,0.0,2,-16480,3696,20176,49,False,0
Rico Henry,DEF,Brentford,0.2,0,0,0,0,0,0.0,0,89,0.00,0.00,0.00,0.00,41,0,0,0.0,0.0,2026-09-18T19:00:00Z,0,False,6,0,0,0,0,0,5,0,20442,0,0,0,3,0.0,0,-1238,410,1648,44,True,0
Granit Xhaka,MID,Sunderland,4.2,0,0,25,0,3,0.0,8,544,0.38,0.38,0.00,2.82,45,5,0,0.0,0.0,2026-09-20T13:00:00Z,90,False,15,0,0,0,2,0,5,0,405611,1,3,3,5,0.0,2,-45393,13122,58515,55,False,0
Dilane Bakwa,MID,Nott'm Forest,0.0,0,0,0,0,0,0.0,0,485,0.00,0.00,0.00,0.00,47,0,0,0.0,0.0,2026-09-19T16:30:00Z,0,False,7,0,0,0,0,0,5,0,579,0,0,1,0,0.0,0,-60,0,60,55,True,0
Michael Keane,DEF,Everton,0.0,0,0,0,0,0,0.0,0,231,0.00,0.00,0.00,0.00,43,0,0,0.0,0.0,2026-09-19T14:00:00Z,0,False,12,0,0,0,0,0,5,0,83228,0,0,0,1,0.0,0,-10126,2083,12209,48,True,0
Brooke Norton-Cuffy,DEF,Hull City,0.3,0,0,0,0,0,0.0,0,638,0.00,0.00,0.00,0.00,46,0,0,0.0,0.0,2026-09-19T14:00:00Z,0,False,17,0,0,0,0,0,5,0,29384,0,0,1,2,0.0,0,1437,5014,3577,40,False,0
Dário Luís Essugo,MID,Chelsea,0.0,0,0,0,0,0,0.0,0,163,0.00,0.00,0.00,0.00,41,0,0,0.0,0.0,2026-09-18T19:00:00Z,0,False,4,0,0,0,0,0,5,0,10348,0,0,0,3,0.0,0,-2058,0,2058,45,False,0
Marcelino Núñez,MID,Ipswich Town,1.2,0,0,0,0,0,0.0,0,309,0.00,0.00,0.00,0.00,43,0,0,0.0,0.0,2026-09-19T14:00:00Z,0,False,9,0,0,0,0,0,5,0,11613,0,0,0,1,0.0,0,-1430,337,1767,49,False,0
Floyd Samba,MID,Man City,0.0,0,0,0,0,0,0.0,0,653,0.00,0.00,0.00,0.00,45,0,0,0.0,0.0,2026-09-20T13:00:00Z,0,False,20,0,0,0,0,0,5,0,3973,0,0,3,5,0.0,0,-124,751,875,45,True,0
Johan Manzambi,MID,Aston Villa,2.8,1,2,45,1,2,0.0,7,53,0.16,0.60,0.44,0.68,48,0,1,0.0,0.0,2026-09-19T11:30:00Z,71,False,19,0,0,0,4,0,5,0,14639,1,1,3,2,0.0,13,853,1843,990,59,False,0
John McGinn,MID,Aston Villa,3.4,1,0,19,1,2,0.0,6,45,0.04,0.04,0.00,0.78,48,0,0,0.0,0.0,2026-09-19T11:30:00Z,83,False,19,0,0,0,4,0,5,0,240695,1,0,3,2,0.0,6,-5772,18814,24586,54,False,0
Harvey Barnes,MID,Newcastle,5.6,2,1,34,0,4,0.0,9,453,0.11,0.22,0.11,1.59,46,1,0,0.0,0.0,2026-09-19T14:00:00Z,90,False,11,0,0,0,5,0,5,0,496155,1,0,1,2,0.0,9,179416,220394,40978,60,True,0
Kayne van Oevelen,GK,Ipswich Town,0.0,0,0,0,0,0,0.0,0,554,0.00,0.00,0.00,0.00,43,0,0,0.0,0.0,2026-09-19T14:00:00Z,0,False,9,0,0,0,0,0,5,0,1878,0,0,0,1,0.0,0,-237,0,237,45,False,0
Mason Miley,MID,Newcastle,0.0,0,0,0,0,0,0.0,0,659,0.00,0.00,0.00,0.00,46,0,0,0.0,0.0,2026-09-19T14:00:00Z,0,False,11,0,0,0,0,0,5,0,4509,0,0,1,2,0.0,0,2836,3438,602,45,True,0
Cole Palmer,MID,Chelsea,5.6,0,0,21,0,1,0.0,6,154,0.18,0.31,0.13,2.65,41,3,0,0.0,0.0,2026-09-18T19:00:00Z,90,False,4,0,0,0,2,0,5,0,2932358,1,3,0,3,0.0,2,25953,192540,166587,97,False,0
Braiden Graham,MID,Everton,0.0,0,0,0,0,0,0.0,0,654,0.00,0.00,0.00,0.00,43,0,0,0.0,0.0,2026-09-19T14:00:00Z,0,False,12,0,0,0,0,0,5,0,11586,0,0,0,1,0.0,0,-659,1585,2244,45,True,0
Nico O'Reilly,DEF,Man City,1.2,0,0,3,0,1,0.0,2,387,0.00,0.78,0.78,0.39,45,0,0,0.0,0.0,2026-09-20T13:00:00Z,5,False,20,0,0,0,1,0,5,0,1243931,0,1,3,5,0.0,1,-178243,12818,191061,64,True,0
Aurèle Amenda,DEF,Coventry City,0.2,0,0,0,0,0,0.0,0,182,0.00,0.00,0.00,0.00,47,0,0,0.0,0.0,2026-09-19T16:30:00Z,0,False,18,0,0,0,0,0,5,0,71956,0,0,1,0,0.0,0,-7286,1397,8683,40,False,0
Ben Wilson,GK,Coventry City,0.0,0,0,0,0,0,0.0,0,172,0.00,0.00,0.00,0.00,47,0,0,0.0,0.0,2026-09-19T16:30:00Z,0,False,18,0,0,0,0,0,5,0,39278,0,0,1,0,0.0,0,-1300,436,1736,44,False,0
Anis Mehmeti,MID,Ipswich Town,0.0,0,0,0,0,0,0.0,0,324,0.00,0.00,0.00,0.00,43,0,0,0.0,0.0,2026-09-19T14:00:00Z,0,False,9,0,0,0,0,0,5,0,3505,0,0,0,1,0.0,0,-262,80,342,49,False,0
Sebastiaan Bornauw,DEF,Leeds,0.0,0,0,0,0,0,0.0,0,333,0.00,0.00,0.00,0.00,44,0,0,0.0,0.0,2026-09-20T13:00:00Z,0,False,8,0,0,0,0,0,5,0,219,0,0,0,0,0.0,0,-22,0,22,45,True,0
Josh Eccles,MID,Coventry City,0.0,0,0,0,0,0,0.0,0,187,0.00,0.00,0.00,0.00,47,0,0,0.0,0.0,2026-09-19T16:30:00Z,0,False,18,0,0,0,0,0,5,0,1002,0,0,1,0,0.0,0,-314,17,331,49,False,0
Marcos Senesi Barón,DEF,Spurs,0.6,0,0,0,0,0,0.0,0,498,0.00,0.00,0.00,0.00,48,0,0,0.0,0.0,2026-09-19T11:30:00Z,0,False,2,0,0,0,0,0,5,0,403044,0,0,3,2,0.0,0,-70189,2509,72698,58,True,0
Estêvão Almeida de Oliveira Gonçalves,MID,Chelsea,0.8,0,0,3,0,0,0.0,0,157,0.00,0.00,0.00,0.43,41,1,0,0.0,0.0,2026-09-18T19:00:00Z,3,False,4,0,0,0,0,0,5,0,74742,0,0,0,3,0.0,1,-7152,2997,10149,63,False,0
Cody Drameh,DEF,Hull City,0.0,0,0,0,0,0,0.0,0,281,0.00,0.00,0.00,0.00,46,0,0,0.0,0.0,2026-09-19T14:00:00Z,0,False,17,0,0,0,0,0,5,0,4645,0,0,1,2,0.0,0,-664,0,664,40,False,0
Antoni Milambo,MID,Brentford,0.0,0,0,0,0,0,0.0,0,99,0.00,0.00,0.00,0.00,41,0,0,0.0,0.0,2026-09-18T19:00:00Z,0,False,6,0,0,0,0,0,5,0,193,0,0,0,3,0.0,0,-13,20,33,50,True,0
Hayden Hackney,MID,Everton,2.0,0,0,3,0,0,0.0,0,247,0.00,0.00,0.00,0.16,43,0,0,0.0,0.0,2026-09-19T14:00:00Z,1,False,12,0,0,0,0,0,5,0,20687,0,0,0,1,0.0,1,-1236,726,1962,55,True,0
Zadok Yohanna,MID,Brighton,0.0,0,0,0,0,0,0.0,0,135,0.00,0.00,0.00,0.00,42,0,0,0.0,0.0,2026-09-19T14:00:00Z,0,False,1,0,0,0,0,0,5,0,3954,0,0,0,3,0.0,0,-1161,35,1196,49,True,0
Jonah Kusi-Asare,FWD,Fulham,0.0,0,0,0,0,0,0.0,0,272,0.00,0.00,0.00,0.00,50,0,0,0.0,0.0,2026-09-20T15:30:00Z,0,False,16,0,0,0,0,0,5,0,610960,0,0,1,1,0.0,0,-40658,30186,70844,45,True,0
Kosta Nedeljkovic,DEF,Aston Villa,0.0,0,0,0,0,0,0.0,0,39,0.00,0.00,0.00,0.00,48,0,0,0.0,0.0,2026-09-19T11:30:00Z,0,False,19,0,0,0,0,0,5,0,14409,0,0,3,2,0.0,0,-1273,0,1273,40,False,0
Mikkel Damsgaard,MID,Brentford,3.2,0,0,15,1,2,0.0,10,96,0.28,0.32,0.04,0.70,41,0,0,0.0,0.0,2026-09-18T19:00:00Z,86,False,6,0,0,0,4,0,5,0,45391,1,4,0,3,0.0,3,-6452,1526,7978,54,True,0
Chuba Akpom,FWD,Ipswich Town,1.4,0,0,3,0,0,0.0,0,320,0.00,0.17,0.17,0.16,43,0,0,0.0,0.0,2026-09-19T14:00:00Z,9,False,9,0,0,0,0,0,5,0,132823,0,0,0,1,0.0,1,597,22206,21609,50,False,0
Luke O'Nien,DEF,Sunderland,0.2,0,0,0,0,0,0.0,0,539,0.00,0.00,0.00,0.00,45,0,0,0.0,0.0,2026-09-20T13:00:00Z,0,False,15,0,0,0,0,0,5,0,258432,0,0,3,5,0.0,0,-23037,2157,25194,40,False,0
Pascal Struijk,DEF,Brighton,1.4,0,0,24,1,5,0.0,6,328,0.00,0.16,0.16,1.48,42,0,0,0.0,0.0,2026-09-19T14:00:00Z,85,False,1,0,0,0,6,0,5,0,18865,1,1,0,3,0.0,5,-1949,571,2520,49,True,1
Lewis Miley,MID,Newcastle,2.4,0,0,19,0,7,0.0,16,459,0.04,0.04,0.00,1.59,46,1,0,0.0,0.0,2026-09-19T14:00:00Z,90,False,11,0,0,0,5,0,5,0,8479,1,4,1,2,0.0,4,-101,1217,1318,55,True,0
Marco Bizot,GK,Aston Villa,0.0,0,0,0,0,0,0.0,0,29,0.00,0.00,0.00,0.00,48,0,0,0.0,0.0,2026-09-19T11:30:00Z,0,False,19,0,0,0,0,0,5,0,13259,0,0,3,2,0.0,0,-1076,416,1492,45,False,0
Benjamin Lecomte,GK,Fulham,0.0,0,0,0,0,0,0.0,0,251,0.00,0.00,0.00,0.00,50,0,0,0.0,0.0,2026-09-20T15:30:00Z,0,False,16,0,0,0,0,0,5,0,123460,0,0,1,1,0.0,0,-651,3635,4286,40,True,0
Mateo Kovačić,MID,Man City,0.4,0,0,0,0,0,0.0,0,406,0.00,0.00,0.00,0.00,45,0,0,0.0,0.0,2026-09-20T13:00:00Z,0,False,20,0,0,0,0,0,5,0,8157,0,0,3,5,0.0,0,-731,241,972,54,True,0
Christian Nørgaard,MID,Everton,0.0,0,0,0,0,0,0.0,0,21,0.00,0.00,0.00,0.00,43,0,0,0.0,0.0,2026-09-19T14:00:00Z,0,False,12,0,0,0,0,0,5,0,4666,0,0,0,1,0.0,0,-737,46,783,49,True,0
Harrison Reed,MID,Fulham,0.0,0,0,0,0,0,0.0,0,270,0.00,0.00,0.00,0.00,50,0,0,0.0,0.0,2026-09-20T15:30:00Z,0,False,16,0,0,0,0,0,5,0,130240,0,0,1,1,0.0,0,-430,16215,16645,44,True,0
Xavi Simons,MID,Spurs,0.0,0,0,0,0,0,0.0,0,513,0.00,0.00,0.00,0.00,48,0,0,0.0,0.0,2026-09-19T11:30:00Z,0,False,2,0,0,0,0,0,5,0,1301,0,0,3,2,0.0,0,-71,51,122,59,True,0
Hugo Larsson,MID,Fulham,1.0,0,0,3,0,2,0.0,4,635,0.00,0.00,0.00,0.42,50,1,0,0.0,0.0,2026-09-20T15:30:00Z,13,False,16,0,0,0,2,0,5,0,760,0,0,1,1,0.0,1,66,191,125,50,True,0
Matt Grimes,MID,Coventry City,2.2,0,0,17,1,4,0.0,10,184,0.06,0.08,0.02,1.10,47,0,0,0.0,0.0,2026-09-19T16:30:00Z,90,False,18,0,0,0,3,0,5,0,13370,1,3,1,0,0.0,3,-1624,594,2218,49,False,0
Jack Fletcher,MID,Man Utd,0.0,0,0,0,0,0,0.0,0,434,0.00,0.00,0.00,0.00,50,0,0,0.0,0.0,2026-09-20T15:30:00Z,0,False,10,0,0,0,0,0,5,0,1151,0,0,1,1,0.0,0,-71,54,125,49,False,0
Malick Fofana,MID,Sunderland,1.0,0,0,6,0,0,0.0,3,646,0.01,0.40,0.39,2.07,45,1,0,0.0,0.0,2026-09-20T13:00:00Z,30,False,15,0,0,0,2,0,5,0,3082,0,1,3,5,0.0,1,-160,472,632,55,False,0
Alejandro Garnacho Ferreyra,MID,Aston Villa,0.6,0,0,0,0,0,0.0,0,160,0.00,0.00,0.00,0.00,48,0,0,0.0,0.0,2026-09-19T11:30:00Z,0,False,19,0,0,0,0,0,5,0,35129,0,0,3,2,0.0,0,-6202,839,7041,58,False,0
Claudio Echeverri,MID,Man City,0.0,0,0,0,0,0,0.0,0,407,0.00,0.00,0.00,0.00,45,0,0,0.0,0.0,2026-09-20T13:00:00Z,0,False,20,0,0,0,0,0,5,0,955,0,0,3,5,0.0,0,-136,0,136,49,True,0
Habib Diarra,MID,Sunderland,0.0,0,0,0,0,0,0.0,0,543,0.00,0.00,0.00,0.00,45,0,0,0.0,0.0,2026-09-20T13:00:00Z,0,False,15,0,0,0,0,0,5,0,2684,0,0,3,5,0.0,0,-660,12,672,54,False,0
Trai Hume,DEF,Sunderland,2.0,0,0,-2,0,0,0.0,1,534,0.01,0.11,0.10,1.48,45,1,0,0.0,0.0,2026-09-20T13:00:00Z,11,False,15,0,0,0,0,0,5,0,317533,0,1,3,5,0.0,1,-88631,1810,90441,44,False,0
Ibrahim Osman,MID,Brighton,0.6,0,0,0,0,0,0.0,0,600,0.00,0.00,0.00,0.00,42,0,0,0.0,0.0,2026-09-19T14:00:00Z,0,False,1,0,0,0,0,0,5,0,1757,0,0,0,3,0.0,0,-93,148,241,50,True,0
João Victor de Souza Menezes,DEF,Spurs,0.0,0,0,0,0,0,0.0,0,511,0.00,0.00,0.00,0.00,48,0,0,0.0,0.0,2026-09-19T11:30:00Z,0,False,2,0,0,0,0,0,5,0,18271,0,0,3,2,0.0,0,-2391,0,2391,40,True,0
Jason Steele,GK,Brighton,0.0,0,0,0,0,0,0.0,0,111,0.00,0.00,0.00,0.00,42,0,0,0.0,0.0,2026-09-19T14:00:00Z,0,False,1,0,0,0,0,0,5,0,463243,0,0,0,3,0.0,0,-988,20424,21412,40,True,0
Semi Ajayi,DEF,Hull City,5.4,0,0,5,0,2,0.0,4,279,0.01,0.02,0.01,1.44,46,2,0,0.0,0.0,2026-09-19T14:00:00Z,90,False,17,0,0,0,5,0,5,0,1547412,1,2,1,2,0.0,1,162949,250066,87117,42,False,0
Phil Foden,MID,Man City,0.0,0,0,0,0,0,0.0,0,398,0.00,0.00,0.00,0.00,45,0,0,0.0,0.0,2026-09-20T13:00:00Z,0,False,20,0,0,0,0,0,5,0,209654,0,0,3,5,0.0,0,-204579,2056,206635,69,True,0
Liam Kitching,DEF,Coventry City,0.0,0,0,0,0,0,0.0,0,174,0.00,0.00,0.00,0.00,47,0,0,0.0,0.0,2026-09-19T16:30:00Z,0,False,18,0,0,0,0,0,5,0,38582,0,0,1,0,0.0,0,-5337,0,5337,40,False,0
Jake Bidwell,DEF,Coventry City,0.0,0,0,0,0,0,0.0,0,178,0.00,0.00,0.00,0.00,47,0,0,0.0,0.0,2026-09-19T16:30:00Z,0,False,18,0,0,0,0,0,5,0,8565,0,0,1,0,0.0,0,-211,493,704,40,False,0
Christantus Uche,FWD,Crystal Palace,0.0,0,0,0,0,0,0.0,0,225,0.00,0.00,0.00,0.00,44,0,0,0.0,0.0,2026-09-20T13:00:00Z,0,False,13,0,0,0,0,0,5,0,0,0,0,0,0,0.0,0,0,0,0,50,False,0
Brandon Thomas-Asante,FWD,Coventry City,1.8,0,0,16,1,6,0.0,16,194,0.01,0.13,0.13,1.10,47,0,0,0.0,0.0,2026-09-19T16:30:00Z,90,False,18,0,0,0,7,0,5,0,81447,1,3,1,0,0.0,4,-4476,8488,12964,50,False,0
Jenson Seelt,DEF,Sunderland,0.0,0,0,0,0,0,0.0,0,537,0.00,0.00,0.00,0.00,45,0,0,0.0,0.0,2026-09-20T13:00:00Z,0,False,15,0,0,0,0,0,5,0,566,0,0,3,5,0.0,0,-55,0,55,45,False,0
Ferdi Kadıoğlu,DEF,Brighton,2.6,0,0,18,1,3,0.0,3,113,0.02,0.06,0.04,0.89,42,0,0,0.0,0.0,2026-09-19T14:00:00Z,75,False,1,0,0,0,3,0,5,0,170937,1,0,0,3,0.0,5,-13983,4277,18260,44,True,1
Amine Adli,MID,Bournemouth,0.0,0,0,0,0,0,0.0,0,77,0.00,0.00,0.00,0.00,49,0,0,0.0,0.0,2026-09-20T13:00:00Z,0,False,14,0,0,0,0,0,5,0,1387,0,0,1,0,0.0,0,-184,25,209,49,True,0
Lewis Dunk,DEF,Brighton,4.4,0,0,0,0,0,0.0,0,116,0.00,0.00,0.00,0.00,42,0,0,0.0,0.0,2026-09-19T14:00:00Z,0,False,1,0,0,0,0,0,5,0,165566,0,0,0,3,0.0,0,16492,28113,11621,45,True,0
James Garner,MID,Everton,2.2,0,0,14,1,4,0.0,9,239,0.04,0.20,0.16,1.44,43,0,0,0.0,0.0,2026-09-19T14:00:00Z,90,False,12,0,0,0,5,0,5,0,25087,1,0,0,1,0.0,3,9028,12252,3224,60,True,0
Joel Latibeaudiere,DEF,Coventry City,0.2,0,0,3,0,2,0.0,2,179,0.00,0.00,0.00,0.02,47,0,0,0.0,0.0,2026-09-19T16:30:00Z,1,False,18,0,0,0,0,0,5,0,3922,0,0,1,0,0.0,1,-170,155,325,40,False,0
Joe Willock,MID,Newcastle,4.4,0,3,38,0,1,0.0,6,460,0.04,0.21,0.17,1.46,46,1,1,0.0,0.0,2026-09-19T14:00:00Z,86,False,11,0,0,0,4,0,5,0,51669,1,1,1,2,0.0,10,-1121,7299,8420,50,True,0
Tyrick Mitchell,DEF,Crystal Palace,4.8,0,1,30,1,3,0.0,8,204,0.02,0.02,0.00,1.31,44,0,0,0.0,0.0,2026-09-20T13:00:00Z,90,False,13,0,0,0,8,0,5,0,647215,1,5,0,0,0.0,7,-51939,21781,73720,45,False,0
Bobby Thomas,DEF,Coventry City,5.2,0,1,37,1,12,0.0,13,173,0.04,0.10,0.06,1.10,47,0,0,0.0,0.0,2026-09-19T16:30:00Z,90,False,18,0,0,0,3,0,5,0,932075,1,1,1,0,0.0,9,-45227,30974,76201,40,False,0
Justin Kluivert,MID,Bournemouth,3.0,0,0,0,0,0,0.0,0,70,0.00,0.00,0.00,0.00,49,0,0,0.0,0.0,2026-09-20T13:00:00Z,0,False,14,0,0,0,0,0,5,0,110738,0,0,1,0,0.0,0,3462,14541,11079,60,True,0
Lucas Digne,DEF,Aston Villa,0.0,0,0,0,0,0,0.0,0,30,0.00,0.00,0.00,0.00,48,0,0,0.0,0.0,2026-09-19T11:30:00Z,0,False,19,0,0,0,0,0,5,0,5450,0,0,3,2,0.0,0,-431,0,431,45,False,0
Luka Lynch,MID,Aston Villa,0.0,0,0,0,0,0,0.0,0,607,0.00,0.00,0.00,0.00,48,0,0,0.0,0.0,2026-09-19T11:30:00Z,0,False,19,0,0,0,0,0,5,0,7636,0,0,3,2,0.0,0,-1367,0,1367,45,False,0
Jacob Greaves,DEF,Ipswich Town,0.6,0,0,0,0,0,0.0,0,306,0.00,0.00,0.00,0.00,43,0,0,0.0,0.0,2026-09-19T14:00:00Z,0,False,9,0,0,0,0,0,5,0,121588,0,0,0,1,0.0,0,-6269,1426,7695,40,False,0
Jack Hinshelwood,MID,Brighton,0.0,0,0,0,0,0,0.0,0,123,0.00,0.00,0.00,0.00,42,0,0,0.0,0.0,2026-09-19T14:00:00Z,0,False,1,0,0,0,0,0,5,0,66553,0,0,0,3,0.0,0,-26541,128,26669,59,True,0
César Palacios,MID,Fulham,2.4,0,0,5,0,1,0.0,4,570,0.00,0.00,0.00,0.49,50,1,0,0.0,0.0,2026-09-20T15:30:00Z,19,False,16,0,0,0,2,0,5,0,18361,0,1,1,1,0.0,1,-456,1918,2374,54,True,0
Chemsdine Talbi,MID,Sunderland,0.2,0,0,0,0,0,0.0,0,549,0.00,0.00,0.00,0.00,45,0,0,0.0,0.0,2026-09-20T13:00:00Z,0,False,15,0,0,0,0,0,5,0,14043,0,0,3,5,0.0,0,-1389,308,1697,53,False,0
Marco Palestra,DEF,Chelsea,0.0,0,0,0,0,0,0.0,0,152,0.00,0.00,0.00,0.00,41,0,0,0.0,0.0,2026-09-18T19:00:00Z,0,False,4,0,0,0,0,0,5,0,68735,0,0,0,3,0.0,0,-20665,260,20925,53,False,0
Conor Gallagher,MID,Spurs,1.8,0,0,24,0,0,0.0,4,519,0.00,0.35,0.35,0.07,48,0,1,0.0,0.0,2026-09-19T11:30:00Z,6,False,2,0,0,0,1,0,5,0,19752,0,3,3,2,0.0,6,-1786,812,2598,53,True,0
Nehemiah Oriola,MID,Brighton,0.0,0,0,0,0,0,0.0,0,134,0.00,0.00,0.00,0.00,42,0,0,0.0,0.0,2026-09-19T14:00:00Z,0,False,1,0,0,0,0,0,5,0,26306,0,0,0,3,0.0,0,-2152,890,3042,45,True,0
Callum Olusesi,MID,Spurs,0.0,0,0,0,0,0,0.0,0,524,0.00,0.00,0.00,0.00,48,0,0,0.0,0.0,2026-09-19T11:30:00Z,0,False,2,0,0,0,0,0,5,0,117471,0,0,3,2,0.0,0,17246,32226,14980,44,True,0
Sandro Tonali,MID,Spurs,2.8,0,0,18,0,1,0.0,11,455,0.21,0.27,0.06,1.10,48,3,0,0.0,0.0,2026-09-19T11:30:00Z,83,False,2,0,0,0,4,0,5,0,210274,1,6,3,2,0.0,2,-56370,4540,60910,54,True,0
Rico Lewis,DEF,Man City,0.2,0,0,0,0,0,0.0,0,395,0.00,0.00,0.00,0.00,45,0,0,0.0,0.0,2026-09-20T13:00:00Z,0,False,20,0,0,0,0,0,5,0,21617,0,0,3,5,0.0,0,-1584,1147,2731,44,True,0
Ben Chilwell,DEF,Crystal Palace,2.7,0,0,0,0,0,0.0,0,643,0.00,0.00,0.00,0.00,44,0,0,0.0,0.0,2026-09-20T13:00:00Z,0,False,13,0,0,0,0,0,5,0,50011,0,0,0,0,0.0,0,-6188,3269,9457,45,False,0
Jan Paul van Hecke,DEF,Spurs,4.8,0,0,17,0,6,0.0,9,112,0.30,0.65,0.35,1.16,48,3,1,0.0,0.0,2026-09-19T11:30:00Z,90,False,2,0,0,0,4,0,5,0,721559,1,3,3,2,0.0,6,-3149,40803,43952,49,True,1
Alfie Cresswell,MID,Leeds,0.0,0,0,0,0,0,0.0,0,604,0.00,0.00,0.00,0.00,44,0,0,0.0,0.0,2026-09-20T13:00:00Z,0,False,8,0,0,0,0,0,5,0,14890,0,0,0,0,0.0,0,-571,1362,1933,45,True,0
Jeremie Frimpong,DEF,Liverpool,0.4,0,0,0,0,0,0.0,0,357,0.00,0.00,0.00,0.00,49,0,0,0.0,0.0,2026-09-20T13:00:00Z,0,False,3,0,0,0,0,0,5,0,198877,0,0,1,0,0.0,0,-39805,3000,42805,53,False,0
Josh Acheampong,DEF,Chelsea,1.0,0,0,-4,0,0,0.0,1,151,0.01,0.01,0.00,1.20,41,2,0,0.0,0.0,2026-09-18T19:00:00Z,19,False,4,0,0,0,0,0,5,0,38029,0,1,0,3,0.0,0,-4505,1529,6034,45,False,0
Evann Guessand,MID,Crystal Palace,0.4,0,0,0,0,0,0.0,0,42,0.00,0.00,0.00,0.00,44,0,0,0.0,0.0,2026-09-20T13:00:00Z,0,False,13,0,0,0,0,0,5,0,4188,0,0,0,0,0.0,0,-483,319,802,54,False,0
Jules Ahoka,MID,Sunderland,0.0,0,0,0,0,0,0.0,0,613,0.00,0.00,0.00,0.00,45,0,0,0.0,0.0,2026-09-20T13:00:00Z,0,False,15,0,0,0,0,0,5,0,26173,0,0,3,5,0.0,0,-1414,2205,3619,45,False,0
Pascal Groß,MID,Brighton,9.4,1,3,47,1,3,0.0,5,124,0.25,0.36,0.11,1.63,42,0,1,0.0,0.0,2026-09-19T14:00:00Z,90,False,1,0,0,0,1,0,5,0,2264407,1,1,0,3,0.0,14,499051,604409,105358,57,True,0
Ryan McAidoo,MID,Man City,0.5,0,0,0,0,0,0.0,0,621,0.00,0.00,0.00,0.00,45,0,0,0.0,0.0,2026-09-20T13:00:00Z,0,False,20,0,0,0,0,0,5,0,11797,0,0,3,5,0.0,0,-967,905,1872,45,True,0
Callum Hudson-Odoi,MID,Nott'm Forest,0.2,0,0,0,0,0,0.0,0,482,0.00,0.00,0.00,0.00,47,0,0,0.0,0.0,2026-09-19T16:30:00Z,0,False,7,0,0,0,0,0,5,0,16903,0,0,1,0,0.0,0,-730,1902,2632,58,True,0
Kasey McAteer,MID,Ipswich Town,0.6,0,0,0,0,0,0.0,0,323,0.00,0.00,0.00,0.00,43,0,0,0.0,0.0,2026-09-19T14:00:00Z,0,False,9,0,0,0,0,0,5,0,114904,0,0,0,1,0.0,0,-11642,2383,14025,45,False,0
Gustavo Hamer,MID,Coventry City,0.5,0,0,0,0,0,0.0,0,584,0.00,0.00,0.00,0.00,47,0,0,0.0,0.0,2026-09-19T16:30:00Z,0,False,18,0,0,0,0,0,5,0,10051,0,0,1,0,0.0,0,-947,64,1011,54,False,0
Leon Goretzka,MID,Aston Villa,0.0,0,0,0,0,0,0.0,0,618,0.00,0.00,0.00,0.00,48,0,0,0.0,0.0,2026-09-19T11:30:00Z,0,False,19,0,0,0,0,0,5,0,2971,0,0,3,2,0.0,0,-1317,47,1364,59,False,0
Fraser Forster,GK,Bournemouth,0.0,0,0,0,0,0,0.0,0,58,0.00,0.00,0.00,0.00,49,0,0,0.0,0.0,2026-09-20T13:00:00Z,0,False,14,0,0,0,0,0,5,0,391157,0,0,1,0,0.0,0,6886,22505,15619,40,True,0
Konstantinos Tzolakis,GK,Hull City,6.8,0,0,16,0,0,0.0,0,572,0.00,0.00,0.00,1.44,46,2,0,0.0,0.0,2026-09-19T14:00:00Z,90,False,17,0,0,1,11,0,5,3,1243266,1,1,1,2,0.0,6,108104,162718,54614,46,False,1
Destiny Udogie,DEF,Spurs,1.4,0,0,0,0,0,0.0,0,506,0.00,0.00,0.00,0.00,48,0,0,0.0,0.0,2026-09-19T11:30:00Z,0,False,2,0,0,0,0,0,5,0,37654,0,0,3,2,0.0,0,-4010,949,4959,44,True,0
Youri Tielemans,MID,Man Utd,2.8,0,0,22,0,2,0.0,13,43,0.20,0.29,0.09,1.62,50,1,0,0.0,0.0,2026-09-20T15:30:00Z,90,False,10,0,0,0,8,0,5,0,165689,1,3,1,1,0.0,4,-17007,8170,25177,58,False,0
Emile Smith Rowe,MID,Fulham,0.6,0,0,0,0,0,0.0,0,262,0.00,0.00,0.00,0.00,50,0,0,0.0,0.0,2026-09-20T15:30:00Z,0,False,16,0,0,0,0,0,5,0,26201,0,0,1,1,0.0,0,-2909,582,3491,54,True,0
Calvin Bassey,DEF,Fulham,3.0,1,1,26,0,6,0.0,8,257,0.01,0.07,0.06,1.60,50,1,0,0.0,0.0,2026-09-20T15:30:00Z,90,False,16,0,0,0,7,0,5,0,72972,1,2,1,1,0.0,6,-255,3658,3913,45,True,0
Ephron Mason-Clark,MID,Coventry City,1.2,0,0,6,0,0,0.0,2,186,0.05,0.07,0.02,0.60,47,0,0,0.0,0.0,2026-09-19T16:30:00Z,45,False,18,0,0,0,2,0,5,0,8948,1,0,1,0,0.0,1,-836,100,936,54,False,0
Adrien Truffert,DEF,Bournemouth,2.0,0,0,6,0,5,0.0,7,61,0.06,0.08,0.02,1.65,49,1,0,0.0,0.0,2026-09-20T13:00:00Z,90,False,14,0,0,0,3,0,5,0,334232,1,2,1,0,0.0,2,-27978,6520,34498,55,True,0
Dwight McNeil,MID,Crystal Palace,0.6,0,0,0,0,0,0.0,0,241,0.00,0.00,0.00,0.00,44,0,0,0.0,0.0,2026-09-20T13:00:00Z,0,False,13,0,0,0,0,0,5,0,12442,0,0,0,0,0.0,0,-1374,185,1559,54,False,0
Julio Enciso,MID,Ipswich Town,3.0,0,0,11,0,0,0.0,5,591,0.05,0.39,0.34,1.76,43,1,0,0.0,0.0,2026-09-19T14:00:00Z,73,False,9,0,0,0,5,0,5,0,89625,1,0,0,1,0.0,2,-6004,9464,15468,55,False,0
Mats Wieffer,DEF,Brighton,0.0,0,0,0,0,0,0.0,0,130,0.00,0.00,0.00,0.00,42,0,0,0.0,0.0,2026-09-19T14:00:00Z,0,False,1,0,0,0,0,0,5,0,20558,0,0,0,3,0.0,0,-6902,57,6959,49,True,0
Wes Burns,MID,Ipswich Town,0.0,0,0,0,0,0,0.0,0,311,0.00,0.00,0.00,0.00,43,0,0,0.0,0.0,2026-09-19T14:00:00Z,0,False,9,0,0,0,0,0,5,0,223,0,0,0,1,0.0,0,-21,0,21,50,False,0
Alex Murphy,DEF,Newcastle,0.0,0,0,0,0,0,0.0,0,451,0.00,0.00,0.00,0.00,46,0,0,0.0,0.0,2026-09-19T14:00:00Z,0,False,11,0,0,0,0,0,5,0,6248,0,0,1,2,0.0,0,-592,0,592,40,True,0
Lewis Koumas,MID,Liverpool,0.6,0,0,7,0,0,0.0,0,381,0.00,0.25,0.25,0.14,49,0,0,0.0,0.0,2026-09-20T13:00:00Z,9,False,3,0,0,0,0,0,5,0,2933,0,0,1,0,0.0,1,-88,207,295,50,False,0
Jean-Philippe Mateta,FWD,Crystal Palace,0.0,0,0,0,0,0,0.0,0,223,0.00,0.00,0.00,0.00,44,0,0,0.0,0.0,2026-09-20T13:00:00Z,0,False,13,0,0,0,0,0,5,0,148086,0,0,0,0,0.0,0,-29302,232,29534,63,False,0
Roméo Lavia,MID,Chelsea,2.2,0,0,0,0,0,0.0,0,161,0.00,0.00,0.00,0.00,41,0,0,0.0,0.0,2026-09-18T19:00:00Z,0,False,4,0,0,0,0,0,5,0,24300,0,0,0,3,0.0,0,-1482,2931,4413,50,False,0
Daizen Maeda,MID,Ipswich Town,1.6,0,0,5,0,0,0.0,1,562,0.01,0.01,0.00,0.48,43,0,0,0.0,0.0,2026-09-19T14:00:00Z,16,False,9,0,0,0,0,0,5,0,25203,0,1,0,1,0.0,1,-4147,224,4371,54,False,0
William Osula,FWD,Newcastle,0.0,0,0,0,0,0,0.0,0,465,0.00,0.00,0.00,0.00,46,0,0,0.0,0.0,2026-09-19T14:00:00Z,0,False,11,0,0,0,0,0,5,0,35111,0,0,1,2,0.0,0,-6475,188,6663,59,True,0
Patrick Dorgu,MID,Man Utd,2.0,1,0,12,0,2,0.0,2,415,0.01,0.14,0.13,0.00,50,0,0,0.0,0.0,2026-09-20T15:30:00Z,6,False,10,0,0,0,0,0,5,0,58577,0,0,1,1,0.0,4,-6276,2869,9145,58,False,0
Zian Flemming,FWD,Ipswich Town,2.0,0,0,-2,0,0,0.0,3,640,0.00,0.10,0.10,0.16,43,0,0,0.0,0.0,2026-09-19T14:00:00Z,9,False,9,0,0,0,2,0,5,0,7673,0,1,0,1,0.0,0,2777,4077,1300,55,False,1
Tanaka Ao,MID,Leeds,2.8,0,0,0,1,2,0.0,5,345,0.00,0.14,0.14,0.66,44,0,0,0.0,0.0,2026-09-20T13:00:00Z,67,False,8,0,0,0,2,0,5,0,35115,1,1,0,0,0.0,2,7073,10406,3333,49,True,1
Joelinton Cássio Apolinário de Lira,MID,Newcastle,0.0,0,0,0,0,0,0.0,0,458,0.00,0.00,0.00,0.00,46,0,0,0.0,0.0,2026-09-19T14:00:00Z,0,False,11,0,0,0,0,0,5,0,1916,0,0,1,2,0.0,0,-136,44,180,54,True,0
Andrew Robertson,DEF,Spurs,3.4,1,0,15,0,1,0.0,3,502,0.26,0.26,0.00,1.16,48,3,0,0.0,0.0,2026-09-19T11:30:00Z,90,False,2,0,0,0,7,0,5,0,283003,1,2,3,2,0.0,4,-2558,20149,22707,44,True,0
Marcus Tavernier,MID,Bournemouth,6.2,0,0,14,0,0,0.0,6,68,0.11,0.11,0.00,1.40,49,1,0,0.0,0.0,2026-09-20T13:00:00Z,74,False,14,0,0,0,3,0,5,0,709800,1,3,1,0,0.0,2,257318,318303,60985,61,True,0
Milos Kerkez,DEF,Liverpool,2.6,0,0,22,1,6,0.0,7,358,0.01,0.06,0.05,0.79,49,0,0,0.0,0.0,2026-09-20T13:00:00Z,90,False,3,0,0,0,2,0,5,0,246708,1,1,1,0,0.0,6,-40437,3035,43472,54,False,0
Kaine Kesler-Hayden,DEF,Coventry City,0.0,0,0,0,0,0,0.0,0,177,0.00,0.00,0.00,0.00,47,0,0,0.0,0.0,2026-09-19T16:30:00Z,0,False,18,0,0,0,0,0,5,0,3839,0,0,1,0,0.0,0,-317,186,503,40,False,0
Robinio Vaz,FWD,Hull City,0.7,0,0,5,0,0,0.0,1,637,0.01,0.01,0.00,0.13,46,0,0,0.0,0.0,2026-09-19T14:00:00Z,12,False,17,0,0,0,1,0,5,0,10422,0,0,1,2,0.0,1,3868,5586,1718,50,False,0
Felipe Rodrigues da Silva,DEF,Nott'm Forest,0.0,0,0,0,0,0,0.0,0,470,0.00,0.00,0.00,0.00,47,0,0,0.0,0.0,2026-09-19T16:30:00Z,0,False,7,0,0,0,0,0,5,0,2127,0,0,1,0,0.0,0,-425,0,425,50,True,0
Sidiki Cherif,FWD,Coventry City,0.2,0,0,0,0,0,0.0,0,599,0.00,0.00,0.00,0.00,47,0,0,0.0,0.0,2026-09-19T16:30:00Z,0,False,18,0,0,0,0,0,5,0,10975,0,0,1,0,0.0,0,173,1653,1480,50,False,0
Calvin Ramsay,DEF,Liverpool,0.0,0,0,0,0,0,0.0,0,365,0.00,0.00,0.00,0.00,49,0,0,0.0,0.0,2026-09-20T13:00:00Z,0,False,3,0,0,0,0,0,5,0,10034,0,0,1,0,0.0,0,-1195,0,1195,40,False,0
Victor Munoz,MID,Liverpool,3.0,0,0,7,0,1,0.0,3,377,0.06,0.06,0.00,0.14,49,0,0,0.0,0.0,2026-09-20T13:00:00Z,18,False,3,0,0,0,1,0,5,0,105157,0,1,1,0,0.0,1,-24989,5622,30611,65,False,0
Diego Coppola,DEF,Brighton,0.0,0,0,0,0,0,0.0,0,117,0.00,0.00,0.00,0.00,42,0,0,0.0,0.0,2026-09-19T14:00:00Z,0,False,1,0,0,0,0,0,5,0,2071,0,0,0,3,0.0,0,-33,180,213,45,True,0
Harry Wilson,MID,Leeds,0.0,0,0,0,0,0,0.0,0,260,0.00,0.00,0.00,0.00,44,0,0,0.0,0.0,2026-09-20T13:00:00Z,0,False,8,0,0,0,0,0,5,0,220557,0,0,0,0,0.0,0,-75090,3457,78547,62,True,0
Remi Matthews,GK,Crystal Palace,0.0,0,0,0,0,0,0.0,0,555,0.00,0.00,0.00,0.00,44,0,0,0.0,0.0,2026-09-20T13:00:00Z,0,False,13,0,0,0,0,0,5,0,185661,0,0,0,0,0.0,0,-2332,3461,5793,40,False,0
Ronald Araujo,DEF,Liverpool,4.4,0,1,28,1,3,0.0,5,579,0.01,0.01,0.00,0.79,49,0,0,0.0,0.0,2026-09-20T13:00:00Z,90,False,3,0,0,0,6,0,5,0,315443,1,2,1,0,0.0,7,19285,36773,17488,54,False,0
Mohamed Belloumi,MID,Hull City,6.2,1,0,22,0,0,0.0,11,286,0.31,0.66,0.35,1.31,46,2,0,0.0,0.0,2026-09-19T14:00:00Z,82,False,17,0,0,0,5,0,5,0,497698,1,6,1,2,0.0,4,329008,362918,33910,51,False,1
Noussair Mazraoui,DEF,Man Utd,0.6,0,0,0,0,0,0.0,0,422,0.00,0.00,0.00,0.00,50,0,0,0.0,0.0,2026-09-20T15:30:00Z,0,False,10,0,0,0,0,0,5,0,55791,0,0,1,1,0.0,0,-5332,2584,7916,44,False,0
Jérémy Doku,MID,Man City,0.2,0,0,7,0,1,0.0,2,400,0.32,0.55,0.23,0.42,45,0,0,0.0,0.0,2026-09-20T13:00:00Z,15,False,20,0,0,0,1,0,5,0,71797,0,0,3,5,0.0,1,-6700,271,6971,74,True,0
Harrison Armstrong,MID,Everton,2.4,0,0,13,1,1,0.0,5,244,0.37,0.49,0.12,1.44,43,0,0,0.0,0.0,2026-09-19T14:00:00Z,90,False,12,0,0,0,2,0,5,0,43182,1,2,0,1,0.0,2,-2908,5950,8858,50,True,1
Giovanni Leoni,DEF,Liverpool,0.0,0,0,0,0,0,0.0,0,363,0.00,0.00,0.00,0.00,49,0,0,0.0,0.0,2026-09-20T13:00:00Z,0,False,3,0,0,0,0,0,5,0,3493,0,0,1,0,0.0,0,-211,126,337,40,False,0
Ben Johnson,DEF,Ipswich Town,0.0,0,0,0,0,0,0.0,0,307,0.00,0.00,0.00,0.00,43,0,0,0.0,0.0,2026-09-19T14:00:00Z,0,False,9,0,0,0,0,0,5,0,6704,0,0,0,1,0.0,0,-1177,0,1177,40,False,0
José María Andrés Baixauli,MID,Brighton,4.0,0,0,27,1,2,0.0,9,639,0.11,0.39,0.28,1.48,42,0,1,0.0,0.0,2026-09-19T14:00:00Z,84,False,1,0,0,0,7,0,5,0,1188,1,0,0,3,0.0,8,239,470,231,55,True,0
Leif Davis,DEF,Ipswich Town,5.0,0,0,2,0,5,0.0,5,305,0.02,0.44,0.42,2.24,43,1,0,0.0,0.0,2026-09-19T14:00:00Z,90,False,9,0,0,0,2,0,5,0,755615,1,0,0,1,0.0,2,168534,204377,35843,40,False,0
Max Alleyne,DEF,Man City,0.0,0,0,0,0,0,0.0,0,394,0.00,0.00,0.00,0.00,45,0,0,0.0,0.0,2026-09-20T13:00:00Z,0,False,20,0,0,0,0,0,5,0,500,0,0,3,5,0.0,0,-39,0,39,50,True,0
Enzo Le Fée,MID,Sunderland,3.6,1,0,33,0,2,0.0,3,542,0.52,0.52,0.00,2.82,45,5,0,0.0,0.0,2026-09-20T13:00:00Z,90,False,15,0,0,0,0,0,5,0,367322,1,1,3,5,0.0,5,-95316,5741,101057,58,False,0
Cathal McCarthy,DEF,Hull City,0.0,0,0,0,0,0,0.0,0,284,0.00,0.00,0.00,0.00,46,0,0,0.0,0.0,2026-09-19T14:00:00Z,0,False,17,0,0,0,0,0,5,0,10301,0,0,1,2,0.0,0,425,1366,941,40,False,0
Junior Kroupi,MID,Bournemouth,0.0,0,0,0,0,0,0.0,0,78,0.00,0.00,0.00,0.00,49,0,0,0.0,0.0,2026-09-20T13:00:00Z,0,False,14,0,0,0,0,0,5,0,19554,0,0,1,0,0.0,0,-1688,141,1829,74,True,0
Ross Barkley,MID,Aston Villa,2.0,0,0,3,0,1,0.0,4,46,0.00,0.00,0.00,0.78,48,2,0,0.0,0.0,2026-09-19T11:30:00Z,6,False,19,0,0,0,3,0,5,0,28594,0,0,3,2,0.0,1,-1310,2694,4004,50,False,0
Bernd Leno,GK,Fulham,3.6,0,0,18,0,2,0.0,0,250,0.00,0.00,0.00,1.60,50,1,0,0.0,0.0,2026-09-20T15:30:00Z,90,False,16,0,0,0,8,0,5,5,335875,1,0,1,1,0.0,3,19961,37373,17412,45,True,0
Benjamin White,DEF,Arsenal,2.5,0,0,0,0,0,0.0,0,10,0.00,0.00,0.00,0.00,42,0,0,0.0,0.0,2026-09-19T14:00:00Z,0,False,5,0,0,0,0,0,5,0,573621,0,0,0,3,0.0,0,-218227,21167,239394,55,False,0
Kenny Tete,DEF,Fulham,0.0,0,0,0,0,0,0.0,0,256,0.00,0.00,0.00,0.00,50,0,0,0.0,0.0,2026-09-20T15:30:00Z,0,False,16,0,0,0,0,0,5,0,20252,0,0,1,1,0.0,0,-1747,326,2073,44,True,0
Ilyas Ansah,FWD,Hull City,0.0,0,0,0,0,0,0.0,0,632,0.00,0.00,0.00,0.00,46,0,0,0.0,0.0,2026-09-19T14:00:00Z,0,False,17,0,0,0,0,0,5,0,3032,0,0,1,2,0.0,0,-1167,151,1318,50,False,0
Wilfried Gnonto,MID,Leeds,0.0,0,0,0,0,0,0.0,0,341,0.00,0.00,0.00,0.00,44,0,0,0.0,0.0,2026-09-20T13:00:00Z,0,False,8,0,0,0,0,0,5,0,790,0,0,0,0,0.0,0,-179,0,179,50,True,0
Lucas Gourna-Douath,MID,Hull City,0.8,0,0,5,0,0,0.0,1,589,0.01,0.04,0.03,0.13,46,0,0,0.0,0.0,2026-09-19T14:00:00Z,12,False,17,0,0,0,0,0,5,0,2600,0,1,1,2,0.0,1,-143,149,292,50,False,0
Thomas Meunier,DEF,Sunderland,2.8,1,0,5,0,2,0.0,4,541,0.45,0.45,0.00,1.34,45,4,0,0.0,0.0,2026-09-20T13:00:00Z,78,False,15,0,0,0,3,0,5,0,28358,1,2,3,5,0.0,3,-1159,971,2130,45,False,0
Nicolò Savona,DEF,Nott'm Forest,0.0,0,0,0,0,0,0.0,0,475,0.00,0.00,0.00,0.00,47,0,0,0.0,0.0,2026-09-19T16:30:00Z,0,False,7,0,0,0,0,0,5,0,237,0,0,1,0,0.0,0,-22,17,39,45,True,0
Ellery Balcombe,GK,Brentford,1.0,0,0,0,0,0,0.0,0,661,0.00,0.00,0.00,0.00,41,0,0,0.0,0.0,2026-09-18T19:00:00Z,0,False,6,0,0,0,0,0,5,0,0,0,0,0,3,0.0,0,0,0,0,40,True,0
Neco Williams,DEF,Nott'm Forest,3.8,0,0,19,0,1,0.0,2,469,0.21,0.30,0.09,0.67,47,1,0,0.0,0.0,2026-09-19T16:30:00Z,90,False,7,0,0,0,8,0,5,0,1063643,1,1,1,0,0.0,2,105000,154932,49932,50,True,0
Ethan Nwaneri,MID,Arsenal,0.0,0,0,0,0,0,0.0,0,22,0.00,0.00,0.00,0.00,42,0,0,0.0,0.0,2026-09-19T14:00:00Z,0,False,5,0,0,0,0,0,5,0,680,0,0,0,3,0.0,0,-116,0,116,54,False,0
Joe Rodon,DEF,Leeds,0.0,0,0,0,0,0,0.0,0,329,0.00,0.00,0.00,0.00,44,0,0,0.0,0.0,2026-09-20T13:00:00Z,0,False,8,0,0,0,0,0,5,0,89396,0,0,0,0,0.0,0,-34904,56,34960,44,True,0
James Hill,DEF,Bournemouth,2.4,0,0,15,0,11,0.0,15,60,0.02,0.02,0.00,1.65,49,1,0,0.0,0.0,2026-09-20T13:00:00Z,90,False,14,0,0,0,3,0,5,0,80776,1,4,1,0,0.0,4,-8309,3321,11630,55,True,0
David Akintola,MID,Hull City,0.0,0,0,0,0,0,0.0,0,296,0.00,0.00,0.00,0.00,46,0,0,0.0,0.0,2026-09-19T14:00:00Z,0,False,17,0,0,0,0,0,5,0,2690,0,0,1,2,0.0,0,-1213,0,1213,50,False,0
Ryan Sessegnon,DEF,Fulham,0.4,0,0,0,0,0,0.0,0,269,0.00,0.00,0.00,0.00,50,0,0,0.0,0.0,2026-09-20T15:30:00Z,0,False,16,0,0,0,0,0,5,0,29229,0,0,1,1,0.0,0,-5062,228,5290,44,True,0
Murillo Costa dos Santos,DEF,Nott'm Forest,4.6,0,0,16,0,10,0.0,11,472,0.08,0.15,0.07,0.67,47,1,0,0.0,0.0,2026-09-19T16:30:00Z,90,False,7,0,0,0,2,0,5,0,260474,1,1,1,0,0.0,4,50117,61530,11413,55,True,0
Christian Walton,GK,Ipswich Town,0.4,0,0,10,0,2,0.0,0,300,0.01,0.01,0.00,2.24,43,1,0,0.0,0.0,2026-09-19T14:00:00Z,90,False,9,0,0,0,17,0,5,1,41812,1,0,0,1,0.0,2,-1343,763,2106,44,False,0
Ethan Pinnock,DEF,Coventry City,2.8,0,0,24,1,19,0.0,19,91,0.00,0.00,0.00,1.10,47,0,0,0.0,0.0,2026-09-19T16:30:00Z,90,False,18,0,0,0,1,0,5,0,7218,1,0,1,0,0.0,8,-312,402,714,45,False,0
Callum Wilson,FWD,Brentford,0.6,0,0,0,0,0,0.0,0,108,0.00,0.00,0.00,0.00,41,0,0,0.0,0.0,2026-09-18T19:00:00Z,0,False,6,0,0,0,0,0,5,0,33179,0,0,0,3,0.0,0,-4371,1671,6042,55,True,0
Piero Hincapié,DEF,Arsenal,0.2,0,0,0,0,0,0.0,0,9,0.00,0.00,0.00,0.00,42,0,0,0.0,0.0,2026-09-19T14:00:00Z,0,False,5,0,0,0,0,0,5,0,98376,0,0,0,3,0.0,0,-13089,2559,15648,53,False,0
Taylor Harwood-Bellis,DEF,Aston Villa,0.0,0,0,0,0,0,0.0,0,630,0.00,0.00,0.00,0.00,48,0,0,0.0,0.0,2026-09-19T11:30:00Z,0,False,19,0,0,0,0,0,5,0,1743,0,0,3,2,0.0,0,28,379,351,45,False,0
Marcus Rashford,MID,Man Utd,2.0,0,0,15,0,2,0.0,2,429,0.14,0.54,0.40,1.62,50,1,0,0.0,0.0,2026-09-20T15:30:00Z,76,False,10,0,0,0,0,0,5,0,171653,1,0,1,1,0.0,2,-4515,18390,22905,70,False,0
Amadou Onana,MID,Aston Villa,0.0,0,0,0,0,0,0.0,0,48,0.00,0.00,0.00,0.00,48,0,0,0.0,0.0,2026-09-19T11:30:00Z,0,False,19,0,0,0,0,0,5,0,1654,0,0,3,2,0.0,0,-137,66,203,49,False,0
Thimothée Lo-Tutala,GK,Hull City,0.0,0,0,0,0,0,0.0,0,276,0.00,0.00,0.00,0.00,46,0,0,0.0,0.0,2026-09-19T14:00:00Z,0,False,17,0,0,0,0,0,5,0,2510,0,0,1,2,0.0,0,-135,0,135,40,False,0
Kevin Schade,MID,Brentford,7.8,2,0,27,1,2,0.0,7,94,0.02,0.56,0.54,0.83,41,0,0,0.0,0.0,2026-09-18T19:00:00Z,90,False,6,0,0,0,4,0,5,0,847173,1,1,0,3,0.0,9,367021,425579,58558,61,True,0
Gustavo Nunes Fernandes Gomes,MID,Brentford,0.0,0,0,0,0,0,0.0,0,657,0.00,0.00,0.00,0.00,41,0,0,0.0,0.0,2026-09-18T19:00:00Z,0,False,6,0,0,0,0,0,5,0,2569,0,0,0,3,0.0,0,1349,1742,393,45,True,0
Florian Wirtz,MID,Liverpool,3.6,1,0,25,1,1,0.0,8,366,0.05,0.27,0.22,0.66,49,0,0,0.0,0.0,2026-09-20T13:00:00Z,70,False,3,0,0,0,4,0,5,0,650329,1,3,1,0,0.0,6,-173849,5737,179586,73,False,0
Cédric Kipré,DEF,Ipswich Town,0.0,0,0,0,0,0,0.0,0,303,0.00,0.00,0.00,0.00,43,0,0,0.0,0.0,2026-09-19T14:00:00Z,0,False,9,0,0,0,0,0,5,0,129561,0,0,0,1,0.0,0,32822,43068,10246,39,False,0
Tarik Muharemović,DEF,Leeds,5.4,0,0,22,1,7,0.0,8,334,0.01,0.41,0.40,1.06,44,0,0,0.0,0.0,2026-09-20T13:00:00Z,90,False,8,0,0,0,5,0,5,0,492213,1,1,0,0,0.0,6,48147,74089,25942,50,True,0
David Button,GK,Ipswich Town,0.0,0,0,0,0,0,0.0,0,302,0.00,0.00,0.00,0.00,43,0,0,0.0,0.0,2026-09-19T14:00:00Z,0,False,9,0,0,0,0,0,5,0,64291,0,0,0,1,0.0,0,611,2951,2340,40,False,0
Joe Gelhardt,MID,Hull City,0.2,0,0,5,0,0,0.0,1,340,0.02,0.12,0.10,0.13,46,0,0,0.0,0.0,2026-09-19T14:00:00Z,7,False,17,0,0,0,1,0,5,0,1289,0,0,1,2,0.0,1,48,281,233,50,False,0
Saša Lukić,MID,Ipswich Town,2.2,0,0,14,0,2,0.0,6,267,0.25,0.25,0.00,1.76,43,1,0,0.0,0.0,2026-09-19T14:00:00Z,72,False,9,0,0,0,3,0,5,0,10737,1,1,0,1,0.0,2,-916,469,1385,50,False,0
Mahdi Nicoll-Jazuli,MID,Chelsea,1.1,0,0,5,0,0,0.0,2,662,0.00,0.00,0.00,0.43,41,1,0,0.0,0.0,2026-09-18T19:00:00Z,3,False,4,0,0,0,0,0,5,0,0,0,2,0,3,0.0,1,0,0,0,45,False,0
Abdukodir Khusanov,DEF,Man City,1.8,0,0,0,0,0,0.0,0,393,0.00,0.00,0.00,0.00,45,0,0,0.0,0.0,2026-09-20T13:00:00Z,0,False,20,0,0,0,0,0,5,0,154215,0,0,3,5,0.0,0,-15213,3443,18656,54,True,0
Ian Maatsen,DEF,Aston Villa,0.0,0,0,0,0,0,0.0,0,36,0.00,0.00,0.00,0.00,48,0,0,0.0,0.0,2026-09-19T11:30:00Z,0,False,19,0,0,0,0,0,5,0,58351,0,0,3,2,0.0,0,-30695,548,31243,45,False,0
Sindre Walle Egeli,FWD,Ipswich Town,0.2,0,0,0,0,0,0.0,0,321,0.00,0.00,0.00,0.00,43,0,0,0.0,0.0,2026-09-19T14:00:00Z,0,False,9,0,0,0,0,0,5,0,402496,0,0,0,1,0.0,0,12737,62123,49386,45,False,0
Antonee Robinson,DEF,Fulham,2.4,0,0,19,0,4,0.0,7,254,0.09,0.09,0.00,1.60,50,1,0,0.0,0.0,2026-09-20T15:30:00Z,90,False,16,0,0,0,4,0,5,0,147666,1,3,1,1,0.0,2,290,11569,11279,45,True,0
Antoine Semenyo,MID,Man City,6.6,1,2,65,0,2,0.0,7,397,0.17,0.33,0.16,3.57,45,3,2,0.0,0.0,2026-09-20T13:00:00Z,90,False,20,0,0,0,3,0,5,0,1598756,1,2,3,5,0.0,17,-139426,37411,176837,84,True,0
Alfie McNally,GK,Fulham,0.0,0,0,0,0,0,0.0,0,252,0.00,0.00,0.00,0.00,50,0,0,0.0,0.0,2026-09-20T15:30:00Z,0,False,16,0,0,0,0,0,5,0,12542,0,0,1,1,0.0,0,-908,0,908,40,True,0
Emiliano Martínez Romero,GK,Chelsea,1.8,0,0,7,0,0,0.0,0,28,0.00,0.00,0.00,2.65,41,3,0,0.0,0.0,2026-09-18T19:00:00Z,90,False,4,0,0,0,6,0,5,3,524629,1,0,0,3,0.0,2,-32803,20981,53784,50,False,0
Mateo Joseph Fernández-Regatillo,FWD,Leeds,0.0,0,0,0,0,0,0.0,0,349,0.00,0.00,0.00,0.00,44,0,0,0.0,0.0,2026-09-20T13:00:00Z,0,False,8,0,0,0,0,0,5,0,5721,0,0,0,0,0.0,0,-70,739,809,45,True,0
Mohammed Kudus,MID,Spurs,1.4,1,0,24,0,0,0.0,7,512,0.20,0.27,0.07,0.35,48,2,0,0.0,0.0,2026-09-19T11:30:00Z,45,False,2,0,0,0,5,0,5,0,14877,0,2,3,2,0.0,4,-95,2728,2823,65,True,0
Fabian Schär,DEF,Newcastle,0.4,0,0,1,0,7,0.0,7,446,0.01,0.01,0.00,1.08,46,1,0,0.0,0.0,2026-09-19T14:00:00Z,24,False,11,0,0,0,0,0,5,0,22572,0,0,1,2,0.0,1,-1391,1121,2512,49,True,0
Jaden Philogene,MID,Ipswich Town,0.4,0,0,5,0,0,0.0,1,318,0.01,0.07,0.06,0.56,43,0,0,0.0,0.0,2026-09-19T14:00:00Z,24,False,9,0,0,0,1,0,5,0,7806,0,0,0,1,0.0,1,-322,83,405,54,False,0
Eddie Nketiah,FWD,Crystal Palace,1.6,0,0,2,0,0,0.0,1,224,0.02,0.02,0.00,0.06,44,0,0,0.0,0.0,2026-09-20T13:00:00Z,8,False,13,0,0,0,1,0,5,0,55856,0,0,0,0,0.0,1,-21953,1026,22979,55,False,0
Evan Ferguson,FWD,Brighton,0.0,0,0,0,0,0,0.0,0,139,0.00,0.00,0.00,0.00,42,0,0,0.0,0.0,2026-09-19T14:00:00Z,0,False,1,0,0,0,0,0,5,0,3174,0,0,0,3,0.0,0,-162,242,404,50,True,0
Jarrad Branthwaite,DEF,Everton,5.4,0,0,27,1,14,0.0,14,230,0.00,0.00,0.00,1.44,43,0,0,0.0,0.0,2026-09-19T14:00:00Z,90,False,12,0,0,0,3,0,5,0,255437,1,0,0,1,0.0,8,36903,50096,13193,55,True,0
Kalvin Phillips,MID,Man City,0.0,0,0,0,0,0,0.0,0,408,0.00,0.00,0.00,0.00,45,0,0,0.0,0.0,2026-09-20T13:00:00Z,0,False,20,0,0,0,0,0,5,0,517,0,0,3,5,0.0,0,-39,0,39,50,True,0
Dan Bentley,GK,Coventry City,0.0,0,0,0,0,0,0.0,0,623,0.00,0.00,0.00,0.00,47,0,0,0.0,0.0,2026-09-19T16:30:00Z,0,False,18,0,0,0,0,0,5,0,66230,0,0,1,0,0.0,0,10344,13315,2971,40,False,0
Vakhtang Salia,FWD,Newcastle,1.0,0,0,0,0,0,0.0,0,664,0.00,0.00,0.00,0.00,46,0,0,0.0,0.0,2026-09-19T14:00:00Z,0,False,11,0,0,0,0,0,5,0,0,0,0,1,2,0.0,0,0,0,0,45,True,0
Reinildo Mandava,DEF,Sunderland,0.0,0,0,0,0,0,0.0,0,536,0.00,0.00,0.00,0.00,45,0,0,0.0,0.0,2026-09-20T13:00:00Z,0,False,15,0,0,0,0,0,5,0,28357,0,0,3,5,0.0,0,-9631,136,9767,45,False,0
Kaden Braithwaite,DEF,Man City,0.2,0,0,0,0,0,0.0,0,622,0.00,0.00,0.00,0.00,45,0,0,0.0,0.0,2026-09-20T13:00:00Z,0,False,20,0,0,0,0,0,5,0,18924,0,0,3,5,0.0,0,-322,2303,2625,40,True,0
Harry Howell,MID,Brighton,0.0,0,0,0,0,0,0.0,0,132,0.00,0.00,0.00,0.00,42,0,0,0.0,0.0,2026-09-19T14:00:00Z,0,False,1,0,0,0,0,0,5,0,3291,0,0,0,3,0.0,0,-395,0,395,45,True,0
Chris Wood,FWD,Nott'm Forest,0.8,0,0,4,0,0,0.0,0,490,0.00,0.00,0.00,0.04,47,0,0,0.0,0.0,2026-09-19T16:30:00Z,17,False,7,0,0,0,0,0,5,0,100797,0,0,1,0,0.0,1,-9928,5666,15594,58,True,0
Zion Suzuki,GK,Aston Villa,3.2,0,0,17,0,3,0.0,0,597,0.00,0.00,0.00,1.56,48,2,0,0.0,0.0,2026-09-19T11:30:00Z,90,False,19,0,0,0,12,0,5,5,196011,1,0,3,2,0.0,2,-2224,16586,18810,50,False,0
Ousmane Diomande,DEF,Nott'm Forest,1.4,0,0,4,0,5,0.0,5,581,0.01,0.06,0.05,0.63,47,1,0,0.0,0.0,2026-09-19T16:30:00Z,72,False,7,0,0,0,7,0,5,0,59651,1,0,1,0,0.0,2,619,4010,3391,54,True,0
James McConnell,MID,Liverpool,0.0,0,0,0,0,0,0.0,0,378,0.00,0.00,0.00,0.00,49,0,0,0.0,0.0,2026-09-20T13:00:00Z,0,False,3,0,0,0,0,0,5,0,26448,0,0,1,0,0.0,0,98,2718,2620,44,False,0
Bukayo Saka,MID,Arsenal,5.8,0,0,14,0,0,0.0,2,12,0.55,0.89,0.34,1.00,42,3,0,0.0,0.0,2026-09-19T14:00:00Z,80,False,5,0,0,0,1,0,5,0,1461185,1,1,0,3,0.0,2,156317,221246,64929,95,False,0
Kiernan Dewsbury-Hall,MID,Everton,4.0,0,0,10,1,0,0.0,7,236,0.34,0.71,0.37,1.28,43,0,0,0.0,0.0,2026-09-19T14:00:00Z,90,False,12,0,0,0,5,0,5,0,731679,1,2,0,1,0.0,3,156556,216116,59560,65,True,0
Igor Thiago Nascimento Rodrigues,FWD,Brentford,2.0,0,0,26,1,0,0.0,3,106,0.03,0.75,0.72,0.83,41,0,1,0.0,0.0,2026-09-18T19:00:00Z,90,False,6,0,0,0,2,0,5,0,958105,1,1,0,3,0.0,5,-189492,32439,221931,78,True,1
Tom Cairney,MID,Fulham,0.0,0,0,0,0,0,0.0,0,266,0.00,0.00,0.00,0.00,50,0,0,0.0,0.0,2026-09-20T15:30:00Z,0,False,16,0,0,0,0,0,5,0,305,0,0,1,1,0.0,0,-46,15,61,49,True,0
Conor Bradley,DEF,Liverpool,0.0,0,0,0,0,0,0.0,0,360,0.00,0.00,0.00,0.00,49,0,0,0.0,0.0,2026-09-20T13:00:00Z,0,False,3,0,0,0,0,0,5,0,1005,0,0,1,0,0.0,0,-57,57,114,50,False,0
Oscar Bobb,MID,Fulham,2.6,0,0,6,1,1,0.0,6,264,0.09,0.31,0.22,1.12,50,0,0,0.0,0.0,2026-09-20T15:30:00Z,70,False,16,0,0,0,3,0,5,0,30671,1,2,1,1,0.0,3,-1134,2742,3876,55,True,0
Ollie Watkins,FWD,Aston Villa,0.0,0,0,0,0,0,0.0,0,55,0.00,0.00,0.00,0.00,48,0,0,0.0,0.0,2026-09-19T11:30:00Z,0,False,19,0,0,0,0,0,5,0,284909,0,0,3,2,0.0,0,-35250,0,35250,78,False,0
Malick Yalcouyé,MID,Brighton,4.0,0,0,9,0,0,0.0,1,605,0.18,0.22,0.04,0.14,42,0,0,0.0,0.0,2026-09-19T14:00:00Z,5,False,1,0,0,0,0,0,5,0,450411,0,1,0,3,0.0,1,87628,130693,43065,45,True,0
Omar Alderete,DEF,Sunderland,0.2,0,0,0,0,0,0.0,0,535,0.00,0.00,0.00,0.00,45,0,0,0.0,0.0,2026-09-20T13:00:00Z,0,False,15,0,0,0,0,0,5,0,25847,0,0,3,5,0.0,0,-3936,280,4216,49,False,0
Archie Gray,MID,Spurs,1.8,0,0,14,0,1,0.0,5,522,0.01,0.15,0.14,1.12,48,3,0,0.0,0.0,2026-09-19T11:30:00Z,71,False,2,0,0,0,2,0,5,0,19727,0,2,3,2,0.0,2,-637,1629,2266,49,True,0
Noah Sadiki,MID,Sunderland,2.0,0,0,9,0,1,0.0,3,545,0.01,0.05,0.04,1.02,45,4,0,0.0,0.0,2026-09-20T13:00:00Z,67,False,15,0,0,0,2,0,5,0,24166,1,0,3,5,0.0,2,-2498,1171,3669,49,False,0
Chido Obi,FWD,Man Utd,0.0,0,0,0,0,0,0.0,0,441,0.00,0.00,0.00,0.00,50,0,0,0.0,0.0,2026-09-20T15:30:00Z,0,False,10,0,0,0,0,0,5,0,111907,0,0,1,1,0.0,0,-16201,5061,21262,45,False,0
Matheus França de Oliveira,MID,Crystal Palace,0.0,0,0,0,0,0,0.0,0,217,0.00,0.00,0.00,0.00,44,0,0,0.0,0.0,2026-09-20T13:00:00Z,0,False,13,0,0,0,0,0,5,0,1249,0,0,0,0,0.0,0,-675,0,675,49,False,0
Luka Vušković,DEF,Brighton,6.4,0,0,27,1,10,0.0,12,504,0.00,0.00,0.00,1.63,42,0,0,0.0,0.0,2026-09-19T14:00:00Z,90,False,1,0,0,0,4,0,5,0,332297,1,2,0,3,0.0,8,-7252,27688,34940,50,True,0
Ben Davies,DEF,Spurs,0.0,0,0,0,0,0,0.0,0,508,0.00,0.00,0.00,0.00,48,0,0,0.0,0.0,2026-09-19T11:30:00Z,0,False,2,0,0,0,0,0,5,0,88779,0,0,3,2,0.0,0,-5694,2044,7738,40,True,0
Liam Millar,MID,Hull City,0.0,0,0,0,0,0,0.0,0,287,0.00,0.00,0.00,0.00,46,0,0,0.0,0.0,2026-09-19T14:00:00Z,0,False,17,0,0,0,0,0,5,0,3415,0,0,1,2,0.0,0,-1008,0,1008,50,False,0
Michael Mills,MID,Newcastle,1.1,0,0,0,0,0,0.0,0,665,0.00,0.00,0.00,0.00,46,0,0,0.0,0.0,2026-09-19T14:00:00Z,0,False,11,0,0,0,0,0,5,0,0,0,0,1,2,0.0,0,0,0,0,45,True,0
Dominik Szoboszlai,MID,Liverpool,4.0,0,0,5,1,2,0.0,6,368,0.02,0.15,0.13,0.66,49,0,0,0.0,0.0,2026-09-20T13:00:00Z,80,False,3,0,0,0,2,0,5,0,3685230,1,2,1,0,0.0,2,-405826,91695,497521,70,False,1
George Hirst,FWD,Ipswich Town,0.0,0,0,0,0,0,0.0,0,317,0.00,0.00,0.00,0.00,43,0,0,0.0,0.0,2026-09-19T14:00:00Z,0,False,9,0,0,0,0,0,5,0,8627,0,0,0,1,0.0,0,-1398,0,1398,50,False,0
Tom Heaton,GK,Man Utd,0.0,0,0,0,0,0,0.0,0,414,0.00,0.00,0.00,0.00,50,0,0,0.0,0.0,2026-09-20T15:30:00Z,0,False,10,0,0,0,0,0,5,0,8762,0,0,1,1,0.0,0,-118,373,491,40,False,0
Rayan Aït-Nouri,DEF,Man City,0.0,0,0,0,0,0,0.0,0,392,0.00,0.00,0.00,0.00,45,0,0,0.0,0.0,2026-09-20T13:00:00Z,0,False,20,0,0,0,0,0,5,0,45028,0,0,3,5,0.0,0,-4869,1361,6230,53,True,0
Nico González Iglesias,MID,Newcastle,0.0,0,0,0,0,0,0.0,0,405,0.00,0.00,0.00,0.00,46,0,0,0.0,0.0,2026-09-19T14:00:00Z,0,False,11,0,0,0,0,0,5,0,21094,0,0,1,2,0.0,0,-5729,1106,6835,55,True,0
Nathan Patterson,DEF,Everton,0.0,0,0,0,0,0,0.0,0,234,0.00,0.00,0.00,0.00,43,0,0,0.0,0.0,2026-09-19T14:00:00Z,0,False,12,0,0,0,0,0,5,0,1666,0,0,0,1,0.0,0,-321,0,321,45,True,0
Raphael Borges Rodrigues,MID,Coventry City,0.0,0,0,0,0,0,0.0,0,191,0.00,0.00,0.00,0.00,47,0,0,0.0,0.0,2026-09-19T16:30:00Z,0,False,18,0,0,0,0,0,5,0,9331,0,0,1,0,0.0,0,-1935,0,1935,45,False,0
Josh Dasilva,MID,Brentford,0.0,0,0,0,0,0,0.0,0,103,0.00,0.00,0.00,0.00,41,0,0,0.0,0.0,2026-09-18T19:00:00Z,0,False,6,0,0,0,0,0,5,0,1428,0,0,0,3,0.0,0,-282,11,293,49,True,0
Gabriel Fernando de Jesus,FWD,Arsenal,0.0,0,0,0,0,0,0.0,0,27,0.00,0.00,0.00,0.00,42,0,0,0.0,0.0,2026-09-19T14:00:00Z,0,False,5,0,0,0,0,0,5,0,16588,0,0,0,3,0.0,0,-2292,0,2292,59,False,0
Reece James,DEF,Chelsea,0.4,0,0,0,0,0,0.0,0,142,0.00,0.00,0.00,0.00,41,0,0,0.0,0.0,2026-09-18T19:00:00Z,0,False,4,0,0,0,0,0,5,0,704792,0,0,0,3,0.0,0,-120634,18198,138832,54,False,0
Issa Diop,DEF,Ipswich Town,2.4,0,0,13,0,10,0.0,10,259,0.01,0.07,0.06,2.24,43,1,0,0.0,0.0,2026-09-19T14:00:00Z,90,False,9,0,0,0,4,0,5,0,1423347,1,0,0,1,0.0,4,-93272,19674,112946,40,False,0
Omar Marmoush,FWD,Spurs,1.6,0,0,8,0,0,0.0,4,401,0.04,0.06,0.02,1.16,48,3,0,0.0,0.0,2026-09-19T11:30:00Z,90,False,2,0,0,0,3,0,5,0,240325,1,1,3,2,0.0,2,-10121,35220,45341,70,True,0
Marcus Bettinelli,GK,Man City,0.0,0,0,0,0,0,0.0,0,386,0.00,0.00,0.00,0.00,45,0,0,0.0,0.0,2026-09-20T13:00:00Z,0,False,20,0,0,0,0,0,5,0,2873,0,0,3,5,0.0,0,-106,80,186,45,True,0
Tijjani Reijnders,MID,Man City,0.0,0,0,0,0,0,0.0,0,404,0.00,0.00,0.00,0.00,45,0,0,0.0,0.0,2026-09-20T13:00:00Z,0,False,20,0,0,0,0,0,5,0,3723,0,0,3,5,0.0,0,-224,0,224,60,True,0
Jørgen Strand Larsen,FWD,Crystal Palace,2.8,0,0,10,1,3,0.0,3,222,0.17,0.21,0.04,1.26,44,0,0,0.0,0.0,2026-09-20T13:00:00Z,81,False,13,0,0,0,0,0,5,0,69381,1,0,0,0,0.0,2,4053,15191,11138,60,False,0
Merlin Röhl,MID,Everton,0.0,0,0,0,0,0,0.0,0,246,0.00,0.00,0.00,0.00,43,0,0,0.0,0.0,2026-09-19T14:00:00Z,0,False,12,0,0,0,0,0,5,0,4100,0,0,0,1,0.0,0,-971,285,1256,49,True,0
Noah Okafor,MID,Leeds,3.6,0,0,17,1,0,0.0,5,336,0.01,0.03,0.02,0.68,44,0,0,0.0,0.0,2026-09-20T13:00:00Z,75,False,8,0,0,0,3,0,5,0,50221,1,2,0,0,0.0,3,14111,19172,5061,58,True,0
Anton Stach,MID,Leeds,5.4,0,0,13,1,6,0.0,13,335,0.08,0.13,0.05,1.06,44,0,0,0.0,0.0,2026-09-20T13:00:00Z,90,False,8,0,0,0,5,0,5,0,291868,1,2,0,0,0.0,5,-8309,24102,32411,60,True,0
Tyler Bindon,DEF,Nott'm Forest,0.0,0,0,0,0,0,0.0,0,479,0.00,0.00,0.00,0.00,47,0,0,0.0,0.0,2026-09-19T16:30:00Z,0,False,7,0,0,0,0,0,5,0,12104,0,0,1,0,0.0,0,-1397,0,1397,40,True,0
Divine Mukasa,MID,Man City,0.0,0,0,0,0,0,0.0,0,409,0.00,0.00,0.00,0.00,45,0,0,0.0,0.0,2026-09-20T13:00:00Z,0,False,20,0,0,0,0,0,5,0,9744,0,0,3,5,0.0,0,-1698,0,1698,45,True,0
Sven Botman,DEF,Newcastle,3.0,0,0,12,0,17,0.0,18,447,0.00,0.05,0.05,1.59,46,1,0,0.0,0.0,2026-09-19T14:00:00Z,90,False,11,0,0,0,1,0,5,0,76821,1,1,1,2,0.0,4,1958,8365,6407,50,True,0
Jack Grealish,MID,Everton,1.2,0,0,22,1,0,0.0,7,238,0.30,0.30,0.00,1.06,43,0,0,0.0,0.0,2026-09-19T14:00:00Z,78,False,12,0,0,0,7,0,5,0,48806,1,0,0,1,0.0,3,4275,10313,6038,65,True,0
Mateus Fernandes,MID,Spurs,1.4,0,0,2,0,2,0.0,7,525,0.02,0.09,0.07,0.82,48,1,0,0.0,0.0,2026-09-19T11:30:00Z,45,False,2,0,0,0,4,0,5,0,89133,1,1,3,2,0.0,1,-11274,2671,13945,58,True,0
Tom Watson,MID,Brighton,0.0,0,0,0,0,0,0.0,0,133,0.00,0.00,0.00,0.00,42,0,0,0.0,0.0,2026-09-19T14:00:00Z,0,False,1,0,0,0,0,0,5,0,112,0,0,0,3,0.0,0,-10,0,10,50,True,0
Luke Woolfenden,DEF,Coventry City,0.0,0,0,0,0,0,0.0,0,180,0.00,0.00,0.00,0.00,47,0,0,0.0,0.0,2026-09-19T16:30:00Z,0,False,18,0,0,0,0,0,5,0,12244,0,0,1,0,0.0,0,-1023,255,1278,40,False,0
Jaouen Hadjam,DEF,Brighton,0.0,0,0,0,0,0,0.0,0,614,0.00,0.00,0.00,0.00,42,0,0,0.0,0.0,2026-09-19T14:00:00Z,0,False,1,0,0,0,0,0,5,0,4264,0,0,0,3,0.0,0,-93,513,606,45,True,0
Mike Penders,GK,Chelsea,0.0,0,0,0,0,0,0.0,0,560,0.00,0.00,0.00,0.00,41,0,0,0.0,0.0,2026-09-18T19:00:00Z,0,False,4,0,0,0,0,0,5,0,7232,0,0,0,3,0.0,0,76,696,620,44,False,0
Stefanos Tzimas,FWD,Brighton,0.0,0,0,0,0,0,0.0,0,137,0.00,0.00,0.00,0.00,42,0,0,0.0,0.0,2026-09-19T14:00:00Z,0,False,1,0,0,0,0,0,5,0,710,0,0,0,3,0.0,0,-21,63,84,54,True,0
Facundo Buonanotte,MID,Brighton,0.0,0,0,0,0,0,0.0,0,128,0.00,0.00,0.00,0.00,42,0,0,0.0,0.0,2026-09-19T14:00:00Z,0,False,1,0,0,0,0,0,5,0,206,0,0,0,3,0.0,0,-17,0,17,50,True,0
Alexis Mac Allister,MID,Liverpool,2.2,0,0,19,1,4,0.0,13,372,0.05,0.05,0.00,0.79,49,0,0,0.0,0.0,2026-09-20T13:00:00Z,90,False,3,0,0,0,7,0,5,0,141772,1,2,1,0,0.0,5,-7900,11435,19335,54,False,0
Darnell Furlong,DEF,Ipswich Town,0.2,0,0,0,0,0,0.0,0,308,0.00,0.00,0.00,0.00,43,0,0,0.0,0.0,2026-09-19T14:00:00Z,0,False,9,0,0,0,0,0,5,0,80113,0,0,0,1,0.0,0,7228,11325,4097,39,False,0
Sávio Moreira de Oliveira,MID,Spurs,1.6,0,0,29,0,2,0.0,5,403,0.17,0.46,0.29,1.16,48,3,0,0.0,0.0,2026-09-19T11:30:00Z,90,False,2,0,0,0,3,0,5,0,74946,1,0,3,2,0.0,2,-481,12804,13285,65,True,0
Djed Spence,DEF,Spurs,0.0,0,0,0,0,0,0.0,0,505,0.00,0.00,0.00,0.00,48,0,0,0.0,0.0,2026-09-19T11:30:00Z,0,False,2,0,0,0,0,0,5,0,25713,0,0,3,2,0.0,0,-2653,0,2653,45,True,0
Lucas Herrington,DEF,Hull City,1.0,0,0,11,0,7,0.0,8,585,0.03,0.05,0.02,1.44,46,2,0,0.0,0.0,2026-09-19T14:00:00Z,90,False,17,0,0,0,5,0,5,0,63742,1,1,1,2,0.0,1,-136,3458,3594,40,False,0
Alex Cairns,GK,Leeds,0.0,0,0,0,0,0,0.0,0,625,0.00,0.00,0.00,0.00,44,0,0,0.0,0.0,2026-09-20T13:00:00Z,0,False,8,0,0,0,0,0,5,0,23234,0,0,0,0,0.0,0,2006,3467,1461,40,True,0
Tammy Abraham,FWD,Aston Villa,0.8,0,0,3,0,0,0.0,0,56,0.00,0.00,0.00,0.43,48,1,0,0.0,0.0,2026-09-19T11:30:00Z,2,False,19,0,0,0,0,0,5,0,19806,0,0,3,2,0.0,1,1415,4340,2925,55,False,0
Danny Welbeck,FWD,Chelsea,0.8,0,0,8,0,1,0.0,4,136,0.08,0.08,0.00,1.45,41,1,0,0.0,0.0,2026-09-18T19:00:00Z,70,False,4,0,0,0,2,0,5,0,114052,1,1,0,3,0.0,2,20936,34909,13973,59,False,0
Nick Woltemade,FWD,Newcastle,0.0,0,0,0,0,0,0.0,0,463,0.00,0.00,0.00,0.00,46,0,0,0.0,0.0,2026-09-19T14:00:00Z,0,False,11,0,0,0,0,0,5,0,55762,0,0,1,2,0.0,0,-11535,0,11535,59,True,0
Reiss Nelson,MID,Arsenal,0.0,0,0,0,0,0,0.0,0,24,0.00,0.00,0.00,0.00,42,0,0,0.0,0.0,2026-09-19T14:00:00Z,0,False,5,0,0,0,0,0,5,0,500,0,0,0,3,0.0,0,-66,0,66,55,False,0
Adam Smith,DEF,Bournemouth,0.8,0,0,3,0,0,0.0,0,64,0.02,0.02,0.00,1.40,49,1,0,0.0,0.0,2026-09-20T13:00:00Z,74,False,14,0,0,0,2,0,5,0,13093,1,0,1,0,0.0,2,-1163,818,1981,45,True,0
Steven Benda,GK,Nott'm Forest,0.0,0,0,0,0,0,0.0,0,590,0.00,0.00,0.00,0.00,47,0,0,0.0,0.0,2026-09-19T16:30:00Z,0,False,7,0,0,0,0,0,5,0,7565,0,0,1,0,0.0,0,-141,422,563,45,True,0
Brian Brobbey,FWD,Sunderland,4.8,0,3,92,0,0,0.0,0,552,0.04,2.39,2.35,2.82,45,5,3,0.0,0.0,2026-09-20T13:00:00Z,90,False,15,0,0,0,0,0,5,0,577036,1,0,3,5,0.0,17,-145137,12010,157147,58,False,0
Lucas Estella Perri,GK,Leeds,0.0,0,0,0,0,0,0.0,0,326,0.00,0.00,0.00,0.00,44,0,0,0.0,0.0,2026-09-20T13:00:00Z,0,False,8,0,0,0,0,0,5,0,35299,0,0,0,0,0.0,0,-3459,0,3459,45,True,0
Will Hughes,MID,Crystal Palace,0.4,0,0,0,0,0,0.0,0,212,0.00,0.00,0.00,0.00,44,0,0,0.0,0.0,2026-09-20T13:00:00Z,0,False,13,0,0,0,0,0,5,0,838201,0,0,0,0,0.0,0,-71924,29011,100935,44,False,0
Victor Torp,MID,Coventry City,0.5,0,0,0,0,0,0.0,0,188,0.00,0.00,0.00,0.00,47,0,0,0.0,0.0,2026-09-19T16:30:00Z,0,False,18,0,0,0,0,0,5,0,10920,0,0,1,0,0.0,0,-1090,52,1142,54,False,0
Rodrigo Muniz Carvalho,FWD,Fulham,0.6,0,0,-1,0,1,0.0,1,271,0.00,0.00,0.00,0.36,50,1,0,0.0,0.0,2026-09-20T15:30:00Z,10,False,16,0,0,0,0,0,5,0,44522,0,0,1,1,0.0,0,-2843,3484,6327,54,True,1
Trey Nyoni,MID,Liverpool,0.6,0,0,3,0,5,0.0,5,375,0.00,0.00,0.00,0.14,49,0,0,0.0,0.0,2026-09-20T13:00:00Z,19,False,3,0,0,0,0,0,5,0,4129,0,0,1,0,0.0,1,-350,188,538,49,False,0
